# Pieza completa de un material COLLADA para Raylib
o CourseSelectW1_IslandMat01
v -2.5712905 -0.1873115 -0.2802771
v -2.5743483 -0.1873115 -0.2794577
v -2.5712905 -0.1167847 -0.2802771
v -2.5743483 -0.1167847 -0.2794577
v -2.5712905 -0.1077116 -0.2802771
v -2.5765868 -0.1873115 -0.2772192
v -2.5743483 -0.1077116 -0.2794577
v -2.5712905 -0.0951910 -0.2802771
v -2.5765868 -0.1167847 -0.2772192
v -2.5774061 -0.1873115 -0.2741613
v -2.5765868 -0.1077116 -0.2772192
v -2.5743483 -0.0951910 -0.2794577
v -2.5712905 -0.0797748 -0.2802771
v -2.5774061 -0.1167847 -0.2741613
v -2.5774061 -0.1873115 -0.2048416
v -2.5774061 -0.1077116 -0.2741613
v -2.5765868 -0.0951910 -0.2772192
v -2.5743483 -0.0797748 -0.2794577
v -2.5774061 -0.1167847 -0.2048416
v -2.5765868 -0.1873115 -0.2017838
v -2.5774061 -0.1077116 -0.2048416
v -2.5774061 -0.0951910 -0.2741613
v -2.5765868 -0.0797748 -0.2772192
v -2.5765868 -0.1167847 -0.2017838
v -2.5743483 -0.1873115 -0.1995453
v -2.5765868 -0.1077116 -0.2017838
v -2.5774061 -0.0951910 -0.2048416
v -2.5774061 -0.0797748 -0.2048416
v -2.5774061 -0.0797748 -0.2741613
v -2.5743483 -0.1167847 -0.1995453
v -2.5712905 -0.1873115 -0.1987259
v -2.5765868 -0.0951910 -0.2017838
v -2.5743483 -0.1077116 -0.1995453
v -2.5765868 -0.0797748 -0.2017838
v -2.5712905 -0.1167847 -0.1987259
v -2.3067672 -0.1873115 -0.1987259
v -2.5743483 -0.0951910 -0.1995453
v -2.5712905 -0.1077116 -0.1987259
v -2.5743483 -0.0797748 -0.1995453
v -2.3067672 -0.1167847 -0.1987259
v -2.3033483 -0.1873115 -0.1995453
v -2.5712905 -0.0951910 -0.1987259
v -2.3067672 -0.1077116 -0.1987259
v -2.5712905 -0.0797748 -0.1987259
v -2.3033483 -0.1167847 -0.1995453
v -2.3008457 -0.1873115 -0.2017838
v -2.3067672 -0.0951910 -0.1987259
v -2.3067672 -0.0797748 -0.1987259
v -2.3033483 -0.1077116 -0.1995453
v -2.3008457 -0.1167847 -0.2017838
v -2.2999301 -0.1873115 -0.2048416
v -2.3033483 -0.0951910 -0.1995453
v -2.3033483 -0.0797748 -0.1995453
v -2.3008457 -0.1077116 -0.2017838
v -2.2999301 -0.1167847 -0.2048416
v -2.2999301 -0.1873115 -0.2741613
v -2.3008457 -0.0951910 -0.2017838
v -2.3008457 -0.0797748 -0.2017838
v -2.2999301 -0.1077116 -0.2048416
v -2.2999301 -0.1167847 -0.2741613
v -2.3008457 -0.1873115 -0.2772192
v -2.2999301 -0.0951910 -0.2048416
v -2.2999301 -0.0797748 -0.2048416
v -2.2999301 -0.1077116 -0.2741613
v -2.3008457 -0.1167847 -0.2772192
v -2.3033483 -0.1873115 -0.2794577
v -2.2999301 -0.0951910 -0.2741613
v -2.2999301 -0.0797748 -0.2741613
v -2.3008457 -0.1077116 -0.2772192
v -2.3033483 -0.1167847 -0.2794577
v -2.3067672 -0.1873115 -0.2802771
v -2.3008457 -0.0951910 -0.2772192
v -2.3008457 -0.0797748 -0.2772192
v -2.3033483 -0.1077116 -0.2794577
v -2.3067672 -0.1167847 -0.2802771
v -2.5712905 -0.1873115 -0.2802771
v -2.5712905 -0.1167847 -0.2802771
v -2.3033483 -0.0951910 -0.2794577
v -2.3033483 -0.0797748 -0.2794577
v -2.3067672 -0.1077116 -0.2802771
v -2.5712905 -0.1077116 -0.2802771
v -2.3067672 -0.0951910 -0.2802771
v -2.3067672 -0.0797748 -0.2802771
v -2.5712905 -0.0951910 -0.2802771
v -2.5712905 -0.0797748 -0.2802771
v -2.4791701 -0.1873115 -0.1881565
v -2.4822278 -0.1873115 -0.1873372
v -2.4791701 -0.1167847 -0.1881565
v -2.4844664 -0.1873115 -0.1850987
v -2.4822278 -0.1167847 -0.1873372
v -2.4791701 -0.1077116 -0.1881565
v -2.4852856 -0.1873115 -0.1820408
v -2.4844664 -0.1167847 -0.1850987
v -2.4822278 -0.1077116 -0.1873372
v -2.4791701 -0.0951910 -0.1881565
v -2.4852856 -0.1873115 -0.1127212
v -2.4852856 -0.1167847 -0.1820408
v -2.4844664 -0.1077116 -0.1850987
v -2.4822278 -0.0951910 -0.1873372
v -2.4791701 -0.0797748 -0.1881565
v -2.4844664 -0.1873115 -0.1096633
v -2.4852856 -0.1167847 -0.1127212
v -2.4852856 -0.1077116 -0.1820408
v -2.4844664 -0.0951910 -0.1850987
v -2.4822278 -0.0797748 -0.1873372
v -2.4844664 -0.1167847 -0.1096633
v -2.4822278 -0.1873115 -0.1074248
v -2.4852856 -0.1077116 -0.1127212
v -2.4852856 -0.0951910 -0.1820408
v -2.4844664 -0.0797748 -0.1850987
v -2.4844664 -0.1077116 -0.1096633
v -2.4822278 -0.1167847 -0.1074248
v -2.4791701 -0.1873115 -0.1066055
v -2.4852856 -0.0951910 -0.1127212
v -2.4852856 -0.0797748 -0.1127212
v -2.4852856 -0.0797748 -0.1820408
v -2.4844664 -0.0951910 -0.1096633
v -2.4822278 -0.1077116 -0.1074248
v -2.4791701 -0.1167847 -0.1066055
v -2.2255858 -0.1873115 -0.1066055
v -2.4844664 -0.0797748 -0.1096633
v -2.4822278 -0.0951910 -0.1074248
v -2.4791701 -0.1077116 -0.1066055
v -2.2255858 -0.1167847 -0.1066055
v -2.2225280 -0.1873115 -0.1074248
v -2.4822278 -0.0797748 -0.1074248
v -2.4791701 -0.0951910 -0.1066055
v -2.2255858 -0.1077116 -0.1066055
v -2.2225280 -0.1167847 -0.1074248
v -2.2202895 -0.1873115 -0.1096633
v -2.4791701 -0.0797748 -0.1066055
v -2.2255858 -0.0951910 -0.1066055
v -2.2255858 -0.0797748 -0.1066055
v -2.2225280 -0.1077116 -0.1074248
v -2.2202895 -0.1167847 -0.1096633
v -2.2194702 -0.1873115 -0.1127212
v -2.2225280 -0.0951910 -0.1074248
v -2.2225280 -0.0797748 -0.1074248
v -2.2202895 -0.1077116 -0.1096633
v -2.2194702 -0.1167847 -0.1127212
v -2.2194702 -0.1873115 -0.1820408
v -2.2202895 -0.0951910 -0.1096633
v -2.2202895 -0.0797748 -0.1096633
v -2.2194702 -0.1077116 -0.1127212
v -2.2194702 -0.1167847 -0.1820408
v -2.2202895 -0.1873115 -0.1850987
v -2.2194702 -0.0951910 -0.1127212
v -2.2194702 -0.0797748 -0.1127212
v -2.2194702 -0.1077116 -0.1820408
v -2.2202895 -0.1167847 -0.1850987
v -2.2225280 -0.1873115 -0.1873372
v -2.2194702 -0.0951910 -0.1820408
v -2.2194702 -0.0797748 -0.1820408
v -2.2202895 -0.1077116 -0.1850987
v -2.2225280 -0.1167847 -0.1873372
v -2.2255858 -0.1873115 -0.1881565
v -2.2202895 -0.0951910 -0.1850987
v -2.2202895 -0.0797748 -0.1850987
v -2.2225280 -0.1077116 -0.1873372
v -2.2255858 -0.1167847 -0.1881565
v -2.4791701 -0.1873115 -0.1881565
v -2.4791701 -0.1167847 -0.1881565
v -2.2225280 -0.0951910 -0.1873372
v -2.2225280 -0.0797748 -0.1873372
v -2.2255858 -0.1077116 -0.1881565
v -2.4791701 -0.1077116 -0.1881565
v -2.2255858 -0.0951910 -0.1881565
v -2.2255858 -0.0797748 -0.1881565
v -2.4791701 -0.0951910 -0.1881565
v -2.4791701 -0.0797748 -0.1881565
v -2.6695523 -0.1873115 0.2355975
v -2.6726101 -0.1873115 0.2364169
v -2.6695523 -0.1167847 0.2355975
v -2.6748487 -0.1873115 0.2386554
v -2.6726101 -0.1167847 0.2364169
v -2.6695523 -0.1077116 0.2355975
v -2.6756679 -0.1873115 0.2417133
v -2.6748487 -0.1167847 0.2386554
v -2.6726101 -0.1077116 0.2364169
v -2.6695523 -0.0951910 0.2355975
v -2.6756679 -0.1873115 0.3110329
v -2.6756679 -0.1167847 0.2417133
v -2.6748487 -0.1077116 0.2386554
v -2.6726101 -0.0951910 0.2364169
v -2.6695523 -0.0797748 0.2355975
v -2.6748487 -0.1873115 0.3140908
v -2.6756679 -0.1167847 0.3110329
v -2.6756679 -0.1077116 0.2417133
v -2.6748487 -0.0951910 0.2386554
v -2.6726101 -0.0797748 0.2364169
v -2.6748487 -0.1167847 0.3140908
v -2.6726101 -0.1873115 0.3163293
v -2.6756679 -0.1077116 0.3110329
v -2.6756679 -0.0951910 0.2417133
v -2.6748487 -0.0797748 0.2386554
v -2.6748487 -0.1077116 0.3140908
v -2.6726101 -0.1167847 0.3163293
v -2.6695523 -0.1873115 0.3171487
v -2.6756679 -0.0951910 0.3110329
v -2.6756679 -0.0797748 0.3110329
v -2.6756679 -0.0797748 0.2417133
v -2.6748487 -0.0951910 0.3140908
v -2.6726101 -0.1077116 0.3163293
v -2.6695523 -0.1167847 0.3171487
v -2.4159681 -0.1873115 0.3171487
v -2.6748487 -0.0797748 0.3140908
v -2.6726101 -0.0951910 0.3163293
v -2.6695523 -0.1077116 0.3171487
v -2.4159681 -0.1167847 0.3171487
v -2.4129103 -0.1873115 0.3163293
v -2.6726101 -0.0797748 0.3163293
v -2.6695523 -0.0951910 0.3171487
v -2.4159681 -0.1077116 0.3171487
v -2.4129103 -0.1167847 0.3163293
v -2.4106717 -0.1873115 0.3140908
v -2.6695523 -0.0797748 0.3171487
v -2.4159681 -0.0797748 0.3171487
v -2.4159681 -0.0951910 0.3171487
v -2.4129103 -0.1077116 0.3163293
v -2.4106717 -0.1167847 0.3140908
v -2.4098525 -0.1873115 0.3110329
v -2.4129103 -0.0951910 0.3163293
v -2.4129103 -0.0797748 0.3163293
v -2.4106717 -0.1077116 0.3140908
v -2.4098525 -0.1167847 0.3110329
v -2.4098525 -0.1873115 0.2417133
v -2.4106717 -0.0951910 0.3140908
v -2.4106717 -0.0797748 0.3140908
v -2.4098525 -0.1077116 0.3110329
v -2.4098525 -0.1167847 0.2417133
v -2.4106717 -0.1873115 0.2386554
v -2.4098525 -0.0951910 0.3110329
v -2.4098525 -0.0797748 0.3110329
v -2.4098525 -0.1077116 0.2417133
v -2.4106717 -0.1167847 0.2386554
v -2.4129103 -0.1873115 0.2364169
v -2.4098525 -0.0797748 0.2417133
v -2.4098525 -0.0951910 0.2417133
v -2.4106717 -0.1077116 0.2386554
v -2.4129103 -0.1167847 0.2364169
v -2.4159681 -0.1873115 0.2355975
v -2.4106717 -0.0951910 0.2386554
v -2.4106717 -0.0797748 0.2386554
v -2.4129103 -0.1077116 0.2364169
v -2.4159681 -0.1167847 0.2355975
v -2.6695523 -0.1167847 0.2355975
v -2.6695523 -0.1873115 0.2355975
v -2.4129103 -0.0951910 0.2364169
v -2.4129103 -0.0797748 0.2364169
v -2.4159681 -0.1077116 0.2355975
v -2.6695523 -0.1077116 0.2355975
v -2.4159681 -0.0951910 0.2355975
v -2.4159681 -0.0797748 0.2355975
v -2.6695523 -0.0951910 0.2355975
v -2.6695523 -0.0797748 0.2355975
v -1.1342114 -0.1873115 -0.9926753
v -1.1372691 -0.1873115 -0.9918561
v -1.1342114 -0.1167847 -0.9926753
v -1.1372691 -0.1167847 -0.9918561
v -1.1395077 -0.1873115 -0.9896175
v -1.1395077 -0.1167847 -0.9896175
v -1.1403269 -0.1873115 -0.9865598
v -1.1403269 -0.1167847 -0.9865598
v -1.1403269 -0.1873115 -0.9172397
v -1.1403269 -0.1167847 -0.9172397
v -1.1395077 -0.1873115 -0.9141819
v -1.1395077 -0.1167847 -0.9141819
v -1.1372691 -0.1873115 -0.9119434
v -1.1372691 -0.1167847 -0.9119434
v -1.1342114 -0.1873115 -0.9111242
v -1.1342114 -0.1167847 -0.9111242
v -0.8806271 -0.1873115 -0.9111242
v -0.8806271 -0.1167847 -0.9111242
v -0.8775693 -0.1873115 -0.9119434
v -0.8775693 -0.1167847 -0.9119434
v -0.8753308 -0.1873115 -0.9141819
v -0.8753308 -0.1167847 -0.9141819
v -0.8745115 -0.1873115 -0.9172397
v -0.8745115 -0.1167847 -0.9172397
v -0.8745115 -0.1873115 -0.9865598
v -0.8745115 -0.1167847 -0.9865598
v -0.8753308 -0.1873115 -0.9896175
v -0.8753308 -0.1167847 -0.9896175
v -0.8775693 -0.1873115 -0.9918561
v -0.8775693 -0.1167847 -0.9918561
v -0.8806271 -0.1873115 -0.9926753
v -0.8806271 -0.1167847 -0.9926753
v -1.1342114 -0.1167847 -0.9926753
v -1.1342114 -0.1873115 -0.9926753
v -1.2263318 -0.1873115 -1.0847958
v -1.2293896 -0.1873115 -1.0839765
v -1.2263318 -0.1167847 -1.0847958
v -1.2293896 -0.1167847 -1.0839765
v -1.2316281 -0.1873115 -1.0817380
v -1.2316281 -0.1167847 -1.0817380
v -1.2324474 -0.1873115 -1.0786802
v -1.2324474 -0.1167847 -1.0786802
v -1.2324474 -0.1873115 -1.0093602
v -1.2324474 -0.1167847 -1.0093602
v -1.2316281 -0.1873115 -1.0063024
v -1.2316281 -0.1167847 -1.0063024
v -1.2293896 -0.1873115 -1.0040639
v -1.2293896 -0.1167847 -1.0040639
v -1.2263318 -0.1873115 -1.0032446
v -1.2263318 -0.1167847 -1.0032446
v -0.9618085 -0.1873115 -1.0032446
v -0.9618085 -0.1167847 -1.0032446
v -0.9583896 -0.1873115 -1.0040639
v -0.9583896 -0.1167847 -1.0040639
v -0.9558870 -0.1873115 -1.0063024
v -0.9558870 -0.1167847 -1.0063024
v -0.9549713 -0.1873115 -1.0093602
v -0.9549713 -0.1167847 -1.0093602
v -0.9549713 -0.1873115 -1.0786802
v -0.9549713 -0.1167847 -1.0786802
v -0.9558870 -0.1873115 -1.0817380
v -0.9558870 -0.1167847 -1.0817380
v -0.9583896 -0.1873115 -1.0839765
v -0.9583896 -0.1167847 -1.0839765
v -0.9618085 -0.1873115 -1.0847958
v -0.9618085 -0.1167847 -1.0847958
v -1.2263318 -0.1873115 -1.0847958
v -1.2263318 -0.1167847 -1.0847958
v -0.9499704 -0.1873115 -0.6856071
v -0.9530288 -0.1873115 -0.6847876
v -0.9499704 -0.1167847 -0.6856071
v -0.9530288 -0.1167847 -0.6847876
v -0.9499704 -0.1077116 -0.6856071
v -0.9552667 -0.1873115 -0.6825492
v -0.9530288 -0.1077116 -0.6847876
v -0.9499704 -0.0951910 -0.6856071
v -0.9552667 -0.1167847 -0.6825492
v -0.9560866 -0.1873115 -0.6794913
v -0.9552667 -0.1077116 -0.6825492
v -0.9530288 -0.0951910 -0.6847876
v -0.9499704 -0.0797748 -0.6856071
v -0.9560866 -0.1167847 -0.6794913
v -0.9560866 -0.1873115 -0.6101717
v -0.9560866 -0.1077116 -0.6794913
v -0.9552667 -0.0951910 -0.6825492
v -0.9530288 -0.0797748 -0.6847876
v -0.9560866 -0.1167847 -0.6101717
v -0.9552667 -0.1873115 -0.6071138
v -0.9560866 -0.0951910 -0.6794913
v -0.9560866 -0.1077116 -0.6101717
v -0.9552667 -0.0797748 -0.6825492
v -0.9552667 -0.1167847 -0.6071138
v -0.9530288 -0.1873115 -0.6048753
v -0.9560866 -0.0797748 -0.6794913
v -0.9560866 -0.0951910 -0.6101717
v -0.9560866 -0.0797748 -0.6101717
v -0.9552667 -0.1077116 -0.6071138
v -0.9530288 -0.1167847 -0.6048753
v -0.9499704 -0.1873115 -0.6040559
v -0.9552667 -0.0951910 -0.6071138
v -0.9552667 -0.0797748 -0.6071138
v -0.9530288 -0.1077116 -0.6048753
v -0.9499704 -0.1167847 -0.6040559
v -0.8806271 -0.1873115 -0.6040559
v -0.9530288 -0.0951910 -0.6048753
v -0.9530288 -0.0797748 -0.6048753
v -0.9499704 -0.1077116 -0.6040559
v -0.8806271 -0.1167847 -0.6040559
v -0.8775693 -0.1873115 -0.6048753
v -0.9499704 -0.0951910 -0.6040559
v -0.9499704 -0.0797748 -0.6040559
v -0.8806271 -0.1077116 -0.6040559
v -0.8775693 -0.1167847 -0.6048753
v -0.8753308 -0.1873115 -0.6071138
v -0.8806271 -0.0951910 -0.6040559
v -0.8806271 -0.0797748 -0.6040559
v -0.8775693 -0.1077116 -0.6048753
v -0.8753308 -0.1167847 -0.6071138
v -0.8745115 -0.1873115 -0.6101717
v -0.8775693 -0.0951910 -0.6048753
v -0.8775693 -0.0797748 -0.6048753
v -0.8753308 -0.1077116 -0.6071138
v -0.8745115 -0.1167847 -0.6101717
v -0.8745115 -0.1873115 -0.6794913
v -0.8753308 -0.0951910 -0.6071138
v -0.8753308 -0.0797748 -0.6071138
v -0.8745115 -0.1077116 -0.6101717
v -0.8745115 -0.1167847 -0.6794913
v -0.8753308 -0.1873115 -0.6825492
v -0.8745115 -0.0951910 -0.6101717
v -0.8745115 -0.0797748 -0.6101717
v -0.8745115 -0.1077116 -0.6794913
v -0.8753308 -0.1167847 -0.6825492
v -0.8775693 -0.1873115 -0.6847876
v -0.8745115 -0.0951910 -0.6794913
v -0.8745115 -0.0797748 -0.6794913
v -0.8753308 -0.1077116 -0.6825492
v -0.8775693 -0.1167847 -0.6847876
v -0.8806271 -0.1873115 -0.6856071
v -0.8753308 -0.0951910 -0.6825492
v -0.8753308 -0.0797748 -0.6825492
v -0.8775693 -0.1077116 -0.6847876
v -0.8806271 -0.1167847 -0.6856071
v -0.9499704 -0.1167847 -0.6856071
v -0.9499704 -0.1873115 -0.6856071
v -0.8775693 -0.0951910 -0.6847876
v -0.8775693 -0.0797748 -0.6847876
v -0.8806271 -0.1077116 -0.6856071
v -0.9499704 -0.1077116 -0.6856071
v -0.8806271 -0.0951910 -0.6856071
v -0.8806271 -0.0797748 -0.6856071
v -0.9499704 -0.0951910 -0.6856071
v -0.9499704 -0.0797748 -0.6856071
v -0.6006380 -0.0951910 -0.5798986
v -0.6026769 -0.0951910 -0.5793524
v -0.6006380 -0.0890509 -0.5798986
v -0.6026769 -0.0890509 -0.5793524
v -0.6006380 -0.0787734 -0.5798986
v -0.6041687 -0.0951910 -0.5778601
v -0.6026769 -0.0787734 -0.5793524
v -0.6041687 -0.0890509 -0.5778601
v -0.6047152 -0.0951910 -0.5758215
v -0.6041687 -0.0787734 -0.5778601
v -0.6047152 -0.0890509 -0.5758215
v -0.6047152 -0.0951910 -0.5296084
v -0.6047152 -0.0787734 -0.5758215
v -0.6047152 -0.0787734 -0.5296084
v -0.6047152 -0.0890509 -0.5296084
v -0.6041687 -0.0951910 -0.5275699
v -0.6041687 -0.0890509 -0.5275699
v -0.6041687 -0.0787734 -0.5275699
v -0.6026769 -0.0951910 -0.5260775
v -0.6026769 -0.0890509 -0.5260775
v -0.6026769 -0.0787734 -0.5260775
v -0.6006380 -0.0951910 -0.5255313
v -0.6006380 -0.0890509 -0.5255313
v -0.6006380 -0.0787734 -0.5255313
v -0.4315822 -0.0951910 -0.5255313
v -0.4315822 -0.0787734 -0.5255313
v -0.4315822 -0.0890509 -0.5255313
v -0.4295433 -0.0951910 -0.5260775
v -0.4295433 -0.0890509 -0.5260775
v -0.4295433 -0.0787734 -0.5260775
v -0.4280515 -0.0951910 -0.5275699
v -0.4280515 -0.0890509 -0.5275699
v -0.4280515 -0.0787734 -0.5275699
v -0.4275050 -0.0951910 -0.5296084
v -0.4275050 -0.0890509 -0.5296084
v -0.4275050 -0.0787734 -0.5296084
v -0.4275050 -0.0951910 -0.5758215
v -0.4275050 -0.0890509 -0.5758215
v -0.4275050 -0.0787734 -0.5758215
v -0.4280515 -0.0951910 -0.5778601
v -0.4280515 -0.0890509 -0.5778601
v -0.4280515 -0.0787734 -0.5778601
v -0.4295433 -0.0951910 -0.5793524
v -0.4295433 -0.0890509 -0.5793524
v -0.4295433 -0.0787734 -0.5793524
v -0.4315822 -0.0951910 -0.5798986
v -0.4315822 -0.0890509 -0.5798986
v -0.4315822 -0.0787734 -0.5798986
v -0.6006380 -0.0951910 -0.5798986
v -0.6006380 -0.0890509 -0.5798986
v -0.6006380 -0.0787734 -0.5798986
v -0.3549834 -0.0951910 -0.5798984
v -0.3570224 -0.0951910 -0.5793521
v -0.3549834 -0.0890492 -0.5798984
v -0.3585141 -0.0951910 -0.5778599
v -0.3570224 -0.0890492 -0.5793521
v -0.3549834 -0.0787718 -0.5798984
v -0.3590607 -0.0951910 -0.5758213
v -0.3585141 -0.0890492 -0.5778599
v -0.3570224 -0.0787718 -0.5793521
v -0.3590607 -0.0890492 -0.5758213
v -0.3590607 -0.0951910 -0.5296086
v -0.3585141 -0.0787718 -0.5778599
v -0.3590607 -0.0787718 -0.5758213
v -0.3590607 -0.0787718 -0.5296086
v -0.3590607 -0.0890492 -0.5296086
v -0.3585141 -0.0951910 -0.5275701
v -0.3585141 -0.0890492 -0.5275701
v -0.3585141 -0.0787718 -0.5275701
v -0.3570224 -0.0951910 -0.5260777
v -0.3570224 -0.0890492 -0.5260777
v -0.3570224 -0.0787718 -0.5260777
v -0.3549834 -0.0951910 -0.5255315
v -0.3549834 -0.0890492 -0.5255315
v -0.3549834 -0.0787718 -0.5255315
v -0.3087549 -0.0951910 -0.5255315
v -0.3087549 -0.0890492 -0.5255315
v -0.3087549 -0.0787718 -0.5255315
v -0.3067166 -0.0951910 -0.5260777
v -0.3067166 -0.0890492 -0.5260777
v -0.3067166 -0.0787718 -0.5260777
v -0.3052243 -0.0951910 -0.5275701
v -0.3052243 -0.0890492 -0.5275701
v -0.3052243 -0.0787718 -0.5275701
v -0.3046777 -0.0951910 -0.5296086
v -0.3046777 -0.0890492 -0.5296086
v -0.3046777 -0.0787718 -0.5296086
v -0.3046777 -0.0951910 -0.5758213
v -0.3046777 -0.0787718 -0.5758213
v -0.3046777 -0.0890492 -0.5758213
v -0.3052243 -0.0951910 -0.5778599
v -0.3052243 -0.0890492 -0.5778599
v -0.3052243 -0.0787718 -0.5778599
v -0.3067166 -0.0951910 -0.5793521
v -0.3067166 -0.0890492 -0.5793521
v -0.3067166 -0.0787718 -0.5793521
v -0.3087549 -0.0951910 -0.5798984
v -0.3087549 -0.0890492 -0.5798984
v -0.3087549 -0.0787718 -0.5798984
v -0.3549834 -0.0951910 -0.5798984
v -0.3549834 -0.0890492 -0.5798984
v -0.3549834 -0.0787718 -0.5798984
v -1.1342114 -0.1077116 -0.9926753
v -1.1372691 -0.1077116 -0.9918561
v -1.1342114 -0.0951910 -0.9926753
v -1.1372691 -0.0951910 -0.9918561
v -1.1342114 -0.0797748 -0.9926753
v -1.1395077 -0.1077116 -0.9896175
v -1.1395077 -0.0951910 -0.9896175
v -1.1372691 -0.0797748 -0.9918561
v -1.1403269 -0.1077116 -0.9865598
v -1.1403269 -0.0951910 -0.9865598
v -1.1395077 -0.0797748 -0.9896175
v -1.1403269 -0.1077116 -0.9172397
v -1.1403269 -0.0797748 -0.9865598
v -1.1403269 -0.0951910 -0.9172397
v -1.1403269 -0.0797748 -0.9172397
v -1.1395077 -0.1077116 -0.9141819
v -1.1395077 -0.0951910 -0.9141819
v -1.1395077 -0.0797748 -0.9141819
v -1.1372691 -0.1077116 -0.9119434
v -1.1372691 -0.0951910 -0.9119434
v -1.1372691 -0.0797748 -0.9119434
v -1.1342114 -0.1077116 -0.9111242
v -1.1342114 -0.0951910 -0.9111242
v -1.1342114 -0.0797748 -0.9111242
v -0.8806271 -0.1077116 -0.9111242
v -0.8806271 -0.0951910 -0.9111242
v -0.8806271 -0.0797748 -0.9111242
v -0.8775693 -0.1077116 -0.9119434
v -0.8775693 -0.0951910 -0.9119434
v -0.8775693 -0.0797748 -0.9119434
v -0.8753308 -0.1077116 -0.9141819
v -0.8753308 -0.0951910 -0.9141819
v -0.8753308 -0.0797748 -0.9141819
v -0.8745115 -0.1077116 -0.9172397
v -0.8745115 -0.0951910 -0.9172397
v -0.8745115 -0.0797748 -0.9172397
v -0.8745115 -0.1077116 -0.9865598
v -0.8745115 -0.0797748 -0.9865598
v -0.8745115 -0.0951910 -0.9865598
v -0.8753308 -0.1077116 -0.9896175
v -0.8753308 -0.0951910 -0.9896175
v -0.8753308 -0.0797748 -0.9896175
v -0.8775693 -0.1077116 -0.9918561
v -0.8775693 -0.0951910 -0.9918561
v -0.8775693 -0.0797748 -0.9918561
v -0.8806271 -0.1077116 -0.9926753
v -0.8806271 -0.0951910 -0.9926753
v -0.8806271 -0.0797748 -0.9926753
v -1.1342114 -0.1077116 -0.9926753
v -1.1342114 -0.0951910 -0.9926753
v -1.1342114 -0.0797748 -0.9926753
v -1.2263318 -0.1077116 -1.0847958
v -1.2293896 -0.1077116 -1.0839765
v -1.2263318 -0.0951910 -1.0847958
v -1.2316281 -0.1077116 -1.0817380
v -1.2293896 -0.0951910 -1.0839765
v -1.2263318 -0.0797748 -1.0847958
v -1.2324474 -0.1077116 -1.0786802
v -1.2316281 -0.0951910 -1.0817380
v -1.2293896 -0.0797748 -1.0839765
v -1.2324474 -0.0951910 -1.0786802
v -1.2324474 -0.1077116 -1.0093602
v -1.2316281 -0.0797748 -1.0817380
v -1.2324474 -0.0797748 -1.0786802
v -1.2324474 -0.0797748 -1.0093602
v -1.2324474 -0.0951910 -1.0093602
v -1.2316281 -0.1077116 -1.0063024
v -1.2316281 -0.0951910 -1.0063024
v -1.2316281 -0.0797748 -1.0063024
v -1.2293896 -0.1077116 -1.0040639
v -1.2293896 -0.0951910 -1.0040639
v -1.2293896 -0.0797748 -1.0040639
v -1.2263318 -0.1077116 -1.0032446
v -1.2263318 -0.0951910 -1.0032446
v -1.2263318 -0.0797748 -1.0032446
v -0.9618085 -0.1077116 -1.0032446
v -0.9618085 -0.0951910 -1.0032446
v -0.9618085 -0.0797748 -1.0032446
v -0.9583896 -0.1077116 -1.0040639
v -0.9583896 -0.0951910 -1.0040639
v -0.9583896 -0.0797748 -1.0040639
v -0.9558870 -0.1077116 -1.0063024
v -0.9558870 -0.0951910 -1.0063024
v -0.9558870 -0.0797748 -1.0063024
v -0.9549713 -0.1077116 -1.0093602
v -0.9549713 -0.0951910 -1.0093602
v -0.9549713 -0.0797748 -1.0093602
v -0.9549713 -0.1077116 -1.0786802
v -0.9549713 -0.0797748 -1.0786802
v -0.9549713 -0.0951910 -1.0786802
v -0.9558870 -0.1077116 -1.0817380
v -0.9558870 -0.0951910 -1.0817380
v -0.9558870 -0.0797748 -1.0817380
v -0.9583896 -0.1077116 -1.0839765
v -0.9583896 -0.0951910 -1.0839765
v -0.9583896 -0.0797748 -1.0839765
v -0.9618085 -0.1077116 -1.0847958
v -0.9618085 -0.0951910 -1.0847958
v -0.9618085 -0.0797748 -1.0847958
v -1.2263318 -0.1077116 -1.0847958
v -1.2263318 -0.0951910 -1.0847958
v -1.2263318 -0.0797748 -1.0847958
v 0.0442052 -0.0951910 -0.7948460
v 0.0421663 -0.0951910 -0.7943001
v 0.0442052 -0.0890509 -0.7948460
v 0.0421663 -0.0890509 -0.7943001
v 0.0442052 -0.0787734 -0.7948460
v 0.0406746 -0.0951910 -0.7928077
v 0.0421663 -0.0787734 -0.7943001
v 0.0406746 -0.0890509 -0.7928077
v 0.0401280 -0.0951910 -0.7907694
v 0.0406746 -0.0787734 -0.7928077
v 0.0401280 -0.0890509 -0.7907694
v 0.0401280 -0.0951910 -0.7445562
v 0.0401280 -0.0787734 -0.7907694
v 0.0401280 -0.0787734 -0.7445562
v 0.0401280 -0.0890509 -0.7445562
v 0.0406746 -0.0951910 -0.7425173
v 0.0406746 -0.0890509 -0.7425173
v 0.0406746 -0.0787734 -0.7425173
v 0.0421663 -0.0951910 -0.7410250
v 0.0421663 -0.0890509 -0.7410250
v 0.0421663 -0.0787734 -0.7410250
v 0.0442052 -0.0951910 -0.7404790
v 0.0442052 -0.0890509 -0.7404790
v 0.0442052 -0.0787734 -0.7404790
v 0.2132611 -0.0951910 -0.7404790
v 0.2132611 -0.0890509 -0.7404790
v 0.2132611 -0.0787734 -0.7404790
v 0.2152996 -0.0951910 -0.7410250
v 0.2152996 -0.0890509 -0.7410250
v 0.2152996 -0.0787734 -0.7410250
v 0.2167920 -0.0951910 -0.7425173
v 0.2167920 -0.0890509 -0.7425173
v 0.2167920 -0.0787734 -0.7425173
v 0.2173382 -0.0951910 -0.7445562
v 0.2173382 -0.0890509 -0.7445562
v 0.2173382 -0.0787734 -0.7445562
v 0.2173382 -0.0951910 -0.7907694
v 0.2173382 -0.0787734 -0.7907694
v 0.2173382 -0.0890509 -0.7907694
v 0.2167920 -0.0951910 -0.7928077
v 0.2167920 -0.0890509 -0.7928077
v 0.2167920 -0.0787734 -0.7928077
v 0.2152996 -0.0951910 -0.7943001
v 0.2152996 -0.0890509 -0.7943001
v 0.2152996 -0.0787734 -0.7943001
v 0.2132611 -0.0951910 -0.7948460
v 0.2132611 -0.0890509 -0.7948460
v 0.2132611 -0.0787734 -0.7948460
v 0.0442052 -0.0951910 -0.7948460
v 0.0442052 -0.0890509 -0.7948460
v 0.0442052 -0.0787734 -0.7948460
v -0.2437136 -0.1284843 -1.3304503
v -0.2467714 -0.1284843 -1.3296311
v -0.2437136 -0.1167847 -1.3304503
v -0.2490099 -0.1284843 -1.3273926
v -0.2467714 -0.1167847 -1.3296311
v -0.2437136 -0.1077116 -1.3304503
v -0.2498292 -0.1284843 -1.3243348
v -0.2490099 -0.1167847 -1.3273926
v -0.2467714 -0.1077116 -1.3296311
v -0.2437136 -0.0951910 -1.3304503
v -0.2498292 -0.1167847 -1.3243348
v -0.2498292 -0.1284843 -1.2550147
v -0.2490099 -0.1077116 -1.3273926
v -0.2467714 -0.0951910 -1.3296311
v -0.2437136 -0.0797748 -1.3304503
v -0.2498292 -0.1077116 -1.3243348
v -0.2498292 -0.1167847 -1.2550147
v -0.2490099 -0.1284843 -1.2519570
v -0.2490099 -0.0951910 -1.3273926
v -0.2467714 -0.0797748 -1.3296311
v -0.2498292 -0.0951910 -1.3243348
v -0.2498292 -0.1077116 -1.2550147
v -0.2490099 -0.1167847 -1.2519570
v -0.2467714 -0.1284843 -1.2497184
v -0.2490099 -0.0797748 -1.3273926
v -0.2498292 -0.0797748 -1.3243348
v -0.2498292 -0.0951910 -1.2550147
v -0.2498292 -0.0797748 -1.2550147
v -0.2490099 -0.1077116 -1.2519570
v -0.2467714 -0.1167847 -1.2497184
v -0.2437136 -0.1284843 -1.2488992
v -0.2490099 -0.0951910 -1.2519570
v -0.2490099 -0.0797748 -1.2519570
v -0.2467714 -0.1077116 -1.2497184
v -0.2437136 -0.1167847 -1.2488992
v 0.0098707 -0.1284843 -1.2488992
v -0.2467714 -0.0951910 -1.2497184
v -0.2467714 -0.0797748 -1.2497184
v -0.2437136 -0.1077116 -1.2488992
v 0.0098707 -0.1167847 -1.2488992
v 0.0129285 -0.1284843 -1.2497184
v -0.2437136 -0.0951910 -1.2488992
v -0.2437136 -0.0797748 -1.2488992
v 0.0098707 -0.1077116 -1.2488992
v 0.0129285 -0.1167847 -1.2497184
v 0.0151670 -0.1284843 -1.2519570
v 0.0098707 -0.0951910 -1.2488992
v 0.0098707 -0.0797748 -1.2488992
v 0.0129285 -0.1077116 -1.2497184
v 0.0151670 -0.1167847 -1.2519570
v 0.0159863 -0.1284843 -1.2550147
v 0.0129285 -0.0951910 -1.2497184
v 0.0129285 -0.0797748 -1.2497184
v 0.0151670 -0.1077116 -1.2519570
v 0.0159863 -0.1167847 -1.2550147
v 0.0159863 -0.1284843 -1.3243348
v 0.0151670 -0.0951910 -1.2519570
v 0.0151670 -0.0797748 -1.2519570
v 0.0159863 -0.1077116 -1.2550147
v 0.0159863 -0.1167847 -1.3243348
v 0.0151670 -0.1284843 -1.3273926
v 0.0159863 -0.0951910 -1.2550147
v 0.0159863 -0.0797748 -1.2550147
v 0.0159863 -0.1077116 -1.3243348
v 0.0151670 -0.1167847 -1.3273926
v 0.0129285 -0.1284843 -1.3296311
v 0.0159863 -0.0951910 -1.3243348
v 0.0159863 -0.0797748 -1.3243348
v 0.0151670 -0.1077116 -1.3273926
v 0.0129285 -0.1167847 -1.3296311
v 0.0098707 -0.1284843 -1.3304503
v 0.0151670 -0.0951910 -1.3273926
v 0.0151670 -0.0797748 -1.3273926
v 0.0129285 -0.1077116 -1.3296311
v 0.0098707 -0.1167847 -1.3304503
v -0.2437136 -0.1284843 -1.3304503
v -0.2437136 -0.1167847 -1.3304503
v 0.0129285 -0.0951910 -1.3296311
v 0.0129285 -0.0797748 -1.3296311
v 0.0098707 -0.1077116 -1.3304503
v -0.2437136 -0.1077116 -1.3304503
v 0.0098707 -0.0951910 -1.3304503
v 0.0098707 -0.0797748 -1.3304503
v -0.2437136 -0.0951910 -1.3304503
v -0.2437136 -0.0797748 -1.3304503
v 0.2898597 -0.0951910 -0.7948460
v 0.2878212 -0.0951910 -0.7943001
v 0.2898597 -0.0890492 -0.7948460
v 0.2863288 -0.0951910 -0.7928077
v 0.2878212 -0.0890492 -0.7943001
v 0.2898597 -0.0787718 -0.7948460
v 0.2857826 -0.0951910 -0.7907688
v 0.2863288 -0.0890492 -0.7928077
v 0.2878212 -0.0787718 -0.7943001
v 0.2857826 -0.0890492 -0.7907688
v 0.2857826 -0.0951910 -0.7445562
v 0.2863288 -0.0787718 -0.7928077
v 0.2857826 -0.0787718 -0.7907688
v 0.2857826 -0.0890492 -0.7445562
v 0.2857826 -0.0787718 -0.7445562
v 0.2863288 -0.0951910 -0.7425179
v 0.2863288 -0.0890492 -0.7425179
v 0.2863288 -0.0787718 -0.7425179
v 0.2878212 -0.0951910 -0.7410256
v 0.2878212 -0.0890492 -0.7410256
v 0.2878212 -0.0787718 -0.7410256
v 0.2898597 -0.0951910 -0.7404790
v 0.2898597 -0.0890492 -0.7404790
v 0.2898597 -0.0787718 -0.7404790
v 0.3360882 -0.0951910 -0.7404790
v 0.3360882 -0.0890492 -0.7404790
v 0.3360882 -0.0787718 -0.7404790
v 0.3381267 -0.0951910 -0.7410256
v 0.3381267 -0.0890492 -0.7410256
v 0.3381267 -0.0787718 -0.7410256
v 0.3396191 -0.0951910 -0.7425179
v 0.3396191 -0.0890492 -0.7425179
v 0.3396191 -0.0787718 -0.7425179
v 0.3401653 -0.0951910 -0.7445562
v 0.3401653 -0.0890492 -0.7445562
v 0.3401653 -0.0787718 -0.7445562
v 0.3401653 -0.0951910 -0.7907688
v 0.3401653 -0.0890492 -0.7907688
v 0.3401653 -0.0787718 -0.7907688
v 0.3396191 -0.0951910 -0.7928077
v 0.3396191 -0.0890492 -0.7928077
v 0.3396191 -0.0787718 -0.7928077
v 0.3381267 -0.0951910 -0.7943001
v 0.3381267 -0.0890492 -0.7943001
v 0.3381267 -0.0787718 -0.7943001
v 0.3360882 -0.0951910 -0.7948460
v 0.3360882 -0.0890492 -0.7948460
v 0.3360882 -0.0787718 -0.7948460
v 0.2898597 -0.0951910 -0.7948460
v 0.2898597 -0.0890492 -0.7948460
v 0.2898597 -0.0787718 -0.7948460
v 2.2128320 -0.1280595 -1.4225733
v 2.2097742 -0.1280595 -1.4217540
v 2.2128320 -0.1167847 -1.4225733
v 2.2097742 -0.1167847 -1.4217540
v 2.2128320 -0.1077116 -1.4225733
v 2.2075357 -0.1280595 -1.4195155
v 2.2097742 -0.1077116 -1.4217540
v 2.2128320 -0.0951910 -1.4225733
v 2.2075357 -0.1167847 -1.4195155
v 2.2067164 -0.1280595 -1.4164577
v 2.2097742 -0.0951910 -1.4217540
v 2.2075357 -0.1077116 -1.4195155
v 2.2128320 -0.0797748 -1.4225733
v 2.2067164 -0.1167847 -1.4164577
v 2.2067164 -0.1280595 -1.3471377
v 2.2097742 -0.0797748 -1.4217540
v 2.2075357 -0.0951910 -1.4195155
v 2.2067164 -0.1077116 -1.4164577
v 2.2067164 -0.1167847 -1.3471377
v 2.2075357 -0.1280595 -1.3440799
v 2.2075357 -0.0797748 -1.4195155
v 2.2067164 -0.0951910 -1.4164577
v 2.2067164 -0.1077116 -1.3471377
v 2.2075357 -0.1167847 -1.3440799
v 2.2097742 -0.1280595 -1.3418414
v 2.2067164 -0.0797748 -1.4164577
v 2.2067164 -0.0951910 -1.3471377
v 2.2067164 -0.0797748 -1.3471377
v 2.2075357 -0.1077116 -1.3440799
v 2.2097742 -0.1167847 -1.3418414
v 2.2128320 -0.1280595 -1.3410221
v 2.2075357 -0.0951910 -1.3440799
v 2.2075357 -0.0797748 -1.3440799
v 2.2097742 -0.1077116 -1.3418414
v 2.2128320 -0.1167847 -1.3410221
v 2.4664163 -0.1280595 -1.3410221
v 2.2097742 -0.0951910 -1.3418414
v 2.2097742 -0.0797748 -1.3418414
v 2.2128320 -0.1077116 -1.3410221
v 2.4664163 -0.1167847 -1.3410221
v 2.4694741 -0.1280595 -1.3418414
v 2.2128320 -0.0951910 -1.3410221
v 2.2128320 -0.0797748 -1.3410221
v 2.4664163 -0.1077116 -1.3410221
v 2.4694741 -0.1167847 -1.3418414
v 2.4717126 -0.1280595 -1.3440799
v 2.4664163 -0.0797748 -1.3410221
v 2.4664163 -0.0951910 -1.3410221
v 2.4694741 -0.1077116 -1.3418414
v 2.4717126 -0.1167847 -1.3440799
v 2.4725319 -0.1280595 -1.3471377
v 2.4694741 -0.0951910 -1.3418414
v 2.4694741 -0.0797748 -1.3418414
v 2.4717126 -0.1077116 -1.3440799
v 2.4725319 -0.1167847 -1.3471377
v 2.4725319 -0.1280595 -1.4164577
v 2.4717126 -0.0951910 -1.3440799
v 2.4717126 -0.0797748 -1.3440799
v 2.4725319 -0.1077116 -1.3471377
v 2.4725319 -0.1167847 -1.4164577
v 2.4717126 -0.1280595 -1.4195155
v 2.4725319 -0.0951910 -1.3471377
v 2.4725319 -0.0797748 -1.3471377
v 2.4725319 -0.1077116 -1.4164577
v 2.4717126 -0.1167847 -1.4195155
v 2.4694741 -0.1280595 -1.4217540
v 2.4725319 -0.0951910 -1.4164577
v 2.4725319 -0.0797748 -1.4164577
v 2.4717126 -0.1077116 -1.4195155
v 2.4694741 -0.1167847 -1.4217540
v 2.4664163 -0.1280595 -1.4225733
v 2.4717126 -0.0951910 -1.4195155
v 2.4717126 -0.0797748 -1.4195155
v 2.4694741 -0.1077116 -1.4217540
v 2.4664163 -0.1167847 -1.4225733
v 2.2128320 -0.1280595 -1.4225733
v 2.2128320 -0.1167847 -1.4225733
v 2.4694741 -0.0951910 -1.4217540
v 2.4694741 -0.0797748 -1.4217540
v 2.4664163 -0.1077116 -1.4225733
v 2.2128320 -0.1077116 -1.4225733
v 2.4664163 -0.0951910 -1.4225733
v 2.4664163 -0.0797748 -1.4225733
v 2.2128320 -0.0951910 -1.4225733
v 2.2128320 -0.0797748 -1.4225733
v 2.0570588 -0.0951910 -0.9966684
v 2.0560976 -0.0951910 -0.9940823
v 2.0570588 -0.0802090 -0.9966684
v 2.0560976 -0.0783827 -0.9940823
v 2.0560976 -0.0951910 -0.9891434
v 2.0560976 -0.0752316 -0.9891434
v 2.0560976 -0.0783827 -0.9842045
v 2.0560976 -0.0951910 -0.9817357
v 2.0560976 -0.0802090 -0.9792663
v 2.0560976 -0.0951910 -0.9743274
v 2.0560976 -0.0809554 -0.9743274
v 2.0560976 -0.0802090 -0.9693885
v 2.0560976 -0.0951910 -0.9669197
v 2.0560976 -0.0783827 -0.9644502
v 2.0560976 -0.0951910 -0.9595114
v 2.0560976 -0.0752316 -0.9595114
v 2.0560976 -0.0783827 -0.9545725
v 2.0560976 -0.0951910 -0.9521036
v 2.0560976 -0.0802090 -0.9496342
v 2.0560976 -0.0951910 -0.9446953
v 2.0560976 -0.0809554 -0.9446953
v 2.0560976 -0.0802090 -0.9397564
v 2.0560976 -0.0951910 -0.9372876
v 2.0560976 -0.0783827 -0.9348182
v 2.0560976 -0.0951910 -0.9298793
v 2.0560976 -0.0752316 -0.9298793
v 2.0560976 -0.0783827 -0.9249404
v 2.0560976 -0.0951910 -0.9224716
v 2.0560976 -0.0802090 -0.9200021
v 2.0560976 -0.0951910 -0.9150632
v 2.0560976 -0.0809554 -0.9150632
v 2.0560976 -0.0802090 -0.9101243
v 2.0560976 -0.0951910 -0.9076555
v 2.0560976 -0.0783827 -0.9051861
v 2.0560976 -0.0951910 -0.9002472
v 2.0560976 -0.0752316 -0.9002472
v 2.0560976 -0.0783827 -0.8953083
v 2.0560976 -0.0951910 -0.8928395
v 2.0560976 -0.0802090 -0.8903700
v 2.0560976 -0.0951910 -0.8854311
v 2.0560976 -0.0809554 -0.8854311
v 2.0560976 -0.0802090 -0.8804923
v 2.0560976 -0.0951910 -0.8780228
v 2.0560976 -0.0783827 -0.8755540
v 2.0560976 -0.0951910 -0.8706151
v 2.0560976 -0.0752316 -0.8706151
v 2.0560976 -0.0783827 -0.8656762
v 2.0560976 -0.0951910 -0.8632074
v 2.0560976 -0.0802090 -0.8607380
v 2.0560976 -0.0951910 -0.8557991
v 2.0560976 -0.0809554 -0.8557991
v 2.0560976 -0.0802090 -0.8508602
v 2.0560976 -0.0951910 -0.8483914
v 2.0560976 -0.0783827 -0.8459219
v 2.0560976 -0.0951910 -0.8409830
v 2.0560976 -0.0752316 -0.8409830
v 2.0560976 -0.0951910 -0.8360441
v 2.0560976 -0.0783827 -0.8360441
v 2.0570594 -0.0951910 -0.8334574
v 2.0570588 -0.0802090 -0.8334580
v 2.0592408 -0.0809554 -0.8312398
v 2.0614234 -0.0951910 -0.8290215
v 2.0614234 -0.0802090 -0.8290215
v 2.0639027 -0.0951910 -0.8280604
v 2.0639027 -0.0783827 -0.8280604
v 2.0686365 -0.0951910 -0.8280604
v 2.0686365 -0.0752316 -0.8280604
v 2.0733702 -0.0783827 -0.8280604
v 2.0757377 -0.0951910 -0.8280604
v 2.0781046 -0.0802090 -0.8280604
v 2.0828384 -0.0951910 -0.8280604
v 2.0828384 -0.0809554 -0.8280604
v 2.0875721 -0.0802090 -0.8280604
v 2.0899396 -0.0951910 -0.8280604
v 2.0923065 -0.0783827 -0.8280604
v 2.0970403 -0.0951910 -0.8280604
v 2.0970403 -0.0752316 -0.8280604
v 2.1041415 -0.0951910 -0.8280604
v 2.1017740 -0.0783827 -0.8280604
v 2.1112422 -0.0951910 -0.8280604
v 2.1065084 -0.0802090 -0.8280604
v 2.1112422 -0.0809554 -0.8280604
v 2.1159759 -0.0802090 -0.8280604
v 2.1183434 -0.0951910 -0.8280604
v 2.1207103 -0.0783827 -0.8280604
v 2.1254441 -0.0951910 -0.8280604
v 2.1254441 -0.0752316 -0.8280604
v 2.1301778 -0.0951910 -0.8280604
v 2.1301778 -0.0783827 -0.8280604
v 2.1326577 -0.0951910 -0.8290221
v 2.1326577 -0.0802090 -0.8290221
v 2.1370218 -0.0951910 -0.8333235
v 2.1348398 -0.0809554 -0.8311728
v 2.1379829 -0.0951910 -0.8359103
v 2.1370218 -0.0802090 -0.8333235
v 2.1379829 -0.0951910 -0.8408485
v 2.1379829 -0.0783827 -0.8359103
v 2.1379829 -0.0951910 -0.8482569
v 2.1379829 -0.0783827 -0.8457874
v 2.1379829 -0.0752316 -0.8408485
v 2.1379829 -0.0951910 -0.8556646
v 2.1379829 -0.0802090 -0.8507263
v 2.1379829 -0.0951910 -0.8630729
v 2.1379829 -0.0802090 -0.8606035
v 2.1379829 -0.0809554 -0.8556646
v 2.1379829 -0.0951910 -0.8704806
v 2.1379829 -0.0783827 -0.8655423
v 2.1379829 -0.0951910 -0.8778889
v 2.1379829 -0.0783827 -0.8754195
v 2.1379829 -0.0752316 -0.8704806
v 2.1379829 -0.0951910 -0.8852967
v 2.1379829 -0.0802090 -0.8803584
v 2.1379829 -0.0951910 -0.8927050
v 2.1379829 -0.0802090 -0.8902355
v 2.1379829 -0.0809554 -0.8852967
v 2.1379829 -0.0951910 -0.9001127
v 2.1379829 -0.0783827 -0.8951744
v 2.1379829 -0.0951910 -0.9112249
v 2.1379829 -0.0783827 -0.9050516
v 2.1379829 -0.0752316 -0.9001127
v 2.1398143 -0.0951910 -0.9183495
v 2.1379829 -0.0802090 -0.9112249
v 2.1469389 -0.0951910 -0.9201808
v 2.1398143 -0.0809554 -0.9183495
v 2.1531122 -0.0783827 -0.9201808
v 2.1469389 -0.0802090 -0.9201808
v 2.1580510 -0.0951910 -0.9201808
v 2.1580510 -0.0752316 -0.9201808
v 2.1654588 -0.0951910 -0.9201808
v 2.1629893 -0.0783827 -0.9201808
v 2.1679282 -0.0802090 -0.9201808
v 2.1728671 -0.0951910 -0.9201808
v 2.1728671 -0.0809554 -0.9201808
v 2.1802748 -0.0951910 -0.9201808
v 2.1778053 -0.0802090 -0.9201808
v 2.1827442 -0.0783827 -0.9201808
v 2.1876831 -0.0951910 -0.9201808
v 2.1876831 -0.0752316 -0.9201808
v 2.1950908 -0.0951910 -0.9201808
v 2.1926214 -0.0783827 -0.9201808
v 2.1975603 -0.0802090 -0.9201808
v 2.2024992 -0.0951910 -0.9201808
v 2.2024992 -0.0809554 -0.9201808
v 2.2099069 -0.0951910 -0.9201808
v 2.2074374 -0.0802090 -0.9201808
v 2.2123763 -0.0783827 -0.9201808
v 2.2173152 -0.0951910 -0.9201808
v 2.2173152 -0.0752316 -0.9201808
v 2.2222535 -0.0783827 -0.9201808
v 2.2222535 -0.0951910 -0.9201808
v 2.2248408 -0.0951910 -0.9211426
v 2.2248402 -0.0802090 -0.9211420
v 2.2291422 -0.0951910 -0.9255066
v 2.2269909 -0.0809554 -0.9233240
v 2.2301034 -0.0951910 -0.9279859
v 2.2291422 -0.0802090 -0.9255066
v 2.2301034 -0.0951910 -0.9327197
v 2.2301034 -0.0783827 -0.9279859
v 2.2301034 -0.0951910 -0.9398209
v 2.2301034 -0.0783827 -0.9374534
v 2.2301034 -0.0752316 -0.9327197
v 2.2301034 -0.0951910 -0.9469216
v 2.2301034 -0.0802090 -0.9421878
v 2.2301034 -0.0951910 -0.9540228
v 2.2301034 -0.0802090 -0.9516553
v 2.2301034 -0.0809554 -0.9469216
v 2.2301034 -0.0951910 -0.9611235
v 2.2301034 -0.0783827 -0.9563897
v 2.2301034 -0.0951910 -0.9682247
v 2.2301034 -0.0783827 -0.9658572
v 2.2301034 -0.0752316 -0.9611235
v 2.2301034 -0.0951910 -0.9753254
v 2.2301034 -0.0802090 -0.9705916
v 2.2301034 -0.0951910 -0.9824266
v 2.2301034 -0.0802090 -0.9800591
v 2.2301034 -0.0809554 -0.9753254
v 2.2301034 -0.0951910 -0.9895273
v 2.2301034 -0.0783827 -0.9847935
v 2.2301034 -0.0951910 -0.9942610
v 2.2301034 -0.0783827 -0.9942610
v 2.2301034 -0.0752316 -0.9895273
v 2.2291416 -0.0951910 -0.9967409
v 2.2291416 -0.0802090 -0.9967409
v 2.2247057 -0.0951910 -1.0011050
v 2.2269240 -0.0809554 -0.9989229
v 2.2221196 -0.0951910 -1.0020661
v 2.2247057 -0.0802090 -1.0011050
v 2.2171807 -0.0951910 -1.0020661
v 2.2221196 -0.0783827 -1.0020661
v 2.2097730 -0.0951910 -1.0020661
v 2.2122418 -0.0783827 -1.0020661
v 2.2171807 -0.0752316 -1.0020661
v 2.2023647 -0.0951910 -1.0020661
v 2.2073035 -0.0802090 -1.0020661
v 2.1949570 -0.0951910 -1.0020661
v 2.1974258 -0.0802090 -1.0020661
v 2.2023647 -0.0809554 -1.0020661
v 2.1875486 -0.0951910 -1.0020661
v 2.1924875 -0.0783827 -1.0020661
v 2.1801409 -0.0951910 -1.0020661
v 2.1826097 -0.0783827 -1.0020661
v 2.1875486 -0.0752316 -1.0020661
v 2.1776715 -0.0802090 -1.0020661
v 2.1727326 -0.0951910 -1.0020661
v 2.1727326 -0.0809554 -1.0020661
v 2.1653249 -0.0951910 -1.0020661
v 2.1677937 -0.0802090 -1.0020661
v 2.1579165 -0.0951910 -1.0020661
v 2.1628554 -0.0783827 -1.0020661
v 2.1505088 -0.0951910 -1.0020661
v 2.1529777 -0.0783827 -1.0020661
v 2.1579165 -0.0752316 -1.0020661
v 2.1431005 -0.0951910 -1.0020661
v 2.1480394 -0.0802090 -1.0020661
v 2.1381616 -0.0802090 -1.0020661
v 2.1431005 -0.0809554 -1.0020661
v 2.1356928 -0.0951910 -1.0020661
v 2.1332233 -0.0783827 -1.0020661
v 2.1282845 -0.0951910 -1.0020661
v 2.1282845 -0.0752316 -1.0020661
v 2.1208767 -0.0951910 -1.0020661
v 2.1233456 -0.0783827 -1.0020661
v 2.1134684 -0.0951910 -1.0020661
v 2.1184073 -0.0802090 -1.0020661
v 2.1060607 -0.0951910 -1.0020661
v 2.1085295 -0.0802090 -1.0020661
v 2.1134684 -0.0809554 -1.0020661
v 2.1035913 -0.0783827 -1.0020661
v 2.0986524 -0.0951910 -1.0020661
v 2.0986524 -0.0752316 -1.0020661
v 2.0937135 -0.0783827 -1.0020661
v 2.0912447 -0.0951910 -1.0020661
v 2.0887752 -0.0802090 -1.0020661
v 2.0838363 -0.0951910 -1.0020661
v 2.0838363 -0.0809554 -1.0020661
v 2.0764286 -0.0951910 -1.0020661
v 2.0788975 -0.0802090 -1.0020661
v 2.0690203 -0.0951910 -1.0020661
v 2.0739592 -0.0783827 -1.0020661
v 2.0640814 -0.0783827 -1.0020661
v 2.0690203 -0.0752316 -1.0020661
v 2.0640814 -0.0951910 -1.0020661
v 2.0614947 -0.0951910 -1.0011044
v 2.0614947 -0.0802090 -1.0011044
v 2.0592770 -0.0809554 -0.9988867
v 2.0570588 -0.0951910 -0.9966684
v 2.0570588 -0.0802090 -0.9966684
v 0.9569232 -0.0951910 -1.1001492
v 0.9538654 -0.0951910 -1.0993299
v 0.9569232 -0.0871230 -1.1001492
v 0.9538654 -0.0871230 -1.0993299
v 0.9516268 -0.0951910 -1.0970914
v 0.9569232 -0.0736186 -1.1001492
v 0.9538654 -0.0736186 -1.0993299
v 0.9516268 -0.0871230 -1.0970914
v 0.9508075 -0.0951910 -1.0940330
v 0.9516268 -0.0736186 -1.0970914
v 0.9508075 -0.0871230 -1.0940330
v 0.9508075 -0.0951910 -1.0247136
v 0.9508075 -0.0736186 -1.0940330
v 0.9508075 -0.0871230 -1.0247136
v 0.9508075 -0.0736186 -1.0247136
v 0.9516268 -0.0951910 -1.0216558
v 0.9516268 -0.0871230 -1.0216558
v 0.9516268 -0.0736186 -1.0216558
v 0.9538654 -0.0951910 -1.0194173
v 0.9538654 -0.0871230 -1.0194173
v 0.9538654 -0.0736186 -1.0194173
v 0.9569232 -0.0951910 -1.0185980
v 0.9569232 -0.0871230 -1.0185980
v 0.9569232 -0.0736186 -1.0185980
v 1.2105072 -0.0951910 -1.0185980
v 1.2105072 -0.0871230 -1.0185980
v 1.2105072 -0.0736186 -1.0185980
v 1.2135651 -0.0951910 -1.0194173
v 1.2135651 -0.0871230 -1.0194173
v 1.2135651 -0.0736186 -1.0194173
v 1.2158037 -0.0951910 -1.0216558
v 1.2158037 -0.0871230 -1.0216558
v 1.2158037 -0.0736186 -1.0216558
v 1.2166230 -0.0951910 -1.0247136
v 1.2166230 -0.0871230 -1.0247136
v 1.2166230 -0.0736186 -1.0247136
v 1.2166230 -0.0951910 -1.0940330
v 1.2166230 -0.0871230 -1.0940330
v 1.2166230 -0.0736186 -1.0940330
v 1.2158037 -0.0951910 -1.0970914
v 1.2158037 -0.0871230 -1.0970914
v 1.2158037 -0.0736186 -1.0970914
v 1.2135651 -0.0951910 -1.0993299
v 1.2135651 -0.0871230 -1.0993299
v 1.2135651 -0.0736186 -1.0993299
v 1.2105072 -0.0951910 -1.1001492
v 1.2105072 -0.0871230 -1.1001492
v 1.2105072 -0.0736186 -1.1001492
v 0.9569232 -0.0951910 -1.1001492
v 0.9569232 -0.0871230 -1.1001492
v 0.9569232 -0.0736186 -1.1001492
v 0.7316104 -0.0752320 -0.8720737
v 0.7316104 -0.0783831 -0.8691307
v 0.7316104 -0.0951914 -0.8720737
v 0.7316104 -0.0951914 -0.8666613
v 0.7316104 -0.0802094 -0.8641925
v 0.7316104 -0.0951914 -0.8592536
v 0.7316104 -0.0809558 -0.8592536
v 0.7316104 -0.0802094 -0.8543147
v 0.7316104 -0.0951914 -0.8518453
v 0.7316104 -0.0783831 -0.8493764
v 0.7316104 -0.0951914 -0.8444375
v 0.7316104 -0.0752320 -0.8444375
v 0.7316104 -0.0783831 -0.8401730
v 0.7316104 -0.0951914 -0.8401730
v 0.7310124 -0.0802094 -0.8385639
v 0.7305540 -0.0951914 -0.8375052
v 0.7296429 -0.0809558 -0.8361694
v 0.7283077 -0.0951914 -0.8352587
v 0.7272487 -0.0802094 -0.8347999
v 0.7256392 -0.0783831 -0.8342017
v 0.7256392 -0.0951914 -0.8342017
v 0.7234011 -0.0951914 -0.8342017
v 0.7234011 -0.0752320 -0.8342017
v 0.7194166 -0.0783831 -0.8342017
v 0.7174243 -0.0951914 -0.8342017
v 0.7154321 -0.0802094 -0.8342017
v 0.7114473 -0.0951914 -0.8342017
v 0.7114473 -0.0809558 -0.8342017
v 0.7074628 -0.0802094 -0.8342017
v 0.7054705 -0.0951914 -0.8342017
v 0.7034783 -0.0783831 -0.8342017
v 0.6998800 -0.0951914 -0.8342017
v 0.6998800 -0.0752320 -0.8342017
v 0.6955182 -0.0783831 -0.8342017
v 0.6934866 -0.0951914 -0.8342017
v 0.6914549 -0.0802094 -0.8342017
v 0.6873916 -0.0951914 -0.8342017
v 0.6873916 -0.0809558 -0.8342017
v 0.6833283 -0.0802094 -0.8342017
v 0.6812966 -0.0951914 -0.8342017
v 0.6792649 -0.0783831 -0.8342017
v 0.6752016 -0.0951914 -0.8342017
v 0.6752016 -0.0752320 -0.8342017
v 0.6711784 -0.0783831 -0.8342017
v 0.6691667 -0.0951914 -0.8342017
v 0.6671550 -0.0802094 -0.8342017
v 0.6631318 -0.0951914 -0.8342017
v 0.6631318 -0.0809558 -0.8342017
v 0.6591084 -0.0802094 -0.8342017
v 0.6570968 -0.0951914 -0.8342017
v 0.6550852 -0.0783831 -0.8342017
v 0.6510619 -0.0951914 -0.8342017
v 0.6510619 -0.0752320 -0.8342017
v 0.6470386 -0.0783831 -0.8342017
v 0.6470386 -0.0951914 -0.8342017
v 0.6444521 -0.0802094 -0.8351629
v 0.6444523 -0.0951914 -0.8351629
v 0.6414279 -0.0809558 -0.8381875
v 0.6384040 -0.0951914 -0.8412109
v 0.6384037 -0.0802094 -0.8412115
v 0.6374427 -0.0783831 -0.8437976
v 0.6374427 -0.0951914 -0.8437976
v 0.6374427 -0.0951914 -0.8487365
v 0.6374427 -0.0752320 -0.8487365
v 0.6374427 -0.0783831 -0.8536754
v 0.6374427 -0.0951914 -0.8561448
v 0.6374427 -0.0802094 -0.8586137
v 0.6374427 -0.0951914 -0.8635525
v 0.6374427 -0.0809558 -0.8635525
v 0.6374427 -0.0802094 -0.8684914
v 0.6374427 -0.0951914 -0.8709609
v 0.6374427 -0.0783831 -0.8734297
v 0.6374427 -0.0951914 -0.8783686
v 0.6374427 -0.0752320 -0.8783686
v 0.6374427 -0.0783831 -0.8833075
v 0.6374427 -0.0951914 -0.8857763
v 0.6374427 -0.0802094 -0.8882457
v 0.6374427 -0.0951914 -0.8931846
v 0.6374427 -0.0809558 -0.8931846
v 0.6374427 -0.0802094 -0.8981235
v 0.6374427 -0.0951914 -0.9005929
v 0.6374427 -0.0783831 -0.9030618
v 0.6374427 -0.0951914 -0.9080007
v 0.6374427 -0.0752320 -0.9080007
v 0.6374427 -0.0783831 -0.9129395
v 0.6374427 -0.0951914 -0.9154084
v 0.6374427 -0.0802094 -0.9178778
v 0.6374427 -0.0951914 -0.9228167
v 0.6374427 -0.0809558 -0.9228167
v 0.6374427 -0.0802094 -0.9277556
v 0.6374427 -0.0951914 -0.9302250
v 0.6374427 -0.0783831 -0.9326939
v 0.6374427 -0.0951914 -0.9376327
v 0.6374427 -0.0752320 -0.9376327
v 0.6374427 -0.0783831 -0.9425716
v 0.6374427 -0.0951914 -0.9450411
v 0.6374427 -0.0802094 -0.9475099
v 0.6374427 -0.0951914 -0.9524488
v 0.6374427 -0.0809558 -0.9524488
v 0.6374427 -0.0802094 -0.9573877
v 0.6374427 -0.0951914 -0.9598571
v 0.6374427 -0.0783831 -0.9623259
v 0.6374427 -0.0951914 -0.9672648
v 0.6374427 -0.0752320 -0.9672648
v 0.6374427 -0.0783831 -0.9722037
v 0.6374427 -0.0951914 -0.9746732
v 0.6374427 -0.0802094 -0.9771420
v 0.6374427 -0.0951914 -0.9820809
v 0.6374427 -0.0809558 -0.9820809
v 0.6374427 -0.0802094 -0.9870197
v 0.6374427 -0.0951914 -0.9894886
v 0.6374427 -0.0783831 -0.9919580
v 0.6374427 -0.0951914 -0.9968969
v 0.6374427 -0.0752320 -0.9968969
v 0.6374427 -0.0783831 -1.0018358
v 0.6374427 -0.0951914 -1.0043052
v 0.6374427 -0.0802094 -1.0067741
v 0.6374427 -0.0951914 -1.0117129
v 0.6374427 -0.0809558 -1.0117129
v 0.6374427 -0.0802094 -1.0166518
v 0.6374427 -0.0951914 -1.0191213
v 0.6374427 -0.0783831 -1.0215907
v 0.6374427 -0.0951914 -1.0265290
v 0.6374427 -0.0752320 -1.0265290
v 0.6374427 -0.0783831 -1.0314679
v 0.6374427 -0.0951914 -1.0339373
v 0.6374427 -0.0802094 -1.0364068
v 0.6374427 -0.0951914 -1.0413450
v 0.6374427 -0.0809558 -1.0413450
v 0.6374427 -0.0802094 -1.0462839
v 0.6374427 -0.0951914 -1.0487534
v 0.6374427 -0.0783831 -1.0512228
v 0.6374427 -0.0951914 -1.0561611
v 0.6374427 -0.0752320 -1.0561611
v 0.6374427 -0.0783831 -1.0611000
v 0.6374427 -0.0951914 -1.0635694
v 0.6374427 -0.0802094 -1.0660382
v 0.6374427 -0.0951914 -1.0709771
v 0.6374427 -0.0809558 -1.0709771
v 0.6374427 -0.0802094 -1.0759160
v 0.6374427 -0.0951914 -1.0783854
v 0.6374427 -0.0783831 -1.0808543
v 0.6374427 -0.0951914 -1.0857931
v 0.6374427 -0.0752320 -1.0857931
v 0.6374427 -0.0783831 -1.0907320
v 0.6374427 -0.0951914 -1.0907320
v 0.6384040 -0.0951914 -1.0933188
v 0.6384037 -0.0802094 -1.0933182
v 0.6414279 -0.0809558 -1.0963428
v 0.6444523 -0.0951914 -1.0993674
v 0.6444521 -0.0802094 -1.0993668
v 0.6470386 -0.0951914 -1.1003279
v 0.6470386 -0.0783831 -1.1003279
v 0.6519773 -0.0951914 -1.1003279
v 0.6519773 -0.0752320 -1.1003279
v 0.6569160 -0.0783831 -1.1003279
v 0.6593853 -0.0951914 -1.1003279
v 0.6618547 -0.0802094 -1.1003279
v 0.6667933 -0.0951914 -1.1003279
v 0.6667933 -0.0809558 -1.1003279
v 0.6717320 -0.0802094 -1.1003279
v 0.6742013 -0.0951914 -1.1003279
v 0.6766707 -0.0783831 -1.1003279
v 0.6816094 -0.0951914 -1.1003279
v 0.6816094 -0.0752320 -1.1003279
v 0.6865481 -0.0783831 -1.1003279
v 0.6890174 -0.0951914 -1.1003279
v 0.6914868 -0.0802094 -1.1003279
v 0.6964254 -0.0951914 -1.1003279
v 0.6964254 -0.0809558 -1.1003279
v 0.7013641 -0.0802094 -1.1003279
v 0.7038334 -0.0951914 -1.1003279
v 0.7063028 -0.0783831 -1.1003279
v 0.7112415 -0.0951914 -1.1003279
v 0.7112415 -0.0752320 -1.1003279
v 0.7161801 -0.0783831 -1.1003279
v 0.7186495 -0.0951914 -1.1003279
v 0.7211188 -0.0802094 -1.1003279
v 0.7260575 -0.0951914 -1.1003279
v 0.7260575 -0.0809558 -1.1003279
v 0.7309962 -0.0802094 -1.1003279
v 0.7334656 -0.0951914 -1.1003279
v 0.7359349 -0.0783831 -1.1003279
v 0.7408736 -0.0951914 -1.1003279
v 0.7408736 -0.0752320 -1.1003279
v 0.7458122 -0.0783831 -1.1003279
v 0.7482816 -0.0951914 -1.1003279
v 0.7507509 -0.0802094 -1.1003279
v 0.7556896 -0.0951914 -1.1003279
v 0.7556896 -0.0809558 -1.1003279
v 0.7606283 -0.0802094 -1.1003279
v 0.7630976 -0.0951914 -1.1003279
v 0.7655670 -0.0783831 -1.1003279
v 0.7705057 -0.0951914 -1.1003279
v 0.7705057 -0.0752320 -1.1003279
v 0.7754443 -0.0783831 -1.1003279
v 0.7779137 -0.0951914 -1.1003279
v 0.7803830 -0.0802094 -1.1003279
v 0.7853217 -0.0951914 -1.1003279
v 0.7853217 -0.0809558 -1.1003279
v 0.7902604 -0.0802094 -1.1003279
v 0.7927297 -0.0951914 -1.1003279
v 0.7951991 -0.0783831 -1.1003279
v 0.8001378 -0.0951914 -1.1003279
v 0.8001378 -0.0752320 -1.1003279
v 0.8050764 -0.0783831 -1.1003279
v 0.8075458 -0.0951914 -1.1003279
v 0.8100151 -0.0802094 -1.1003279
v 0.8149538 -0.0951914 -1.1003279
v 0.8149538 -0.0809558 -1.1003279
v 0.8198925 -0.0802094 -1.1003279
v 0.8223618 -0.0951914 -1.1003279
v 0.8248312 -0.0783831 -1.1003279
v 0.8297699 -0.0951914 -1.1003279
v 0.8297699 -0.0752320 -1.1003279
v 0.8347085 -0.0783831 -1.1003279
v 0.8371779 -0.0951914 -1.1003279
v 0.8396472 -0.0802094 -1.1003279
v 0.8445859 -0.0951914 -1.1003279
v 0.8445859 -0.0809558 -1.1003279
v 0.8495246 -0.0802094 -1.1003279
v 0.8519939 -0.0951914 -1.1003279
v 0.8544633 -0.0783831 -1.1003279
v 0.8594019 -0.0951914 -1.1003279
v 0.8594019 -0.0752320 -1.1003279
v 0.8643406 -0.0783831 -1.1003279
v 0.8668100 -0.0951914 -1.1003279
v 0.8692793 -0.0802094 -1.1003279
v 0.8742180 -0.0951914 -1.1003279
v 0.8742180 -0.0809558 -1.1003279
v 0.8791566 -0.0802094 -1.1003279
v 0.8816260 -0.0951914 -1.1003279
v 0.8840953 -0.0783831 -1.1003279
v 0.8890340 -0.0951914 -1.1003279
v 0.8890340 -0.0752320 -1.1003279
v 0.8939727 -0.0783831 -1.1003279
v 0.8939727 -0.0951914 -1.1003279
v 0.8965593 -0.0802094 -1.0993668
v 0.8965591 -0.0951914 -1.0993674
v 0.8995834 -0.0809558 -1.0963428
v 0.9026073 -0.0951914 -1.0933188
v 0.9026076 -0.0802094 -1.0933182
v 0.9035686 -0.0783831 -1.0907320
v 0.9035686 -0.0951914 -1.0907320
v 0.9035686 -0.0752320 -1.0857931
v 0.9035686 -0.0951914 -1.0857931
v 0.9035686 -0.0783831 -1.0808543
v 0.9035686 -0.0951914 -1.0783854
v 0.9035686 -0.0802094 -1.0759160
v 0.9035686 -0.0951914 -1.0709771
v 0.9035686 -0.0809558 -1.0709771
v 0.9035686 -0.0802094 -1.0660382
v 0.9035686 -0.0951914 -1.0635694
v 0.9035686 -0.0783831 -1.0611000
v 0.9035686 -0.0951914 -1.0561611
v 0.9035686 -0.0752320 -1.0561611
v 0.9035686 -0.0783831 -1.0512228
v 0.9035686 -0.0951914 -1.0487534
v 0.9035686 -0.0802094 -1.0462839
v 0.9035686 -0.0951914 -1.0413450
v 0.9035686 -0.0809558 -1.0413450
v 0.9035686 -0.0802094 -1.0364068
v 0.9035686 -0.0951914 -1.0339373
v 0.9035686 -0.0783831 -1.0314679
v 0.9035686 -0.0951914 -1.0265290
v 0.9035686 -0.0752320 -1.0265290
v 0.9035686 -0.0783831 -1.0215907
v 0.9035686 -0.0951914 -1.0191213
v 0.9035686 -0.0802094 -1.0166518
v 0.9035686 -0.0951914 -1.0117129
v 0.9035686 -0.0809558 -1.0117129
v 0.9035686 -0.0802094 -1.0067741
v 0.9035686 -0.0951914 -1.0043052
v 0.9035686 -0.0783831 -1.0018358
v 0.9035686 -0.0951914 -0.9968969
v 0.9035686 -0.0752320 -0.9968969
v 0.9035686 -0.0783831 -0.9919580
v 0.9035686 -0.0951914 -0.9894886
v 0.9035686 -0.0802094 -0.9870197
v 0.9035686 -0.0951914 -0.9820809
v 0.9035686 -0.0809558 -0.9820809
v 0.9035686 -0.0802094 -0.9771420
v 0.9035686 -0.0951914 -0.9746732
v 0.9035686 -0.0783831 -0.9722037
v 0.9035686 -0.0951914 -0.9672648
v 0.9035686 -0.0752320 -0.9672648
v 0.9035686 -0.0783831 -0.9623259
v 0.9035686 -0.0951914 -0.9598571
v 0.9035686 -0.0802094 -0.9573877
v 0.9035686 -0.0951914 -0.9524488
v 0.9035686 -0.0809558 -0.9524488
v 0.9035686 -0.0802094 -0.9475099
v 0.9035686 -0.0951914 -0.9450411
v 0.9035686 -0.0783831 -0.9425716
v 0.9035686 -0.0951914 -0.9376327
v 0.9035686 -0.0752320 -0.9376327
v 0.9035686 -0.0783831 -0.9326939
v 0.9035686 -0.0951914 -0.9302250
v 0.9035686 -0.0802094 -0.9277556
v 0.9035686 -0.0951914 -0.9228167
v 0.9035686 -0.0809558 -0.9228167
v 0.9035686 -0.0802094 -0.9178778
v 0.9035686 -0.0951914 -0.9154084
v 0.9035686 -0.0783831 -0.9129395
v 0.9035686 -0.0951914 -0.9080007
v 0.9035686 -0.0752320 -0.9080007
v 0.9035686 -0.0783831 -0.9030618
v 0.9035686 -0.0951914 -0.9005929
v 0.9035686 -0.0802094 -0.8981235
v 0.9035686 -0.0951914 -0.8931846
v 0.9035686 -0.0809558 -0.8931846
v 0.9035686 -0.0802094 -0.8882457
v 0.9035686 -0.0951914 -0.8857763
v 0.9035686 -0.0783831 -0.8833075
v 0.9035686 -0.0951914 -0.8783686
v 0.9035686 -0.0752320 -0.8783686
v 0.9035686 -0.0783831 -0.8734297
v 0.9035686 -0.0951914 -0.8709609
v 0.9035686 -0.0802094 -0.8684914
v 0.9035686 -0.0951914 -0.8635525
v 0.9035686 -0.0809558 -0.8635525
v 0.9035686 -0.0802094 -0.8586137
v 0.9035686 -0.0951914 -0.8561448
v 0.9035686 -0.0783831 -0.8536754
v 0.9035686 -0.0951914 -0.8487365
v 0.9035686 -0.0752320 -0.8487365
v 0.9035686 -0.0783831 -0.8437976
v 0.9035686 -0.0951914 -0.8437976
v 0.9026076 -0.0802094 -0.8412115
v 0.9026073 -0.0951914 -0.8412109
v 0.8995834 -0.0809558 -0.8381875
v 0.8965591 -0.0951914 -0.8351629
v 0.8965593 -0.0802094 -0.8351629
v 0.8939727 -0.0951914 -0.8342017
v 0.8939727 -0.0783831 -0.8342017
v 0.8899495 -0.0951914 -0.8342017
v 0.8899495 -0.0752320 -0.8342017
v 0.8855888 -0.0783831 -0.8342017
v 0.8834085 -0.0951914 -0.8342017
v 0.8812282 -0.0802094 -0.8342017
v 0.8768675 -0.0951914 -0.8342017
v 0.8768675 -0.0809558 -0.8342017
v 0.8725069 -0.0802094 -0.8342017
v 0.8703266 -0.0951914 -0.8342017
v 0.8681462 -0.0783831 -0.8342017
v 0.8637856 -0.0951914 -0.8342017
v 0.8637856 -0.0752320 -0.8342017
v 0.8593816 -0.0783831 -0.8342017
v 0.8571796 -0.0951914 -0.8342017
v 0.8549776 -0.0802094 -0.8342017
v 0.8505736 -0.0951914 -0.8342017
v 0.8505736 -0.0809558 -0.8342017
v 0.8461696 -0.0802094 -0.8342017
v 0.8439675 -0.0951914 -0.8342017
v 0.8417655 -0.0783831 -0.8342017
v 0.8373687 -0.0951914 -0.8342017
v 0.8373687 -0.0752320 -0.8342017
v 0.8331377 -0.0783831 -0.8342017
v 0.8309709 -0.0951914 -0.8342017
v 0.8288039 -0.0802094 -0.8342017
v 0.8244702 -0.0951914 -0.8342017
v 0.8244702 -0.0809558 -0.8342017
v 0.8201362 -0.0802094 -0.8342017
v 0.8179695 -0.0951914 -0.8342017
v 0.8158026 -0.0783831 -0.8342017
v 0.8114688 -0.0951914 -0.8342017
v 0.8114688 -0.0752320 -0.8342017
v 0.8092308 -0.0783831 -0.8342017
v 0.8092308 -0.0951914 -0.8342017
v 0.8065623 -0.0951914 -0.8352587
v 0.8076213 -0.0802094 -0.8347999
v 0.8052270 -0.0809558 -0.8361694
v 0.8043159 -0.0951914 -0.8375052
v 0.8038576 -0.0802094 -0.8385639
v 0.8032595 -0.0951914 -0.8401736
v 0.8032595 -0.0783831 -0.8401736
v 0.8032595 -0.0951914 -0.8444375
v 0.8032595 -0.0752320 -0.8444375
v 0.8032595 -0.0783831 -0.8493764
v 0.8032595 -0.0951914 -0.8518459
v 0.8032595 -0.0802094 -0.8543147
v 0.8032595 -0.0951914 -0.8592536
v 0.8032595 -0.0809558 -0.8592536
v 0.8032595 -0.0802094 -0.8641925
v 0.8032595 -0.0951914 -0.8666619
v 0.8032595 -0.0783831 -0.8691307
v 0.8032595 -0.0951914 -0.8720737
v 0.8032595 -0.0752320 -0.8720737
v -1.6562273 -0.1873115 0.7576134
v -1.6592851 -0.1873115 0.7584327
v -1.6562273 -0.1167847 0.7576134
v -1.6592851 -0.1167847 0.7584327
v -1.6562273 -0.1077116 0.7576134
v -1.6615236 -0.1873115 0.7606712
v -1.6592851 -0.1077116 0.7584327
v -1.6562273 -0.0951910 0.7576134
v -1.6615236 -0.1167847 0.7606712
v -1.6623429 -0.1873115 0.7637290
v -1.6615236 -0.1077116 0.7606712
v -1.6592851 -0.0951910 0.7584327
v -1.6562273 -0.0797748 0.7576134
v -1.6623429 -0.1167847 0.7637290
v -1.6623429 -0.1873115 0.8330490
v -1.6623429 -0.1077116 0.7637290
v -1.6615236 -0.0951910 0.7606712
v -1.6592851 -0.0797748 0.7584327
v -1.6623429 -0.1167847 0.8330490
v -1.6615236 -0.1873115 0.8361068
v -1.6623429 -0.0951910 0.7637290
v -1.6623429 -0.1077116 0.8330490
v -1.6615236 -0.0797748 0.7606712
v -1.6615236 -0.1167847 0.8361068
v -1.6592851 -0.1873115 0.8383453
v -1.6623429 -0.0797748 0.7637290
v -1.6623429 -0.0951910 0.8330490
v -1.6623429 -0.0797748 0.8330490
v -1.6615236 -0.1077116 0.8361068
v -1.6592851 -0.1167847 0.8383453
v -1.6562273 -0.1873115 0.8391646
v -1.6615236 -0.0951910 0.8361068
v -1.6615236 -0.0797748 0.8361068
v -1.6592851 -0.1077116 0.8383453
v -1.6562273 -0.1167847 0.8391646
v -1.4026430 -0.1873115 0.8391646
v -1.6592851 -0.0951910 0.8383453
v -1.6592851 -0.0797748 0.8383453
v -1.6562273 -0.1077116 0.8391646
v -1.4026430 -0.1167847 0.8391646
v -1.3995852 -0.1873115 0.8383453
v -1.6562273 -0.0951910 0.8391646
v -1.6562273 -0.0797748 0.8391646
v -1.4026430 -0.1077116 0.8391646
v -1.3995852 -0.1167847 0.8383453
v -1.3973467 -0.1873115 0.8361068
v -1.4026430 -0.0951910 0.8391646
v -1.4026430 -0.0797748 0.8391646
v -1.3995852 -0.1077116 0.8383453
v -1.3973467 -0.1167847 0.8361068
v -1.3965274 -0.1873115 0.8330490
v -1.3995852 -0.0951910 0.8383453
v -1.3995852 -0.0797748 0.8383453
v -1.3973467 -0.1077116 0.8361068
v -1.3965274 -0.1167847 0.8330490
v -1.3965274 -0.1873115 0.7637290
v -1.3973467 -0.0951910 0.8361068
v -1.3973467 -0.0797748 0.8361068
v -1.3965274 -0.1077116 0.8330490
v -1.3965274 -0.1167847 0.7637290
v -1.3973467 -0.1873115 0.7606712
v -1.3965274 -0.0951910 0.8330490
v -1.3965274 -0.0797748 0.8330490
v -1.3965274 -0.1077116 0.7637290
v -1.3973467 -0.1167847 0.7606712
v -1.3995852 -0.1873115 0.7584327
v -1.3965274 -0.0797748 0.7637290
v -1.3965274 -0.0951910 0.7637290
v -1.3973467 -0.1077116 0.7606712
v -1.3995852 -0.1167847 0.7584327
v -1.4026430 -0.1873115 0.7576134
v -1.3973467 -0.0951910 0.7606712
v -1.3973467 -0.0797748 0.7606712
v -1.3995852 -0.1077116 0.7584327
v -1.4026430 -0.1167847 0.7576134
v -1.6562273 -0.1873115 0.7576134
v -1.6562273 -0.1167847 0.7576134
v -1.3995852 -0.0951910 0.7584327
v -1.3995852 -0.0797748 0.7584327
v -1.4026430 -0.1077116 0.7576134
v -1.6562273 -0.1077116 0.7576134
v -1.4026430 -0.0951910 0.7576134
v -1.4026430 -0.0797748 0.7576134
v -1.6562273 -0.0951910 0.7576134
v -1.6562273 -0.0797748 0.7576134
v -1.1035045 -0.1873115 0.8804407
v -1.1065629 -0.1873115 0.8812599
v -1.1035045 -0.1167847 0.8804407
v -1.1065629 -0.1167847 0.8812599
v -1.1035045 -0.1077116 0.8804407
v -1.1088008 -0.1873115 0.8834985
v -1.1065629 -0.1077116 0.8812599
v -1.1035045 -0.0951910 0.8804407
v -1.1088008 -0.1167847 0.8834985
v -1.1096207 -0.1873115 0.8865562
v -1.1088008 -0.1077116 0.8834985
v -1.1065629 -0.0951910 0.8812599
v -1.1035045 -0.0797748 0.8804407
v -1.1096207 -0.1167847 0.8865562
v -1.1096207 -0.1873115 0.9558763
v -1.1096207 -0.1077116 0.8865562
v -1.1088008 -0.0951910 0.8834985
v -1.1065629 -0.0797748 0.8812599
v -1.1096207 -0.1167847 0.9558763
v -1.1088008 -0.1873115 0.9589341
v -1.1096207 -0.0951910 0.8865562
v -1.1096207 -0.1077116 0.9558763
v -1.1088008 -0.0797748 0.8834985
v -1.1088008 -0.1167847 0.9589341
v -1.1065629 -0.1873115 0.9611726
v -1.1096207 -0.0797748 0.8865562
v -1.1096207 -0.0951910 0.9558763
v -1.1096207 -0.0797748 0.9558763
v -1.1088008 -0.1077116 0.9589341
v -1.1065629 -0.1167847 0.9611726
v -1.1035045 -0.1873115 0.9619918
v -1.1088008 -0.0951910 0.9589341
v -1.1088008 -0.0797748 0.9589341
v -1.1065629 -0.1077116 0.9611726
v -1.1035045 -0.1167847 0.9619918
v -1.0341612 -0.1873115 0.9619918
v -1.1065629 -0.0951910 0.9611726
v -1.1065629 -0.0797748 0.9611726
v -1.1035045 -0.1077116 0.9619918
v -1.0341612 -0.1167847 0.9619918
v -1.0311034 -0.1873115 0.9611726
v -1.1035045 -0.0951910 0.9619918
v -1.1035045 -0.0797748 0.9619918
v -1.0341612 -0.1077116 0.9619918
v -1.0311034 -0.1167847 0.9611726
v -1.0288649 -0.1873115 0.9589341
v -1.0341612 -0.0951910 0.9619918
v -1.0341612 -0.0797748 0.9619918
v -1.0311034 -0.1077116 0.9611726
v -1.0288649 -0.1167847 0.9589341
v -1.0280456 -0.1873115 0.9558763
v -1.0311034 -0.0951910 0.9611726
v -1.0311034 -0.0797748 0.9611726
v -1.0288649 -0.1077116 0.9589341
v -1.0280456 -0.1167847 0.9558763
v -1.0280456 -0.1873115 0.8865562
v -1.0288649 -0.0951910 0.9589341
v -1.0288649 -0.0797748 0.9589341
v -1.0280456 -0.1077116 0.9558763
v -1.0280456 -0.1167847 0.8865562
v -1.0288649 -0.1873115 0.8834985
v -1.0280456 -0.0951910 0.9558763
v -1.0280456 -0.0797748 0.9558763
v -1.0280456 -0.1077116 0.8865562
v -1.0288649 -0.1167847 0.8834985
v -1.0311034 -0.1873115 0.8812599
v -1.0280456 -0.0951910 0.8865562
v -1.0280456 -0.0797748 0.8865562
v -1.0288649 -0.1077116 0.8834985
v -1.0311034 -0.1167847 0.8812599
v -1.0341612 -0.1873115 0.8804407
v -1.0288649 -0.0951910 0.8834985
v -1.0288649 -0.0797748 0.8834985
v -1.0311034 -0.1077116 0.8812599
v -1.0341612 -0.1167847 0.8804407
v -1.1035045 -0.1167847 0.8804407
v -1.1035045 -0.1873115 0.8804407
v -1.0311034 -0.0951910 0.8812599
v -1.0311034 -0.0797748 0.8812599
v -1.0341612 -0.1077116 0.8804407
v -1.1035045 -0.1077116 0.8804407
v -1.0341612 -0.0951910 0.8804407
v -1.0341612 -0.0797748 0.8804407
v -1.1035045 -0.0951910 0.8804407
v -1.1035045 -0.0797748 0.8804407
v 1.4144548 -0.1873115 0.9418543
v 1.4113970 -0.1873115 0.9426736
v 1.4144548 -0.1167847 0.9418543
v 1.4113970 -0.1167847 0.9426736
v 1.4144548 -0.1077116 0.9418543
v 1.4091584 -0.1873115 0.9449121
v 1.4113970 -0.1077116 0.9426736
v 1.4144548 -0.0951910 0.9418543
v 1.4091584 -0.1167847 0.9449121
v 1.4083391 -0.1873115 0.9479699
v 1.4091584 -0.1077116 0.9449121
v 1.4113970 -0.0951910 0.9426736
v 1.4144548 -0.0797748 0.9418543
v 1.4083391 -0.1167847 0.9479699
v 1.4083391 -0.1873115 1.0172899
v 1.4083391 -0.1077116 0.9479699
v 1.4091584 -0.0951910 0.9449121
v 1.4113970 -0.0797748 0.9426736
v 1.4083391 -0.1167847 1.0172899
v 1.4091584 -0.1873115 1.0203477
v 1.4083391 -0.0951910 0.9479699
v 1.4083391 -0.1077116 1.0172899
v 1.4091584 -0.0797748 0.9449121
v 1.4091584 -0.1167847 1.0203477
v 1.4113970 -0.1873115 1.0225862
v 1.4083391 -0.0797748 0.9479699
v 1.4083391 -0.0951910 1.0172899
v 1.4083391 -0.0797748 1.0172899
v 1.4091584 -0.1077116 1.0203477
v 1.4113970 -0.1167847 1.0225862
v 1.4144548 -0.1873115 1.0234055
v 1.4091584 -0.0951910 1.0203477
v 1.4091584 -0.0797748 1.0203477
v 1.4113970 -0.1077116 1.0225862
v 1.4144548 -0.1167847 1.0234055
v 1.6680390 -0.1873115 1.0234055
v 1.4113970 -0.0951910 1.0225862
v 1.4113970 -0.0797748 1.0225862
v 1.4144548 -0.1077116 1.0234055
v 1.6680390 -0.1167847 1.0234055
v 1.6710968 -0.1873115 1.0225862
v 1.4144548 -0.0951910 1.0234055
v 1.4144548 -0.0797748 1.0234055
v 1.6680390 -0.1077116 1.0234055
v 1.6710968 -0.1167847 1.0225862
v 1.6733353 -0.1873115 1.0203477
v 1.6680390 -0.0951910 1.0234055
v 1.6680390 -0.0797748 1.0234055
v 1.6710968 -0.1077116 1.0225862
v 1.6733353 -0.1167847 1.0203477
v 1.6741545 -0.1873115 1.0172899
v 1.6710968 -0.0951910 1.0225862
v 1.6710968 -0.0797748 1.0225862
v 1.6733353 -0.1077116 1.0203477
v 1.6741545 -0.1167847 1.0172899
v 1.6741545 -0.1873115 0.9479699
v 1.6733353 -0.0951910 1.0203477
v 1.6733353 -0.0797748 1.0203477
v 1.6741545 -0.1077116 1.0172899
v 1.6741545 -0.1167847 0.9479699
v 1.6733353 -0.1873115 0.9449121
v 1.6741545 -0.0951910 1.0172899
v 1.6741545 -0.0797748 1.0172899
v 1.6741545 -0.1077116 0.9479699
v 1.6733353 -0.1167847 0.9449121
v 1.6710968 -0.1873115 0.9426736
v 1.6741545 -0.0951910 0.9479699
v 1.6741545 -0.0797748 0.9479699
v 1.6733353 -0.1077116 0.9449121
v 1.6710968 -0.1167847 0.9426736
v 1.6680390 -0.1873115 0.9418543
v 1.6733353 -0.0951910 0.9449121
v 1.6733353 -0.0797748 0.9449121
v 1.6710968 -0.1077116 0.9426736
v 1.6680390 -0.1167847 0.9418543
v 1.4144548 -0.1873115 0.9418543
v 1.4144548 -0.1167847 0.9418543
v 1.6710968 -0.0951910 0.9426736
v 1.6710968 -0.0797748 0.9426736
v 1.6680390 -0.1077116 0.9418543
v 1.4144548 -0.1077116 0.9418543
v 1.6680390 -0.0951910 0.9418543
v 1.6680390 -0.0797748 0.9418543
v 1.4144548 -0.0951910 0.9418543
v 1.4144548 -0.0797748 0.9418543
v 0.0326478 -0.1873115 1.3410430
v 0.0295900 -0.1873115 1.3418622
v 0.0326478 -0.1167847 1.3410430
v 0.0295900 -0.1167847 1.3418622
v 0.0326478 -0.1077116 1.3410430
v 0.0273515 -0.1873115 1.3441008
v 0.0295900 -0.1077116 1.3418622
v 0.0326478 -0.0951910 1.3410430
v 0.0273515 -0.1167847 1.3441008
v 0.0265322 -0.1873115 1.3471585
v 0.0295900 -0.0951910 1.3418622
v 0.0273515 -0.1077116 1.3441008
v 0.0326478 -0.0797748 1.3410430
v 0.0265322 -0.1167847 1.3471585
v 0.0265322 -0.1873115 1.4164786
v 0.0295900 -0.0797748 1.3418622
v 0.0273515 -0.0951910 1.3441008
v 0.0265322 -0.1077116 1.3471585
v 0.0265322 -0.1167847 1.4164786
v 0.0273515 -0.1873115 1.4195364
v 0.0273515 -0.0797748 1.3441008
v 0.0265322 -0.0951910 1.3471585
v 0.0265322 -0.1077116 1.4164786
v 0.0273515 -0.1167847 1.4195364
v 0.0295900 -0.1873115 1.4217749
v 0.0265322 -0.0797748 1.3471585
v 0.0265322 -0.0951910 1.4164786
v 0.0265322 -0.0797748 1.4164786
v 0.0273515 -0.1077116 1.4195364
v 0.0295900 -0.1167847 1.4217749
v 0.0326478 -0.1873115 1.4225941
v 0.0273515 -0.0951910 1.4195364
v 0.0273515 -0.0797748 1.4195364
v 0.0295900 -0.1077116 1.4217749
v 0.0326478 -0.1167847 1.4225941
v 0.2862320 -0.1873115 1.4225941
v 0.0295900 -0.0951910 1.4217749
v 0.0295900 -0.0797748 1.4217749
v 0.0326478 -0.1077116 1.4225941
v 0.2862320 -0.1167847 1.4225941
v 0.2892898 -0.1873115 1.4217749
v 0.0326478 -0.0951910 1.4225941
v 0.0326478 -0.0797748 1.4225941
v 0.2862320 -0.1077116 1.4225941
v 0.2892898 -0.1167847 1.4217749
v 0.2915284 -0.1873115 1.4195364
v 0.2862320 -0.0797748 1.4225941
v 0.2862320 -0.0951910 1.4225941
v 0.2892898 -0.1077116 1.4217749
v 0.2915284 -0.1167847 1.4195364
v 0.2923477 -0.1873115 1.4164786
v 0.2892898 -0.0951910 1.4217749
v 0.2892898 -0.0797748 1.4217749
v 0.2915284 -0.1077116 1.4195364
v 0.2923477 -0.1167847 1.4164786
v 0.2923477 -0.1873115 1.3471585
v 0.2915284 -0.0951910 1.4195364
v 0.2915284 -0.0797748 1.4195364
v 0.2923477 -0.1077116 1.4164786
v 0.2923477 -0.1167847 1.3471585
v 0.2915284 -0.1873115 1.3441008
v 0.2923477 -0.0951910 1.4164786
v 0.2923477 -0.0797748 1.4164786
v 0.2923477 -0.1077116 1.3471585
v 0.2915284 -0.1167847 1.3441008
v 0.2892898 -0.1873115 1.3418622
v 0.2923477 -0.0951910 1.3471585
v 0.2923477 -0.0797748 1.3471585
v 0.2915284 -0.1077116 1.3441008
v 0.2892898 -0.1167847 1.3418622
v 0.2862320 -0.1873115 1.3410430
v 0.2915284 -0.0951910 1.3441008
v 0.2915284 -0.0797748 1.3441008
v 0.2892898 -0.1077116 1.3418622
v 0.2862320 -0.1167847 1.3410430
v 0.0326478 -0.1167847 1.3410430
v 0.0326478 -0.1873115 1.3410430
v 0.2892898 -0.0951910 1.3418622
v 0.2892898 -0.0797748 1.3418622
v 0.2862320 -0.1077116 1.3410430
v 0.0326478 -0.1077116 1.3410430
v 0.2862320 -0.0951910 1.3410430
v 0.2862320 -0.0797748 1.3410430
v 0.0326478 -0.0951910 1.3410430
v 0.0326478 -0.0797748 1.3410430
vt -3.1439420 0.6130320
vt -3.1387770 0.6130320
vt -3.1439420 0.3596743
vt -3.1387770 0.3596743
vt -3.1439420 0.3253188
vt -3.1304460 0.6130320
vt -3.1387770 0.3253188
vt -3.1439420 0.2779096
vt -3.1304460 0.3596743
vt -3.1210200 0.6130320
vt -3.1304460 0.3253188
vt -3.1387770 0.2779096
vt -3.1439420 0.2195363
vt -3.1210200 0.3596743
vt -2.9123570 0.6130320
vt -3.1210200 0.3253188
vt -3.1304460 0.2779096
vt -3.1387770 0.2195363
vt -2.9123570 0.3596743
vt -2.9029310 0.6130320
vt -2.9123570 0.3253188
vt -3.1210200 0.2779096
vt -3.1304460 0.2195363
vt -2.9029310 0.3596743
vt -2.8946000 0.6130320
vt -2.9029310 0.3253188
vt -2.9123570 0.2779096
vt -2.9123570 0.2195363
vt -3.1210200 0.2195363
vt -2.8946000 0.3596743
vt -2.8894340 0.6130320
vt -2.9029310 0.2779096
vt -2.8946000 0.3253188
vt -2.9029310 0.2195363
vt -2.8894340 0.3596743
vt -1.8591520 0.6130320
vt -2.8946000 0.2779096
vt -2.8894340 0.3253188
vt -2.8946000 0.2195363
vt -1.8591520 0.3596743
vt -1.8539850 0.6130320
vt -2.8894340 0.2779096
vt -1.8591520 0.3253188
vt -2.8894340 0.2195363
vt -1.8539850 0.3596743
vt -1.8456540 0.6130320
vt -1.8591520 0.2779096
vt -1.8591520 0.2195363
vt -1.8539850 0.3253188
vt -1.8456540 0.3596743
vt -1.8362290 0.6130320
vt -1.8539850 0.2779096
vt -1.8539850 0.2195363
vt -1.8456540 0.3253188
vt -1.8362290 0.3596743
vt -1.6275660 0.6130320
vt -1.8456540 0.2779096
vt -1.8456540 0.2195363
vt -1.8362290 0.3253188
vt -1.6275660 0.3596743
vt -1.6181400 0.6130320
vt -1.8362290 0.2779096
vt -1.8362290 0.2195363
vt -1.6275660 0.3253188
vt -1.6181400 0.3596743
vt -1.6098090 0.6130320
vt -1.6275660 0.2779096
vt -1.6275660 0.2195363
vt -1.6181400 0.3253188
vt -1.6098090 0.3596743
vt -1.6046430 0.6130320
vt -1.6181400 0.2779096
vt -1.6181400 0.2195363
vt -1.6098090 0.3253188
vt -1.6046430 0.3596743
vt -0.5742248 0.6130320
vt -0.5742248 0.3596743
vt -1.6098090 0.2779096
vt -1.6098090 0.2195363
vt -1.6046430 0.3253188
vt -0.5742248 0.3253188
vt -1.6046430 0.2779096
vt -1.6046430 0.2195363
vt -0.5742248 0.2779096
vt -0.5742248 0.2195363
vt -3.1439420 0.6130320
vt -3.1387770 0.6130320
vt -3.1439420 0.3596743
vt -3.1304460 0.6130320
vt -3.1387770 0.3596743
vt -3.1439420 0.3253188
vt -3.1210200 0.6130320
vt -3.1304460 0.3596743
vt -3.1387770 0.3253188
vt -3.1439420 0.2779096
vt -2.9123570 0.6130320
vt -3.1210200 0.3596743
vt -3.1304460 0.3253188
vt -3.1387770 0.2779096
vt -3.1439420 0.2195363
vt -2.9029310 0.6130320
vt -2.9123570 0.3596743
vt -3.1210200 0.3253188
vt -3.1304460 0.2779096
vt -3.1387770 0.2195363
vt -2.9029310 0.3596743
vt -2.8946000 0.6130320
vt -2.9123570 0.3253188
vt -3.1210200 0.2779096
vt -3.1304460 0.2195363
vt -2.9029310 0.3253188
vt -2.8946000 0.3596743
vt -2.8894340 0.6130320
vt -2.9123570 0.2779096
vt -2.9123570 0.2195363
vt -3.1210200 0.2195363
vt -2.9029310 0.2779096
vt -2.8946000 0.3253188
vt -2.8894340 0.3596743
vt -1.8591520 0.6130320
vt -2.9029310 0.2195363
vt -2.8946000 0.2779096
vt -2.8894340 0.3253188
vt -1.8591520 0.3596743
vt -1.8539850 0.6130320
vt -2.8946000 0.2195363
vt -2.8894340 0.2779096
vt -1.8591520 0.3253188
vt -1.8539850 0.3596743
vt -1.8456540 0.6130320
vt -2.8894340 0.2195363
vt -1.8591520 0.2779096
vt -1.8591520 0.2195363
vt -1.8539850 0.3253188
vt -1.8456540 0.3596743
vt -1.8362290 0.6130320
vt -1.8539850 0.2779096
vt -1.8539850 0.2195363
vt -1.8456540 0.3253188
vt -1.8362290 0.3596743
vt -1.6275660 0.6130320
vt -1.8456540 0.2779096
vt -1.8456540 0.2195363
vt -1.8362290 0.3253188
vt -1.6275660 0.3596743
vt -1.6181400 0.6130320
vt -1.8362290 0.2779096
vt -1.8362290 0.2195363
vt -1.6275660 0.3253188
vt -1.6181400 0.3596743
vt -1.6098090 0.6130320
vt -1.6275660 0.2779096
vt -1.6275660 0.2195363
vt -1.6181400 0.3253188
vt -1.6098090 0.3596743
vt -1.6046430 0.6130320
vt -1.6181400 0.2779096
vt -1.6181400 0.2195363
vt -1.6098090 0.3253188
vt -1.6046430 0.3596743
vt -0.5742248 0.6130320
vt -0.5742248 0.3596743
vt -1.6098090 0.2779096
vt -1.6098090 0.2195363
vt -1.6046430 0.3253188
vt -0.5742248 0.3253188
vt -1.6046430 0.2779096
vt -1.6046430 0.2195363
vt -0.5742248 0.2779096
vt -0.5742248 0.2195363
vt -3.1439420 0.6130320
vt -3.1387770 0.6130320
vt -3.1439420 0.3596743
vt -3.1304460 0.6130320
vt -3.1387770 0.3596743
vt -3.1439420 0.3253188
vt -3.1210200 0.6130320
vt -3.1304460 0.3596743
vt -3.1387770 0.3253188
vt -3.1439420 0.2779096
vt -2.9123570 0.6130320
vt -3.1210200 0.3596743
vt -3.1304460 0.3253188
vt -3.1387770 0.2779096
vt -3.1439420 0.2195363
vt -2.9029310 0.6130320
vt -2.9123570 0.3596743
vt -3.1210200 0.3253188
vt -3.1304460 0.2779096
vt -3.1387770 0.2195363
vt -2.9029310 0.3596743
vt -2.8946000 0.6130320
vt -2.9123570 0.3253188
vt -3.1210200 0.2779096
vt -3.1304460 0.2195363
vt -2.9029310 0.3253188
vt -2.8946000 0.3596743
vt -2.8894340 0.6130320
vt -2.9123570 0.2779096
vt -2.9123570 0.2195363
vt -3.1210200 0.2195363
vt -2.9029310 0.2779096
vt -2.8946000 0.3253188
vt -2.8894340 0.3596743
vt -1.8591520 0.6130320
vt -2.9029310 0.2195363
vt -2.8946000 0.2779096
vt -2.8894340 0.3253188
vt -1.8591520 0.3596743
vt -1.8539850 0.6130320
vt -2.8946000 0.2195363
vt -2.8894340 0.2779096
vt -1.8591520 0.3253188
vt -1.8539850 0.3596743
vt -1.8456540 0.6130320
vt -2.8894340 0.2195363
vt -1.8591520 0.2195363
vt -1.8591520 0.2779096
vt -1.8539850 0.3253188
vt -1.8456540 0.3596743
vt -1.8362290 0.6130320
vt -1.8539850 0.2779096
vt -1.8539850 0.2195363
vt -1.8456540 0.3253188
vt -1.8362290 0.3596743
vt -1.6275660 0.6130320
vt -1.8456540 0.2779096
vt -1.8456540 0.2195363
vt -1.8362290 0.3253188
vt -1.6275660 0.3596743
vt -1.6181400 0.6130320
vt -1.8362290 0.2779096
vt -1.8362290 0.2195363
vt -1.6275660 0.3253188
vt -1.6181400 0.3596743
vt -1.6098090 0.6130320
vt -1.6275660 0.2195363
vt -1.6275660 0.2779096
vt -1.6181400 0.3253188
vt -1.6098090 0.3596743
vt -1.6046430 0.6130320
vt -1.6181400 0.2779096
vt -1.6181400 0.2195363
vt -1.6098090 0.3253188
vt -1.6046430 0.3596743
vt -0.5742248 0.3596743
vt -0.5742248 0.6130320
vt -1.6098090 0.2779096
vt -1.6098090 0.2195363
vt -1.6046430 0.3253188
vt -0.5742248 0.3253188
vt -1.6046430 0.2779096
vt -1.6046430 0.2195363
vt -0.5742248 0.2779096
vt -0.5742248 0.2195363
vt -3.1439420 0.6130320
vt -3.1387770 0.6130320
vt -3.1439420 0.3596743
vt -3.1387770 0.3596743
vt -3.1304460 0.6130320
vt -3.1304460 0.3596743
vt -3.1210200 0.6130320
vt -3.1210200 0.3596743
vt -2.9123570 0.6130320
vt -2.9123570 0.3596743
vt -2.9029310 0.6130320
vt -2.9029310 0.3596743
vt -2.8946000 0.6130320
vt -2.8946000 0.3596743
vt -2.8894340 0.6130320
vt -2.8894340 0.3596743
vt -1.8591520 0.6130320
vt -1.8591520 0.3596743
vt -1.8539850 0.6130320
vt -1.8539850 0.3596743
vt -1.8456540 0.6130320
vt -1.8456540 0.3596743
vt -1.8362290 0.6130320
vt -1.8362290 0.3596743
vt -1.6275660 0.6130320
vt -1.6275660 0.3596743
vt -1.6181400 0.6130320
vt -1.6181400 0.3596743
vt -1.6098090 0.6130320
vt -1.6098090 0.3596743
vt -1.6046430 0.6130320
vt -1.6046430 0.3596743
vt -0.5742248 0.3596743
vt -0.5742248 0.6130320
vt -3.1439420 0.6130320
vt -3.1387770 0.6130320
vt -3.1439420 0.3596743
vt -3.1387770 0.3596743
vt -3.1304460 0.6130320
vt -3.1304460 0.3596743
vt -3.1210200 0.6130320
vt -3.1210200 0.3596743
vt -2.9123570 0.6130320
vt -2.9123570 0.3596743
vt -2.9029310 0.6130320
vt -2.9029310 0.3596743
vt -2.8946000 0.6130320
vt -2.8946000 0.3596743
vt -2.8894340 0.6130320
vt -2.8894340 0.3596743
vt -1.8591520 0.6130320
vt -1.8591520 0.3596743
vt -1.8539850 0.6130320
vt -1.8539850 0.3596743
vt -1.8456540 0.6130320
vt -1.8456540 0.3596743
vt -1.8362290 0.6130320
vt -1.8362290 0.3596743
vt -1.6275660 0.6130320
vt -1.6275660 0.3596743
vt -1.6181400 0.6130320
vt -1.6181400 0.3596743
vt -1.6098090 0.6130320
vt -1.6098090 0.3596743
vt -1.6046430 0.6130320
vt -1.6046430 0.3596743
vt -0.5742248 0.6130320
vt -0.5742248 0.3596743
vt -0.1129897 2.5634520
vt -0.1047014 2.5634520
vt -0.1129897 2.3371980
vt -0.1047014 2.3371980
vt -0.1129897 2.3087070
vt -0.0955305 2.5634520
vt -0.1047014 2.3087070
vt -0.1129897 2.2670350
vt -0.0955305 2.3371980
vt -0.0872399 2.5634520
vt -0.0955305 2.3087070
vt -0.1047014 2.2670350
vt -0.1129897 2.2157250
vt -0.0872399 2.3371980
vt 0.1369638 2.5634520
vt -0.0872399 2.3087070
vt -0.0955305 2.2670350
vt -0.1047014 2.2157250
vt 0.1369638 2.3371980
vt 0.1452507 2.5634520
vt -0.0872399 2.2670350
vt 0.1369638 2.3087070
vt -0.0955305 2.2157250
vt 0.1452507 2.3371980
vt 0.1544188 2.5634520
vt -0.0872399 2.2157250
vt 0.1369638 2.2670350
vt 0.1369638 2.2157250
vt 0.1452507 2.3087070
vt 0.1544188 2.3371980
vt 0.1627055 2.5634520
vt 0.1452507 2.2670350
vt 0.1452507 2.2157250
vt 0.1544188 2.3087070
vt 0.1627055 2.3371980
vt 0.3869644 2.5634520
vt 0.1544188 2.2670350
vt 0.1544188 2.2157250
vt 0.1627055 2.3087070
vt 0.3869644 2.3371980
vt 0.3952513 2.5634520
vt 0.1627055 2.2670350
vt 0.1627055 2.2157250
vt 0.3869644 2.3087070
vt 0.3952513 2.3371980
vt 0.4044195 2.5634520
vt 0.3869644 2.2670350
vt 0.3869644 2.2157250
vt 0.3952513 2.3087070
vt 0.4044195 2.3371980
vt 0.4127063 2.5634520
vt 0.3952513 2.2670350
vt 0.3952513 2.2157250
vt 0.4044195 2.3087070
vt 0.4127063 2.3371980
vt 0.6369114 2.5634520
vt 0.4044195 2.2670350
vt 0.4044195 2.2157250
vt 0.4127063 2.3087070
vt 0.6369114 2.3371980
vt 0.6452019 2.5634520
vt 0.4127063 2.2670350
vt 0.4127063 2.2157250
vt 0.6369114 2.3087070
vt 0.6452019 2.3371980
vt 0.6543729 2.5634520
vt 0.6369114 2.2670350
vt 0.6369114 2.2157250
vt 0.6452019 2.3087070
vt 0.6543729 2.3371980
vt 0.6626612 2.5634520
vt 0.6452019 2.2670350
vt 0.6452019 2.2157250
vt 0.6543729 2.3087070
vt 0.6626612 2.3371980
vt 0.8870105 2.3371980
vt 0.8870105 2.5634520
vt 0.6543729 2.2670350
vt 0.6543729 2.2157250
vt 0.6626612 2.3087070
vt 0.8870105 2.3087070
vt 0.6626612 2.2670350
vt 0.6626612 2.2157250
vt 0.8870105 2.2670350
vt 0.8870105 2.2157250
vt -0.1192210 2.7985130
vt -0.1150767 2.7985130
vt -0.1192210 2.7728420
vt -0.1150767 2.7728420
vt -0.1192210 2.7280690
vt -0.1083939 2.7985130
vt -0.1150767 2.7280690
vt -0.1083939 2.7728420
vt -0.1008313 2.7985130
vt -0.1083939 2.7280690
vt -0.1008313 2.7728420
vt 0.0665708 2.7985130
vt -0.1008313 2.7280690
vt 0.0665708 2.7280690
vt 0.0665708 2.7728420
vt 0.0741327 2.7985130
vt 0.0741327 2.7728420
vt 0.0741327 2.7280690
vt 0.0808165 2.7985130
vt 0.0808165 2.7728420
vt 0.0808165 2.7280690
vt 0.0849612 2.7985130
vt 0.0849612 2.7728420
vt 0.0849612 2.7280690
vt 0.9115168 2.7985130
vt 0.9115168 2.7280690
vt 0.9115168 2.7728420
vt 0.9156622 2.7985130
vt 0.9156622 2.7728420
vt 0.9156622 2.7280690
vt 0.9223455 2.7985130
vt 0.9223455 2.7728420
vt 0.9223455 2.7280690
vt 0.9299074 2.7985130
vt 0.9299074 2.7728420
vt 0.9299074 2.7280690
vt 1.0973100 2.7985130
vt 1.0973100 2.7728420
vt 1.0973100 2.7280690
vt 1.1048720 2.7985130
vt 1.1048720 2.7728420
vt 1.1048720 2.7280690
vt 1.1115550 2.7985130
vt 1.1115550 2.7728420
vt 1.1115550 2.7280690
vt 1.1157000 2.7985130
vt 1.1157000 2.7728420
vt 1.1157000 2.7280690
vt 1.9423650 2.7985130
vt 1.9423650 2.7728420
vt 1.9423650 2.7280690
vt -0.1087623 2.2993100
vt -0.1004740 2.2993100
vt -0.1087623 2.2722210
vt -0.0913031 2.2993100
vt -0.1004740 2.2722210
vt -0.1087623 2.2244600
vt -0.0830126 2.2993100
vt -0.0913031 2.2722210
vt -0.1004740 2.2244600
vt -0.0830125 2.2722210
vt 0.1411912 2.2993100
vt -0.0913031 2.2244600
vt -0.0830126 2.2244600
vt 0.1411912 2.2244600
vt 0.1411912 2.2722210
vt 0.1494780 2.2993100
vt 0.1494780 2.2722210
vt 0.1494780 2.2244600
vt 0.1586461 2.2993100
vt 0.1586461 2.2722210
vt 0.1586461 2.2244600
vt 0.1669329 2.2993100
vt 0.1669329 2.2722210
vt 0.1669329 2.2244600
vt 0.3911918 2.2993100
vt 0.3911918 2.2722210
vt 0.3911918 2.2244600
vt 0.3994786 2.2993100
vt 0.3994786 2.2722210
vt 0.3994786 2.2244600
vt 0.4086469 2.2993100
vt 0.4086469 2.2722210
vt 0.4086469 2.2244600
vt 0.4169337 2.2993100
vt 0.4169337 2.2722210
vt 0.4169337 2.2244600
vt 0.6411387 2.2993100
vt 0.6411387 2.2244600
vt 0.6411387 2.2722210
vt 0.6494293 2.2993100
vt 0.6494293 2.2722210
vt 0.6494293 2.2244600
vt 0.6586003 2.2993100
vt 0.6586003 2.2722210
vt 0.6586003 2.2244600
vt 0.6668885 2.2993100
vt 0.6668885 2.2722210
vt 0.6668885 2.2244600
vt 0.8912378 2.2993100
vt 0.8912378 2.2722210
vt 0.8912378 2.2244600
vt -3.1439420 0.3253188
vt -3.1387770 0.3253188
vt -3.1439420 0.2779096
vt -3.1387770 0.2779096
vt -3.1439420 0.2195363
vt -3.1304460 0.3253188
vt -3.1304460 0.2779096
vt -3.1387770 0.2195363
vt -3.1210200 0.3253188
vt -3.1210200 0.2779096
vt -3.1304460 0.2195363
vt -2.9123570 0.3253188
vt -3.1210200 0.2195363
vt -2.9123570 0.2779096
vt -2.9123570 0.2195363
vt -2.9029310 0.3253188
vt -2.9029310 0.2779096
vt -2.9029310 0.2195363
vt -2.8946000 0.3253188
vt -2.8946000 0.2779096
vt -2.8946000 0.2195363
vt -2.8894340 0.3253188
vt -2.8894340 0.2779096
vt -2.8894340 0.2195363
vt -1.8591520 0.3253188
vt -1.8591520 0.2779096
vt -1.8591520 0.2195363
vt -1.8539850 0.3253188
vt -1.8539850 0.2779096
vt -1.8539850 0.2195363
vt -1.8456540 0.3253188
vt -1.8456540 0.2779096
vt -1.8456540 0.2195363
vt -1.8362290 0.3253188
vt -1.8362290 0.2779096
vt -1.8362290 0.2195363
vt -1.6275660 0.3253188
vt -1.6275660 0.2195363
vt -1.6275660 0.2779096
vt -1.6181400 0.3253188
vt -1.6181400 0.2779096
vt -1.6181400 0.2195363
vt -1.6098090 0.3253188
vt -1.6098090 0.2779096
vt -1.6098090 0.2195363
vt -1.6046430 0.3253188
vt -1.6046430 0.2779096
vt -1.6046430 0.2195363
vt -0.5742248 0.3253188
vt -0.5742248 0.2779096
vt -0.5742248 0.2195363
vt -3.1439420 0.3253188
vt -3.1387770 0.3253188
vt -3.1439420 0.2779096
vt -3.1304460 0.3253188
vt -3.1387770 0.2779096
vt -3.1439420 0.2195363
vt -3.1210200 0.3253188
vt -3.1304460 0.2779096
vt -3.1387770 0.2195363
vt -3.1210200 0.2779096
vt -2.9123570 0.3253188
vt -3.1304460 0.2195363
vt -3.1210200 0.2195363
vt -2.9123570 0.2195363
vt -2.9123570 0.2779096
vt -2.9029310 0.3253188
vt -2.9029310 0.2779096
vt -2.9029310 0.2195363
vt -2.8946000 0.3253188
vt -2.8946000 0.2779096
vt -2.8946000 0.2195363
vt -2.8894340 0.3253188
vt -2.8894340 0.2779096
vt -2.8894340 0.2195363
vt -1.8591520 0.3253188
vt -1.8591520 0.2779096
vt -1.8591520 0.2195363
vt -1.8539850 0.3253188
vt -1.8539850 0.2779096
vt -1.8539850 0.2195363
vt -1.8456540 0.3253188
vt -1.8456540 0.2779096
vt -1.8456540 0.2195363
vt -1.8362290 0.3253188
vt -1.8362290 0.2779096
vt -1.8362290 0.2195363
vt -1.6275660 0.3253188
vt -1.6275660 0.2195363
vt -1.6275660 0.2779096
vt -1.6181400 0.3253188
vt -1.6181400 0.2779096
vt -1.6181400 0.2195363
vt -1.6098090 0.3253188
vt -1.6098090 0.2779096
vt -1.6098090 0.2195363
vt -1.6046430 0.3253188
vt -1.6046430 0.2779096
vt -1.6046430 0.2195363
vt -0.5742248 0.3253188
vt -0.5742248 0.2779096
vt -0.5742248 0.2195363
vt -0.1192210 2.7985130
vt -0.1150767 2.7985130
vt -0.1192210 2.7728420
vt -0.1150767 2.7728420
vt -0.1192210 2.7280690
vt -0.1083939 2.7985130
vt -0.1150767 2.7280690
vt -0.1083939 2.7728420
vt -0.1008313 2.7985130
vt -0.1083939 2.7280690
vt -0.1008313 2.7728420
vt 0.0665708 2.7985130
vt -0.1008313 2.7280690
vt 0.0665708 2.7280690
vt 0.0665708 2.7728420
vt 0.0741327 2.7985130
vt 0.0741327 2.7728420
vt 0.0741327 2.7280690
vt 0.0808165 2.7985130
vt 0.0808165 2.7728420
vt 0.0808165 2.7280690
vt 0.0849612 2.7985130
vt 0.0849612 2.7728420
vt 0.0849612 2.7280690
vt 0.9115168 2.7985130
vt 0.9115168 2.7728420
vt 0.9115168 2.7280690
vt 0.9156622 2.7985130
vt 0.9156622 2.7728420
vt 0.9156622 2.7280690
vt 0.9223455 2.7985130
vt 0.9223455 2.7728420
vt 0.9223455 2.7280690
vt 0.9299074 2.7985130
vt 0.9299074 2.7728420
vt 0.9299074 2.7280690
vt 1.0973100 2.7985130
vt 1.0973100 2.7280690
vt 1.0973100 2.7728420
vt 1.1048720 2.7985130
vt 1.1048720 2.7728420
vt 1.1048720 2.7280690
vt 1.1115550 2.7985130
vt 1.1115550 2.7728420
vt 1.1115550 2.7280690
vt 1.1157000 2.7985130
vt 1.1157000 2.7728420
vt 1.1157000 2.7280690
vt 1.9423650 2.7985130
vt 1.9423650 2.7728420
vt 1.9423650 2.7280690
vt -3.1439420 0.4017032
vt -3.1387760 0.4017032
vt -3.1439420 0.3596743
vt -3.1304460 0.4017032
vt -3.1387770 0.3596743
vt -3.1439420 0.3253188
vt -3.1210190 0.4017032
vt -3.1304460 0.3596743
vt -3.1387770 0.3253188
vt -3.1439420 0.2779096
vt -3.1210200 0.3596743
vt -2.9123570 0.4017032
vt -3.1304460 0.3253188
vt -3.1387770 0.2779096
vt -3.1439420 0.2195363
vt -3.1210200 0.3253188
vt -2.9123570 0.3596743
vt -2.9029310 0.4017032
vt -3.1304460 0.2779096
vt -3.1387770 0.2195363
vt -3.1210200 0.2779096
vt -2.9123570 0.3253188
vt -2.9029310 0.3596743
vt -2.8946000 0.4017032
vt -3.1304460 0.2195363
vt -3.1210200 0.2195363
vt -2.9123570 0.2779096
vt -2.9123570 0.2195363
vt -2.9029310 0.3253188
vt -2.8946000 0.3596743
vt -2.8894340 0.4017032
vt -2.9029310 0.2779096
vt -2.9029310 0.2195363
vt -2.8946000 0.3253188
vt -2.8894340 0.3596743
vt -1.8591520 0.4017032
vt -2.8946000 0.2779096
vt -2.8946000 0.2195363
vt -2.8894340 0.3253188
vt -1.8591520 0.3596743
vt -1.8539850 0.4017032
vt -2.8894340 0.2779096
vt -2.8894340 0.2195363
vt -1.8591520 0.3253188
vt -1.8539850 0.3596743
vt -1.8456540 0.4017032
vt -1.8591520 0.2779096
vt -1.8591520 0.2195363
vt -1.8539850 0.3253188
vt -1.8456540 0.3596743
vt -1.8362290 0.4017032
vt -1.8539850 0.2779096
vt -1.8539850 0.2195363
vt -1.8456540 0.3253188
vt -1.8362290 0.3596743
vt -1.6275660 0.4017032
vt -1.8456540 0.2779096
vt -1.8456540 0.2195363
vt -1.8362290 0.3253188
vt -1.6275660 0.3596743
vt -1.6181400 0.4017032
vt -1.8362290 0.2779096
vt -1.8362290 0.2195363
vt -1.6275660 0.3253188
vt -1.6181400 0.3596743
vt -1.6098090 0.4017032
vt -1.6275660 0.2779096
vt -1.6275660 0.2195363
vt -1.6181400 0.3253188
vt -1.6098090 0.3596743
vt -1.6046430 0.4017032
vt -1.6181400 0.2779096
vt -1.6181400 0.2195363
vt -1.6098090 0.3253188
vt -1.6046430 0.3596743
vt -0.5742248 0.4017032
vt -0.5742248 0.3596743
vt -1.6098090 0.2779096
vt -1.6098090 0.2195363
vt -1.6046430 0.3253188
vt -0.5742248 0.3253188
vt -1.6046430 0.2779096
vt -1.6046430 0.2195363
vt -0.5742248 0.2779096
vt -0.5742248 0.2195363
vt -0.1087623 2.2993100
vt -0.1004740 2.2993100
vt -0.1087623 2.2722210
vt -0.0913031 2.2993100
vt -0.1004740 2.2722210
vt -0.1087623 2.2244600
vt -0.0830126 2.2993100
vt -0.0913031 2.2722210
vt -0.1004740 2.2244600
vt -0.0830125 2.2722210
vt 0.1411912 2.2993100
vt -0.0913031 2.2244600
vt -0.0830126 2.2244600
vt 0.1411912 2.2722210
vt 0.1411912 2.2244600
vt 0.1494780 2.2993100
vt 0.1494780 2.2722210
vt 0.1494780 2.2244600
vt 0.1586461 2.2993100
vt 0.1586461 2.2722210
vt 0.1586461 2.2244600
vt 0.1669329 2.2993100
vt 0.1669329 2.2722210
vt 0.1669329 2.2244600
vt 0.3911918 2.2993100
vt 0.3911918 2.2722210
vt 0.3911918 2.2244600
vt 0.3994786 2.2993100
vt 0.3994786 2.2722210
vt 0.3994786 2.2244600
vt 0.4086469 2.2993100
vt 0.4086469 2.2722210
vt 0.4086469 2.2244600
vt 0.4169337 2.2993100
vt 0.4169337 2.2722210
vt 0.4169337 2.2244600
vt 0.6411387 2.2993100
vt 0.6411387 2.2722210
vt 0.6411387 2.2244600
vt 0.6494293 2.2993100
vt 0.6494293 2.2722210
vt 0.6494293 2.2244600
vt 0.6586003 2.2993100
vt 0.6586003 2.2722210
vt 0.6586003 2.2244600
vt 0.6668885 2.2993100
vt 0.6668885 2.2722210
vt 0.6668885 2.2244600
vt 0.8912378 2.2993100
vt 0.8912378 2.2722210
vt 0.8912378 2.2244600
vt -3.1439420 0.4001773
vt -3.1387770 0.4001773
vt -3.1439420 0.3596743
vt -3.1387770 0.3596743
vt -3.1439420 0.3253188
vt -3.1304460 0.4001773
vt -3.1387770 0.3253188
vt -3.1439420 0.2779096
vt -3.1304460 0.3596743
vt -3.1210200 0.4001773
vt -3.1387770 0.2779096
vt -3.1304460 0.3253188
vt -3.1439420 0.2195363
vt -3.1210200 0.3596743
vt -2.9123570 0.4001773
vt -3.1387770 0.2195363
vt -3.1304460 0.2779096
vt -3.1210200 0.3253188
vt -2.9123570 0.3596743
vt -2.9029310 0.4001773
vt -3.1304460 0.2195363
vt -3.1210200 0.2779096
vt -2.9123570 0.3253188
vt -2.9029310 0.3596743
vt -2.8946000 0.4001773
vt -3.1210200 0.2195363
vt -2.9123570 0.2779096
vt -2.9123570 0.2195363
vt -2.9029310 0.3253188
vt -2.8946000 0.3596743
vt -2.8894340 0.4001773
vt -2.9029310 0.2779096
vt -2.9029310 0.2195363
vt -2.8946000 0.3253188
vt -2.8894340 0.3596743
vt -1.8591520 0.4001773
vt -2.8946000 0.2779096
vt -2.8946000 0.2195363
vt -2.8894340 0.3253188
vt -1.8591520 0.3596743
vt -1.8539850 0.4001773
vt -2.8894340 0.2779096
vt -2.8894340 0.2195363
vt -1.8591520 0.3253188
vt -1.8539850 0.3596743
vt -1.8456540 0.4001773
vt -1.8591520 0.2195363
vt -1.8591520 0.2779096
vt -1.8539850 0.3253188
vt -1.8456540 0.3596743
vt -1.8362290 0.4001773
vt -1.8539850 0.2779096
vt -1.8539850 0.2195363
vt -1.8456540 0.3253188
vt -1.8362290 0.3596743
vt -1.6275660 0.4001773
vt -1.8456540 0.2779096
vt -1.8456540 0.2195363
vt -1.8362290 0.3253188
vt -1.6275660 0.3596743
vt -1.6181400 0.4001773
vt -1.8362290 0.2779096
vt -1.8362290 0.2195363
vt -1.6275660 0.3253188
vt -1.6181400 0.3596743
vt -1.6098090 0.4001773
vt -1.6275660 0.2779096
vt -1.6275660 0.2195363
vt -1.6181400 0.3253188
vt -1.6098090 0.3596743
vt -1.6046430 0.4001773
vt -1.6181400 0.2779096
vt -1.6181400 0.2195363
vt -1.6098090 0.3253188
vt -1.6046430 0.3596743
vt -0.5742248 0.4001773
vt -0.5742248 0.3596743
vt -1.6098090 0.2779096
vt -1.6098090 0.2195363
vt -1.6046430 0.3253188
vt -0.5742248 0.3253188
vt -1.6046430 0.2779096
vt -1.6046430 0.2195363
vt -0.5742248 0.2779096
vt -0.5742248 0.2195363
vt -0.3774384 1.7994133
vt -0.3630208 1.7994133
vt -0.3774384 1.7491069
vt -0.3630208 1.7439225
vt -0.3486060 1.7994133
vt -0.3486060 1.7358619
vt -0.3341883 1.7471076
vt -0.3272890 1.7994133
vt -0.3197709 1.7537577
vt -0.3053490 1.7994133
vt -0.3053490 1.7567465
vt -0.2909311 1.7550097
vt -0.2831751 1.7994133
vt -0.2765185 1.7499089
vt -0.2621008 1.7994133
vt -0.2621008 1.7407951
vt -0.2476833 1.7501240
vt -0.2446216 1.7994133
vt -0.2332706 1.7555311
vt -0.2188528 1.7994133
vt -0.2188526 1.7577567
vt -0.2044306 1.7556057
vt -0.1966892 1.7994133
vt -0.1900131 1.7502831
vt -0.1755956 1.7994133
vt -0.1755956 1.7410796
vt -0.1611787 1.7502942
vt -0.1544022 1.7994133
vt -0.1467660 1.7556359
vt -0.1323479 1.7994133
vt -0.1323479 1.7578145
vt -0.1179297 1.7556252
vt -0.1102936 1.7994133
vt -0.1035171 1.7502701
vt -0.0890999 1.7994133
vt -0.0890999 1.7410340
vt -0.0746827 1.7502179
vt -0.0673171 1.7994133
vt -0.0602651 1.7554966
vt -0.0458431 1.7994133
vt -0.0458431 1.7575681
vt -0.0314252 1.7551925
vt -0.0241276 1.7994133
vt -0.0170126 1.7495412
vt 0.0000000 1.7994133
vt 0.0000000 1.7406145
vt 0.0118225 1.7501841
vt 0.0188409 1.7994133
vt 0.0262352 1.7550416
vt 0.0406531 1.7994133
vt 0.0406531 1.7565390
vt 0.0550751 1.7532446
vt 0.0618093 1.7994133
vt 0.0694926 1.7461526
vt 0.0839102 1.7994133
vt 0.0839102 1.7342570
vt 0.0983249 1.7994133
vt 0.0983249 1.7419425
vt 0.1127428 1.7994133
vt 0.1127428 1.7467134
vt 0.1250024 1.7486854
vt 0.1398482 1.7994133
vt 0.1398482 1.7464178
vt 0.1536189 1.7994133
vt 0.1536189 1.7417058
vt 0.1673876 1.7994133
vt 0.1673876 1.7339734
vt 0.1811564 1.7459116
vt 0.1874305 1.7994133
vt 0.1949251 1.7530030
vt 0.2086938 1.7994133
vt 0.2086938 1.7562339
vt 0.2224626 1.7545700
vt 0.2302342 1.7994133
vt 0.2362314 1.7494159
vt 0.2500001 1.7994133
vt 0.2500001 1.7401274
vt 0.2720590 1.7994133
vt 0.2637689 1.7493972
vt 0.2913064 1.7994133
vt 0.2775376 1.7545266
vt 0.2913064 1.7561536
vt 0.3050752 1.7528605
vt 0.3161767 1.7994133
vt 0.3188439 1.7456725
vt 0.3326126 1.7994133
vt 0.3326126 1.7335863
vt 0.3463814 1.7994133
vt 0.3463814 1.7412471
vt 0.3601521 1.7994133
vt 0.3601521 1.7458651
vt 0.3885190 1.7994133
vt 0.3750024 1.7479782
vt 0.4028627 1.7994133
vt 0.3885190 1.7460239
vt 0.4172032 1.7994133
vt 0.4028627 1.7414351
vt 0.4382753 1.7994133
vt 0.4315465 1.7459801
vt 0.4172032 1.7339073
vt 0.4602376 1.7994133
vt 0.4458899 1.7531725
vt 0.4827731 1.7994133
vt 0.4745814 1.7550313
vt 0.4602376 1.7565165
vt 0.5032632 1.7994133
vt 0.4889199 1.7501407
vt 0.5251669 1.7994133
vt 0.5176065 1.7506411
vt 0.5032632 1.7412306
vt 0.5462887 1.7994133
vt 0.5319450 1.7562425
vt 0.5680413 1.7994133
vt 0.5606365 1.7572887
vt 0.5462887 1.7588156
vt 0.5893234 1.7994133
vt 0.5749798 1.7529960
vt 0.6102948 1.7994133
vt 0.6036671 1.7554802
vt 0.5893234 1.7454143
vt 0.6323508 1.7994133
vt 0.6192291 1.7628667
vt 0.6544069 1.7994133
vt 0.6323533 1.7665814
vt 0.6610349 1.7554815
vt 0.6454729 1.7628679
vt 0.6753780 1.7994133
vt 0.6753780 1.7454157
vt 0.6970644 1.7994133
vt 0.6897210 1.7529969
vt 0.7040643 1.7572894
vt 0.7184121 1.7994133
vt 0.7184121 1.7588160
vt 0.7408123 1.7994133
vt 0.7327558 1.7562428
vt 0.7470943 1.7506416
vt 0.7614374 1.7994133
vt 0.7614374 1.7412311
vt 0.7823687 1.7994133
vt 0.7757804 1.7501410
vt 0.7901191 1.7550316
vt 0.8044628 1.7994133
vt 0.8044628 1.7565167
vt 0.8264863 1.7994133
vt 0.8188106 1.7531728
vt 0.8331539 1.7459805
vt 0.8474972 1.7994133
vt 0.8474972 1.7339077
vt 0.8618377 1.7414358
vt 0.8618377 1.7994133
vt 0.8761814 1.7994133
vt 0.8761814 1.7460241
vt 0.9045483 1.7994133
vt 0.8896979 1.7479782
vt 0.9183189 1.7994133
vt 0.9045483 1.7458649
vt 0.9320877 1.7994133
vt 0.9183189 1.7412465
vt 0.9514548 1.7994133
vt 0.9458565 1.7456712
vt 0.9320877 1.7335858
vt 0.9733940 1.7994133
vt 0.9596252 1.7528552
vt 0.9955685 1.7994133
vt 0.9871628 1.7544911
vt 0.9733940 1.7561374
vt 1.0147000 1.7994133
vt 1.0009310 1.7493336
vt 1.0338810 1.7994133
vt 1.0284690 1.7492990
vt 1.0147000 1.7400258
vt 1.0560060 1.7994133
vt 1.0422380 1.7544107
vt 1.0779990 1.7994133
vt 1.0697750 1.7526021
vt 1.0560060 1.7559912
vt 1.0973130 1.7994133
vt 1.0835440 1.7452507
vt 1.1110810 1.7994133
vt 1.1110810 1.7404346
vt 1.0973130 1.7329121
vt 1.1248520 1.7994133
vt 1.1248520 1.7449076
vt 1.1568590 1.7994133
vt 1.1397030 1.7465971
vt 1.1709890 1.7994133
vt 1.1568590 1.7447004
vt 1.1851150 1.7994133
vt 1.1709890 1.7405398
vt 1.2053780 1.7994133
vt 1.1992450 1.7458918
vt 1.1851150 1.7334416
vt 1.2275070 1.7994133
vt 1.2133740 1.7533231
vt 1.2494920 1.7994133
vt 1.2416370 1.7553769
vt 1.2275070 1.7567978
vt 1.2698910 1.7994133
vt 1.2557620 1.7505107
vt 1.2901840 1.7994133
vt 1.2840200 1.7508895
vt 1.2698910 1.7416191
vt 1.2981440 1.7562866
vt 1.3122740 1.7994133
vt 1.3122740 1.7585318
vt 1.3343020 1.7994133
vt 1.3264070 1.7564590
vt 1.3546660 1.7994133
vt 1.3405370 1.7512631
vt 1.3749950 1.7994133
vt 1.3687960 1.7512867
vt 1.3546660 1.7422541
vt 1.3970500 1.7994133
vt 1.3829200 1.7565231
vt 1.4111800 1.7565234
vt 1.3970500 1.7586615
vt 1.4191050 1.7994133
vt 1.4253040 1.7512875
vt 1.4394340 1.7994133
vt 1.4394340 1.7422552
vt 1.4598010 1.7994133
vt 1.4535630 1.7512641
vt 1.4818210 1.7994133
vt 1.4676920 1.7564595
vt 1.5039140 1.7994133
vt 1.4959500 1.7562765
vt 1.4818210 1.7585297
vt 1.5100790 1.7508483
vt 1.5242090 1.7994133
vt 1.5242090 1.7414989
vt 1.5383380 1.7502978
vt 1.5444160 1.7994133
vt 1.5524670 1.7550108
vt 1.5665960 1.7994133
vt 1.5665960 1.7561973
vt 1.5885340 1.7994133
vt 1.5807250 1.7523036
vt 1.6089840 1.7994133
vt 1.5948540 1.7441738
vt 1.6231130 1.7371033
vt 1.6089840 1.7306210
vt 1.6231130 1.7994133
vt 1.6372440 1.7994133
vt 1.6372440 1.7405238
vt 1.6544010 1.7407832
vt 1.6717870 1.7994133
vt 1.6717870 1.7367485
vt -0.1192210 2.7985130
vt -0.1150767 2.7985130
vt -0.1192210 2.7728420
vt -0.1150767 2.7728420
vt -0.1083939 2.7985130
vt -0.1192210 2.7280690
vt -0.1150767 2.7280690
vt -0.1083939 2.7728420
vt -0.1008313 2.7985130
vt -0.1083939 2.7280690
vt -0.1008313 2.7728420
vt 0.0665708 2.7985130
vt -0.1008313 2.7280690
vt 0.0665708 2.7728420
vt 0.0665708 2.7280690
vt 0.0741327 2.7985130
vt 0.0741327 2.7728420
vt 0.0741327 2.7280690
vt 0.0808165 2.7985130
vt 0.0808165 2.7728420
vt 0.0808165 2.7280690
vt 0.0849612 2.7985130
vt 0.0849612 2.7728420
vt 0.0849612 2.7280690
vt 0.9115168 2.7985130
vt 0.9115168 2.7728420
vt 0.9115168 2.7280690
vt 0.9156622 2.7985130
vt 0.9156622 2.7728420
vt 0.9156622 2.7280690
vt 0.9223455 2.7985130
vt 0.9223455 2.7728420
vt 0.9223455 2.7280690
vt 0.9299074 2.7985130
vt 0.9299074 2.7728420
vt 0.9299074 2.7280690
vt 1.0973100 2.7985130
vt 1.0973100 2.7728420
vt 1.0973100 2.7280690
vt 1.1048720 2.7985130
vt 1.1048720 2.7728420
vt 1.1048720 2.7280690
vt 1.1115550 2.7985130
vt 1.1115550 2.7728420
vt 1.1115550 2.7280690
vt 1.1157000 2.7985130
vt 1.1157000 2.7728420
vt 1.1157000 2.7280690
vt 1.9423650 2.7985130
vt 1.9423650 2.7728420
vt 1.9423650 2.7280690
vt 2.8437610 2.2436290
vt 2.8365020 2.2549440
vt 2.8478440 2.2996190
vt 2.8328330 2.2996020
vt 2.8244410 2.2611660
vt 2.8129340 2.2995840
vt 2.8125180 2.2637010
vt 2.8004520 2.2611420
vt 2.7933120 2.2995670
vt 2.7878800 2.2548980
vt 2.7734500 2.2995490
vt 2.7742940 2.2435590
vt 2.7623820 2.2548740
vt 2.7618960 2.2995370
vt 2.7577260 2.2584750
vt 2.7540850 2.2995210
vt 2.7497060 2.2584590
vt 2.7454600 2.2995040
vt 2.7416750 2.2584430
vt 2.7369740 2.2548300
vt 2.7376670 2.2994930
vt 2.7316300 2.2994880
vt 2.7306380 2.2434970
vt 2.7197190 2.2548190
vt 2.7156410 2.2994790
vt 2.7096310 2.2610460
vt 2.6998410 2.2994700
vt 2.6999290 2.2635870
vt 2.6902370 2.2610340
vt 2.6839870 2.2994610
vt 2.6801870 2.2547960
vt 2.6689020 2.2994530
vt 2.6704700 2.2434620
vt 2.6582960 2.2547870
vt 2.6512180 2.2994490
vt 2.6441550 2.2610180
vt 2.6300070 2.2994460
vt 2.6300130 2.2635630
vt 2.6158730 2.2610140
vt 2.6087960 2.2994420
vt 2.6017330 2.2547780
vt 2.5875850 2.2994390
vt 2.5875940 2.2434480
vt 2.5734520 2.2547740
vt 2.5663730 2.2994350
vt 2.5593140 2.2610040
vt 2.5451670 2.2994320
vt 2.5451730 2.2635490
vt 2.5310290 2.2610000
vt 2.5239550 2.2994280
vt 2.5168880 2.2547640
vt 2.5027400 2.2994250
vt 2.5027490 2.2434350
vt 2.4886100 2.2547600
vt 2.4886030 2.2994230
vt 2.4744680 2.2583670
vt 2.4744610 2.2994200
vt 2.4524100 2.2583630
vt 2.4300680 2.2994130
vt 2.4300720 2.2583600
vt 2.4159530 2.2547500
vt 2.4159530 2.2994130
vt 2.4018380 2.2994130
vt 2.4018380 2.2434230
vt 2.3877220 2.2547500
vt 2.3806660 2.2994130
vt 2.3736080 2.2609830
vt 2.3594930 2.2994130
vt 2.3594930 2.2635310
vt 2.3453780 2.2609830
vt 2.3383210 2.2994130
vt 2.3312630 2.2547500
vt 2.3171490 2.2994130
vt 2.3171490 2.2434230
vt 2.3030340 2.2547500
vt 2.2959770 2.2994130
vt 2.2889190 2.2609830
vt 2.2748040 2.2994130
vt 2.2748040 2.2635310
vt 2.2606890 2.2609830
vt 2.2536320 2.2994130
vt 2.2465740 2.2547500
vt 2.2324600 2.2994130
vt 2.2324600 2.2434230
vt 2.2183790 2.2547500
vt 2.2113210 2.2994130
vt 2.2042640 2.2609830
vt 2.1901360 2.2994130
vt 2.1901360 2.2635310
vt 2.1760420 2.2609830
vt 2.1689850 2.2994130
vt 2.1619270 2.2547500
vt 2.1478120 2.2994130
vt 2.1478120 2.2434230
vt 2.1336980 2.2547500
vt 2.1266400 2.2994130
vt 2.1195830 2.2609830
vt 2.1054680 2.2994130
vt 2.1054680 2.2635310
vt 2.0913530 2.2609830
vt 2.0842960 2.2994130
vt 2.0772380 2.2547500
vt 2.0631570 2.2994130
vt 2.0631570 2.2434230
vt 2.0490750 2.2547500
vt 2.0420180 2.2994130
vt 2.0349610 2.2609830
vt 2.0208450 2.2994130
vt 2.0208450 2.2635310
vt 2.0067310 2.2609830
vt 1.9996730 2.2994130
vt 1.9926150 2.2547500
vt 1.9785010 2.2994130
vt 1.9785010 2.2434230
vt 1.9643870 2.2547500
vt 1.9573290 2.2994130
vt 1.9502710 2.2609830
vt 1.9361570 2.2994130
vt 1.9361570 2.2635310
vt 1.9220420 2.2609830
vt 1.9149840 2.2994130
vt 1.9079270 2.2547500
vt 1.8938450 2.2994130
vt 1.8938450 2.2434230
vt 1.8797640 2.2547500
vt 1.8727060 2.2994130
vt 1.8656490 2.2609830
vt 1.8515340 2.2994130
vt 1.8515340 2.2635310
vt 1.8374190 2.2609830
vt 1.8303610 2.2994130
vt 1.8233040 2.2547500
vt 1.8091890 2.2994130
vt 1.8091890 2.2434230
vt 1.7950740 2.2547500
vt 1.7880170 2.2994130
vt 1.7809590 2.2609830
vt 1.7668440 2.2994130
vt 1.7668440 2.2635310
vt 1.7527290 2.2609830
vt 1.7456720 2.2994130
vt 1.7386140 2.2547500
vt 1.7244990 2.2994130
vt 1.7244990 2.2434230
vt 1.7103840 2.2547500
vt 1.7103840 2.2994130
vt 1.6962670 2.2994130
vt 1.6962670 2.2583600
vt 1.6735540 2.2583600
vt 1.6508250 2.2994130
vt 1.6508250 2.2583600
vt 1.6367100 2.2994130
vt 1.6367100 2.2547500
vt 1.6225980 2.2994130
vt 1.6225980 2.2434230
vt 1.6084830 2.2547500
vt 1.6014210 2.2994130
vt 1.5943680 2.2609830
vt 1.5802480 2.2994130
vt 1.5802480 2.2635310
vt 1.5661330 2.2609830
vt 1.5590800 2.2994130
vt 1.5520230 2.2547500
vt 1.5379080 2.2994130
vt 1.5379080 2.2434230
vt 1.5237930 2.2547500
vt 1.5167350 2.2994130
vt 1.5096780 2.2609830
vt 1.4955630 2.2994130
vt 1.4955630 2.2635310
vt 1.4814480 2.2609830
vt 1.4743910 2.2994130
vt 1.4673330 2.2547500
vt 1.4532180 2.2994130
vt 1.4532180 2.2434230
vt 1.4391030 2.2547500
vt 1.4328340 2.2994130
vt 1.4249860 2.2609830
vt 1.4108710 2.2994130
vt 1.4108710 2.2635310
vt 1.3967550 2.2609830
vt 1.3904930 2.2994130
vt 1.3826430 2.2547500
vt 1.3685470 2.2994130
vt 1.3685470 2.2434230
vt 1.3544510 2.2547500
vt 1.3473900 2.2994130
vt 1.3403360 2.2609830
vt 1.3262170 2.2994130
vt 1.3262170 2.2635310
vt 1.3121020 2.2609830
vt 1.3050490 2.2994130
vt 1.2979920 2.2547500
vt 1.2835560 2.2994130
vt 1.2835560 2.2434230
vt 1.2691210 2.2547500
vt 1.2620640 2.2994130
vt 1.2550110 2.2609830
vt 1.2408960 2.2994130
vt 1.2408960 2.2635310
vt 1.2267760 2.2609830
vt 1.2197230 2.2994130
vt 1.2126610 2.2547500
vt 1.1985660 2.2994130
vt 1.1985660 2.2434230
vt 1.1844700 2.2547500
vt 1.1766200 2.2994130
vt 1.1703570 2.2609830
vt 1.1562420 2.2994130
vt 1.1562420 2.2635310
vt 1.1421270 2.2609830
vt 1.1342790 2.2994130
vt 1.1280100 2.2547500
vt 1.1138950 2.2994130
vt 1.1138950 2.2434230
vt 1.0997800 2.2547500
vt 1.0927220 2.2994130
vt 1.0856650 2.2609830
vt 1.0715500 2.2994130
vt 1.0715500 2.2635310
vt 1.0574350 2.2609830
vt 1.0503770 2.2994130
vt 1.0433200 2.2547500
vt 1.0292050 2.2994130
vt 1.0292050 2.2434230
vt 1.0150900 2.2547500
vt 1.0080330 2.2994130
vt 1.0009800 2.2609830
vt 0.9868648 2.2994130
vt 0.9868648 2.2635310
vt 0.9727454 2.2609830
vt 0.9656917 2.2994130
vt 0.9586302 2.2547500
vt 0.9445152 2.2994130
vt 0.9445152 2.2434230
vt 0.9304030 2.2547500
vt 0.9304030 2.2994130
vt 0.9162879 2.2583600
vt 0.9162879 2.2994130
vt 0.8935590 2.2583600
vt 0.8708456 2.2994130
vt 0.8708456 2.2583600
vt 0.8567287 2.2547500
vt 0.8567287 2.2994130
vt 0.8426135 2.2434230
vt 0.8426135 2.2994130
vt 0.8284985 2.2547500
vt 0.8214409 2.2994130
vt 0.8143835 2.2609830
vt 0.8002685 2.2994130
vt 0.8002685 2.2635310
vt 0.7861536 2.2609830
vt 0.7790962 2.2994130
vt 0.7720386 2.2547500
vt 0.7579236 2.2994130
vt 0.7579236 2.2434230
vt 0.7438086 2.2547500
vt 0.7367511 2.2994130
vt 0.7296937 2.2609830
vt 0.7155787 2.2994130
vt 0.7155787 2.2635310
vt 0.7014637 2.2609830
vt 0.6944064 2.2994130
vt 0.6873487 2.2547500
vt 0.6732676 2.2994130
vt 0.6732676 2.2434230
vt 0.6591870 2.2547500
vt 0.6521297 2.2994130
vt 0.6450717 2.2609830
vt 0.6309569 2.2994130
vt 0.6309569 2.2635310
vt 0.6168418 2.2609830
vt 0.6097840 2.2994130
vt 0.6027267 2.2547500
vt 0.5886118 2.2994130
vt 0.5886118 2.2434230
vt 0.5744970 2.2547500
vt 0.5674393 2.2994130
vt 0.5603820 2.2609830
vt 0.5462670 2.2994130
vt 0.5462670 2.2635310
vt 0.5321521 2.2609830
vt 0.5250944 2.2994130
vt 0.5180371 2.2547500
vt 0.5039557 2.2994130
vt 0.5039557 2.2434230
vt 0.4898751 2.2547500
vt 0.4828172 2.2994130
vt 0.4757601 2.2609830
vt 0.4616451 2.2994130
vt 0.4616451 2.2635310
vt 0.4475302 2.2609830
vt 0.4404722 2.2994130
vt 0.4334152 2.2547500
vt 0.4193002 2.2994130
vt 0.4193002 2.2434230
vt 0.4051852 2.2547500
vt 0.3981273 2.2994130
vt 0.3910698 2.2609830
vt 0.3769553 2.2994130
vt 0.3769553 2.2635310
vt 0.3628497 2.2609830
vt 0.3557920 2.2994130
vt 0.3487347 2.2547500
vt 0.3346534 2.2994130
vt 0.3346534 2.2434230
vt 0.3205384 2.2547500
vt 0.3134807 2.2994130
vt 0.3064234 2.2609830
vt 0.2923084 2.2994130
vt 0.2923084 2.2635310
vt 0.2781935 2.2609830
vt 0.2711358 2.2994130
vt 0.2640785 2.2547500
vt 0.2499634 2.2994130
vt 0.2499634 2.2434230
vt 0.2358489 2.2547500
vt 0.2287910 2.2994130
vt 0.2217336 2.2609830
vt 0.2076190 2.2994130
vt 0.2076190 2.2635310
vt 0.1935036 2.2609830
vt 0.1864464 2.2994130
vt 0.1793890 2.2547500
vt 0.1652737 2.2994130
vt 0.1652737 2.2434230
vt 0.1511590 2.2547500
vt 0.1511590 2.2994130
vt 0.1370420 2.2583600
vt 0.1370420 2.2994130
vt 0.1081414 2.2583730
vt 0.0921739 2.2994380
vt 0.0901163 2.2584100
vt 0.0843303 2.2994780
vt 0.0828462 2.2548150
vt 0.0732322 2.2994930
vt 0.0716324 2.2435030
vt 0.0598307 2.2548200
vt 0.0555995 2.2994780
vt 0.0487878 2.2610430
vt 0.0382977 2.2994630
vt 0.0380995 2.2635800
vt 0.0273521 2.2610230
vt 0.0211055 2.2994470
vt 0.0161321 2.2547790
vt 0.0037889 2.2994320
vt 0.0039191 2.2434420
vt -0.0084903 2.2547590
vt -0.0136368 2.2994170
vt -0.0198810 2.2609820
vt -0.0308504 2.2994020
vt -0.0308070 2.2635190
vt -0.0417297 2.2609620
vt -0.0480516 2.2993870
vt -0.0531046 2.2547180
vt -0.0654757 2.2993710
vt -0.0654631 2.2433810
vt -0.0773668 2.2547130
vt -0.0823813 2.2993790
vt -0.0885985 2.2609520
vt -0.0993950 2.2993870
vt -0.0993307 2.2635040
vt -0.1100542 2.2609620
vt -0.1165037 2.2993950
vt -0.1211298 2.2547350
vt -0.1338608 2.2994030
vt -0.1330569 2.2434120
vt -0.1393766 2.2547450
vt -0.1399126 2.2994080
vt -0.1477342 2.2994130
vt -0.1440086 2.2583600
vt -0.1519794 2.2583600
vt -0.1563909 2.2994130
vt -0.1599355 2.2583600
vt -0.1642070 2.2994130
vt -0.1645505 2.2547500
vt -0.1757145 2.2994130
vt -0.1764209 2.2434230
vt -0.1900198 2.2547500
vt -0.1955359 2.2994130
vt -0.2026529 2.2609830
vt -0.2151842 2.2994130
vt -0.2147586 2.2635310
vt -0.2267480 2.2609830
vt -0.2350538 2.2994130
vt -0.2388453 2.2547500
vt -0.2500269 2.2994130
vt -0.2461681 2.2434230
vt -3.1439420 0.6130320
vt -3.1387770 0.6130320
vt -3.1439420 0.3596743
vt -3.1387770 0.3596743
vt -3.1439420 0.3253188
vt -3.1304460 0.6130320
vt -3.1387770 0.3253188
vt -3.1439420 0.2779096
vt -3.1304460 0.3596743
vt -3.1210200 0.6130320
vt -3.1304460 0.3253188
vt -3.1387770 0.2779096
vt -3.1439420 0.2195363
vt -3.1210200 0.3596743
vt -2.9123570 0.6130320
vt -3.1210200 0.3253188
vt -3.1304460 0.2779096
vt -3.1387770 0.2195363
vt -2.9123570 0.3596743
vt -2.9029310 0.6130320
vt -3.1210200 0.2779096
vt -2.9123570 0.3253188
vt -3.1304460 0.2195363
vt -2.9029310 0.3596743
vt -2.8946000 0.6130320
vt -3.1210200 0.2195363
vt -2.9123570 0.2779096
vt -2.9123570 0.2195363
vt -2.9029310 0.3253188
vt -2.8946000 0.3596743
vt -2.8894340 0.6130320
vt -2.9029310 0.2779096
vt -2.9029310 0.2195363
vt -2.8946000 0.3253188
vt -2.8894340 0.3596743
vt -1.8591520 0.6130320
vt -2.8946000 0.2779096
vt -2.8946000 0.2195363
vt -2.8894340 0.3253188
vt -1.8591520 0.3596743
vt -1.8539850 0.6130320
vt -2.8894340 0.2779096
vt -2.8894340 0.2195363
vt -1.8591520 0.3253188
vt -1.8539850 0.3596743
vt -1.8456540 0.6130320
vt -1.8591520 0.2779096
vt -1.8591520 0.2195363
vt -1.8539850 0.3253188
vt -1.8456540 0.3596743
vt -1.8362290 0.6130320
vt -1.8539850 0.2779096
vt -1.8539850 0.2195363
vt -1.8456540 0.3253188
vt -1.8362290 0.3596743
vt -1.6275660 0.6130320
vt -1.8456540 0.2779096
vt -1.8456540 0.2195363
vt -1.8362290 0.3253188
vt -1.6275660 0.3596743
vt -1.6181400 0.6130320
vt -1.8362290 0.2779096
vt -1.8362290 0.2195363
vt -1.6275660 0.3253188
vt -1.6181400 0.3596743
vt -1.6098090 0.6130320
vt -1.6275660 0.2195363
vt -1.6275660 0.2779096
vt -1.6181400 0.3253188
vt -1.6098090 0.3596743
vt -1.6046430 0.6130320
vt -1.6181400 0.2779096
vt -1.6181400 0.2195363
vt -1.6098090 0.3253188
vt -1.6046430 0.3596743
vt -0.5742248 0.6130320
vt -0.5742248 0.3596743
vt -1.6098090 0.2779096
vt -1.6098090 0.2195363
vt -1.6046430 0.3253188
vt -0.5742248 0.3253188
vt -1.6046430 0.2779096
vt -1.6046430 0.2195363
vt -0.5742248 0.2779096
vt -0.5742248 0.2195363
vt -0.1129897 2.5634520
vt -0.1047014 2.5634520
vt -0.1129897 2.3371980
vt -0.1047014 2.3371980
vt -0.1129897 2.3087070
vt -0.0955305 2.5634520
vt -0.1047014 2.3087070
vt -0.1129897 2.2670350
vt -0.0955305 2.3371980
vt -0.0872399 2.5634520
vt -0.0955305 2.3087070
vt -0.1047014 2.2670350
vt -0.1129897 2.2157250
vt -0.0872399 2.3371980
vt 0.1369638 2.5634520
vt -0.0872399 2.3087070
vt -0.0955305 2.2670350
vt -0.1047014 2.2157250
vt 0.1369638 2.3371980
vt 0.1452507 2.5634520
vt -0.0872399 2.2670350
vt 0.1369638 2.3087070
vt -0.0955305 2.2157250
vt 0.1452507 2.3371980
vt 0.1544188 2.5634520
vt -0.0872399 2.2157250
vt 0.1369638 2.2670350
vt 0.1369638 2.2157250
vt 0.1452507 2.3087070
vt 0.1544188 2.3371980
vt 0.1627055 2.5634520
vt 0.1452507 2.2670350
vt 0.1452507 2.2157250
vt 0.1544188 2.3087070
vt 0.1627055 2.3371980
vt 0.3869644 2.5634520
vt 0.1544188 2.2670350
vt 0.1544188 2.2157250
vt 0.1627055 2.3087070
vt 0.3869644 2.3371980
vt 0.3952513 2.5634520
vt 0.1627055 2.2670350
vt 0.1627055 2.2157250
vt 0.3869644 2.3087070
vt 0.3952513 2.3371980
vt 0.4044195 2.5634520
vt 0.3869644 2.2670350
vt 0.3869644 2.2157250
vt 0.3952513 2.3087070
vt 0.4044195 2.3371980
vt 0.4127063 2.5634520
vt 0.3952513 2.2670350
vt 0.3952513 2.2157250
vt 0.4044195 2.3087070
vt 0.4127063 2.3371980
vt 0.6369114 2.5634520
vt 0.4044195 2.2670350
vt 0.4044195 2.2157250
vt 0.4127063 2.3087070
vt 0.6369114 2.3371980
vt 0.6452019 2.5634520
vt 0.4127063 2.2670350
vt 0.4127063 2.2157250
vt 0.6369114 2.3087070
vt 0.6452019 2.3371980
vt 0.6543729 2.5634520
vt 0.6369114 2.2670350
vt 0.6369114 2.2157250
vt 0.6452019 2.3087070
vt 0.6543729 2.3371980
vt 0.6626612 2.5634520
vt 0.6452019 2.2670350
vt 0.6452019 2.2157250
vt 0.6543729 2.3087070
vt 0.6626612 2.3371980
vt 0.8870105 2.3371980
vt 0.8870105 2.5634520
vt 0.6543729 2.2670350
vt 0.6543729 2.2157250
vt 0.6626612 2.3087070
vt 0.8870105 2.3087070
vt 0.6626612 2.2670350
vt 0.6626612 2.2157250
vt 0.8870105 2.2670350
vt 0.8870105 2.2157250
vt -3.1439420 0.6130320
vt -3.1387770 0.6130320
vt -3.1439420 0.3596743
vt -3.1387770 0.3596743
vt -3.1439420 0.3253188
vt -3.1304460 0.6130320
vt -3.1387770 0.3253188
vt -3.1439420 0.2779096
vt -3.1304460 0.3596743
vt -3.1210200 0.6130320
vt -3.1304460 0.3253188
vt -3.1387770 0.2779096
vt -3.1439420 0.2195363
vt -3.1210200 0.3596743
vt -2.9123570 0.6130320
vt -3.1210200 0.3253188
vt -3.1304460 0.2779096
vt -3.1387770 0.2195363
vt -2.9123570 0.3596743
vt -2.9029310 0.6130320
vt -3.1210200 0.2779096
vt -2.9123570 0.3253188
vt -3.1304460 0.2195363
vt -2.9029310 0.3596743
vt -2.8946000 0.6130320
vt -3.1210200 0.2195363
vt -2.9123570 0.2779096
vt -2.9123570 0.2195363
vt -2.9029310 0.3253188
vt -2.8946000 0.3596743
vt -2.8894340 0.6130320
vt -2.9029310 0.2779096
vt -2.9029310 0.2195363
vt -2.8946000 0.3253188
vt -2.8894340 0.3596743
vt -1.8591520 0.6130320
vt -2.8946000 0.2779096
vt -2.8946000 0.2195363
vt -2.8894340 0.3253188
vt -1.8591520 0.3596743
vt -1.8539850 0.6130320
vt -2.8894340 0.2779096
vt -2.8894340 0.2195363
vt -1.8591520 0.3253188
vt -1.8539850 0.3596743
vt -1.8456540 0.6130320
vt -1.8591520 0.2779096
vt -1.8591520 0.2195363
vt -1.8539850 0.3253188
vt -1.8456540 0.3596743
vt -1.8362290 0.6130320
vt -1.8539850 0.2779096
vt -1.8539850 0.2195363
vt -1.8456540 0.3253188
vt -1.8362290 0.3596743
vt -1.6275660 0.6130320
vt -1.8456540 0.2779096
vt -1.8456540 0.2195363
vt -1.8362290 0.3253188
vt -1.6275660 0.3596743
vt -1.6181400 0.6130320
vt -1.8362290 0.2779096
vt -1.8362290 0.2195363
vt -1.6275660 0.3253188
vt -1.6181400 0.3596743
vt -1.6098090 0.6130320
vt -1.6275660 0.2779096
vt -1.6275660 0.2195363
vt -1.6181400 0.3253188
vt -1.6098090 0.3596743
vt -1.6046430 0.6130320
vt -1.6181400 0.2779096
vt -1.6181400 0.2195363
vt -1.6098090 0.3253188
vt -1.6046430 0.3596743
vt -0.5742248 0.6130320
vt -0.5742248 0.3596743
vt -1.6098090 0.2779096
vt -1.6098090 0.2195363
vt -1.6046430 0.3253188
vt -0.5742248 0.3253188
vt -1.6046430 0.2779096
vt -1.6046430 0.2195363
vt -0.5742248 0.2779096
vt -0.5742248 0.2195363
vt -3.1439420 0.6130320
vt -3.1387770 0.6130320
vt -3.1439420 0.3596743
vt -3.1387770 0.3596743
vt -3.1439420 0.3253188
vt -3.1304460 0.6130320
vt -3.1387770 0.3253188
vt -3.1439420 0.2779096
vt -3.1304460 0.3596743
vt -3.1210200 0.6130320
vt -3.1387770 0.2779096
vt -3.1304460 0.3253188
vt -3.1439420 0.2195363
vt -3.1210200 0.3596743
vt -2.9123570 0.6130320
vt -3.1387770 0.2195363
vt -3.1304460 0.2779096
vt -3.1210200 0.3253188
vt -2.9123570 0.3596743
vt -2.9029310 0.6130320
vt -3.1304460 0.2195363
vt -3.1210200 0.2779096
vt -2.9123570 0.3253188
vt -2.9029310 0.3596743
vt -2.8946000 0.6130320
vt -3.1210200 0.2195363
vt -2.9123570 0.2779096
vt -2.9123570 0.2195363
vt -2.9029310 0.3253188
vt -2.8946000 0.3596743
vt -2.8894340 0.6130320
vt -2.9029310 0.2779096
vt -2.9029310 0.2195363
vt -2.8946000 0.3253188
vt -2.8894340 0.3596743
vt -1.8591520 0.6130320
vt -2.8946000 0.2779096
vt -2.8946000 0.2195363
vt -2.8894340 0.3253188
vt -1.8591520 0.3596743
vt -1.8539850 0.6130320
vt -2.8894340 0.2779096
vt -2.8894340 0.2195363
vt -1.8591520 0.3253188
vt -1.8539850 0.3596743
vt -1.8456540 0.6130320
vt -1.8591520 0.2195363
vt -1.8591520 0.2779096
vt -1.8539850 0.3253188
vt -1.8456540 0.3596743
vt -1.8362290 0.6130320
vt -1.8539850 0.2779096
vt -1.8539850 0.2195363
vt -1.8456540 0.3253188
vt -1.8362290 0.3596743
vt -1.6275660 0.6130320
vt -1.8456540 0.2779096
vt -1.8456540 0.2195363
vt -1.8362290 0.3253188
vt -1.6275660 0.3596743
vt -1.6181400 0.6130320
vt -1.8362290 0.2779096
vt -1.8362290 0.2195363
vt -1.6275660 0.3253188
vt -1.6181400 0.3596743
vt -1.6098090 0.6130320
vt -1.6275660 0.2779096
vt -1.6275660 0.2195363
vt -1.6181400 0.3253188
vt -1.6098090 0.3596743
vt -1.6046430 0.6130320
vt -1.6181400 0.2779096
vt -1.6181400 0.2195363
vt -1.6098090 0.3253188
vt -1.6046430 0.3596743
vt -0.5742248 0.3596743
vt -0.5742248 0.6130320
vt -1.6098090 0.2779096
vt -1.6098090 0.2195363
vt -1.6046430 0.3253188
vt -0.5742248 0.3253188
vt -1.6046430 0.2779096
vt -1.6046430 0.2195363
vt -0.5742248 0.2779096
vt -0.5742248 0.2195363
vn -0.0039139 0.0000000 -0.9999923
vn -0.5003427 0.0000000 -0.8658274
vn -0.0039139 0.0000000 -0.9999923
vn -0.5003427 0.0000000 -0.8658274
vn -0.0039139 0.0000000 -0.9999923
vn -0.8658274 0.0000000 -0.5003427
vn -0.5003427 0.0000000 -0.8658274
vn -0.0039139 0.0000000 -0.9999923
vn -0.8658274 0.0000000 -0.5003427
vn -0.9999311 0.0000000 -0.0117409
vn -0.8658274 0.0000000 -0.5003427
vn -0.5003427 0.0000000 -0.8658274
vn -0.0039139 0.0000000 -0.9999923
vn -0.9999311 0.0000000 -0.0117409
vn -0.9999311 0.0000000 0.0117409
vn -0.9999311 0.0000000 -0.0117409
vn -0.8658274 0.0000000 -0.5003427
vn -0.5003427 0.0000000 -0.8658274
vn -0.9999311 0.0000000 0.0117409
vn -0.8658274 0.0000000 0.5003427
vn -0.9999311 0.0000000 0.0117409
vn -0.9999311 0.0000000 -0.0117409
vn -0.8658274 0.0000000 -0.5003427
vn -0.8658274 0.0000000 0.5003427
vn -0.5003427 0.0000000 0.8658274
vn -0.8658274 0.0000000 0.5003427
vn -0.9999311 0.0000000 0.0117409
vn -0.9999311 0.0000000 0.0117409
vn -0.9999311 0.0000000 -0.0117409
vn -0.5003427 0.0000000 0.8658274
vn -0.0039139 0.0000000 0.9999923
vn -0.8658274 0.0000000 0.5003427
vn -0.5003427 0.0000000 0.8658274
vn -0.8658274 0.0000000 0.5003427
vn -0.0039139 0.0000000 0.9999923
vn 0.0039139 0.0000000 0.9999923
vn -0.5003427 0.0000000 0.8658274
vn -0.0039139 0.0000000 0.9999923
vn -0.5003427 0.0000000 0.8658274
vn 0.0039139 0.0000000 0.9999923
vn 0.4988754 0.0000000 0.8666737
vn -0.0039139 0.0000000 0.9999923
vn 0.0039139 0.0000000 0.9999923
vn -0.0039139 0.0000000 0.9999923
vn 0.4988754 0.0000000 0.8666737
vn 0.8658274 0.0000000 0.5003427
vn 0.0039139 0.0000000 0.9999923
vn 0.0039139 0.0000000 0.9999923
vn 0.4988754 0.0000000 0.8666737
vn 0.8658274 0.0000000 0.5003427
vn 0.9999311 0.0000000 0.0117409
vn 0.4988754 0.0000000 0.8666737
vn 0.4988754 0.0000000 0.8666737
vn 0.8658274 0.0000000 0.5003427
vn 0.9999311 0.0000000 0.0117409
vn 0.9999311 0.0000000 -0.0117409
vn 0.8658274 0.0000000 0.5003427
vn 0.8658274 0.0000000 0.5003427
vn 0.9999311 0.0000000 0.0117409
vn 0.9999311 0.0000000 -0.0117409
vn 0.8658274 0.0000000 -0.5003427
vn 0.9999311 0.0000000 0.0117409
vn 0.9999311 0.0000000 0.0117409
vn 0.9999311 0.0000000 -0.0117409
vn 0.8658274 0.0000000 -0.5003427
vn 0.4988754 0.0000000 -0.8666737
vn 0.9999311 0.0000000 -0.0117409
vn 0.9999311 0.0000000 -0.0117409
vn 0.8658274 0.0000000 -0.5003427
vn 0.4988754 0.0000000 -0.8666737
vn 0.0039139 0.0000000 -0.9999923
vn 0.8658274 0.0000000 -0.5003427
vn 0.8658274 0.0000000 -0.5003427
vn 0.4988754 0.0000000 -0.8666737
vn 0.0039139 0.0000000 -0.9999923
vn -0.0039139 0.0000000 -0.9999923
vn -0.0039139 0.0000000 -0.9999923
vn 0.4988754 0.0000000 -0.8666737
vn 0.4988754 0.0000000 -0.8666737
vn 0.0039139 0.0000000 -0.9999923
vn -0.0039139 0.0000000 -0.9999923
vn 0.0039139 0.0000000 -0.9999923
vn 0.0039139 0.0000000 -0.9999923
vn -0.0039139 0.0000000 -0.9999923
vn -0.0039139 0.0000000 -0.9999923
vn -0.0039139 0.0000000 -0.9999923
vn -0.5003427 0.0000000 -0.8658274
vn -0.0039139 0.0000000 -0.9999923
vn -0.8658274 0.0000000 -0.5003427
vn -0.5003427 0.0000000 -0.8658274
vn -0.0039139 0.0000000 -0.9999923
vn -0.9999311 0.0000000 -0.0117409
vn -0.8658274 0.0000000 -0.5003427
vn -0.5003427 0.0000000 -0.8658274
vn -0.0039139 0.0000000 -0.9999923
vn -0.9999311 0.0000000 0.0117409
vn -0.9999311 0.0000000 -0.0117409
vn -0.8658274 0.0000000 -0.5003427
vn -0.5003427 0.0000000 -0.8658274
vn -0.0039139 0.0000000 -0.9999923
vn -0.8658274 0.0000000 0.5003427
vn -0.9999311 0.0000000 0.0117409
vn -0.9999311 0.0000000 -0.0117409
vn -0.8658274 0.0000000 -0.5003427
vn -0.5003427 0.0000000 -0.8658274
vn -0.8658274 0.0000000 0.5003427
vn -0.5003427 0.0000000 0.8658274
vn -0.9999311 0.0000000 0.0117409
vn -0.9999311 0.0000000 -0.0117409
vn -0.8658274 0.0000000 -0.5003427
vn -0.8658274 0.0000000 0.5003427
vn -0.5003427 0.0000000 0.8658274
vn -0.0039139 0.0000000 0.9999923
vn -0.9999311 0.0000000 0.0117409
vn -0.9999311 0.0000000 0.0117409
vn -0.9999311 0.0000000 -0.0117409
vn -0.8658274 0.0000000 0.5003427
vn -0.5003427 0.0000000 0.8658274
vn -0.0039139 0.0000000 0.9999923
vn 0.0039139 0.0000000 0.9999923
vn -0.8658274 0.0000000 0.5003427
vn -0.5003427 0.0000000 0.8658274
vn -0.0039139 0.0000000 0.9999923
vn 0.0039139 0.0000000 0.9999923
vn 0.4988754 0.0000000 0.8666737
vn -0.5003427 0.0000000 0.8658274
vn -0.0039139 0.0000000 0.9999923
vn 0.0039139 0.0000000 0.9999923
vn 0.4988754 0.0000000 0.8666737
vn 0.8658274 0.0000000 0.5003427
vn -0.0039139 0.0000000 0.9999923
vn 0.0039139 0.0000000 0.9999923
vn 0.0039139 0.0000000 0.9999923
vn 0.4988754 0.0000000 0.8666737
vn 0.8658274 0.0000000 0.5003427
vn 0.9999311 0.0000000 0.0117409
vn 0.4988754 0.0000000 0.8666737
vn 0.4988754 0.0000000 0.8666737
vn 0.8658274 0.0000000 0.5003427
vn 0.9999311 0.0000000 0.0117409
vn 0.9999311 0.0000000 -0.0117409
vn 0.8658274 0.0000000 0.5003427
vn 0.8658274 0.0000000 0.5003427
vn 0.9999311 0.0000000 0.0117409
vn 0.9999311 0.0000000 -0.0117409
vn 0.8658274 0.0000000 -0.5003427
vn 0.9999311 0.0000000 0.0117409
vn 0.9999311 0.0000000 0.0117409
vn 0.9999311 0.0000000 -0.0117409
vn 0.8658274 0.0000000 -0.5003427
vn 0.4988754 0.0000000 -0.8666737
vn 0.9999311 0.0000000 -0.0117409
vn 0.9999311 0.0000000 -0.0117409
vn 0.8658274 0.0000000 -0.5003427
vn 0.4988754 0.0000000 -0.8666737
vn 0.0039139 0.0000000 -0.9999923
vn 0.8658274 0.0000000 -0.5003427
vn 0.8658274 0.0000000 -0.5003427
vn 0.4988754 0.0000000 -0.8666737
vn 0.0039139 0.0000000 -0.9999923
vn -0.0039139 0.0000000 -0.9999923
vn -0.0039139 0.0000000 -0.9999923
vn 0.4988754 0.0000000 -0.8666737
vn 0.4988754 0.0000000 -0.8666737
vn 0.0039139 0.0000000 -0.9999923
vn -0.0039139 0.0000000 -0.9999923
vn 0.0039139 0.0000000 -0.9999923
vn 0.0039139 0.0000000 -0.9999923
vn -0.0039139 0.0000000 -0.9999923
vn -0.0039139 0.0000000 -0.9999923
vn -0.0039139 0.0000000 -0.9999923
vn -0.5003427 0.0000000 -0.8658274
vn -0.0039139 0.0000000 -0.9999923
vn -0.8658274 0.0000000 -0.5003427
vn -0.5003427 0.0000000 -0.8658274
vn -0.0039139 0.0000000 -0.9999923
vn -0.9999311 0.0000000 -0.0117409
vn -0.8658274 0.0000000 -0.5003427
vn -0.5003427 0.0000000 -0.8658274
vn -0.0039139 0.0000000 -0.9999923
vn -0.9999311 0.0000000 0.0117409
vn -0.9999311 0.0000000 -0.0117409
vn -0.8658274 0.0000000 -0.5003427
vn -0.5003427 0.0000000 -0.8658274
vn -0.0039139 0.0000000 -0.9999923
vn -0.8658274 0.0000000 0.5003427
vn -0.9999311 0.0000000 0.0117409
vn -0.9999311 0.0000000 -0.0117409
vn -0.8658274 0.0000000 -0.5003427
vn -0.5003427 0.0000000 -0.8658274
vn -0.8658274 0.0000000 0.5003427
vn -0.5003427 0.0000000 0.8658274
vn -0.9999311 0.0000000 0.0117409
vn -0.9999311 0.0000000 -0.0117409
vn -0.8658274 0.0000000 -0.5003427
vn -0.8658274 0.0000000 0.5003427
vn -0.5003427 0.0000000 0.8658274
vn -0.0039139 0.0000000 0.9999923
vn -0.9999311 0.0000000 0.0117409
vn -0.9999311 0.0000000 0.0117409
vn -0.9999311 0.0000000 -0.0117409
vn -0.8658274 0.0000000 0.5003427
vn -0.5003427 0.0000000 0.8658274
vn -0.0039139 0.0000000 0.9999923
vn 0.0039139 0.0000000 0.9999923
vn -0.8658274 0.0000000 0.5003427
vn -0.5003427 0.0000000 0.8658274
vn -0.0039139 0.0000000 0.9999923
vn 0.0039139 0.0000000 0.9999923
vn 0.4988754 0.0000000 0.8666737
vn -0.5003427 0.0000000 0.8658274
vn -0.0039139 0.0000000 0.9999923
vn 0.0039139 0.0000000 0.9999923
vn 0.4988754 0.0000000 0.8666737
vn 0.8658274 0.0000000 0.5003427
vn -0.0039139 0.0000000 0.9999923
vn 0.0039139 0.0000000 0.9999923
vn 0.0039139 0.0000000 0.9999923
vn 0.4988754 0.0000000 0.8666737
vn 0.8658274 0.0000000 0.5003427
vn 0.9999311 0.0000000 0.0117409
vn 0.4988754 0.0000000 0.8666737
vn 0.4988754 0.0000000 0.8666737
vn 0.8658274 0.0000000 0.5003427
vn 0.9999311 0.0000000 0.0117409
vn 0.9999311 0.0000000 -0.0117409
vn 0.8658274 0.0000000 0.5003427
vn 0.8658274 0.0000000 0.5003427
vn 0.9999311 0.0000000 0.0117409
vn 0.9999311 0.0000000 -0.0117409
vn 0.8658274 0.0000000 -0.5003427
vn 0.9999311 0.0000000 0.0117409
vn 0.9999311 0.0000000 0.0117409
vn 0.9999311 0.0000000 -0.0117409
vn 0.8658274 0.0000000 -0.5003427
vn 0.4988754 0.0000000 -0.8666737
vn 0.9999311 0.0000000 -0.0117409
vn 0.9999311 0.0000000 -0.0117409
vn 0.8658274 0.0000000 -0.5003427
vn 0.4988754 0.0000000 -0.8666737
vn 0.0039139 0.0000000 -0.9999923
vn 0.8658274 0.0000000 -0.5003427
vn 0.8658274 0.0000000 -0.5003427
vn 0.4988754 0.0000000 -0.8666737
vn 0.0039139 0.0000000 -0.9999923
vn -0.0039139 0.0000000 -0.9999923
vn -0.0039139 0.0000000 -0.9999923
vn 0.4988754 0.0000000 -0.8666737
vn 0.4988754 0.0000000 -0.8666737
vn 0.0039139 0.0000000 -0.9999923
vn -0.0039139 0.0000000 -0.9999923
vn 0.0039139 0.0000000 -0.9999923
vn 0.0039139 0.0000000 -0.9999923
vn -0.0039139 0.0000000 -0.9999923
vn -0.0039139 0.0000000 -0.9999923
vn -0.0039139 0.0000000 -0.9999923
vn -0.5003427 0.0000000 -0.8658274
vn -0.0039139 0.0000000 -0.9999923
vn -0.5003427 0.0000000 -0.8658274
vn -0.8658274 0.0000000 -0.5003427
vn -0.8658274 0.0000000 -0.5003427
vn -0.9999311 0.0000000 -0.0117409
vn -0.9999311 0.0000000 -0.0117409
vn -0.9999311 0.0000000 0.0117409
vn -0.9999311 0.0000000 0.0117409
vn -0.8658274 0.0000000 0.5003427
vn -0.8658274 0.0000000 0.5003427
vn -0.5003427 0.0000000 0.8658274
vn -0.5003427 0.0000000 0.8658274
vn -0.0039139 0.0000000 0.9999923
vn -0.0039139 0.0000000 0.9999923
vn 0.0039139 0.0000000 0.9999923
vn 0.0039139 0.0000000 0.9999923
vn 0.4988754 0.0000000 0.8666737
vn 0.4988754 0.0000000 0.8666737
vn 0.8658274 0.0000000 0.5003427
vn 0.8658274 0.0000000 0.5003427
vn 0.9999311 0.0000000 0.0117409
vn 0.9999311 0.0000000 0.0117409
vn 0.9999311 0.0000000 -0.0117409
vn 0.9999311 0.0000000 -0.0117409
vn 0.8658274 0.0000000 -0.5003427
vn 0.8658274 0.0000000 -0.5003427
vn 0.4988754 0.0000000 -0.8666737
vn 0.4988754 0.0000000 -0.8666737
vn 0.0039139 0.0000000 -0.9999923
vn 0.0039139 0.0000000 -0.9999923
vn -0.0039139 0.0000000 -0.9999923
vn -0.0039139 0.0000000 -0.9999923
vn -0.0039139 0.0000000 -0.9999923
vn -0.5003427 0.0000000 -0.8658274
vn -0.0039139 0.0000000 -0.9999923
vn -0.5003427 0.0000000 -0.8658274
vn -0.8658274 0.0000000 -0.5003427
vn -0.8658274 0.0000000 -0.5003427
vn -0.9999311 0.0000000 -0.0117409
vn -0.9999311 0.0000000 -0.0117409
vn -0.9999311 0.0000000 0.0117409
vn -0.9999311 0.0000000 0.0117409
vn -0.8658274 0.0000000 0.5003427
vn -0.8658274 0.0000000 0.5003427
vn -0.5003427 0.0000000 0.8658274
vn -0.5003427 0.0000000 0.8658274
vn -0.0039139 0.0000000 0.9999923
vn -0.0039139 0.0000000 0.9999923
vn 0.0039139 0.0000000 0.9999923
vn 0.0039139 0.0000000 0.9999923
vn 0.4988754 0.0000000 0.8666737
vn 0.4988754 0.0000000 0.8666737
vn 0.8658274 0.0000000 0.5003427
vn 0.8658274 0.0000000 0.5003427
vn 0.9999311 0.0000000 0.0117409
vn 0.9999311 0.0000000 0.0117409
vn 0.9999311 0.0000000 -0.0117409
vn 0.9999311 0.0000000 -0.0117409
vn 0.8658274 0.0000000 -0.5003427
vn 0.8658274 0.0000000 -0.5003427
vn 0.4988754 0.0000000 -0.8666737
vn 0.4988754 0.0000000 -0.8666737
vn 0.0039139 0.0000000 -0.9999923
vn 0.0039139 0.0000000 -0.9999923
vn -0.0039139 0.0000000 -0.9999923
vn -0.0039139 0.0000000 -0.9999923
vn -0.0117409 0.0000000 -0.9999311
vn -0.4988754 0.0000000 -0.8666737
vn -0.0117409 0.0000000 -0.9999311
vn -0.4988754 0.0000000 -0.8666737
vn -0.0117409 0.0000000 -0.9999311
vn -0.8666737 0.0000000 -0.4988754
vn -0.4988754 0.0000000 -0.8666737
vn -0.0117409 0.0000000 -0.9999311
vn -0.8666737 0.0000000 -0.4988754
vn -0.9999311 0.0000000 -0.0117409
vn -0.8666737 0.0000000 -0.4988754
vn -0.4988754 0.0000000 -0.8666737
vn -0.0117409 0.0000000 -0.9999311
vn -0.9999311 0.0000000 -0.0117409
vn -0.9999311 0.0000000 0.0117409
vn -0.9999311 0.0000000 -0.0117409
vn -0.8666737 0.0000000 -0.4988754
vn -0.4988754 0.0000000 -0.8666737
vn -0.9999311 0.0000000 0.0117409
vn -0.8666737 0.0000000 0.4988754
vn -0.9999311 0.0000000 -0.0117409
vn -0.9999311 0.0000000 0.0117409
vn -0.8666737 0.0000000 -0.4988754
vn -0.8666737 0.0000000 0.4988754
vn -0.5003427 0.0000000 0.8658274
vn -0.9999311 0.0000000 -0.0117409
vn -0.9999311 0.0000000 0.0117409
vn -0.9999311 0.0000000 0.0117409
vn -0.8666737 0.0000000 0.4988754
vn -0.5003427 0.0000000 0.8658274
vn -0.0117409 0.0000000 0.9999311
vn -0.8666737 0.0000000 0.4988754
vn -0.8666737 0.0000000 0.4988754
vn -0.5003427 0.0000000 0.8658274
vn -0.0117409 0.0000000 0.9999311
vn 0.0117409 0.0000000 0.9999311
vn -0.5003427 0.0000000 0.8658274
vn -0.5003427 0.0000000 0.8658274
vn -0.0117409 0.0000000 0.9999311
vn 0.0117409 0.0000000 0.9999311
vn 0.4988754 0.0000000 0.8666737
vn -0.0117409 0.0000000 0.9999311
vn -0.0117409 0.0000000 0.9999311
vn 0.0117409 0.0000000 0.9999311
vn 0.4988754 0.0000000 0.8666737
vn 0.8658274 0.0000000 0.5003427
vn 0.0117409 0.0000000 0.9999311
vn 0.0117409 0.0000000 0.9999311
vn 0.4988754 0.0000000 0.8666737
vn 0.8658274 0.0000000 0.5003427
vn 0.9999311 0.0000000 0.0117409
vn 0.4988754 0.0000000 0.8666737
vn 0.4988754 0.0000000 0.8666737
vn 0.8666737 0.0000000 0.4988754
vn 0.9999311 0.0000000 0.0117409
vn 0.9999311 0.0000000 -0.0117409
vn 0.8666737 0.0000000 0.4988754
vn 0.8658274 0.0000000 0.5003427
vn 0.9999311 0.0000000 0.0117409
vn 0.9999311 0.0000000 -0.0117409
vn 0.8658274 0.0000000 -0.5003427
vn 0.9999311 0.0000000 0.0117409
vn 0.9999311 0.0000000 0.0117409
vn 0.9999311 0.0000000 -0.0117409
vn 0.8658274 0.0000000 -0.5003427
vn 0.4988754 0.0000000 -0.8666737
vn 0.9999311 0.0000000 -0.0117409
vn 0.9999311 0.0000000 -0.0117409
vn 0.8658274 0.0000000 -0.5003427
vn 0.4988754 0.0000000 -0.8666737
vn 0.0117409 0.0000000 -0.9999311
vn 0.8658274 0.0000000 -0.5003427
vn 0.8658274 0.0000000 -0.5003427
vn 0.4988754 0.0000000 -0.8666737
vn 0.0117409 0.0000000 -0.9999311
vn -0.0117409 0.0000000 -0.9999311
vn -0.0117409 0.0000000 -0.9999311
vn 0.4988754 0.0000000 -0.8666737
vn 0.4988754 0.0000000 -0.8666737
vn 0.0117409 0.0000000 -0.9999311
vn -0.0117409 0.0000000 -0.9999311
vn 0.0117409 0.0000000 -0.9999311
vn 0.0117409 0.0000000 -0.9999311
vn -0.0117409 0.0000000 -0.9999311
vn -0.0117409 0.0000000 -0.9999311
vn -0.0039139 0.0000000 -0.9999923
vn -0.5003427 0.0000000 -0.8658274
vn -0.0039139 0.0000000 -0.9999923
vn -0.5003427 0.0000000 -0.8658274
vn -0.0039139 0.0000000 -0.9999923
vn -0.8658274 0.0000000 -0.5003427
vn -0.5003427 0.0000000 -0.8658274
vn -0.8658274 0.0000000 -0.5003427
vn -0.9999311 0.0000000 -0.0117409
vn -0.8658274 0.0000000 -0.5003427
vn -0.9999311 0.0000000 -0.0117409
vn -0.9999311 0.0000000 0.0117409
vn -0.9999311 0.0000000 -0.0117409
vn -0.9999311 0.0000000 0.0117409
vn -0.9999311 0.0000000 0.0117409
vn -0.8658274 0.0000000 0.5003427
vn -0.8658274 0.0000000 0.5003427
vn -0.8658274 0.0000000 0.5003427
vn -0.5003427 0.0000000 0.8658274
vn -0.5003427 0.0000000 0.8658274
vn -0.5003427 0.0000000 0.8658274
vn -0.0039139 0.0000000 0.9999923
vn -0.0039139 0.0000000 0.9999923
vn -0.0039139 0.0000000 0.9999923
vn 0.0039139 0.0000000 0.9999923
vn 0.0039139 0.0000000 0.9999923
vn 0.0039139 0.0000000 0.9999923
vn 0.4988754 0.0000000 0.8666737
vn 0.4988754 0.0000000 0.8666737
vn 0.4988754 0.0000000 0.8666737
vn 0.8658274 0.0000000 0.5003427
vn 0.8658274 0.0000000 0.5003427
vn 0.8658274 0.0000000 0.5003427
vn 0.9999311 0.0000000 0.0117409
vn 0.9999311 0.0000000 0.0117409
vn 0.9999311 0.0000000 0.0117409
vn 0.9999311 0.0000000 -0.0117409
vn 0.9999311 0.0000000 -0.0117409
vn 0.9999311 0.0000000 -0.0117409
vn 0.8658274 0.0000000 -0.5003427
vn 0.8658274 0.0000000 -0.5003427
vn 0.8658274 0.0000000 -0.5003427
vn 0.4988754 0.0000000 -0.8666737
vn 0.4988754 0.0000000 -0.8666737
vn 0.4988754 0.0000000 -0.8666737
vn 0.0039139 0.0000000 -0.9999923
vn 0.0039139 0.0000000 -0.9999923
vn 0.0039139 0.0000000 -0.9999923
vn -0.0039139 0.0000000 -0.9999923
vn -0.0039139 0.0000000 -0.9999923
vn -0.0039139 0.0000000 -0.9999923
vn -0.0117409 0.0000000 -0.9999311
vn -0.5003427 0.0000000 -0.8658274
vn -0.0117409 0.0000000 -0.9999311
vn -0.8658274 0.0000000 -0.5003427
vn -0.5003427 0.0000000 -0.8658274
vn -0.0117409 0.0000000 -0.9999311
vn -0.9999311 0.0000000 -0.0117409
vn -0.8658274 0.0000000 -0.5003427
vn -0.5003427 0.0000000 -0.8658274
vn -0.9999311 0.0000000 -0.0117409
vn -0.9999311 0.0000000 0.0117409
vn -0.8658274 0.0000000 -0.5003427
vn -0.9999311 0.0000000 -0.0117409
vn -0.9999311 0.0000000 0.0117409
vn -0.9999311 0.0000000 0.0117409
vn -0.8658274 0.0000000 0.5003427
vn -0.8658274 0.0000000 0.5003427
vn -0.8658274 0.0000000 0.5003427
vn -0.5003427 0.0000000 0.8658274
vn -0.5003427 0.0000000 0.8658274
vn -0.5003427 0.0000000 0.8658274
vn -0.0117409 0.0000000 0.9999311
vn -0.0117409 0.0000000 0.9999311
vn -0.0117409 0.0000000 0.9999311
vn 0.0117409 0.0000000 0.9999311
vn 0.0117409 0.0000000 0.9999311
vn 0.0117409 0.0000000 0.9999311
vn 0.4988754 0.0000000 0.8666737
vn 0.4988754 0.0000000 0.8666737
vn 0.4988754 0.0000000 0.8666737
vn 0.8658274 0.0000000 0.5003427
vn 0.8658274 0.0000000 0.5003427
vn 0.8658274 0.0000000 0.5003427
vn 0.9999311 0.0000000 0.0117409
vn 0.9999311 0.0000000 0.0117409
vn 0.9999311 0.0000000 0.0117409
vn 0.9999311 0.0000000 -0.0117409
vn 0.9999311 0.0000000 -0.0117409
vn 0.9999311 0.0000000 -0.0117409
vn 0.8658274 0.0000000 -0.5003427
vn 0.8658274 0.0000000 -0.5003427
vn 0.8658274 0.0000000 -0.5003427
vn 0.4988754 0.0000000 -0.8666737
vn 0.4988754 0.0000000 -0.8666737
vn 0.4988754 0.0000000 -0.8666737
vn 0.0117409 0.0000000 -0.9999311
vn 0.0117409 0.0000000 -0.9999311
vn 0.0117409 0.0000000 -0.9999311
vn -0.0117409 0.0000000 -0.9999311
vn -0.0117409 0.0000000 -0.9999311
vn -0.0117409 0.0000000 -0.9999311
vn -0.0039139 0.0000000 -0.9999923
vn -0.5003427 0.0000000 -0.8658274
vn -0.0039139 0.0000000 -0.9999923
vn -0.5003427 0.0000000 -0.8658274
vn -0.0039139 0.0000000 -0.9999923
vn -0.8658274 0.0000000 -0.5003427
vn -0.8658274 0.0000000 -0.5003427
vn -0.5003427 0.0000000 -0.8658274
vn -0.9999311 0.0000000 -0.0117409
vn -0.9999311 0.0000000 -0.0117409
vn -0.8658274 0.0000000 -0.5003427
vn -0.9999311 0.0000000 0.0117409
vn -0.9999311 0.0000000 -0.0117409
vn -0.9999311 0.0000000 0.0117409
vn -0.9999311 0.0000000 0.0117409
vn -0.8658274 0.0000000 0.5003427
vn -0.8658274 0.0000000 0.5003427
vn -0.8658274 0.0000000 0.5003427
vn -0.5003427 0.0000000 0.8658274
vn -0.5003427 0.0000000 0.8658274
vn -0.5003427 0.0000000 0.8658274
vn -0.0039139 0.0000000 0.9999923
vn -0.0039139 0.0000000 0.9999923
vn -0.0039139 0.0000000 0.9999923
vn 0.0039139 0.0000000 0.9999923
vn 0.0039139 0.0000000 0.9999923
vn 0.0039139 0.0000000 0.9999923
vn 0.4988754 0.0000000 0.8666737
vn 0.4988754 0.0000000 0.8666737
vn 0.4988754 0.0000000 0.8666737
vn 0.8658274 0.0000000 0.5003427
vn 0.8658274 0.0000000 0.5003427
vn 0.8658274 0.0000000 0.5003427
vn 0.9999311 0.0000000 0.0117409
vn 0.9999311 0.0000000 0.0117409
vn 0.9999311 0.0000000 0.0117409
vn 0.9999311 0.0000000 -0.0117409
vn 0.9999311 0.0000000 -0.0117409
vn 0.9999311 0.0000000 -0.0117409
vn 0.8658274 0.0000000 -0.5003427
vn 0.8658274 0.0000000 -0.5003427
vn 0.8658274 0.0000000 -0.5003427
vn 0.4988754 0.0000000 -0.8666737
vn 0.4988754 0.0000000 -0.8666737
vn 0.4988754 0.0000000 -0.8666737
vn 0.0039139 0.0000000 -0.9999923
vn 0.0039139 0.0000000 -0.9999923
vn 0.0039139 0.0000000 -0.9999923
vn -0.0039139 0.0000000 -0.9999923
vn -0.0039139 0.0000000 -0.9999923
vn -0.0039139 0.0000000 -0.9999923
vn -0.0039139 0.0000000 -0.9999923
vn -0.5003427 0.0000000 -0.8658274
vn -0.0039139 0.0000000 -0.9999923
vn -0.8658274 0.0000000 -0.5003427
vn -0.5003427 0.0000000 -0.8658274
vn -0.0039139 0.0000000 -0.9999923
vn -0.9999311 0.0000000 -0.0117409
vn -0.8658274 0.0000000 -0.5003427
vn -0.5003427 0.0000000 -0.8658274
vn -0.9999311 0.0000000 -0.0117409
vn -0.9999311 0.0000000 0.0117409
vn -0.8658274 0.0000000 -0.5003427
vn -0.9999311 0.0000000 -0.0117409
vn -0.9999311 0.0000000 0.0117409
vn -0.9999311 0.0000000 0.0117409
vn -0.8658274 0.0000000 0.5003427
vn -0.8658274 0.0000000 0.5003427
vn -0.8658274 0.0000000 0.5003427
vn -0.5003427 0.0000000 0.8658274
vn -0.5003427 0.0000000 0.8658274
vn -0.5003427 0.0000000 0.8658274
vn -0.0039139 0.0000000 0.9999923
vn -0.0039139 0.0000000 0.9999923
vn -0.0039139 0.0000000 0.9999923
vn 0.0039139 0.0000000 0.9999923
vn 0.0039139 0.0000000 0.9999923
vn 0.0039139 0.0000000 0.9999923
vn 0.4988754 0.0000000 0.8666737
vn 0.4988754 0.0000000 0.8666737
vn 0.4988754 0.0000000 0.8666737
vn 0.8658274 0.0000000 0.5003427
vn 0.8658274 0.0000000 0.5003427
vn 0.8658274 0.0000000 0.5003427
vn 0.9999311 0.0000000 0.0117409
vn 0.9999311 0.0000000 0.0117409
vn 0.9999311 0.0000000 0.0117409
vn 0.9999311 0.0000000 -0.0117409
vn 0.9999311 0.0000000 -0.0117409
vn 0.9999311 0.0000000 -0.0117409
vn 0.8658274 0.0000000 -0.5003427
vn 0.8658274 0.0000000 -0.5003427
vn 0.8658274 0.0000000 -0.5003427
vn 0.4988754 0.0000000 -0.8666737
vn 0.4988754 0.0000000 -0.8666737
vn 0.4988754 0.0000000 -0.8666737
vn 0.0039139 0.0000000 -0.9999923
vn 0.0039139 0.0000000 -0.9999923
vn 0.0039139 0.0000000 -0.9999923
vn -0.0039139 0.0000000 -0.9999923
vn -0.0039139 0.0000000 -0.9999923
vn -0.0039139 0.0000000 -0.9999923
vn -0.0039139 0.0000000 -0.9999923
vn -0.5003427 0.0000000 -0.8658274
vn -0.0039139 0.0000000 -0.9999923
vn -0.5003427 0.0000000 -0.8658274
vn -0.0039139 0.0000000 -0.9999923
vn -0.8658274 0.0000000 -0.5003427
vn -0.5003427 0.0000000 -0.8658274
vn -0.8658274 0.0000000 -0.5003427
vn -0.9999311 0.0000000 -0.0117409
vn -0.8658274 0.0000000 -0.5003427
vn -0.9999311 0.0000000 -0.0117409
vn -0.9999311 0.0000000 0.0117409
vn -0.9999311 0.0000000 -0.0117409
vn -0.9999311 0.0000000 0.0117409
vn -0.9999311 0.0000000 0.0117409
vn -0.8658274 0.0000000 0.5003427
vn -0.8658274 0.0000000 0.5003427
vn -0.8658274 0.0000000 0.5003427
vn -0.5003427 0.0000000 0.8658274
vn -0.5003427 0.0000000 0.8658274
vn -0.5003427 0.0000000 0.8658274
vn -0.0039139 0.0000000 0.9999923
vn -0.0039139 0.0000000 0.9999923
vn -0.0039139 0.0000000 0.9999923
vn 0.0039139 0.0000000 0.9999923
vn 0.0039139 0.0000000 0.9999923
vn 0.0039139 0.0000000 0.9999923
vn 0.4988754 0.0000000 0.8666737
vn 0.4988754 0.0000000 0.8666737
vn 0.4988754 0.0000000 0.8666737
vn 0.8658274 0.0000000 0.5003427
vn 0.8658274 0.0000000 0.5003427
vn 0.8658274 0.0000000 0.5003427
vn 0.9999311 0.0000000 0.0117409
vn 0.9999311 0.0000000 0.0117409
vn 0.9999311 0.0000000 0.0117409
vn 0.9999311 0.0000000 -0.0117409
vn 0.9999311 0.0000000 -0.0117409
vn 0.9999311 0.0000000 -0.0117409
vn 0.8658274 0.0000000 -0.5003427
vn 0.8658274 0.0000000 -0.5003427
vn 0.8658274 0.0000000 -0.5003427
vn 0.4988754 0.0000000 -0.8666737
vn 0.4988754 0.0000000 -0.8666737
vn 0.4988754 0.0000000 -0.8666737
vn 0.0039139 0.0000000 -0.9999923
vn 0.0039139 0.0000000 -0.9999923
vn 0.0039139 0.0000000 -0.9999923
vn -0.0039139 0.0000000 -0.9999923
vn -0.0039139 0.0000000 -0.9999923
vn -0.0039139 0.0000000 -0.9999923
vn -0.1310109 0.0000000 -0.9913809
vn -0.4988754 0.0000000 -0.8666737
vn -0.0039139 0.0000000 -0.9999923
vn -0.8666737 0.0000000 -0.4988754
vn -0.5003427 0.0000000 -0.8658274
vn -0.0039139 0.0000000 -0.9999923
vn -0.9913809 0.0000000 -0.1310109
vn -0.8658274 0.0000000 -0.5003427
vn -0.5003427 0.0000000 -0.8658274
vn -0.0039139 0.0000000 -0.9999923
vn -0.9999311 0.0000000 -0.0117409
vn -0.9913809 0.0000000 0.1310109
vn -0.8658274 0.0000000 -0.5003427
vn -0.5003427 0.0000000 -0.8658274
vn -0.0039139 0.0000000 -0.9999923
vn -0.9999311 0.0000000 -0.0117409
vn -0.9999311 0.0000000 0.0117409
vn -0.8666737 0.0000000 0.4988754
vn -0.8658274 0.0000000 -0.5003427
vn -0.5003427 0.0000000 -0.8658274
vn -0.9999311 0.0000000 -0.0117409
vn -0.9999311 0.0000000 0.0117409
vn -0.8658274 0.0000000 0.5003427
vn -0.4988754 0.0000000 0.8666737
vn -0.8658274 0.0000000 -0.5003427
vn -0.9999311 0.0000000 -0.0117409
vn -0.9999311 0.0000000 0.0117409
vn -0.9999311 0.0000000 0.0117409
vn -0.8658274 0.0000000 0.5003427
vn -0.5003427 0.0000000 0.8658274
vn -0.1310109 0.0000000 0.9913809
vn -0.8658274 0.0000000 0.5003427
vn -0.8658274 0.0000000 0.5003427
vn -0.5003427 0.0000000 0.8658274
vn -0.0039139 0.0000000 0.9999923
vn 0.1310109 0.0000000 0.9913809
vn -0.5003427 0.0000000 0.8658274
vn -0.5003427 0.0000000 0.8658274
vn -0.0039139 0.0000000 0.9999923
vn 0.0039139 0.0000000 0.9999923
vn 0.4988754 0.0000000 0.8666737
vn -0.0039139 0.0000000 0.9999923
vn -0.0039139 0.0000000 0.9999923
vn 0.0039139 0.0000000 0.9999923
vn 0.4988754 0.0000000 0.8666737
vn 0.8666737 0.0000000 0.4988754
vn 0.0039139 0.0000000 0.9999923
vn 0.0039139 0.0000000 0.9999923
vn 0.4988754 0.0000000 0.8666737
vn 0.8658274 0.0000000 0.5003427
vn 0.9913809 0.0000000 0.1310109
vn 0.4988754 0.0000000 0.8666737
vn 0.4988754 0.0000000 0.8666737
vn 0.8658274 0.0000000 0.5003427
vn 0.9999311 0.0000000 0.0117409
vn 0.9913809 0.0000000 -0.1310109
vn 0.8658274 0.0000000 0.5003427
vn 0.8658274 0.0000000 0.5003427
vn 0.9999311 0.0000000 0.0117409
vn 0.9999311 0.0000000 -0.0117409
vn 0.8666737 0.0000000 -0.4988754
vn 0.9999311 0.0000000 0.0117409
vn 0.9999311 0.0000000 0.0117409
vn 0.9999311 0.0000000 -0.0117409
vn 0.8658274 0.0000000 -0.5003427
vn 0.4988754 0.0000000 -0.8666737
vn 0.9999311 0.0000000 -0.0117409
vn 0.9999311 0.0000000 -0.0117409
vn 0.8658274 0.0000000 -0.5003427
vn 0.4988754 0.0000000 -0.8666737
vn 0.1310109 0.0000000 -0.9913809
vn 0.8658274 0.0000000 -0.5003427
vn 0.8658274 0.0000000 -0.5003427
vn 0.4988754 0.0000000 -0.8666737
vn 0.0039139 0.0000000 -0.9999923
vn -0.1310109 0.0000000 -0.9913809
vn -0.0039139 0.0000000 -0.9999923
vn 0.4988754 0.0000000 -0.8666737
vn 0.4988754 0.0000000 -0.8666737
vn 0.0039139 0.0000000 -0.9999923
vn -0.0039139 0.0000000 -0.9999923
vn 0.0039139 0.0000000 -0.9999923
vn 0.0039139 0.0000000 -0.9999923
vn -0.0039139 0.0000000 -0.9999923
vn -0.0039139 0.0000000 -0.9999923
vn -0.0117409 0.0000000 -0.9999311
vn -0.5003427 0.0000000 -0.8658274
vn -0.0117409 0.0000000 -0.9999311
vn -0.8658274 0.0000000 -0.5003427
vn -0.5003427 0.0000000 -0.8658274
vn -0.0117409 0.0000000 -0.9999311
vn -0.9999311 0.0000000 -0.0117409
vn -0.8658274 0.0000000 -0.5003427
vn -0.5003427 0.0000000 -0.8658274
vn -0.9999311 0.0000000 -0.0117409
vn -0.9999311 0.0000000 0.0117409
vn -0.8658274 0.0000000 -0.5003427
vn -0.9999311 0.0000000 -0.0117409
vn -0.9999311 0.0000000 0.0117409
vn -0.9999311 0.0000000 0.0117409
vn -0.8658274 0.0000000 0.5003427
vn -0.8658274 0.0000000 0.5003427
vn -0.8658274 0.0000000 0.5003427
vn -0.5003427 0.0000000 0.8658274
vn -0.5003427 0.0000000 0.8658274
vn -0.5003427 0.0000000 0.8658274
vn -0.0117409 0.0000000 0.9999311
vn -0.0117409 0.0000000 0.9999311
vn -0.0117409 0.0000000 0.9999311
vn 0.0117409 0.0000000 0.9999311
vn 0.0117409 0.0000000 0.9999311
vn 0.0117409 0.0000000 0.9999311
vn 0.4988754 0.0000000 0.8666737
vn 0.4988754 0.0000000 0.8666737
vn 0.4988754 0.0000000 0.8666737
vn 0.8658274 0.0000000 0.5003427
vn 0.8658274 0.0000000 0.5003427
vn 0.8658274 0.0000000 0.5003427
vn 0.9999311 0.0000000 0.0117409
vn 0.9999311 0.0000000 0.0117409
vn 0.9999311 0.0000000 0.0117409
vn 0.9999311 0.0000000 -0.0117409
vn 0.9999311 0.0000000 -0.0117409
vn 0.9999311 0.0000000 -0.0117409
vn 0.8658274 0.0000000 -0.5003427
vn 0.8658274 0.0000000 -0.5003427
vn 0.8658274 0.0000000 -0.5003427
vn 0.4988754 0.0000000 -0.8666737
vn 0.4988754 0.0000000 -0.8666737
vn 0.4988754 0.0000000 -0.8666737
vn 0.0117409 0.0000000 -0.9999311
vn 0.0117409 0.0000000 -0.9999311
vn 0.0117409 0.0000000 -0.9999311
vn -0.0117409 0.0000000 -0.9999311
vn -0.0117409 0.0000000 -0.9999311
vn -0.0117409 0.0000000 -0.9999311
vn -0.1310109 0.0000000 -0.9913809
vn -0.4988754 0.0000000 -0.8666737
vn -0.0039139 0.0000000 -0.9999923
vn -0.5003427 0.0000000 -0.8658274
vn -0.0039139 0.0000000 -0.9999923
vn -0.8666737 0.0000000 -0.4988754
vn -0.5003427 0.0000000 -0.8658274
vn -0.0039139 0.0000000 -0.9999923
vn -0.8658274 0.0000000 -0.5003427
vn -0.9913809 0.0000000 -0.1310109
vn -0.5003427 0.0000000 -0.8658274
vn -0.8658274 0.0000000 -0.5003427
vn -0.0039139 0.0000000 -0.9999923
vn -0.9999311 0.0000000 -0.0117409
vn -0.9913809 0.0000000 0.1310109
vn -0.5003427 0.0000000 -0.8658274
vn -0.8658274 0.0000000 -0.5003427
vn -0.9999311 0.0000000 -0.0117409
vn -0.9999311 0.0000000 0.0117409
vn -0.8666737 0.0000000 0.4988754
vn -0.8658274 0.0000000 -0.5003427
vn -0.9999311 0.0000000 -0.0117409
vn -0.9999311 0.0000000 0.0117409
vn -0.8658274 0.0000000 0.5003427
vn -0.4988754 0.0000000 0.8666737
vn -0.9999311 0.0000000 -0.0117409
vn -0.9999311 0.0000000 0.0117409
vn -0.9999311 0.0000000 0.0117409
vn -0.8658274 0.0000000 0.5003427
vn -0.5003427 0.0000000 0.8658274
vn -0.1310109 0.0000000 0.9913809
vn -0.8658274 0.0000000 0.5003427
vn -0.8658274 0.0000000 0.5003427
vn -0.5003427 0.0000000 0.8658274
vn -0.0039139 0.0000000 0.9999923
vn 0.1310109 0.0000000 0.9913809
vn -0.5003427 0.0000000 0.8658274
vn -0.5003427 0.0000000 0.8658274
vn -0.0039139 0.0000000 0.9999923
vn 0.0039139 0.0000000 0.9999923
vn 0.4988754 0.0000000 0.8666737
vn -0.0039139 0.0000000 0.9999923
vn -0.0039139 0.0000000 0.9999923
vn 0.0039139 0.0000000 0.9999923
vn 0.4988754 0.0000000 0.8666737
vn 0.8666737 0.0000000 0.4988754
vn 0.0039139 0.0000000 0.9999923
vn 0.0039139 0.0000000 0.9999923
vn 0.4988754 0.0000000 0.8666737
vn 0.8658274 0.0000000 0.5003427
vn 0.9913809 0.0000000 0.1310109
vn 0.4988754 0.0000000 0.8666737
vn 0.4988754 0.0000000 0.8666737
vn 0.8658274 0.0000000 0.5003427
vn 0.9999311 0.0000000 0.0117409
vn 0.9913809 0.0000000 -0.1310109
vn 0.8658274 0.0000000 0.5003427
vn 0.8658274 0.0000000 0.5003427
vn 0.9999311 0.0000000 0.0117409
vn 0.9999311 0.0000000 -0.0117409
vn 0.8666737 0.0000000 -0.4988754
vn 0.9999311 0.0000000 0.0117409
vn 0.9999311 0.0000000 0.0117409
vn 0.9999311 0.0000000 -0.0117409
vn 0.8658274 0.0000000 -0.5003427
vn 0.4988754 0.0000000 -0.8666737
vn 0.9999311 0.0000000 -0.0117409
vn 0.9999311 0.0000000 -0.0117409
vn 0.8658274 0.0000000 -0.5003427
vn 0.4988754 0.0000000 -0.8666737
vn 0.1310109 0.0000000 -0.9913809
vn 0.8658274 0.0000000 -0.5003427
vn 0.8658274 0.0000000 -0.5003427
vn 0.4988754 0.0000000 -0.8666737
vn 0.0039139 0.0000000 -0.9999923
vn -0.1310109 0.0000000 -0.9913809
vn -0.0039139 0.0000000 -0.9999923
vn 0.4988754 0.0000000 -0.8666737
vn 0.4988754 0.0000000 -0.8666737
vn 0.0039139 0.0000000 -0.9999923
vn -0.0039139 0.0000000 -0.9999923
vn 0.0039139 0.0000000 -0.9999923
vn 0.0039139 0.0000000 -0.9999923
vn -0.0039139 0.0000000 -0.9999923
vn -0.0039139 0.0000000 -0.9999923
vn -0.8007042 0.0000000 -0.5990599
vn -0.9843670 0.0000000 -0.1761293
vn -0.8415598 0.0000000 -0.5401639
vn -0.9930702 0.0000000 -0.1175231
vn -1.0000000 0.0000000 0.0000000
vn -1.0000000 0.0000000 0.0000000
vn -1.0000000 0.0000000 0.0000000
vn -1.0000000 0.0000000 0.0000000
vn -1.0000000 0.0000000 0.0000000
vn -1.0000000 0.0000000 0.0000000
vn -1.0000000 0.0000000 0.0000000
vn -1.0000000 0.0000000 0.0000000
vn -1.0000000 0.0000000 0.0000000
vn -1.0000000 0.0000000 0.0000000
vn -1.0000000 0.0000000 0.0000000
vn -1.0000000 0.0000000 0.0000000
vn -1.0000000 0.0000000 0.0000000
vn -1.0000000 0.0000000 0.0000000
vn -1.0000000 0.0000000 0.0000000
vn -1.0000000 0.0000000 0.0000000
vn -1.0000000 0.0000000 0.0000000
vn -1.0000000 0.0000000 0.0000000
vn -1.0000000 0.0000000 0.0000000
vn -1.0000000 0.0000000 0.0000000
vn -1.0000000 0.0000000 0.0000000
vn -1.0000000 0.0000000 0.0000000
vn -1.0000000 0.0000000 0.0000000
vn -1.0000000 0.0000000 0.0000000
vn -1.0000000 0.0000000 0.0000000
vn -1.0000000 0.0000000 0.0000000
vn -1.0000000 0.0000000 0.0000000
vn -1.0000000 0.0000000 0.0000000
vn -1.0000000 0.0000000 0.0000000
vn -1.0000000 0.0000000 0.0000000
vn -1.0000000 0.0000000 0.0000000
vn -1.0000000 0.0000000 0.0000000
vn -1.0000000 0.0000000 0.0000000
vn -1.0000000 0.0000000 0.0000000
vn -1.0000000 0.0000000 0.0000000
vn -1.0000000 0.0000000 0.0000000
vn -1.0000000 0.0000000 0.0000000
vn -1.0000000 0.0000000 0.0000000
vn -1.0000000 0.0000000 0.0000000
vn -1.0000000 0.0000000 0.0000000
vn -1.0000000 0.0000000 0.0000000
vn -1.0000000 0.0000000 0.0000000
vn -1.0000000 0.0000000 0.0000000
vn -1.0000000 0.0000000 0.0000000
vn -1.0000000 0.0000000 0.0000000
vn -1.0000000 0.0000000 0.0000000
vn -1.0000000 0.0000000 0.0000000
vn -1.0000000 0.0000000 0.0000000
vn -1.0000000 0.0000000 0.0000000
vn -1.0000000 0.0000000 0.0000000
vn -1.0000000 0.0000000 0.0000000
vn -1.0000000 0.0000000 0.0000000
vn -0.9843670 0.0000000 0.1761293
vn -0.9930702 0.0000000 0.1175231
vn -0.8039729 0.0000000 0.5946660
vn -0.8439033 0.0000000 0.5364953
vn -0.7129584 0.0000000 0.7012063
vn -0.6081031 0.0000000 0.7938581
vn -0.5497243 0.0000000 0.8353462
vn -0.1840521 0.0000000 0.9829165
vn -0.1233120 0.0000000 0.9923679
vn 0.0000000 0.0000000 1.0000000
vn 0.0000000 0.0000000 1.0000000
vn 0.0000000 0.0000000 1.0000000
vn 0.0000000 0.0000000 1.0000000
vn 0.0000000 0.0000000 1.0000000
vn 0.0000000 0.0000000 1.0000000
vn 0.0000000 0.0000000 1.0000000
vn 0.0000000 0.0000000 1.0000000
vn 0.0000000 0.0000000 1.0000000
vn 0.0000000 0.0000000 1.0000000
vn 0.0000000 0.0000000 1.0000000
vn 0.0000000 0.0000000 1.0000000
vn 0.0000000 0.0000000 1.0000000
vn 0.0000000 0.0000000 1.0000000
vn 0.0000000 0.0000000 1.0000000
vn 0.0000000 0.0000000 1.0000000
vn 0.0000000 0.0000000 1.0000000
vn 0.0000000 0.0000000 1.0000000
vn 0.0000000 0.0000000 1.0000000
vn 0.0000000 0.0000000 1.0000000
vn 0.0000000 0.0000000 1.0000000
vn 0.0000000 0.0000000 1.0000000
vn 0.1840521 0.0000000 0.9829165
vn 0.1233120 0.0000000 0.9923679
vn 0.5990599 0.0000000 0.8007042
vn 0.5424391 0.0000000 0.8400951
vn 0.7974064 0.0000000 0.6034427
vn 0.7021999 0.0000000 0.7119799
vn 0.9843670 0.0000000 0.1761293
vn 0.8392026 0.0000000 0.5438189
vn 1.0000000 0.0000000 0.0000000
vn 0.9930702 0.0000000 0.1175231
vn 1.0000000 0.0000000 0.0000000
vn 1.0000000 0.0000000 0.0000000
vn 1.0000000 0.0000000 0.0000000
vn 1.0000000 0.0000000 0.0000000
vn 1.0000000 0.0000000 0.0000000
vn 1.0000000 0.0000000 0.0000000
vn 1.0000000 0.0000000 0.0000000
vn 1.0000000 0.0000000 0.0000000
vn 1.0000000 0.0000000 0.0000000
vn 1.0000000 0.0000000 0.0000000
vn 1.0000000 0.0000000 0.0000000
vn 1.0000000 0.0000000 0.0000000
vn 1.0000000 0.0000000 0.0000000
vn 1.0000000 0.0000000 0.0000000
vn 1.0000000 0.0000000 0.0000000
vn 1.0000000 0.0000000 0.0000000
vn 1.0000000 0.0000000 0.0000000
vn 1.0000000 0.0000000 0.0000000
vn 1.0000000 0.0000000 0.0000000
vn 1.0000000 0.0000000 0.0000000
vn 0.9964506 0.0000000 0.0841795
vn 1.0000000 0.0000000 0.0000000
vn 1.0000000 0.0000000 0.0000000
vn 0.7071068 0.0000000 0.7071068
vn 0.9921266 0.0000000 0.1252388
vn 0.0841795 0.0000000 0.9964506
vn 0.7071068 0.0000000 0.7071068
vn 0.0000000 0.0000000 1.0000000
vn 0.1252388 0.0000000 0.9921266
vn 0.0000000 0.0000000 1.0000000
vn 0.0000000 0.0000000 1.0000000
vn 0.0000000 0.0000000 1.0000000
vn 0.0000000 0.0000000 1.0000000
vn 0.0000000 0.0000000 1.0000000
vn 0.0000000 0.0000000 1.0000000
vn 0.0000000 0.0000000 1.0000000
vn 0.0000000 0.0000000 1.0000000
vn 0.0000000 0.0000000 1.0000000
vn 0.0000000 0.0000000 1.0000000
vn 0.0000000 0.0000000 1.0000000
vn 0.0000000 0.0000000 1.0000000
vn 0.0000000 0.0000000 1.0000000
vn 0.0000000 0.0000000 1.0000000
vn 0.0000000 0.0000000 1.0000000
vn 0.0000000 0.0000000 1.0000000
vn 0.0000000 0.0000000 1.0000000
vn 0.0000000 0.0000000 1.0000000
vn 0.0000000 0.0000000 1.0000000
vn 0.0000000 0.0000000 1.0000000
vn 0.0000000 0.0000000 1.0000000
vn 0.0000000 0.0000000 1.0000000
vn 0.1175231 0.0000000 0.9930702
vn 0.1761293 0.0000000 0.9843670
vn 0.6034427 0.0000000 0.7974064
vn 0.5438189 0.0000000 0.8392026
vn 0.8007042 0.0000000 0.5990599
vn 0.7119799 0.0000000 0.7021999
vn 0.9829165 0.0000000 0.1840521
vn 0.8400951 0.0000000 0.5424391
vn 1.0000000 0.0000000 0.0000000
vn 0.9923679 0.0000000 0.1233120
vn 1.0000000 0.0000000 0.0000000
vn 1.0000000 0.0000000 0.0000000
vn 1.0000000 0.0000000 0.0000000
vn 1.0000000 0.0000000 0.0000000
vn 1.0000000 0.0000000 0.0000000
vn 1.0000000 0.0000000 0.0000000
vn 1.0000000 0.0000000 0.0000000
vn 1.0000000 0.0000000 0.0000000
vn 1.0000000 0.0000000 0.0000000
vn 1.0000000 0.0000000 0.0000000
vn 1.0000000 0.0000000 0.0000000
vn 1.0000000 0.0000000 0.0000000
vn 1.0000000 0.0000000 0.0000000
vn 1.0000000 0.0000000 0.0000000
vn 1.0000000 0.0000000 0.0000000
vn 1.0000000 0.0000000 0.0000000
vn 1.0000000 0.0000000 0.0000000
vn 1.0000000 0.0000000 0.0000000
vn 1.0000000 0.0000000 0.0000000
vn 1.0000000 0.0000000 0.0000000
vn 0.9829165 0.0000000 -0.1840521
vn 0.9923679 0.0000000 -0.1233120
vn 1.0000000 0.0000000 0.0000000
vn 0.7938581 0.0000000 -0.6081031
vn 0.8353462 0.0000000 -0.5497243
vn 0.5946660 0.0000000 -0.8039729
vn 0.7012063 0.0000000 -0.7129584
vn 0.1761293 0.0000000 -0.9843670
vn 0.5364953 0.0000000 -0.8439033
vn 0.0000000 0.0000000 -1.0000000
vn 0.1175231 0.0000000 -0.9930702
vn 0.0000000 0.0000000 -1.0000000
vn 0.0000000 0.0000000 -1.0000000
vn 0.0000000 0.0000000 -1.0000000
vn 0.0000000 0.0000000 -1.0000000
vn 0.0000000 0.0000000 -1.0000000
vn 0.0000000 0.0000000 -1.0000000
vn 0.0000000 0.0000000 -1.0000000
vn 0.0000000 0.0000000 -1.0000000
vn 0.0000000 0.0000000 -1.0000000
vn 0.0000000 0.0000000 -1.0000000
vn 0.0000000 0.0000000 -1.0000000
vn 0.0000000 0.0000000 -1.0000000
vn 0.0000000 0.0000000 -1.0000000
vn 0.0000000 0.0000000 -1.0000000
vn 0.0000000 0.0000000 -1.0000000
vn 0.0000000 0.0000000 -1.0000000
vn 0.0000000 0.0000000 -1.0000000
vn 0.0000000 0.0000000 -1.0000000
vn 0.0000000 0.0000000 -1.0000000
vn 0.0000000 0.0000000 -1.0000000
vn 0.0000000 0.0000000 -1.0000000
vn 0.0000000 0.0000000 -1.0000000
vn 0.0000000 0.0000000 -1.0000000
vn 0.0000000 0.0000000 -1.0000000
vn 0.0000000 0.0000000 -1.0000000
vn 0.0000000 0.0000000 -1.0000000
vn 0.0000000 0.0000000 -1.0000000
vn 0.0000000 0.0000000 -1.0000000
vn 0.0000000 0.0000000 -1.0000000
vn 0.0000000 0.0000000 -1.0000000
vn 0.0000000 0.0000000 -1.0000000
vn 0.0000000 0.0000000 -1.0000000
vn 0.0000000 0.0000000 -1.0000000
vn 0.0000000 0.0000000 -1.0000000
vn 0.0000000 0.0000000 -1.0000000
vn 0.0000000 0.0000000 -1.0000000
vn 0.0000000 0.0000000 -1.0000000
vn 0.0000000 0.0000000 -1.0000000
vn 0.0000000 0.0000000 -1.0000000
vn 0.0000000 0.0000000 -1.0000000
vn 0.0000000 0.0000000 -1.0000000
vn 0.0000000 0.0000000 -1.0000000
vn 0.0000000 0.0000000 -1.0000000
vn 0.0000000 0.0000000 -1.0000000
vn 0.0000000 0.0000000 -1.0000000
vn 0.0000000 0.0000000 -1.0000000
vn 0.0000000 0.0000000 -1.0000000
vn 0.0000000 0.0000000 -1.0000000
vn 0.0000000 0.0000000 -1.0000000
vn 0.0000000 0.0000000 -1.0000000
vn -0.1175231 0.0000000 -0.9930702
vn 0.0000000 0.0000000 -1.0000000
vn -0.1761293 0.0000000 -0.9843670
vn -0.5990599 0.0000000 -0.8007042
vn -0.5401639 0.0000000 -0.8415598
vn -0.7071068 0.0000000 -0.7071068
vn -0.8007042 0.0000000 -0.5990599
vn -0.8415598 0.0000000 -0.5401639
vn -0.0039139 0.0000000 -0.9999923
vn -0.4988754 0.0000000 -0.8666737
vn -0.0039139 0.0000000 -0.9999923
vn -0.4988754 0.0000000 -0.8666737
vn -0.8658274 0.0000000 -0.5003427
vn -0.0039139 0.0000000 -0.9999923
vn -0.5003427 0.0000000 -0.8658274
vn -0.8666737 0.0000000 -0.4988754
vn -0.9999311 0.0000000 -0.0117409
vn -0.8666737 0.0000000 -0.4988754
vn -0.9999311 0.0000000 -0.0117409
vn -0.9999311 0.0000000 0.0117409
vn -0.9999311 0.0000000 -0.0117409
vn -0.9999311 0.0000000 0.0117409
vn -0.9999311 0.0000000 0.0117409
vn -0.8666737 0.0000000 0.4988754
vn -0.8666737 0.0000000 0.4988754
vn -0.8666737 0.0000000 0.4988754
vn -0.4988754 0.0000000 0.8666737
vn -0.4988754 0.0000000 0.8666737
vn -0.4988754 0.0000000 0.8666737
vn -0.0039139 0.0000000 0.9999923
vn -0.0039139 0.0000000 0.9999923
vn -0.0039139 0.0000000 0.9999923
vn 0.0039139 0.0000000 0.9999923
vn 0.0039139 0.0000000 0.9999923
vn 0.0039139 0.0000000 0.9999923
vn 0.4988754 0.0000000 0.8666737
vn 0.4988754 0.0000000 0.8666737
vn 0.4988754 0.0000000 0.8666737
vn 0.8666737 0.0000000 0.4988754
vn 0.8666737 0.0000000 0.4988754
vn 0.8666737 0.0000000 0.4988754
vn 0.9999311 0.0000000 0.0117409
vn 0.9999311 0.0000000 0.0117409
vn 0.9999311 0.0000000 0.0117409
vn 0.9999311 0.0000000 -0.0117409
vn 0.9999311 0.0000000 -0.0117409
vn 0.9999311 0.0000000 -0.0117409
vn 0.8658274 0.0000000 -0.5003427
vn 0.8666737 0.0000000 -0.4988754
vn 0.8666737 0.0000000 -0.4988754
vn 0.4988754 0.0000000 -0.8666737
vn 0.4988754 0.0000000 -0.8666737
vn 0.5003427 0.0000000 -0.8658274
vn 0.0039139 0.0000000 -0.9999923
vn 0.0039139 0.0000000 -0.9999923
vn 0.0039139 0.0000000 -0.9999923
vn -0.0039139 0.0000000 -0.9999923
vn -0.0039139 0.0000000 -0.9999923
vn -0.0039139 0.0000000 -0.9999923
vn 1.0000000 0.0000000 0.0000000
vn 1.0000000 0.0000000 0.0000000
vn 1.0000000 0.0000000 0.0000000
vn 1.0000000 0.0000000 0.0000000
vn 1.0000000 0.0000000 0.0000000
vn 1.0000000 0.0000000 0.0000000
vn 1.0000000 0.0000000 0.0000000
vn 1.0000000 0.0000000 0.0000000
vn 1.0000000 0.0000000 0.0000000
vn 1.0000000 0.0000000 0.0000000
vn 1.0000000 0.0000000 0.0000000
vn 1.0000000 0.0000000 0.0000000
vn 0.9966129 0.0000000 0.0822353
vn 0.9829165 0.0000000 0.1840521
vn 0.9201547 0.0000000 0.3915551
vn 0.8644610 -0.0078232 0.5026391
vn 0.7070851 0.0078347 0.7070851
vn 0.5026391 -0.0078232 0.8644610
vn 0.3915551 0.0000000 0.9201547
vn 0.1194541 0.0000000 0.9928397
vn 0.2406934 0.0000000 0.9706012
vn 0.0000000 0.0000000 1.0000000
vn 0.0000000 0.0000000 1.0000000
vn 0.0000000 0.0000000 1.0000000
vn 0.0000000 0.0000000 1.0000000
vn 0.0000000 0.0000000 1.0000000
vn 0.0000000 0.0000000 1.0000000
vn 0.0000000 0.0000000 1.0000000
vn 0.0000000 0.0000000 1.0000000
vn 0.0000000 0.0000000 1.0000000
vn 0.0000000 0.0000000 1.0000000
vn 0.0000000 0.0000000 1.0000000
vn 0.0000000 0.0000000 1.0000000
vn 0.0000000 0.0000000 1.0000000
vn 0.0000000 0.0000000 1.0000000
vn 0.0000000 0.0000000 1.0000000
vn 0.0000000 0.0000000 1.0000000
vn 0.0000000 0.0000000 1.0000000
vn 0.0000000 0.0000000 1.0000000
vn 0.0000000 0.0000000 1.0000000
vn 0.0000000 0.0000000 1.0000000
vn 0.0000000 0.0000000 1.0000000
vn 0.0000000 0.0000000 1.0000000
vn 0.0000000 0.0000000 1.0000000
vn 0.0000000 0.0000000 1.0000000
vn 0.0000000 0.0000000 1.0000000
vn 0.0000000 0.0000000 1.0000000
vn 0.0000000 0.0000000 1.0000000
vn 0.0000000 0.0000000 1.0000000
vn 0.0000000 0.0000000 1.0000000
vn 0.0000000 0.0000000 1.0000000
vn 0.0000000 0.0000000 1.0000000
vn 0.0000000 0.0000000 1.0000000
vn -0.1153663 0.0000000 0.9933230
vn -0.1995001 0.0000000 0.9798978
vn -0.4736329 0.0000000 0.8807224
vn -0.5614535 0.0000000 0.8275083
vn -0.7071068 0.0000000 0.7071068
vn -0.8275083 0.0000000 0.5614535
vn -0.8807224 0.0000000 0.4736329
vn -0.9946016 0.0000000 0.1037675
vn -0.9832690 0.0000000 0.1821594
vn -1.0000000 0.0000000 0.0000000
vn -1.0000000 0.0000000 0.0000000
vn -1.0000000 0.0000000 0.0000000
vn -1.0000000 0.0000000 0.0000000
vn -1.0000000 0.0000000 0.0000000
vn -1.0000000 0.0000000 0.0000000
vn -1.0000000 0.0000000 0.0000000
vn -1.0000000 0.0000000 0.0000000
vn -1.0000000 0.0000000 0.0000000
vn -1.0000000 0.0000000 0.0000000
vn -1.0000000 0.0000000 0.0000000
vn -1.0000000 0.0000000 0.0000000
vn -1.0000000 0.0000000 0.0000000
vn -1.0000000 0.0000000 0.0000000
vn -1.0000000 0.0000000 0.0000000
vn -1.0000000 0.0000000 0.0000000
vn -1.0000000 0.0000000 0.0000000
vn -1.0000000 0.0000000 0.0000000
vn -1.0000000 0.0000000 0.0000000
vn -1.0000000 0.0000000 0.0000000
vn -1.0000000 0.0000000 0.0000000
vn -1.0000000 0.0000000 0.0000000
vn -1.0000000 0.0000000 0.0000000
vn -1.0000000 0.0000000 0.0000000
vn -1.0000000 0.0000000 0.0000000
vn -1.0000000 0.0000000 0.0000000
vn -1.0000000 0.0000000 0.0000000
vn -1.0000000 0.0000000 0.0000000
vn -1.0000000 0.0000000 0.0000000
vn -1.0000000 0.0000000 0.0000000
vn -1.0000000 0.0000000 0.0000000
vn -1.0000000 0.0000000 0.0000000
vn -1.0000000 0.0000000 0.0000000
vn -1.0000000 0.0000000 0.0000000
vn -1.0000000 0.0000000 0.0000000
vn -1.0000000 0.0000000 0.0000000
vn -1.0000000 0.0000000 0.0000000
vn -1.0000000 0.0000000 0.0000000
vn -1.0000000 0.0000000 0.0000000
vn -1.0000000 0.0000000 0.0000000
vn -1.0000000 0.0000000 0.0000000
vn -1.0000000 0.0000000 0.0000000
vn -1.0000000 0.0000000 0.0000000
vn -1.0000000 0.0000000 0.0000000
vn -1.0000000 0.0000000 0.0000000
vn -1.0000000 0.0000000 0.0000000
vn -1.0000000 0.0000000 0.0000000
vn -1.0000000 0.0000000 0.0000000
vn -1.0000000 0.0000000 0.0000000
vn -1.0000000 0.0000000 0.0000000
vn -1.0000000 0.0000000 0.0000000
vn -1.0000000 0.0000000 0.0000000
vn -1.0000000 0.0000000 0.0000000
vn -1.0000000 0.0000000 0.0000000
vn -1.0000000 0.0000000 0.0000000
vn -1.0000000 0.0000000 0.0000000
vn -1.0000000 0.0000000 0.0000000
vn -1.0000000 0.0000000 0.0000000
vn -1.0000000 0.0000000 0.0000000
vn -1.0000000 0.0000000 0.0000000
vn -1.0000000 0.0000000 0.0000000
vn -1.0000000 0.0000000 0.0000000
vn -1.0000000 0.0000000 0.0000000
vn -1.0000000 0.0000000 0.0000000
vn -1.0000000 0.0000000 0.0000000
vn -1.0000000 0.0000000 0.0000000
vn -1.0000000 0.0000000 0.0000000
vn -1.0000000 0.0000000 0.0000000
vn -1.0000000 0.0000000 0.0000000
vn -1.0000000 0.0000000 0.0000000
vn -1.0000000 0.0000000 0.0000000
vn -1.0000000 0.0000000 0.0000000
vn -1.0000000 0.0000000 0.0000000
vn -1.0000000 0.0000000 0.0000000
vn -1.0000000 0.0000000 0.0000000
vn -1.0000000 0.0000000 0.0000000
vn -1.0000000 0.0000000 0.0000000
vn -1.0000000 0.0000000 0.0000000
vn -1.0000000 0.0000000 0.0000000
vn -1.0000000 0.0000000 0.0000000
vn -1.0000000 0.0000000 0.0000000
vn -1.0000000 0.0000000 0.0000000
vn -0.9946016 0.0000000 -0.1037675
vn -0.9832690 0.0000000 -0.1821594
vn -0.8275083 0.0000000 -0.5614535
vn -0.8807224 0.0000000 -0.4736329
vn -0.7071068 0.0000000 -0.7071068
vn -0.5614535 0.0000000 -0.8275083
vn -0.4736329 0.0000000 -0.8807224
vn -0.1821594 0.0000000 -0.9832690
vn -0.1037675 0.0000000 -0.9946016
vn 0.0000000 0.0000000 -1.0000000
vn 0.0000000 0.0000000 -1.0000000
vn 0.0000000 0.0000000 -1.0000000
vn 0.0000000 0.0000000 -1.0000000
vn 0.0000000 0.0000000 -1.0000000
vn 0.0000000 0.0000000 -1.0000000
vn 0.0000000 0.0000000 -1.0000000
vn 0.0000000 0.0000000 -1.0000000
vn 0.0000000 0.0000000 -1.0000000
vn 0.0000000 0.0000000 -1.0000000
vn 0.0000000 0.0000000 -1.0000000
vn 0.0000000 0.0000000 -1.0000000
vn 0.0000000 0.0000000 -1.0000000
vn 0.0000000 0.0000000 -1.0000000
vn 0.0000000 0.0000000 -1.0000000
vn 0.0000000 0.0000000 -1.0000000
vn 0.0000000 0.0000000 -1.0000000
vn 0.0000000 0.0000000 -1.0000000
vn 0.0000000 0.0000000 -1.0000000
vn 0.0000000 0.0000000 -1.0000000
vn 0.0000000 0.0000000 -1.0000000
vn 0.0000000 0.0000000 -1.0000000
vn 0.0000000 0.0000000 -1.0000000
vn 0.0000000 0.0000000 -1.0000000
vn 0.0000000 0.0000000 -1.0000000
vn 0.0000000 0.0000000 -1.0000000
vn 0.0000000 0.0000000 -1.0000000
vn 0.0000000 0.0000000 -1.0000000
vn 0.0000000 0.0000000 -1.0000000
vn 0.0000000 0.0000000 -1.0000000
vn 0.0000000 0.0000000 -1.0000000
vn 0.0000000 0.0000000 -1.0000000
vn 0.0000000 0.0000000 -1.0000000
vn 0.0000000 0.0000000 -1.0000000
vn 0.0000000 0.0000000 -1.0000000
vn 0.0000000 0.0000000 -1.0000000
vn 0.0000000 0.0000000 -1.0000000
vn 0.0000000 0.0000000 -1.0000000
vn 0.0000000 0.0000000 -1.0000000
vn 0.0000000 0.0000000 -1.0000000
vn 0.0000000 0.0000000 -1.0000000
vn 0.0000000 0.0000000 -1.0000000
vn 0.0000000 0.0000000 -1.0000000
vn 0.0000000 0.0000000 -1.0000000
vn 0.0000000 0.0000000 -1.0000000
vn 0.0000000 0.0000000 -1.0000000
vn 0.0000000 0.0000000 -1.0000000
vn 0.0000000 0.0000000 -1.0000000
vn 0.0000000 0.0000000 -1.0000000
vn 0.0000000 0.0000000 -1.0000000
vn 0.0000000 0.0000000 -1.0000000
vn 0.0000000 0.0000000 -1.0000000
vn 0.0000000 0.0000000 -1.0000000
vn 0.0000000 0.0000000 -1.0000000
vn 0.0000000 0.0000000 -1.0000000
vn 0.0000000 0.0000000 -1.0000000
vn 0.0000000 0.0000000 -1.0000000
vn 0.0000000 0.0000000 -1.0000000
vn 0.0000000 0.0000000 -1.0000000
vn 0.0000000 0.0000000 -1.0000000
vn 0.0000000 0.0000000 -1.0000000
vn 0.0000000 0.0000000 -1.0000000
vn 0.0000000 0.0000000 -1.0000000
vn 0.0000000 0.0000000 -1.0000000
vn 0.0000000 0.0000000 -1.0000000
vn 0.0000000 0.0000000 -1.0000000
vn 0.0000000 0.0000000 -1.0000000
vn 0.0000000 0.0000000 -1.0000000
vn 0.0000000 0.0000000 -1.0000000
vn 0.0000000 0.0000000 -1.0000000
vn 0.0000000 0.0000000 -1.0000000
vn 0.0000000 0.0000000 -1.0000000
vn 0.0000000 0.0000000 -1.0000000
vn 0.0000000 0.0000000 -1.0000000
vn 0.0000000 0.0000000 -1.0000000
vn 0.0000000 0.0000000 -1.0000000
vn 0.0000000 0.0000000 -1.0000000
vn 0.0000000 0.0000000 -1.0000000
vn 0.0000000 0.0000000 -1.0000000
vn 0.0000000 0.0000000 -1.0000000
vn 0.0000000 0.0000000 -1.0000000
vn 0.0000000 0.0000000 -1.0000000
vn 0.1037675 0.0000000 -0.9946016
vn 0.1821594 0.0000000 -0.9832690
vn 0.4736329 0.0000000 -0.8807224
vn 0.5614535 0.0000000 -0.8275083
vn 0.7071068 0.0000000 -0.7071068
vn 0.8275083 0.0000000 -0.5614535
vn 0.8807224 0.0000000 -0.4736329
vn 0.9946016 0.0000000 -0.1037675
vn 0.9832690 0.0000000 -0.1821594
vn 1.0000000 0.0000000 0.0000000
vn 1.0000000 0.0000000 0.0000000
vn 1.0000000 0.0000000 0.0000000
vn 1.0000000 0.0000000 0.0000000
vn 1.0000000 0.0000000 0.0000000
vn 1.0000000 0.0000000 0.0000000
vn 1.0000000 0.0000000 0.0000000
vn 1.0000000 0.0000000 0.0000000
vn 1.0000000 0.0000000 0.0000000
vn 1.0000000 0.0000000 0.0000000
vn 1.0000000 0.0000000 0.0000000
vn 1.0000000 0.0000000 0.0000000
vn 1.0000000 0.0000000 0.0000000
vn 1.0000000 0.0000000 0.0000000
vn 1.0000000 0.0000000 0.0000000
vn 1.0000000 0.0000000 0.0000000
vn 1.0000000 0.0000000 0.0000000
vn 1.0000000 0.0000000 0.0000000
vn 1.0000000 0.0000000 0.0000000
vn 1.0000000 0.0000000 0.0000000
vn 1.0000000 0.0000000 0.0000000
vn 1.0000000 0.0000000 0.0000000
vn 1.0000000 0.0000000 0.0000000
vn 1.0000000 0.0000000 0.0000000
vn 1.0000000 0.0000000 0.0000000
vn 1.0000000 0.0000000 0.0000000
vn 1.0000000 0.0000000 0.0000000
vn 1.0000000 0.0000000 0.0000000
vn 1.0000000 0.0000000 0.0000000
vn 1.0000000 0.0000000 0.0000000
vn 1.0000000 0.0000000 0.0000000
vn 1.0000000 0.0000000 0.0000000
vn 1.0000000 0.0000000 0.0000000
vn 1.0000000 0.0000000 0.0000000
vn 1.0000000 0.0000000 0.0000000
vn 1.0000000 0.0000000 0.0000000
vn 1.0000000 0.0000000 0.0000000
vn 1.0000000 0.0000000 0.0000000
vn 1.0000000 0.0000000 0.0000000
vn 1.0000000 0.0000000 0.0000000
vn 1.0000000 0.0000000 0.0000000
vn 1.0000000 0.0000000 0.0000000
vn 1.0000000 0.0000000 0.0000000
vn 1.0000000 0.0000000 0.0000000
vn 1.0000000 0.0000000 0.0000000
vn 1.0000000 0.0000000 0.0000000
vn 1.0000000 0.0000000 0.0000000
vn 1.0000000 0.0000000 0.0000000
vn 1.0000000 0.0000000 0.0000000
vn 1.0000000 0.0000000 0.0000000
vn 1.0000000 0.0000000 0.0000000
vn 1.0000000 0.0000000 0.0000000
vn 1.0000000 0.0000000 0.0000000
vn 1.0000000 0.0000000 0.0000000
vn 1.0000000 0.0000000 0.0000000
vn 1.0000000 0.0000000 0.0000000
vn 1.0000000 0.0000000 0.0000000
vn 1.0000000 0.0000000 0.0000000
vn 1.0000000 0.0000000 0.0000000
vn 1.0000000 0.0000000 0.0000000
vn 1.0000000 0.0000000 0.0000000
vn 1.0000000 0.0000000 0.0000000
vn 1.0000000 0.0000000 0.0000000
vn 1.0000000 0.0000000 0.0000000
vn 1.0000000 0.0000000 0.0000000
vn 1.0000000 0.0000000 0.0000000
vn 1.0000000 0.0000000 0.0000000
vn 1.0000000 0.0000000 0.0000000
vn 1.0000000 0.0000000 0.0000000
vn 1.0000000 0.0000000 0.0000000
vn 1.0000000 0.0000000 0.0000000
vn 1.0000000 0.0000000 0.0000000
vn 1.0000000 0.0000000 0.0000000
vn 1.0000000 0.0000000 0.0000000
vn 1.0000000 0.0000000 0.0000000
vn 1.0000000 0.0000000 0.0000000
vn 1.0000000 0.0000000 0.0000000
vn 1.0000000 0.0000000 0.0000000
vn 1.0000000 0.0000000 0.0000000
vn 1.0000000 0.0000000 0.0000000
vn 1.0000000 0.0000000 0.0000000
vn 1.0000000 0.0000000 0.0000000
vn 0.9946016 0.0000000 0.1037675
vn 0.9832690 0.0000000 0.1821594
vn 0.8807224 0.0000000 0.4736329
vn 0.8275083 0.0000000 0.5614535
vn 0.7071068 0.0000000 0.7071068
vn 0.5614535 0.0000000 0.8275083
vn 0.4736329 0.0000000 0.8807224
vn 0.1995001 0.0000000 0.9798978
vn 0.1153663 0.0000000 0.9933230
vn 0.0000000 0.0000000 1.0000000
vn 0.0000000 0.0000000 1.0000000
vn 0.0000000 0.0000000 1.0000000
vn 0.0000000 0.0000000 1.0000000
vn 0.0000000 0.0000000 1.0000000
vn 0.0000000 0.0000000 1.0000000
vn 0.0000000 0.0000000 1.0000000
vn 0.0000000 0.0000000 1.0000000
vn 0.0000000 0.0000000 1.0000000
vn 0.0000000 0.0000000 1.0000000
vn 0.0000000 0.0000000 1.0000000
vn 0.0000000 0.0000000 1.0000000
vn 0.0000000 0.0000000 1.0000000
vn 0.0000000 0.0000000 1.0000000
vn 0.0000000 0.0000000 1.0000000
vn 0.0000000 0.0000000 1.0000000
vn 0.0000000 0.0000000 1.0000000
vn 0.0000000 0.0000000 1.0000000
vn 0.0000000 0.0000000 1.0000000
vn 0.0000000 0.0000000 1.0000000
vn 0.0000000 0.0000000 1.0000000
vn 0.0000000 0.0000000 1.0000000
vn 0.0000000 0.0000000 1.0000000
vn 0.0000000 0.0000000 1.0000000
vn 0.0000000 0.0000000 1.0000000
vn 0.0000000 0.0000000 1.0000000
vn 0.0000000 0.0000000 1.0000000
vn 0.0000000 0.0000000 1.0000000
vn 0.0000000 0.0000000 1.0000000
vn 0.0000000 0.0000000 1.0000000
vn 0.0000000 0.0000000 1.0000000
vn 0.0000000 0.0000000 1.0000000
vn -0.1194541 0.0000000 0.9928397
vn -0.2406934 0.0000000 0.9706012
vn -0.5026391 -0.0078232 0.8644610
vn -0.3915551 0.0000000 0.9201547
vn -0.7070851 0.0078347 0.7070851
vn -0.8644610 -0.0078232 0.5026391
vn -0.9201547 0.0000000 0.3915551
vn -0.9829165 0.0000000 0.1840521
vn -0.9966129 0.0000000 0.0822353
vn -1.0000000 0.0000000 0.0000000
vn -1.0000000 0.0000000 0.0000000
vn -1.0000000 0.0000000 0.0000000
vn -1.0000000 0.0000000 0.0000000
vn -1.0000000 0.0000000 0.0000000
vn -1.0000000 0.0000000 0.0000000
vn -1.0000000 0.0000000 0.0000000
vn -1.0000000 0.0000000 0.0000000
vn -1.0000000 0.0000000 0.0000000
vn -1.0000000 0.0000000 0.0000000
vn -1.0000000 0.0000000 0.0000000
vn -1.0000000 0.0000000 0.0000000
vn -0.0039139 0.0000000 -0.9999923
vn -0.5003427 0.0000000 -0.8658274
vn -0.0039139 0.0000000 -0.9999923
vn -0.5003427 0.0000000 -0.8658274
vn -0.0039139 0.0000000 -0.9999923
vn -0.8658274 0.0000000 -0.5003427
vn -0.5003427 0.0000000 -0.8658274
vn -0.0039139 0.0000000 -0.9999923
vn -0.8658274 0.0000000 -0.5003427
vn -0.9999311 0.0000000 -0.0117409
vn -0.8658274 0.0000000 -0.5003427
vn -0.5003427 0.0000000 -0.8658274
vn -0.0039139 0.0000000 -0.9999923
vn -0.9999311 0.0000000 -0.0117409
vn -0.9999311 0.0000000 0.0117409
vn -0.9999311 0.0000000 -0.0117409
vn -0.8658274 0.0000000 -0.5003427
vn -0.5003427 0.0000000 -0.8658274
vn -0.9999311 0.0000000 0.0117409
vn -0.8658274 0.0000000 0.5003427
vn -0.9999311 0.0000000 -0.0117409
vn -0.9999311 0.0000000 0.0117409
vn -0.8658274 0.0000000 -0.5003427
vn -0.8658274 0.0000000 0.5003427
vn -0.5003427 0.0000000 0.8658274
vn -0.9999311 0.0000000 -0.0117409
vn -0.9999311 0.0000000 0.0117409
vn -0.9999311 0.0000000 0.0117409
vn -0.8658274 0.0000000 0.5003427
vn -0.5003427 0.0000000 0.8658274
vn -0.0039139 0.0000000 0.9999923
vn -0.8658274 0.0000000 0.5003427
vn -0.8658274 0.0000000 0.5003427
vn -0.5003427 0.0000000 0.8658274
vn -0.0039139 0.0000000 0.9999923
vn 0.0039139 0.0000000 0.9999923
vn -0.5003427 0.0000000 0.8658274
vn -0.5003427 0.0000000 0.8658274
vn -0.0039139 0.0000000 0.9999923
vn 0.0039139 0.0000000 0.9999923
vn 0.4988754 0.0000000 0.8666737
vn -0.0039139 0.0000000 0.9999923
vn -0.0039139 0.0000000 0.9999923
vn 0.0039139 0.0000000 0.9999923
vn 0.4988754 0.0000000 0.8666737
vn 0.8658274 0.0000000 0.5003427
vn 0.0039139 0.0000000 0.9999923
vn 0.0039139 0.0000000 0.9999923
vn 0.4988754 0.0000000 0.8666737
vn 0.8658274 0.0000000 0.5003427
vn 0.9999311 0.0000000 0.0117409
vn 0.4988754 0.0000000 0.8666737
vn 0.4988754 0.0000000 0.8666737
vn 0.8658274 0.0000000 0.5003427
vn 0.9999311 0.0000000 0.0117409
vn 0.9999311 0.0000000 -0.0117409
vn 0.8658274 0.0000000 0.5003427
vn 0.8658274 0.0000000 0.5003427
vn 0.9999311 0.0000000 0.0117409
vn 0.9999311 0.0000000 -0.0117409
vn 0.8658274 0.0000000 -0.5003427
vn 0.9999311 0.0000000 0.0117409
vn 0.9999311 0.0000000 0.0117409
vn 0.9999311 0.0000000 -0.0117409
vn 0.8658274 0.0000000 -0.5003427
vn 0.4988754 0.0000000 -0.8666737
vn 0.9999311 0.0000000 -0.0117409
vn 0.9999311 0.0000000 -0.0117409
vn 0.8658274 0.0000000 -0.5003427
vn 0.4988754 0.0000000 -0.8666737
vn 0.0039139 0.0000000 -0.9999923
vn 0.8658274 0.0000000 -0.5003427
vn 0.8658274 0.0000000 -0.5003427
vn 0.4988754 0.0000000 -0.8666737
vn 0.0039139 0.0000000 -0.9999923
vn -0.0039139 0.0000000 -0.9999923
vn -0.0039139 0.0000000 -0.9999923
vn 0.4988754 0.0000000 -0.8666737
vn 0.4988754 0.0000000 -0.8666737
vn 0.0039139 0.0000000 -0.9999923
vn -0.0039139 0.0000000 -0.9999923
vn 0.0039139 0.0000000 -0.9999923
vn 0.0039139 0.0000000 -0.9999923
vn -0.0039139 0.0000000 -0.9999923
vn -0.0039139 0.0000000 -0.9999923
vn -0.0117409 0.0000000 -0.9999311
vn -0.4988754 0.0000000 -0.8666737
vn -0.0117409 0.0000000 -0.9999311
vn -0.4988754 0.0000000 -0.8666737
vn -0.0117409 0.0000000 -0.9999311
vn -0.8666737 0.0000000 -0.4988754
vn -0.4988754 0.0000000 -0.8666737
vn -0.0117409 0.0000000 -0.9999311
vn -0.8666737 0.0000000 -0.4988754
vn -0.9999311 0.0000000 -0.0117409
vn -0.8666737 0.0000000 -0.4988754
vn -0.4988754 0.0000000 -0.8666737
vn -0.0117409 0.0000000 -0.9999311
vn -0.9999311 0.0000000 -0.0117409
vn -0.9999311 0.0000000 0.0117409
vn -0.9999311 0.0000000 -0.0117409
vn -0.8666737 0.0000000 -0.4988754
vn -0.4988754 0.0000000 -0.8666737
vn -0.9999311 0.0000000 0.0117409
vn -0.8666737 0.0000000 0.4988754
vn -0.9999311 0.0000000 -0.0117409
vn -0.9999311 0.0000000 0.0117409
vn -0.8666737 0.0000000 -0.4988754
vn -0.8666737 0.0000000 0.4988754
vn -0.5003427 0.0000000 0.8658274
vn -0.9999311 0.0000000 -0.0117409
vn -0.9999311 0.0000000 0.0117409
vn -0.9999311 0.0000000 0.0117409
vn -0.8666737 0.0000000 0.4988754
vn -0.5003427 0.0000000 0.8658274
vn -0.0117409 0.0000000 0.9999311
vn -0.8666737 0.0000000 0.4988754
vn -0.8666737 0.0000000 0.4988754
vn -0.5003427 0.0000000 0.8658274
vn -0.0117409 0.0000000 0.9999311
vn 0.0117409 0.0000000 0.9999311
vn -0.5003427 0.0000000 0.8658274
vn -0.5003427 0.0000000 0.8658274
vn -0.0117409 0.0000000 0.9999311
vn 0.0117409 0.0000000 0.9999311
vn 0.4988754 0.0000000 0.8666737
vn -0.0117409 0.0000000 0.9999311
vn -0.0117409 0.0000000 0.9999311
vn 0.0117409 0.0000000 0.9999311
vn 0.4988754 0.0000000 0.8666737
vn 0.8658274 0.0000000 0.5003427
vn 0.0117409 0.0000000 0.9999311
vn 0.0117409 0.0000000 0.9999311
vn 0.4988754 0.0000000 0.8666737
vn 0.8658274 0.0000000 0.5003427
vn 0.9999311 0.0000000 0.0117409
vn 0.4988754 0.0000000 0.8666737
vn 0.4988754 0.0000000 0.8666737
vn 0.8666737 0.0000000 0.4988754
vn 0.9999311 0.0000000 0.0117409
vn 0.9999311 0.0000000 -0.0117409
vn 0.8666737 0.0000000 0.4988754
vn 0.8658274 0.0000000 0.5003427
vn 0.9999311 0.0000000 0.0117409
vn 0.9999311 0.0000000 -0.0117409
vn 0.8658274 0.0000000 -0.5003427
vn 0.9999311 0.0000000 0.0117409
vn 0.9999311 0.0000000 0.0117409
vn 0.9999311 0.0000000 -0.0117409
vn 0.8658274 0.0000000 -0.5003427
vn 0.4988754 0.0000000 -0.8666737
vn 0.9999311 0.0000000 -0.0117409
vn 0.9999311 0.0000000 -0.0117409
vn 0.8658274 0.0000000 -0.5003427
vn 0.4988754 0.0000000 -0.8666737
vn 0.0117409 0.0000000 -0.9999311
vn 0.8658274 0.0000000 -0.5003427
vn 0.8658274 0.0000000 -0.5003427
vn 0.4988754 0.0000000 -0.8666737
vn 0.0117409 0.0000000 -0.9999311
vn -0.0117409 0.0000000 -0.9999311
vn -0.0117409 0.0000000 -0.9999311
vn 0.4988754 0.0000000 -0.8666737
vn 0.4988754 0.0000000 -0.8666737
vn 0.0117409 0.0000000 -0.9999311
vn -0.0117409 0.0000000 -0.9999311
vn 0.0117409 0.0000000 -0.9999311
vn 0.0117409 0.0000000 -0.9999311
vn -0.0117409 0.0000000 -0.9999311
vn -0.0117409 0.0000000 -0.9999311
vn -0.0039139 0.0000000 -0.9999923
vn -0.5003427 0.0000000 -0.8658274
vn -0.0039139 0.0000000 -0.9999923
vn -0.5003427 0.0000000 -0.8658274
vn -0.0039139 0.0000000 -0.9999923
vn -0.8658274 0.0000000 -0.5003427
vn -0.5003427 0.0000000 -0.8658274
vn -0.0039139 0.0000000 -0.9999923
vn -0.8658274 0.0000000 -0.5003427
vn -0.9999311 0.0000000 -0.0117409
vn -0.8658274 0.0000000 -0.5003427
vn -0.5003427 0.0000000 -0.8658274
vn -0.0039139 0.0000000 -0.9999923
vn -0.9999311 0.0000000 -0.0117409
vn -0.9999311 0.0000000 0.0117409
vn -0.9999311 0.0000000 -0.0117409
vn -0.8658274 0.0000000 -0.5003427
vn -0.5003427 0.0000000 -0.8658274
vn -0.9999311 0.0000000 0.0117409
vn -0.8658274 0.0000000 0.5003427
vn -0.9999311 0.0000000 -0.0117409
vn -0.9999311 0.0000000 0.0117409
vn -0.8658274 0.0000000 -0.5003427
vn -0.8658274 0.0000000 0.5003427
vn -0.5003427 0.0000000 0.8658274
vn -0.9999311 0.0000000 -0.0117409
vn -0.9999311 0.0000000 0.0117409
vn -0.9999311 0.0000000 0.0117409
vn -0.8658274 0.0000000 0.5003427
vn -0.5003427 0.0000000 0.8658274
vn -0.0039139 0.0000000 0.9999923
vn -0.8658274 0.0000000 0.5003427
vn -0.8658274 0.0000000 0.5003427
vn -0.5003427 0.0000000 0.8658274
vn -0.0039139 0.0000000 0.9999923
vn 0.0039139 0.0000000 0.9999923
vn -0.5003427 0.0000000 0.8658274
vn -0.5003427 0.0000000 0.8658274
vn -0.0039139 0.0000000 0.9999923
vn 0.0039139 0.0000000 0.9999923
vn 0.4988754 0.0000000 0.8666737
vn -0.0039139 0.0000000 0.9999923
vn -0.0039139 0.0000000 0.9999923
vn 0.0039139 0.0000000 0.9999923
vn 0.4988754 0.0000000 0.8666737
vn 0.8658274 0.0000000 0.5003427
vn 0.0039139 0.0000000 0.9999923
vn 0.0039139 0.0000000 0.9999923
vn 0.4988754 0.0000000 0.8666737
vn 0.8658274 0.0000000 0.5003427
vn 0.9999311 0.0000000 0.0117409
vn 0.4988754 0.0000000 0.8666737
vn 0.4988754 0.0000000 0.8666737
vn 0.8658274 0.0000000 0.5003427
vn 0.9999311 0.0000000 0.0117409
vn 0.9999311 0.0000000 -0.0117409
vn 0.8658274 0.0000000 0.5003427
vn 0.8658274 0.0000000 0.5003427
vn 0.9999311 0.0000000 0.0117409
vn 0.9999311 0.0000000 -0.0117409
vn 0.8658274 0.0000000 -0.5003427
vn 0.9999311 0.0000000 0.0117409
vn 0.9999311 0.0000000 0.0117409
vn 0.9999311 0.0000000 -0.0117409
vn 0.8658274 0.0000000 -0.5003427
vn 0.4988754 0.0000000 -0.8666737
vn 0.9999311 0.0000000 -0.0117409
vn 0.9999311 0.0000000 -0.0117409
vn 0.8658274 0.0000000 -0.5003427
vn 0.4988754 0.0000000 -0.8666737
vn 0.0039139 0.0000000 -0.9999923
vn 0.8658274 0.0000000 -0.5003427
vn 0.8658274 0.0000000 -0.5003427
vn 0.4988754 0.0000000 -0.8666737
vn 0.0039139 0.0000000 -0.9999923
vn -0.0039139 0.0000000 -0.9999923
vn -0.0039139 0.0000000 -0.9999923
vn 0.4988754 0.0000000 -0.8666737
vn 0.4988754 0.0000000 -0.8666737
vn 0.0039139 0.0000000 -0.9999923
vn -0.0039139 0.0000000 -0.9999923
vn 0.0039139 0.0000000 -0.9999923
vn 0.0039139 0.0000000 -0.9999923
vn -0.0039139 0.0000000 -0.9999923
vn -0.0039139 0.0000000 -0.9999923
vn -0.0039139 0.0000000 -0.9999923
vn -0.5003427 0.0000000 -0.8658274
vn -0.0039139 0.0000000 -0.9999923
vn -0.5003427 0.0000000 -0.8658274
vn -0.0039139 0.0000000 -0.9999923
vn -0.8658274 0.0000000 -0.5003427
vn -0.5003427 0.0000000 -0.8658274
vn -0.0039139 0.0000000 -0.9999923
vn -0.8658274 0.0000000 -0.5003427
vn -0.9999311 0.0000000 -0.0117409
vn -0.5003427 0.0000000 -0.8658274
vn -0.8658274 0.0000000 -0.5003427
vn -0.0039139 0.0000000 -0.9999923
vn -0.9999311 0.0000000 -0.0117409
vn -0.9999311 0.0000000 0.0117409
vn -0.5003427 0.0000000 -0.8658274
vn -0.8658274 0.0000000 -0.5003427
vn -0.9999311 0.0000000 -0.0117409
vn -0.9999311 0.0000000 0.0117409
vn -0.8658274 0.0000000 0.5003427
vn -0.8658274 0.0000000 -0.5003427
vn -0.9999311 0.0000000 -0.0117409
vn -0.9999311 0.0000000 0.0117409
vn -0.8658274 0.0000000 0.5003427
vn -0.5003427 0.0000000 0.8658274
vn -0.9999311 0.0000000 -0.0117409
vn -0.9999311 0.0000000 0.0117409
vn -0.9999311 0.0000000 0.0117409
vn -0.8658274 0.0000000 0.5003427
vn -0.5003427 0.0000000 0.8658274
vn -0.0039139 0.0000000 0.9999923
vn -0.8658274 0.0000000 0.5003427
vn -0.8658274 0.0000000 0.5003427
vn -0.5003427 0.0000000 0.8658274
vn -0.0039139 0.0000000 0.9999923
vn 0.0039139 0.0000000 0.9999923
vn -0.5003427 0.0000000 0.8658274
vn -0.5003427 0.0000000 0.8658274
vn -0.0039139 0.0000000 0.9999923
vn 0.0039139 0.0000000 0.9999923
vn 0.4988754 0.0000000 0.8666737
vn -0.0039139 0.0000000 0.9999923
vn -0.0039139 0.0000000 0.9999923
vn 0.0039139 0.0000000 0.9999923
vn 0.4988754 0.0000000 0.8666737
vn 0.8658274 0.0000000 0.5003427
vn 0.0039139 0.0000000 0.9999923
vn 0.0039139 0.0000000 0.9999923
vn 0.4988754 0.0000000 0.8666737
vn 0.8658274 0.0000000 0.5003427
vn 0.9999311 0.0000000 0.0117409
vn 0.4988754 0.0000000 0.8666737
vn 0.4988754 0.0000000 0.8666737
vn 0.8658274 0.0000000 0.5003427
vn 0.9999311 0.0000000 0.0117409
vn 0.9999311 0.0000000 -0.0117409
vn 0.8658274 0.0000000 0.5003427
vn 0.8658274 0.0000000 0.5003427
vn 0.9999311 0.0000000 0.0117409
vn 0.9999311 0.0000000 -0.0117409
vn 0.8658274 0.0000000 -0.5003427
vn 0.9999311 0.0000000 0.0117409
vn 0.9999311 0.0000000 0.0117409
vn 0.9999311 0.0000000 -0.0117409
vn 0.8658274 0.0000000 -0.5003427
vn 0.4988754 0.0000000 -0.8666737
vn 0.9999311 0.0000000 -0.0117409
vn 0.9999311 0.0000000 -0.0117409
vn 0.8658274 0.0000000 -0.5003427
vn 0.4988754 0.0000000 -0.8666737
vn 0.0039139 0.0000000 -0.9999923
vn 0.8658274 0.0000000 -0.5003427
vn 0.8658274 0.0000000 -0.5003427
vn 0.4988754 0.0000000 -0.8666737
vn 0.0039139 0.0000000 -0.9999923
vn -0.0039139 0.0000000 -0.9999923
vn -0.0039139 0.0000000 -0.9999923
vn 0.4988754 0.0000000 -0.8666737
vn 0.4988754 0.0000000 -0.8666737
vn 0.0039139 0.0000000 -0.9999923
vn -0.0039139 0.0000000 -0.9999923
vn 0.0039139 0.0000000 -0.9999923
vn 0.0039139 0.0000000 -0.9999923
vn -0.0039139 0.0000000 -0.9999923
vn -0.0039139 0.0000000 -0.9999923
f 1/1/1 2/2/2 3/3/3
f 3/3/3 2/2/2 4/4/4
f 3/3/3 4/4/4 5/5/5
f 2/2/2 6/6/6 4/4/4
f 5/5/5 4/4/4 7/7/7
f 5/5/5 7/7/7 8/8/8
f 4/4/4 6/6/6 9/9/9
f 4/4/4 9/9/9 7/7/7
f 6/6/6 10/10/10 9/9/9
f 7/7/7 11/11/11 12/12/12
f 7/7/7 9/9/9 11/11/11
f 7/7/7 12/12/12 8/8/8
f 8/8/8 12/12/12 13/13/13
f 9/9/9 10/10/10 14/14/14
f 9/9/9 14/14/14 11/11/11
f 10/10/10 15/15/15 14/14/14
f 11/11/11 16/16/16 17/17/17
f 11/11/11 14/14/14 16/16/16
f 11/11/11 17/17/17 12/12/12
f 12/12/12 17/17/17 18/18/18
f 12/12/12 18/18/18 13/13/13
f 14/14/14 19/19/19 16/16/16
f 14/14/14 15/15/15 19/19/19
f 15/15/15 20/20/20 19/19/19
f 16/16/16 19/19/19 21/21/21
f 16/16/16 21/21/21 22/22/22
f 16/16/16 22/22/22 17/17/17
f 17/17/17 22/22/22 23/23/23
f 17/17/17 23/23/23 18/18/18
f 19/19/19 20/20/20 24/24/24
f 19/19/19 24/24/24 21/21/21
f 20/20/20 25/25/25 24/24/24
f 21/21/21 26/26/26 27/27/27
f 21/21/21 24/24/24 26/26/26
f 21/21/21 27/27/27 22/22/22
f 22/22/22 28/28/28 29/29/29
f 22/22/22 27/27/27 28/28/28
f 22/22/22 29/29/29 23/23/23
f 24/24/24 25/25/25 30/30/30
f 24/24/24 30/30/30 26/26/26
f 25/25/25 31/31/31 30/30/30
f 26/26/26 32/32/32 27/27/27
f 26/26/26 33/33/33 32/32/32
f 26/26/26 30/30/30 33/33/33
f 27/27/27 32/32/32 28/28/28
f 28/28/28 32/32/32 34/34/34
f 30/30/30 35/35/35 33/33/33
f 30/30/30 31/31/31 35/35/35
f 31/31/31 36/36/36 35/35/35
f 32/32/32 37/37/37 34/34/34
f 32/32/32 33/33/33 37/37/37
f 33/33/33 38/38/38 37/37/37
f 33/33/33 35/35/35 38/38/38
f 34/34/34 37/37/37 39/39/39
f 35/35/35 40/40/40 38/38/38
f 35/35/35 36/36/36 40/40/40
f 36/36/36 41/41/41 40/40/40
f 37/37/37 38/38/38 42/42/42
f 37/37/37 42/42/42 39/39/39
f 38/38/38 40/40/40 43/43/43
f 38/38/38 43/43/43 42/42/42
f 39/39/39 42/42/42 44/44/44
f 40/40/40 45/45/45 43/43/43
f 40/40/40 41/41/41 45/45/45
f 41/41/41 46/46/46 45/45/45
f 42/42/42 47/47/47 48/48/48
f 42/42/42 48/48/48 44/44/44
f 42/42/42 43/43/43 47/47/47
f 43/43/43 49/49/49 47/47/47
f 43/43/43 45/45/45 49/49/49
f 45/45/45 50/50/50 49/49/49
f 45/45/45 46/46/46 50/50/50
f 46/46/46 51/51/51 50/50/50
f 47/47/47 52/52/52 48/48/48
f 47/47/47 49/49/49 52/52/52
f 48/48/48 52/52/52 53/53/53
f 49/49/49 50/50/50 54/54/54
f 49/49/49 54/54/54 52/52/52
f 50/50/50 55/55/55 54/54/54
f 50/50/50 51/51/51 55/55/55
f 51/51/51 56/56/56 55/55/55
f 52/52/52 57/57/57 53/53/53
f 52/52/52 54/54/54 57/57/57
f 53/53/53 57/57/57 58/58/58
f 54/54/54 55/55/55 59/59/59
f 54/54/54 59/59/59 57/57/57
f 55/55/55 60/60/60 59/59/59
f 55/55/55 56/56/56 60/60/60
f 56/56/56 61/61/61 60/60/60
f 57/57/57 59/59/59 62/62/62
f 57/57/57 62/62/62 58/58/58
f 58/58/58 62/62/62 63/63/63
f 59/59/59 60/60/60 64/64/64
f 59/59/59 64/64/64 62/62/62
f 60/60/60 65/65/65 64/64/64
f 60/60/60 61/61/61 65/65/65
f 61/61/61 66/66/66 65/65/65
f 62/62/62 64/64/64 67/67/67
f 62/62/62 67/67/67 68/68/68
f 62/62/62 68/68/68 63/63/63
f 64/64/64 65/65/65 69/69/69
f 64/64/64 69/69/69 67/67/67
f 65/65/65 70/70/70 69/69/69
f 65/65/65 66/66/66 70/70/70
f 66/66/66 71/71/71 70/70/70
f 67/67/67 72/72/72 68/68/68
f 67/67/67 69/69/69 72/72/72
f 68/68/68 72/72/72 73/73/73
f 69/69/69 74/74/74 72/72/72
f 69/69/69 70/70/70 74/74/74
f 70/70/70 71/71/71 75/75/75
f 70/70/70 75/75/75 74/74/74
f 71/71/71 76/76/76 77/77/77
f 71/71/71 77/77/77 75/75/75
f 72/72/72 78/78/78 73/73/73
f 72/72/72 74/74/74 78/78/78
f 73/73/73 78/78/78 79/79/79
f 74/74/74 80/80/80 78/78/78
f 74/74/74 75/75/75 80/80/80
f 75/75/75 77/77/77 80/80/80
f 77/77/77 81/81/81 80/80/80
f 78/78/78 80/80/80 82/82/82
f 78/78/78 82/82/82 79/79/79
f 79/79/79 82/82/82 83/83/83
f 80/80/80 81/81/81 82/82/82
f 81/81/81 84/84/84 82/82/82
f 82/82/82 84/84/84 83/83/83
f 83/83/83 84/84/84 85/85/85
f 86/86/86 87/87/87 88/88/88
f 87/87/87 89/89/89 90/90/90
f 87/87/87 90/90/90 88/88/88
f 88/88/88 90/90/90 91/91/91
f 89/89/89 92/92/92 93/93/93
f 89/89/89 93/93/93 90/90/90
f 90/90/90 93/93/93 94/94/94
f 90/90/90 94/94/94 91/91/91
f 91/91/91 94/94/94 95/95/95
f 92/92/92 96/96/96 97/97/97
f 92/92/92 97/97/97 93/93/93
f 93/93/93 97/97/97 98/98/98
f 93/93/93 98/98/98 94/94/94
f 94/94/94 98/98/98 99/99/99
f 94/94/94 99/99/99 95/95/95
f 95/95/95 99/99/99 100/100/100
f 96/96/96 101/101/101 102/102/102
f 96/96/96 102/102/102 97/97/97
f 97/97/97 102/102/102 103/103/103
f 97/97/97 103/103/103 98/98/98
f 98/98/98 103/103/103 104/104/104
f 98/98/98 104/104/104 99/99/99
f 99/99/99 104/104/104 105/105/105
f 99/99/99 105/105/105 100/100/100
f 101/101/101 106/106/106 102/102/102
f 101/101/101 107/107/107 106/106/106
f 102/102/102 106/106/106 108/108/108
f 102/102/102 108/108/108 103/103/103
f 103/103/103 108/108/108 109/109/109
f 103/103/103 109/109/109 104/104/104
f 104/104/104 109/109/109 110/110/110
f 104/104/104 110/110/110 105/105/105
f 106/106/106 111/111/111 108/108/108
f 106/106/106 112/112/112 111/111/111
f 106/106/106 107/107/107 112/112/112
f 107/107/107 113/113/113 112/112/112
f 108/108/108 111/111/111 114/114/114
f 108/108/108 114/114/114 109/109/109
f 109/109/109 114/114/114 115/115/115
f 109/109/109 115/115/115 116/116/116
f 109/109/109 116/116/116 110/110/110
f 111/111/111 117/117/117 114/114/114
f 111/111/111 112/112/112 118/118/118
f 111/111/111 118/118/118 117/117/117
f 112/112/112 113/113/113 119/119/119
f 112/112/112 119/119/119 118/118/118
f 113/113/113 120/120/120 119/119/119
f 114/114/114 117/117/117 115/115/115
f 115/115/115 117/117/117 121/121/121
f 117/117/117 122/122/122 121/121/121
f 117/117/117 118/118/118 122/122/122
f 118/118/118 119/119/119 123/123/123
f 118/118/118 123/123/123 122/122/122
f 119/119/119 124/124/124 123/123/123
f 119/119/119 120/120/120 124/124/124
f 120/120/120 125/125/125 124/124/124
f 121/121/121 122/122/122 126/126/126
f 122/122/122 123/123/123 127/127/127
f 122/122/122 127/127/127 126/126/126
f 123/123/123 128/128/128 127/127/127
f 123/123/123 124/124/124 128/128/128
f 124/124/124 125/125/125 129/129/129
f 124/124/124 129/129/129 128/128/128
f 125/125/125 130/130/130 129/129/129
f 126/126/126 127/127/127 131/131/131
f 127/127/127 128/128/128 132/132/132
f 127/127/127 133/133/133 131/131/131
f 127/127/127 132/132/132 133/133/133
f 128/128/128 134/134/134 132/132/132
f 128/128/128 129/129/129 134/134/134
f 129/129/129 135/135/135 134/134/134
f 129/129/129 130/130/130 135/135/135
f 130/130/130 136/136/136 135/135/135
f 132/132/132 134/134/134 137/137/137
f 132/132/132 137/137/137 133/133/133
f 133/133/133 137/137/137 138/138/138
f 134/134/134 135/135/135 139/139/139
f 134/134/134 139/139/139 137/137/137
f 135/135/135 140/140/140 139/139/139
f 135/135/135 136/136/136 140/140/140
f 136/136/136 141/141/141 140/140/140
f 137/137/137 142/142/142 138/138/138
f 137/137/137 139/139/139 142/142/142
f 138/138/138 142/142/142 143/143/143
f 139/139/139 140/140/140 144/144/144
f 139/139/139 144/144/144 142/142/142
f 140/140/140 141/141/141 145/145/145
f 140/140/140 145/145/145 144/144/144
f 141/141/141 146/146/146 145/145/145
f 142/142/142 144/144/144 147/147/147
f 142/142/142 147/147/147 143/143/143
f 143/143/143 147/147/147 148/148/148
f 144/144/144 145/145/145 149/149/149
f 144/144/144 149/149/149 147/147/147
f 145/145/145 146/146/146 150/150/150
f 145/145/145 150/150/150 149/149/149
f 146/146/146 151/151/151 150/150/150
f 147/147/147 152/152/152 153/153/153
f 147/147/147 149/149/149 152/152/152
f 147/147/147 153/153/153 148/148/148
f 149/149/149 150/150/150 154/154/154
f 149/149/149 154/154/154 152/152/152
f 150/150/150 151/151/151 155/155/155
f 150/150/150 155/155/155 154/154/154
f 151/151/151 156/156/156 155/155/155
f 152/152/152 154/154/154 157/157/157
f 152/152/152 157/157/157 153/153/153
f 153/153/153 157/157/157 158/158/158
f 154/154/154 159/159/159 157/157/157
f 154/154/154 155/155/155 159/159/159
f 155/155/155 156/156/156 160/160/160
f 155/155/155 160/160/160 159/159/159
f 156/156/156 161/161/161 162/162/162
f 156/156/156 162/162/162 160/160/160
f 157/157/157 159/159/159 163/163/163
f 157/157/157 163/163/163 158/158/158
f 158/158/158 163/163/163 164/164/164
f 159/159/159 160/160/160 165/165/165
f 159/159/159 165/165/165 163/163/163
f 160/160/160 162/162/162 165/165/165
f 162/162/162 166/166/166 165/165/165
f 163/163/163 165/165/165 167/167/167
f 163/163/163 167/167/167 164/164/164
f 164/164/164 167/167/167 168/168/168
f 165/165/165 166/166/166 167/167/167
f 166/166/166 169/169/169 167/167/167
f 167/167/167 169/169/169 168/168/168
f 168/168/168 169/169/169 170/170/170
f 171/171/171 172/172/172 173/173/173
f 172/172/172 174/174/174 175/175/175
f 172/172/172 175/175/175 173/173/173
f 173/173/173 175/175/175 176/176/176
f 174/174/174 177/177/177 178/178/178
f 174/174/174 178/178/178 175/175/175
f 175/175/175 178/178/178 179/179/179
f 175/175/175 179/179/179 176/176/176
f 176/176/176 179/179/179 180/180/180
f 177/177/177 181/181/181 182/182/182
f 177/177/177 182/182/182 178/178/178
f 178/178/178 182/182/182 183/183/183
f 178/178/178 183/183/183 179/179/179
f 179/179/179 183/183/183 184/184/184
f 179/179/179 184/184/184 180/180/180
f 180/180/180 184/184/184 185/185/185
f 181/181/181 186/186/186 187/187/187
f 181/181/181 187/187/187 182/182/182
f 182/182/182 187/187/187 188/188/188
f 182/182/182 188/188/188 183/183/183
f 183/183/183 188/188/188 189/189/189
f 183/183/183 189/189/189 184/184/184
f 184/184/184 189/189/189 190/190/190
f 184/184/184 190/190/190 185/185/185
f 186/186/186 191/191/191 187/187/187
f 186/186/186 192/192/192 191/191/191
f 187/187/187 191/191/191 193/193/193
f 187/187/187 193/193/193 188/188/188
f 188/188/188 193/193/193 194/194/194
f 188/188/188 194/194/194 189/189/189
f 189/189/189 194/194/194 195/195/195
f 189/189/189 195/195/195 190/190/190
f 191/191/191 196/196/196 193/193/193
f 191/191/191 192/192/192 197/197/197
f 191/191/191 197/197/197 196/196/196
f 192/192/192 198/198/198 197/197/197
f 193/193/193 196/196/196 199/199/199
f 193/193/193 199/199/199 194/194/194
f 194/194/194 200/200/200 201/201/201
f 194/194/194 199/199/199 200/200/200
f 194/194/194 201/201/201 195/195/195
f 196/196/196 202/202/202 199/199/199
f 196/196/196 203/203/203 202/202/202
f 196/196/196 197/197/197 203/203/203
f 197/197/197 198/198/198 204/204/204
f 197/197/197 204/204/204 203/203/203
f 198/198/198 205/205/205 204/204/204
f 199/199/199 202/202/202 200/200/200
f 200/200/200 202/202/202 206/206/206
f 202/202/202 203/203/203 207/207/207
f 202/202/202 207/207/207 206/206/206
f 203/203/203 204/204/204 208/208/208
f 203/203/203 208/208/208 207/207/207
f 204/204/204 205/205/205 209/209/209
f 204/204/204 209/209/209 208/208/208
f 205/205/205 210/210/210 209/209/209
f 206/206/206 207/207/207 211/211/211
f 207/207/207 212/212/212 211/211/211
f 207/207/207 208/208/208 212/212/212
f 208/208/208 213/213/213 212/212/212
f 208/208/208 209/209/209 213/213/213
f 209/209/209 210/210/210 214/214/214
f 209/209/209 214/214/214 213/213/213
f 210/210/210 215/215/215 214/214/214
f 211/211/211 212/212/212 216/216/216
f 212/212/212 217/217/217 216/216/216
f 212/212/212 218/218/218 217/217/217
f 212/212/212 213/213/213 218/218/218
f 213/213/213 214/214/214 219/219/219
f 213/213/213 219/219/219 218/218/218
f 214/214/214 215/215/215 220/220/220
f 214/214/214 220/220/220 219/219/219
f 215/215/215 221/221/221 220/220/220
f 217/217/217 222/222/222 223/223/223
f 217/217/217 218/218/218 222/222/222
f 218/218/218 219/219/219 222/222/222
f 219/219/219 224/224/224 222/222/222
f 219/219/219 220/220/220 224/224/224
f 220/220/220 221/221/221 225/225/225
f 220/220/220 225/225/225 224/224/224
f 221/221/221 226/226/226 225/225/225
f 222/222/222 224/224/224 227/227/227
f 222/222/222 227/227/227 223/223/223
f 223/223/223 227/227/227 228/228/228
f 224/224/224 225/225/225 229/229/229
f 224/224/224 229/229/229 227/227/227
f 225/225/225 226/226/226 230/230/230
f 225/225/225 230/230/230 229/229/229
f 226/226/226 231/231/231 230/230/230
f 227/227/227 232/232/232 228/228/228
f 227/227/227 229/229/229 232/232/232
f 228/228/228 232/232/232 233/233/233
f 229/229/229 230/230/230 234/234/234
f 229/229/229 234/234/234 232/232/232
f 230/230/230 235/235/235 234/234/234
f 230/230/230 231/231/231 235/235/235
f 231/231/231 236/236/236 235/235/235
f 232/232/232 237/237/237 233/233/233
f 232/232/232 238/238/238 237/237/237
f 232/232/232 234/234/234 238/238/238
f 234/234/234 235/235/235 239/239/239
f 234/234/234 239/239/239 238/238/238
f 235/235/235 240/240/240 239/239/239
f 235/235/235 236/236/236 240/240/240
f 236/236/236 241/241/241 240/240/240
f 237/237/237 242/242/242 243/243/243
f 237/237/237 238/238/238 242/242/242
f 238/238/238 239/239/239 242/242/242
f 239/239/239 240/240/240 244/244/244
f 239/239/239 244/244/244 242/242/242
f 240/240/240 245/245/245 244/244/244
f 240/240/240 241/241/241 245/245/245
f 241/241/241 246/246/246 245/245/245
f 241/241/241 247/247/247 246/246/246
f 242/242/242 248/248/248 243/243/243
f 242/242/242 244/244/244 248/248/248
f 243/243/243 248/248/248 249/249/249
f 244/244/244 245/245/245 250/250/250
f 244/244/244 250/250/250 248/248/248
f 245/245/245 246/246/246 250/250/250
f 246/246/246 251/251/251 250/250/250
f 248/248/248 252/252/252 249/249/249
f 248/248/248 250/250/250 252/252/252
f 249/249/249 252/252/252 253/253/253
f 250/250/250 251/251/251 252/252/252
f 251/251/251 254/254/254 252/252/252
f 252/252/252 254/254/254 253/253/253
f 253/253/253 254/254/254 255/255/255
f 256/256/256 257/257/257 258/258/258
f 258/258/258 257/257/257 259/259/259
f 257/257/257 260/260/260 259/259/259
f 259/259/259 260/260/260 261/261/261
f 260/260/260 262/262/262 261/261/261
f 261/261/261 262/262/262 263/263/263
f 262/262/262 264/264/264 263/263/263
f 263/263/263 264/264/264 265/265/265
f 264/264/264 266/266/266 265/265/265
f 265/265/265 266/266/266 267/267/267
f 266/266/266 268/268/268 267/267/267
f 267/267/267 268/268/268 269/269/269
f 268/268/268 270/270/270 269/269/269
f 269/269/269 270/270/270 271/271/271
f 270/270/270 272/272/272 271/271/271
f 271/271/271 272/272/272 273/273/273
f 272/272/272 274/274/274 273/273/273
f 273/273/273 274/274/274 275/275/275
f 274/274/274 276/276/276 275/275/275
f 275/275/275 276/276/276 277/277/277
f 276/276/276 278/278/278 277/277/277
f 277/277/277 278/278/278 279/279/279
f 278/278/278 280/280/280 279/279/279
f 279/279/279 280/280/280 281/281/281
f 280/280/280 282/282/282 281/281/281
f 281/281/281 282/282/282 283/283/283
f 282/282/282 284/284/284 283/283/283
f 283/283/283 284/284/284 285/285/285
f 284/284/284 286/286/286 285/285/285
f 285/285/285 286/286/286 287/287/287
f 286/286/286 288/288/288 287/287/287
f 286/286/286 289/289/289 288/288/288
f 290/290/290 291/291/291 292/292/292
f 291/291/291 293/293/293 292/292/292
f 291/291/291 294/294/294 293/293/293
f 293/293/293 294/294/294 295/295/295
f 294/294/294 296/296/296 295/295/295
f 295/295/295 296/296/296 297/297/297
f 296/296/296 298/298/298 297/297/297
f 297/297/297 298/298/298 299/299/299
f 298/298/298 300/300/300 299/299/299
f 299/299/299 300/300/300 301/301/301
f 300/300/300 302/302/302 301/301/301
f 301/301/301 302/302/302 303/303/303
f 302/302/302 304/304/304 303/303/303
f 303/303/303 304/304/304 305/305/305
f 304/304/304 306/306/306 305/305/305
f 305/305/305 306/306/306 307/307/307
f 306/306/306 308/308/308 307/307/307
f 307/307/307 308/308/308 309/309/309
f 308/308/308 310/310/310 309/309/309
f 309/309/309 310/310/310 311/311/311
f 310/310/310 312/312/312 311/311/311
f 311/311/311 312/312/312 313/313/313
f 312/312/312 314/314/314 313/313/313
f 313/313/313 314/314/314 315/315/315
f 314/314/314 316/316/316 315/315/315
f 315/315/315 316/316/316 317/317/317
f 316/316/316 318/318/318 317/317/317
f 317/317/317 318/318/318 319/319/319
f 318/318/318 320/320/320 319/319/319
f 319/319/319 320/320/320 321/321/321
f 320/320/320 322/322/322 323/323/323
f 320/320/320 323/323/323 321/321/321
f 324/324/324 325/325/325 326/326/326
f 326/326/326 325/325/325 327/327/327
f 326/326/326 327/327/327 328/328/328
f 325/325/325 329/329/329 327/327/327
f 328/328/328 330/330/330 331/331/331
f 328/328/328 327/327/327 330/330/330
f 327/327/327 329/329/329 332/332/332
f 327/327/327 332/332/332 330/330/330
f 329/329/329 333/333/333 332/332/332
f 330/330/330 334/334/334 335/335/335
f 330/330/330 332/332/332 334/334/334
f 330/330/330 335/335/335 331/331/331
f 331/331/331 335/335/335 336/336/336
f 332/332/332 333/333/333 337/337/337
f 332/332/332 337/337/337 334/334/334
f 333/333/333 338/338/338 337/337/337
f 334/334/334 337/337/337 339/339/339
f 334/334/334 339/339/339 340/340/340
f 334/334/334 340/340/340 335/335/335
f 335/335/335 340/340/340 341/341/341
f 335/335/335 341/341/341 336/336/336
f 337/337/337 338/338/338 342/342/342
f 337/337/337 342/342/342 339/339/339
f 338/338/338 343/343/343 342/342/342
f 339/339/339 344/344/344 340/340/340
f 339/339/339 342/342/342 345/345/345
f 339/339/339 345/345/345 344/344/344
f 340/340/340 344/344/344 346/346/346
f 340/340/340 346/346/346 341/341/341
f 342/342/342 343/343/343 347/347/347
f 342/342/342 347/347/347 345/345/345
f 343/343/343 348/348/348 347/347/347
f 344/344/344 349/349/349 346/346/346
f 344/344/344 345/345/345 350/350/350
f 344/344/344 351/351/351 349/349/349
f 344/344/344 350/350/350 351/351/351
f 345/345/345 352/352/352 350/350/350
f 345/345/345 347/347/347 352/352/352
f 347/347/347 348/348/348 353/353/353
f 347/347/347 353/353/353 352/352/352
f 348/348/348 354/354/354 353/353/353
f 350/350/350 352/352/352 355/355/355
f 350/350/350 355/355/355 351/351/351
f 351/351/351 355/355/355 356/356/356
f 352/352/352 357/357/357 355/355/355
f 352/352/352 353/353/353 357/357/357
f 353/353/353 354/354/354 358/358/358
f 353/353/353 358/358/358 357/357/357
f 354/354/354 359/359/359 358/358/358
f 355/355/355 357/357/357 360/360/360
f 355/355/355 360/360/360 356/356/356
f 356/356/356 360/360/360 361/361/361
f 357/357/357 358/358/358 362/362/362
f 357/357/357 362/362/362 360/360/360
f 358/358/358 359/359/359 363/363/363
f 358/358/358 363/363/363 362/362/362
f 359/359/359 364/364/364 363/363/363
f 360/360/360 362/362/362 365/365/365
f 360/360/360 365/365/365 361/361/361
f 361/361/361 365/365/365 366/366/366
f 362/362/362 367/367/367 365/365/365
f 362/362/362 363/363/363 367/367/367
f 363/363/363 364/364/364 368/368/368
f 363/363/363 368/368/368 367/367/367
f 364/364/364 369/369/369 368/368/368
f 365/365/365 367/367/367 370/370/370
f 365/365/365 370/370/370 371/371/371
f 365/365/365 371/371/371 366/366/366
f 367/367/367 372/372/372 370/370/370
f 367/367/367 368/368/368 372/372/372
f 368/368/368 369/369/369 373/373/373
f 368/368/368 373/373/373 372/372/372
f 369/369/369 374/374/374 373/373/373
f 370/370/370 372/372/372 375/375/375
f 370/370/370 375/375/375 371/371/371
f 371/371/371 375/375/375 376/376/376
f 372/372/372 377/377/377 375/375/375
f 372/372/372 373/373/373 377/377/377
f 373/373/373 374/374/374 378/378/378
f 373/373/373 378/378/378 377/377/377
f 374/374/374 379/379/379 378/378/378
f 375/375/375 380/380/380 376/376/376
f 375/375/375 377/377/377 380/380/380
f 376/376/376 380/380/380 381/381/381
f 377/377/377 378/378/378 382/382/382
f 377/377/377 382/382/382 380/380/380
f 378/378/378 379/379/379 383/383/383
f 378/378/378 383/383/383 382/382/382
f 379/379/379 384/384/384 383/383/383
f 380/380/380 382/382/382 385/385/385
f 380/380/380 385/385/385 381/381/381
f 381/381/381 385/385/385 386/386/386
f 382/382/382 383/383/383 387/387/387
f 382/382/382 387/387/387 385/385/385
f 383/383/383 384/384/384 388/388/388
f 383/383/383 388/388/388 387/387/387
f 384/384/384 389/389/389 388/388/388
f 385/385/385 387/387/387 390/390/390
f 385/385/385 390/390/390 391/391/391
f 385/385/385 391/391/391 386/386/386
f 387/387/387 392/392/392 390/390/390
f 387/387/387 388/388/388 392/392/392
f 388/388/388 389/389/389 393/393/393
f 388/388/388 393/393/393 392/392/392
f 389/389/389 394/394/394 393/393/393
f 390/390/390 392/392/392 395/395/395
f 390/390/390 395/395/395 391/391/391
f 391/391/391 395/395/395 396/396/396
f 392/392/392 397/397/397 395/395/395
f 392/392/392 393/393/393 397/397/397
f 393/393/393 394/394/394 398/398/398
f 393/393/393 398/398/398 397/397/397
f 394/394/394 399/399/399 398/398/398
f 394/394/394 400/400/400 399/399/399
f 395/395/395 397/397/397 401/401/401
f 395/395/395 401/401/401 396/396/396
f 396/396/396 401/401/401 402/402/402
f 397/397/397 398/398/398 403/403/403
f 397/397/397 403/403/403 401/401/401
f 398/398/398 399/399/399 403/403/403
f 399/399/399 404/404/404 403/403/403
f 401/401/401 403/403/403 405/405/405
f 401/401/401 405/405/405 402/402/402
f 402/402/402 405/405/405 406/406/406
f 403/403/403 404/404/404 405/405/405
f 404/404/404 407/407/407 405/405/405
f 405/405/405 407/407/407 406/406/406
f 406/406/406 407/407/407 408/408/408
f 409/409/409 410/410/410 411/411/411
f 411/411/411 410/410/410 412/412/412
f 411/411/411 412/412/412 413/413/413
f 410/410/410 414/414/414 412/412/412
f 413/413/413 412/412/412 415/415/415
f 412/412/412 416/416/416 415/415/415
f 412/412/412 414/414/414 416/416/416
f 414/414/414 417/417/417 416/416/416
f 415/415/415 416/416/416 418/418/418
f 416/416/416 419/419/419 418/418/418
f 416/416/416 417/417/417 419/419/419
f 417/417/417 420/420/420 419/419/419
f 418/418/418 419/419/419 421/421/421
f 419/419/419 422/422/422 421/421/421
f 419/419/419 420/420/420 423/423/423
f 419/419/419 423/423/423 422/422/422
f 420/420/420 424/424/424 423/423/423
f 422/422/422 423/423/423 425/425/425
f 422/422/422 425/425/425 426/426/426
f 423/423/423 424/424/424 425/425/425
f 424/424/424 427/427/427 425/425/425
f 425/425/425 427/427/427 428/428/428
f 425/425/425 428/428/428 426/426/426
f 426/426/426 428/428/428 429/429/429
f 427/427/427 430/430/430 428/428/428
f 428/428/428 430/430/430 431/431/431
f 428/428/428 431/431/431 429/429/429
f 429/429/429 431/431/431 432/432/432
f 430/430/430 433/433/433 431/431/431
f 431/431/431 434/434/434 432/432/432
f 431/431/431 435/435/435 434/434/434
f 431/431/431 433/433/433 435/435/435
f 433/433/433 436/436/436 435/435/435
f 434/434/434 437/437/437 438/438/438
f 434/434/434 435/435/435 437/437/437
f 435/435/435 436/436/436 437/437/437
f 436/436/436 439/439/439 437/437/437
f 437/437/437 440/440/440 438/438/438
f 437/437/437 439/439/439 440/440/440
f 438/438/438 440/440/440 441/441/441
f 439/439/439 442/442/442 440/440/440
f 440/440/440 443/443/443 441/441/441
f 440/440/440 442/442/442 443/443/443
f 441/441/441 443/443/443 444/444/444
f 442/442/442 445/445/445 443/443/443
f 443/443/443 446/446/446 447/447/447
f 443/443/443 447/447/447 444/444/444
f 443/443/443 445/445/445 446/446/446
f 445/445/445 448/448/448 446/446/446
f 446/446/446 449/449/449 447/447/447
f 446/446/446 448/448/448 449/449/449
f 447/447/447 449/449/449 450/450/450
f 448/448/448 451/451/451 449/449/449
f 449/449/449 452/452/452 450/450/450
f 449/449/449 451/451/451 452/452/452
f 450/450/450 452/452/452 453/453/453
f 451/451/451 454/454/454 452/452/452
f 452/452/452 454/454/454 455/455/455
f 452/452/452 455/455/455 453/453/453
f 453/453/453 455/455/455 456/456/456
f 454/454/454 457/457/457 455/455/455
f 455/455/455 457/457/457 458/458/458
f 455/455/455 458/458/458 456/456/456
f 456/456/456 458/458/458 459/459/459
f 460/460/460 461/461/461 462/462/462
f 461/461/461 463/463/463 464/464/464
f 461/461/461 464/464/464 462/462/462
f 462/462/462 464/464/464 465/465/465
f 463/463/463 466/466/466 467/467/467
f 463/463/463 467/467/467 464/464/464
f 464/464/464 467/467/467 468/468/468
f 464/464/464 468/468/468 465/465/465
f 466/466/466 469/469/469 467/467/467
f 466/466/466 470/470/470 469/469/469
f 467/467/467 469/469/469 471/471/471
f 467/467/467 471/471/471 468/468/468
f 469/469/469 472/472/472 471/471/471
f 469/469/469 473/473/473 472/472/472
f 469/469/469 474/474/474 473/473/473
f 469/469/469 470/470/470 474/474/474
f 470/470/470 475/475/475 474/474/474
f 473/473/473 476/476/476 477/477/477
f 473/473/473 474/474/474 476/476/476
f 474/474/474 475/475/475 476/476/476
f 475/475/475 478/478/478 476/476/476
f 476/476/476 479/479/479 477/477/477
f 476/476/476 478/478/478 479/479/479
f 477/477/477 479/479/479 480/480/480
f 478/478/478 481/481/481 479/479/479
f 479/479/479 481/481/481 482/482/482
f 479/479/479 482/482/482 480/480/480
f 480/480/480 482/482/482 483/483/483
f 481/481/481 484/484/484 482/482/482
f 482/482/482 485/485/485 486/486/486
f 482/482/482 486/486/486 483/483/483
f 482/482/482 484/484/484 485/485/485
f 484/484/484 487/487/487 485/485/485
f 485/485/485 487/487/487 488/488/488
f 485/485/485 488/488/488 486/486/486
f 486/486/486 488/488/488 489/489/489
f 487/487/487 490/490/490 488/488/488
f 488/488/488 490/490/490 491/491/491
f 488/488/488 491/491/491 489/489/489
f 489/489/489 491/491/491 492/492/492
f 490/490/490 493/493/493 491/491/491
f 491/491/491 493/493/493 494/494/494
f 491/491/491 494/494/494 492/492/492
f 492/492/492 494/494/494 495/495/495
f 493/493/493 496/496/496 494/494/494
f 494/494/494 497/497/497 495/495/495
f 494/494/494 496/496/496 498/498/498
f 494/494/494 498/498/498 497/497/497
f 496/496/496 499/499/499 498/498/498
f 497/497/497 500/500/500 501/501/501
f 497/497/497 498/498/498 500/500/500
f 498/498/498 499/499/499 500/500/500
f 499/499/499 502/502/502 500/500/500
f 500/500/500 502/502/502 503/503/503
f 500/500/500 503/503/503 501/501/501
f 501/501/501 503/503/503 504/504/504
f 502/502/502 505/505/505 503/503/503
f 503/503/503 506/506/506 504/504/504
f 503/503/503 505/505/505 506/506/506
f 504/504/504 506/506/506 507/507/507
f 505/505/505 508/508/508 506/506/506
f 506/506/506 508/508/508 509/509/509
f 506/506/506 509/509/509 507/507/507
f 507/507/507 509/509/509 510/510/510
f 258/258/258 259/259/259 511/511/511
f 511/511/511 512/512/512 513/513/513
f 511/511/511 259/259/259 512/512/512
f 259/259/259 261/261/261 512/512/512
f 513/513/513 512/512/512 514/514/514
f 513/513/513 514/514/514 515/515/515
f 512/512/512 516/516/516 514/514/514
f 512/512/512 261/261/261 516/516/516
f 261/261/261 263/263/263 516/516/516
f 514/514/514 516/516/516 517/517/517
f 514/514/514 517/517/517 518/518/518
f 514/514/514 518/518/518 515/515/515
f 516/516/516 263/263/263 519/519/519
f 516/516/516 519/519/519 517/517/517
f 263/263/263 265/265/265 519/519/519
f 517/517/517 520/520/520 521/521/521
f 517/517/517 519/519/519 520/520/520
f 517/517/517 521/521/521 518/518/518
f 519/519/519 265/265/265 522/522/522
f 519/519/519 522/522/522 520/520/520
f 265/265/265 267/267/267 522/522/522
f 520/520/520 523/523/523 521/521/521
f 520/520/520 524/524/524 525/525/525
f 520/520/520 522/522/522 524/524/524
f 520/520/520 525/525/525 523/523/523
f 522/522/522 526/526/526 524/524/524
f 522/522/522 267/267/267 526/526/526
f 267/267/267 269/269/269 526/526/526
f 524/524/524 526/526/526 527/527/527
f 524/524/524 527/527/527 525/525/525
f 525/525/525 527/527/527 528/528/528
f 526/526/526 269/269/269 529/529/529
f 526/526/526 529/529/529 527/527/527
f 269/269/269 271/271/271 529/529/529
f 527/527/527 530/530/530 528/528/528
f 527/527/527 529/529/529 530/530/530
f 528/528/528 530/530/530 531/531/531
f 529/529/529 532/532/532 530/530/530
f 529/529/529 271/271/271 532/532/532
f 271/271/271 273/273/273 532/532/532
f 530/530/530 532/532/532 533/533/533
f 530/530/530 533/533/533 531/531/531
f 531/531/531 533/533/533 534/534/534
f 532/532/532 273/273/273 535/535/535
f 532/532/532 535/535/535 533/533/533
f 273/273/273 275/275/275 535/535/535
f 533/533/533 535/535/535 536/536/536
f 533/533/533 536/536/536 537/537/537
f 533/533/533 537/537/537 534/534/534
f 535/535/535 538/538/538 536/536/536
f 535/535/535 275/275/275 538/538/538
f 275/275/275 277/277/277 538/538/538
f 536/536/536 538/538/538 539/539/539
f 536/536/536 539/539/539 537/537/537
f 537/537/537 539/539/539 540/540/540
f 538/538/538 277/277/277 541/541/541
f 538/538/538 541/541/541 539/539/539
f 277/277/277 279/279/279 541/541/541
f 539/539/539 542/542/542 540/540/540
f 539/539/539 541/541/541 542/542/542
f 540/540/540 542/542/542 543/543/543
f 541/541/541 279/279/279 544/544/544
f 541/541/541 544/544/544 542/542/542
f 279/279/279 281/281/281 544/544/544
f 542/542/542 545/545/545 543/543/543
f 542/542/542 544/544/544 545/545/545
f 543/543/543 545/545/545 546/546/546
f 544/544/544 281/281/281 547/547/547
f 544/544/544 547/547/547 545/545/545
f 281/281/281 283/283/283 547/547/547
f 545/545/545 548/548/548 546/546/546
f 545/545/545 547/547/547 549/549/549
f 545/545/545 549/549/549 548/548/548
f 547/547/547 283/283/283 550/550/550
f 547/547/547 550/550/550 549/549/549
f 283/283/283 285/285/285 550/550/550
f 548/548/548 551/551/551 552/552/552
f 548/548/548 549/549/549 551/551/551
f 549/549/549 550/550/550 551/551/551
f 550/550/550 553/553/553 551/551/551
f 550/550/550 285/285/285 553/553/553
f 285/285/285 287/287/287 553/553/553
f 551/551/551 554/554/554 552/552/552
f 551/551/551 553/553/553 554/554/554
f 552/552/552 554/554/554 555/555/555
f 553/553/553 287/287/287 556/556/556
f 553/553/553 556/556/556 554/554/554
f 287/287/287 288/288/288 556/556/556
f 554/554/554 557/557/557 555/555/555
f 554/554/554 556/556/556 557/557/557
f 555/555/555 557/557/557 558/558/558
f 556/556/556 288/288/288 559/559/559
f 556/556/556 559/559/559 557/557/557
f 557/557/557 560/560/560 558/558/558
f 557/557/557 559/559/559 560/560/560
f 558/558/558 560/560/560 561/561/561
f 292/292/292 293/293/293 562/562/562
f 293/293/293 295/295/295 563/563/563
f 293/293/293 563/563/563 562/562/562
f 562/562/562 563/563/563 564/564/564
f 295/295/295 297/297/297 565/565/565
f 295/295/295 565/565/565 563/563/563
f 563/563/563 565/565/565 566/566/566
f 563/563/563 566/566/566 564/564/564
f 564/564/564 566/566/566 567/567/567
f 297/297/297 568/568/568 565/565/565
f 297/297/297 299/299/299 568/568/568
f 565/565/565 568/568/568 569/569/569
f 565/565/565 569/569/569 566/566/566
f 566/566/566 569/569/569 570/570/570
f 566/566/566 570/570/570 567/567/567
f 568/568/568 571/571/571 569/569/569
f 568/568/568 299/299/299 572/572/572
f 568/568/568 572/572/572 571/571/571
f 299/299/299 301/301/301 572/572/572
f 569/569/569 571/571/571 573/573/573
f 569/569/569 573/573/573 570/570/570
f 571/571/571 574/574/574 573/573/573
f 571/571/571 575/575/575 574/574/574
f 571/571/571 576/576/576 575/575/575
f 571/571/571 572/572/572 576/576/576
f 572/572/572 301/301/301 577/577/577
f 572/572/572 577/577/577 576/576/576
f 301/301/301 303/303/303 577/577/577
f 575/575/575 578/578/578 579/579/579
f 575/575/575 576/576/576 578/578/578
f 576/576/576 577/577/577 578/578/578
f 577/577/577 303/303/303 580/580/580
f 577/577/577 580/580/580 578/578/578
f 303/303/303 305/305/305 580/580/580
f 578/578/578 580/580/580 581/581/581
f 578/578/578 581/581/581 579/579/579
f 579/579/579 581/581/581 582/582/582
f 580/580/580 583/583/583 581/581/581
f 580/580/580 305/305/305 583/583/583
f 305/305/305 307/307/307 583/583/583
f 581/581/581 583/583/583 584/584/584
f 581/581/581 584/584/584 582/582/582
f 582/582/582 584/584/584 585/585/585
f 583/583/583 307/307/307 586/586/586
f 583/583/583 586/586/586 584/584/584
f 307/307/307 309/309/309 586/586/586
f 584/584/584 587/587/587 588/588/588
f 584/584/584 586/586/586 587/587/587
f 584/584/584 588/588/588 585/585/585
f 586/586/586 309/309/309 589/589/589
f 586/586/586 589/589/589 587/587/587
f 309/309/309 311/311/311 589/589/589
f 587/587/587 590/590/590 588/588/588
f 587/587/587 589/589/589 590/590/590
f 588/588/588 590/590/590 591/591/591
f 589/589/589 311/311/311 592/592/592
f 589/589/589 592/592/592 590/590/590
f 311/311/311 313/313/313 592/592/592
f 590/590/590 593/593/593 591/591/591
f 590/590/590 592/592/592 593/593/593
f 591/591/591 593/593/593 594/594/594
f 592/592/592 313/313/313 595/595/595
f 592/592/592 595/595/595 593/593/593
f 313/313/313 315/315/315 595/595/595
f 593/593/593 595/595/595 596/596/596
f 593/593/593 596/596/596 594/594/594
f 594/594/594 596/596/596 597/597/597
f 595/595/595 315/315/315 598/598/598
f 595/595/595 598/598/598 596/596/596
f 315/315/315 317/317/317 598/598/598
f 596/596/596 599/599/599 597/597/597
f 596/596/596 600/600/600 599/599/599
f 596/596/596 598/598/598 600/600/600
f 598/598/598 317/317/317 601/601/601
f 598/598/598 601/601/601 600/600/600
f 317/317/317 319/319/319 601/601/601
f 599/599/599 602/602/602 603/603/603
f 599/599/599 600/600/600 602/602/602
f 600/600/600 601/601/601 602/602/602
f 601/601/601 319/319/319 604/604/604
f 601/601/601 604/604/604 602/602/602
f 319/319/319 321/321/321 604/604/604
f 602/602/602 604/604/604 605/605/605
f 602/602/602 605/605/605 603/603/603
f 603/603/603 605/605/605 606/606/606
f 604/604/604 321/321/321 607/607/607
f 604/604/604 607/607/607 605/605/605
f 321/321/321 323/323/323 607/607/607
f 605/605/605 608/608/608 606/606/606
f 605/605/605 607/607/607 608/608/608
f 606/606/606 608/608/608 609/609/609
f 607/607/607 323/323/323 610/610/610
f 607/607/607 610/610/610 608/608/608
f 608/608/608 611/611/611 609/609/609
f 608/608/608 610/610/610 611/611/611
f 609/609/609 611/611/611 612/612/612
f 613/613/613 614/614/614 615/615/615
f 615/615/615 614/614/614 616/616/616
f 615/615/615 616/616/616 617/617/617
f 614/614/614 618/618/618 616/616/616
f 617/617/617 616/616/616 619/619/619
f 616/616/616 618/618/618 620/620/620
f 616/616/616 620/620/620 619/619/619
f 618/618/618 621/621/621 620/620/620
f 619/619/619 620/620/620 622/622/622
f 620/620/620 621/621/621 623/623/623
f 620/620/620 623/623/623 622/622/622
f 621/621/621 624/624/624 623/623/623
f 622/622/622 623/623/623 625/625/625
f 623/623/623 626/626/626 625/625/625
f 623/623/623 627/627/627 626/626/626
f 623/623/623 624/624/624 627/627/627
f 624/624/624 628/628/628 627/627/627
f 626/626/626 627/627/627 629/629/629
f 626/626/626 629/629/629 630/630/630
f 627/627/627 628/628/628 629/629/629
f 628/628/628 631/631/631 629/629/629
f 629/629/629 631/631/631 632/632/632
f 629/629/629 632/632/632 630/630/630
f 630/630/630 632/632/632 633/633/633
f 631/631/631 634/634/634 632/632/632
f 632/632/632 634/634/634 635/635/635
f 632/632/632 635/635/635 633/633/633
f 633/633/633 635/635/635 636/636/636
f 634/634/634 637/637/637 635/635/635
f 635/635/635 638/638/638 639/639/639
f 635/635/635 637/637/637 638/638/638
f 635/635/635 639/639/639 636/636/636
f 637/637/637 640/640/640 638/638/638
f 638/638/638 640/640/640 641/641/641
f 638/638/638 641/641/641 639/639/639
f 639/639/639 641/641/641 642/642/642
f 640/640/640 643/643/643 641/641/641
f 641/641/641 644/644/644 642/642/642
f 641/641/641 643/643/643 644/644/644
f 642/642/642 644/644/644 645/645/645
f 643/643/643 646/646/646 644/644/644
f 644/644/644 646/646/646 647/647/647
f 644/644/644 647/647/647 645/645/645
f 645/645/645 647/647/647 648/648/648
f 646/646/646 649/649/649 647/647/647
f 647/647/647 650/650/650 648/648/648
f 647/647/647 649/649/649 651/651/651
f 647/647/647 651/651/651 650/650/650
f 649/649/649 652/652/652 651/651/651
f 650/650/650 651/651/651 653/653/653
f 650/650/650 653/653/653 654/654/654
f 651/651/651 652/652/652 653/653/653
f 652/652/652 655/655/655 653/653/653
f 653/653/653 656/656/656 654/654/654
f 653/653/653 655/655/655 656/656/656
f 654/654/654 656/656/656 657/657/657
f 655/655/655 658/658/658 656/656/656
f 656/656/656 658/658/658 659/659/659
f 656/656/656 659/659/659 657/657/657
f 657/657/657 659/659/659 660/660/660
f 658/658/658 661/661/661 659/659/659
f 659/659/659 661/661/661 662/662/662
f 659/659/659 662/662/662 660/660/660
f 660/660/660 662/662/662 663/663/663
f 664/664/664 665/665/665 666/666/666
f 665/665/665 667/667/667 668/668/668
f 665/665/665 668/668/668 666/666/666
f 666/666/666 668/668/668 669/669/669
f 667/667/667 670/670/670 671/671/671
f 667/667/667 671/671/671 668/668/668
f 668/668/668 671/671/671 672/672/672
f 668/668/668 672/672/672 669/669/669
f 669/669/669 672/672/672 673/673/673
f 670/670/670 674/674/674 671/671/671
f 670/670/670 675/675/675 674/674/674
f 671/671/671 674/674/674 676/676/676
f 671/671/671 676/676/676 672/672/672
f 672/672/672 676/676/676 677/677/677
f 672/672/672 677/677/677 673/673/673
f 673/673/673 677/677/677 678/678/678
f 674/674/674 679/679/679 676/676/676
f 674/674/674 675/675/675 680/680/680
f 674/674/674 680/680/680 679/679/679
f 675/675/675 681/681/681 680/680/680
f 676/676/676 679/679/679 682/682/682
f 676/676/676 682/682/682 677/677/677
f 677/677/677 682/682/682 683/683/683
f 677/677/677 683/683/683 678/678/678
f 679/679/679 684/684/684 682/682/682
f 679/679/679 685/685/685 684/684/684
f 679/679/679 680/680/680 685/685/685
f 680/680/680 681/681/681 686/686/686
f 680/680/680 686/686/686 685/685/685
f 681/681/681 687/687/687 686/686/686
f 682/682/682 684/684/684 688/688/688
f 682/682/682 688/688/688 683/683/683
f 684/684/684 689/689/689 688/688/688
f 684/684/684 690/690/690 691/691/691
f 684/684/684 685/685/685 690/690/690
f 684/684/684 691/691/691 689/689/689
f 685/685/685 686/686/686 692/692/692
f 685/685/685 692/692/692 690/690/690
f 686/686/686 693/693/693 692/692/692
f 686/686/686 687/687/687 693/693/693
f 687/687/687 694/694/694 693/693/693
f 690/690/690 692/692/692 695/695/695
f 690/690/690 695/695/695 691/691/691
f 691/691/691 695/695/695 696/696/696
f 692/692/692 697/697/697 695/695/695
f 692/692/692 693/693/693 697/697/697
f 693/693/693 694/694/694 698/698/698
f 693/693/693 698/698/698 697/697/697
f 694/694/694 699/699/699 698/698/698
f 695/695/695 700/700/700 696/696/696
f 695/695/695 697/697/697 700/700/700
f 696/696/696 700/700/700 701/701/701
f 697/697/697 698/698/698 702/702/702
f 697/697/697 702/702/702 700/700/700
f 698/698/698 703/703/703 702/702/702
f 698/698/698 699/699/699 703/703/703
f 699/699/699 704/704/704 703/703/703
f 700/700/700 702/702/702 705/705/705
f 700/700/700 705/705/705 701/701/701
f 701/701/701 705/705/705 706/706/706
f 702/702/702 707/707/707 705/705/705
f 702/702/702 703/703/703 707/707/707
f 703/703/703 708/708/708 707/707/707
f 703/703/703 704/704/704 708/708/708
f 704/704/704 709/709/709 708/708/708
f 705/705/705 707/707/707 710/710/710
f 705/705/705 710/710/710 711/711/711
f 705/705/705 711/711/711 706/706/706
f 707/707/707 708/708/708 712/712/712
f 707/707/707 712/712/712 710/710/710
f 708/708/708 709/709/709 713/713/713
f 708/708/708 713/713/713 712/712/712
f 709/709/709 714/714/714 713/713/713
f 710/710/710 712/712/712 715/715/715
f 710/710/710 715/715/715 711/711/711
f 711/711/711 715/715/715 716/716/716
f 712/712/712 713/713/713 717/717/717
f 712/712/712 717/717/717 715/715/715
f 713/713/713 714/714/714 718/718/718
f 713/713/713 718/718/718 717/717/717
f 714/714/714 719/719/719 718/718/718
f 715/715/715 717/717/717 720/720/720
f 715/715/715 720/720/720 716/716/716
f 716/716/716 720/720/720 721/721/721
f 717/717/717 718/718/718 722/722/722
f 717/717/717 722/722/722 720/720/720
f 718/718/718 719/719/719 723/723/723
f 718/718/718 723/723/723 722/722/722
f 719/719/719 724/724/724 723/723/723
f 720/720/720 722/722/722 725/725/725
f 720/720/720 725/725/725 721/721/721
f 721/721/721 725/725/725 726/726/726
f 722/722/722 723/723/723 727/727/727
f 722/722/722 727/727/727 725/725/725
f 723/723/723 724/724/724 728/728/728
f 723/723/723 728/728/728 727/727/727
f 724/724/724 729/729/729 728/728/728
f 725/725/725 730/730/730 731/731/731
f 725/725/725 731/731/731 726/726/726
f 725/725/725 727/727/727 730/730/730
f 727/727/727 732/732/732 730/730/730
f 727/727/727 728/728/728 732/732/732
f 728/728/728 733/733/733 732/732/732
f 728/728/728 729/729/729 733/733/733
f 729/729/729 734/734/734 733/733/733
f 730/730/730 732/732/732 735/735/735
f 730/730/730 735/735/735 731/731/731
f 731/731/731 735/735/735 736/736/736
f 732/732/732 733/733/733 737/737/737
f 732/732/732 737/737/737 735/735/735
f 733/733/733 734/734/734 738/738/738
f 733/733/733 738/738/738 737/737/737
f 734/734/734 739/739/739 740/740/740
f 734/734/734 740/740/740 738/738/738
f 735/735/735 741/741/741 736/736/736
f 735/735/735 737/737/737 741/741/741
f 736/736/736 741/741/741 742/742/742
f 737/737/737 738/738/738 743/743/743
f 737/737/737 743/743/743 741/741/741
f 738/738/738 740/740/740 743/743/743
f 740/740/740 744/744/744 743/743/743
f 741/741/741 743/743/743 745/745/745
f 741/741/741 745/745/745 742/742/742
f 742/742/742 745/745/745 746/746/746
f 743/743/743 744/744/744 745/745/745
f 744/744/744 747/747/747 745/745/745
f 745/745/745 747/747/747 746/746/746
f 746/746/746 747/747/747 748/748/748
f 749/749/749 750/750/750 751/751/751
f 750/750/750 752/752/752 753/753/753
f 750/750/750 753/753/753 751/751/751
f 751/751/751 753/753/753 754/754/754
f 752/752/752 755/755/755 756/756/756
f 752/752/752 756/756/756 753/753/753
f 753/753/753 756/756/756 757/757/757
f 753/753/753 757/757/757 754/754/754
f 755/755/755 758/758/758 756/756/756
f 755/755/755 759/759/759 758/758/758
f 756/756/756 758/758/758 760/760/760
f 756/756/756 760/760/760 757/757/757
f 758/758/758 761/761/761 760/760/760
f 758/758/758 762/762/762 763/763/763
f 758/758/758 763/763/763 761/761/761
f 758/758/758 759/759/759 762/762/762
f 759/759/759 764/764/764 762/762/762
f 762/762/762 764/764/764 765/765/765
f 762/762/762 765/765/765 763/763/763
f 763/763/763 765/765/765 766/766/766
f 764/764/764 767/767/767 765/765/765
f 765/765/765 768/768/768 766/766/766
f 765/765/765 767/767/767 768/768/768
f 766/766/766 768/768/768 769/769/769
f 767/767/767 770/770/770 768/768/768
f 768/768/768 770/770/770 771/771/771
f 768/768/768 771/771/771 769/769/769
f 769/769/769 771/771/771 772/772/772
f 770/770/770 773/773/773 771/771/771
f 771/771/771 774/774/774 775/775/775
f 771/771/771 775/775/775 772/772/772
f 771/771/771 773/773/773 774/774/774
f 773/773/773 776/776/776 774/774/774
f 774/774/774 776/776/776 777/777/777
f 774/774/774 777/777/777 775/775/775
f 775/775/775 777/777/777 778/778/778
f 776/776/776 779/779/779 777/777/777
f 777/777/777 779/779/779 780/780/780
f 777/777/777 780/780/780 778/778/778
f 778/778/778 780/780/780 781/781/781
f 779/779/779 782/782/782 780/780/780
f 780/780/780 783/783/783 781/781/781
f 780/780/780 782/782/782 783/783/783
f 781/781/781 783/783/783 784/784/784
f 782/782/782 785/785/785 783/783/783
f 783/783/783 786/786/786 787/787/787
f 783/783/783 787/787/787 784/784/784
f 783/783/783 785/785/785 786/786/786
f 785/785/785 788/788/788 786/786/786
f 786/786/786 789/789/789 787/787/787
f 786/786/786 788/788/788 789/789/789
f 787/787/787 789/789/789 790/790/790
f 788/788/788 791/791/791 789/789/789
f 789/789/789 791/791/791 792/792/792
f 789/789/789 792/792/792 790/790/790
f 790/790/790 792/792/792 793/793/793
f 791/791/791 794/794/794 792/792/792
f 792/792/792 794/794/794 795/795/795
f 792/792/792 795/795/795 793/793/793
f 793/793/793 795/795/795 796/796/796
f 794/794/794 797/797/797 795/795/795
f 795/795/795 797/797/797 798/798/798
f 795/795/795 798/798/798 796/796/796
f 796/796/796 798/798/798 799/799/799
f 800/800/800 801/801/801 802/802/802
f 802/802/802 803/803/803 804/804/804
f 802/802/802 801/801/801 803/803/803
f 801/801/801 805/805/805 803/803/803
f 804/804/804 803/803/803 806/806/806
f 804/804/804 806/806/806 807/807/807
f 803/803/803 808/808/808 806/806/806
f 803/803/803 805/805/805 808/808/808
f 805/805/805 809/809/809 808/808/808
f 806/806/806 810/810/810 807/807/807
f 806/806/806 808/808/808 811/811/811
f 806/806/806 811/811/811 810/810/810
f 807/807/807 810/810/810 812/812/812
f 808/808/808 809/809/809 813/813/813
f 808/808/808 813/813/813 811/811/811
f 809/809/809 814/814/814 813/813/813
f 810/810/810 815/815/815 812/812/812
f 810/810/810 816/816/816 815/815/815
f 810/810/810 811/811/811 816/816/816
f 811/811/811 813/813/813 817/817/817
f 811/811/811 817/817/817 816/816/816
f 813/813/813 818/818/818 817/817/817
f 813/813/813 814/814/814 818/818/818
f 814/814/814 819/819/819 818/818/818
f 815/815/815 816/816/816 820/820/820
f 816/816/816 817/817/817 821/821/821
f 816/816/816 821/821/821 820/820/820
f 817/817/817 818/818/818 822/822/822
f 817/817/817 822/822/822 821/821/821
f 818/818/818 819/819/819 823/823/823
f 818/818/818 823/823/823 822/822/822
f 819/819/819 824/824/824 823/823/823
f 820/820/820 821/821/821 825/825/825
f 821/821/821 826/826/826 827/827/827
f 821/821/821 827/827/827 825/825/825
f 821/821/821 822/822/822 826/826/826
f 822/822/822 828/828/828 826/826/826
f 822/822/822 823/823/823 828/828/828
f 823/823/823 829/829/829 828/828/828
f 823/823/823 824/824/824 829/829/829
f 824/824/824 830/830/830 829/829/829
f 826/826/826 828/828/828 831/831/831
f 826/826/826 831/831/831 827/827/827
f 827/827/827 831/831/831 832/832/832
f 828/828/828 829/829/829 833/833/833
f 828/828/828 833/833/833 831/831/831
f 829/829/829 830/830/830 834/834/834
f 829/829/829 834/834/834 833/833/833
f 830/830/830 835/835/835 834/834/834
f 831/831/831 836/836/836 832/832/832
f 831/831/831 833/833/833 836/836/836
f 832/832/832 836/836/836 837/837/837
f 833/833/833 834/834/834 838/838/838
f 833/833/833 838/838/838 836/836/836
f 834/834/834 839/839/839 838/838/838
f 834/834/834 835/835/835 839/839/839
f 835/835/835 840/840/840 839/839/839
f 836/836/836 838/838/838 841/841/841
f 836/836/836 841/841/841 837/837/837
f 837/837/837 841/841/841 842/842/842
f 838/838/838 839/839/839 843/843/843
f 838/838/838 843/843/843 841/841/841
f 839/839/839 844/844/844 843/843/843
f 839/839/839 840/840/840 844/844/844
f 840/840/840 845/845/845 844/844/844
f 841/841/841 846/846/846 842/842/842
f 841/841/841 847/847/847 846/846/846
f 841/841/841 843/843/843 847/847/847
f 843/843/843 844/844/844 848/848/848
f 843/843/843 848/848/848 847/847/847
f 844/844/844 849/849/849 848/848/848
f 844/844/844 845/845/845 849/849/849
f 845/845/845 850/850/850 849/849/849
f 846/846/846 847/847/847 851/851/851
f 846/846/846 851/851/851 852/852/852
f 847/847/847 848/848/848 851/851/851
f 848/848/848 853/853/853 851/851/851
f 848/848/848 849/849/849 853/853/853
f 849/849/849 850/850/850 854/854/854
f 849/849/849 854/854/854 853/853/853
f 850/850/850 855/855/855 854/854/854
f 851/851/851 853/853/853 856/856/856
f 851/851/851 856/856/856 852/852/852
f 852/852/852 856/856/856 857/857/857
f 853/853/853 854/854/854 858/858/858
f 853/853/853 858/858/858 856/856/856
f 854/854/854 855/855/855 859/859/859
f 854/854/854 859/859/859 858/858/858
f 855/855/855 860/860/860 859/859/859
f 856/856/856 861/861/861 857/857/857
f 856/856/856 858/858/858 861/861/861
f 857/857/857 861/861/861 862/862/862
f 858/858/858 863/863/863 861/861/861
f 858/858/858 859/859/859 863/863/863
f 859/859/859 860/860/860 864/864/864
f 859/859/859 864/864/864 863/863/863
f 860/860/860 865/865/865 864/864/864
f 861/861/861 866/866/866 867/867/867
f 861/861/861 863/863/863 866/866/866
f 861/861/861 867/867/867 862/862/862
f 863/863/863 864/864/864 868/868/868
f 863/863/863 868/868/868 866/866/866
f 864/864/864 869/869/869 868/868/868
f 864/864/864 865/865/865 869/869/869
f 865/865/865 870/870/870 869/869/869
f 866/866/866 871/871/871 867/867/867
f 866/866/866 868/868/868 871/871/871
f 867/867/867 871/871/871 872/872/872
f 868/868/868 873/873/873 871/871/871
f 868/868/868 869/869/869 873/873/873
f 869/869/869 870/870/870 874/874/874
f 869/869/869 874/874/874 873/873/873
f 870/870/870 875/875/875 876/876/876
f 870/870/870 876/876/876 874/874/874
f 871/871/871 873/873/873 877/877/877
f 871/871/871 877/877/877 872/872/872
f 872/872/872 877/877/877 878/878/878
f 873/873/873 879/879/879 877/877/877
f 873/873/873 874/874/874 879/879/879
f 874/874/874 876/876/876 879/879/879
f 876/876/876 880/880/880 879/879/879
f 877/877/877 879/879/879 881/881/881
f 877/877/877 881/881/881 878/878/878
f 878/878/878 881/881/881 882/882/882
f 879/879/879 880/880/880 881/881/881
f 880/880/880 883/883/883 881/881/881
f 881/881/881 883/883/883 882/882/882
f 882/882/882 883/883/883 884/884/884
f 885/885/885 886/886/886 887/887/887
f 887/887/887 886/886/886 888/888/888
f 886/886/886 889/889/889 888/888/888
f 888/888/888 889/889/889 890/890/890
f 889/889/889 891/891/891 890/890/890
f 889/889/889 892/892/892 891/891/891
f 891/891/891 892/892/892 893/893/893
f 892/892/892 894/894/894 893/893/893
f 893/893/893 894/894/894 895/895/895
f 894/894/894 896/896/896 895/895/895
f 894/894/894 897/897/897 896/896/896
f 896/896/896 897/897/897 898/898/898
f 897/897/897 899/899/899 898/898/898
f 898/898/898 899/899/899 900/900/900
f 899/899/899 901/901/901 900/900/900
f 899/899/899 902/902/902 901/901/901
f 901/901/901 902/902/902 903/903/903
f 902/902/902 904/904/904 903/903/903
f 903/903/903 904/904/904 905/905/905
f 904/904/904 906/906/906 905/905/905
f 904/904/904 907/907/907 906/906/906
f 906/906/906 907/907/907 908/908/908
f 907/907/907 909/909/909 908/908/908
f 908/908/908 909/909/909 910/910/910
f 909/909/909 911/911/911 910/910/910
f 909/909/909 912/912/912 911/911/911
f 911/911/911 912/912/912 913/913/913
f 912/912/912 914/914/914 913/913/913
f 913/913/913 914/914/914 915/915/915
f 914/914/914 916/916/916 915/915/915
f 914/914/914 917/917/917 916/916/916
f 916/916/916 917/917/917 918/918/918
f 917/917/917 919/919/919 918/918/918
f 918/918/918 919/919/919 920/920/920
f 919/919/919 921/921/921 920/920/920
f 919/919/919 922/922/922 921/921/921
f 921/921/921 922/922/922 923/923/923
f 922/922/922 924/924/924 923/923/923
f 923/923/923 924/924/924 925/925/925
f 924/924/924 926/926/926 925/925/925
f 924/924/924 927/927/927 926/926/926
f 926/926/926 927/927/927 928/928/928
f 927/927/927 929/929/929 928/928/928
f 928/928/928 929/929/929 930/930/930
f 929/929/929 931/931/931 930/930/930
f 929/929/929 932/932/932 931/931/931
f 931/931/931 932/932/932 933/933/933
f 932/932/932 934/934/934 933/933/933
f 933/933/933 934/934/934 935/935/935
f 934/934/934 936/936/936 935/935/935
f 934/934/934 937/937/937 936/936/936
f 936/936/936 937/937/937 938/938/938
f 937/937/937 939/939/939 938/938/938
f 938/938/938 939/939/939 940/940/940
f 939/939/939 941/941/941 942/942/942
f 939/939/939 942/942/942 940/940/940
f 941/941/941 943/943/943 942/942/942
f 942/942/942 943/943/943 944/944/944
f 943/943/943 945/945/945 944/944/944
f 943/943/943 946/946/946 945/945/945
f 945/945/945 946/946/946 947/947/947
f 946/946/946 948/948/948 947/947/947
f 947/947/947 948/948/948 949/949/949
f 948/948/948 950/950/950 949/949/949
f 949/949/949 950/950/950 951/951/951
f 950/950/950 952/952/952 951/951/951
f 950/950/950 953/953/953 952/952/952
f 952/952/952 953/953/953 954/954/954
f 953/953/953 955/955/955 954/954/954
f 954/954/954 955/955/955 956/956/956
f 955/955/955 957/957/957 956/956/956
f 955/955/955 958/958/958 957/957/957
f 957/957/957 958/958/958 959/959/959
f 958/958/958 960/960/960 959/959/959
f 959/959/959 960/960/960 961/961/961
f 960/960/960 962/962/962 963/963/963
f 960/960/960 963/963/963 961/961/961
f 962/962/962 964/964/964 965/965/965
f 962/962/962 965/965/965 963/963/963
f 964/964/964 966/966/966 965/965/965
f 964/964/964 967/967/967 966/966/966
f 964/964/964 968/968/968 967/967/967
f 967/967/967 968/968/968 969/969/969
f 968/968/968 970/970/970 969/969/969
f 969/969/969 970/970/970 971/971/971
f 970/970/970 972/972/972 973/973/973
f 970/970/970 973/973/973 971/971/971
f 972/972/972 974/974/974 973/973/973
f 973/973/973 974/974/974 975/975/975
f 974/974/974 976/976/976 977/977/977
f 974/974/974 977/977/977 975/975/975
f 976/976/976 978/978/978 979/979/979
f 976/976/976 979/979/979 977/977/977
f 978/978/978 980/980/980 981/981/981
f 978/978/978 981/981/981 979/979/979
f 980/980/980 982/982/982 983/983/983
f 980/980/980 983/983/983 984/984/984
f 980/980/980 984/984/984 981/981/981
f 982/982/982 985/985/985 986/986/986
f 982/982/982 986/986/986 983/983/983
f 985/985/985 987/987/987 988/988/988
f 985/985/985 988/988/988 989/989/989
f 985/985/985 989/989/989 986/986/986
f 987/987/987 990/990/990 991/991/991
f 987/987/987 991/991/991 988/988/988
f 990/990/990 992/992/992 993/993/993
f 990/990/990 993/993/993 994/994/994
f 990/990/990 994/994/994 991/991/991
f 992/992/992 995/995/995 996/996/996
f 992/992/992 996/996/996 993/993/993
f 995/995/995 997/997/997 998/998/998
f 995/995/995 998/998/998 999/999/999
f 995/995/995 999/999/999 996/996/996
f 997/997/997 1000/1000/1000 1001/1001/1001
f 997/997/997 1001/1001/1001 998/998/998
f 1000/1000/1000 1002/1002/1002 1003/1003/1003
f 1000/1000/1000 1003/1003/1003 1004/1004/1004
f 1000/1000/1000 1004/1004/1004 1001/1001/1001
f 1002/1002/1002 1005/1005/1005 1006/1006/1006
f 1002/1002/1002 1006/1006/1006 1003/1003/1003
f 1005/1005/1005 1007/1007/1007 1008/1008/1008
f 1005/1005/1005 1008/1008/1008 1006/1006/1006
f 1007/1007/1007 1009/1009/1009 1010/1010/1010
f 1007/1007/1007 1010/1010/1010 1008/1008/1008
f 1007/1007/1007 1011/1011/1011 1009/1009/1009
f 1009/1009/1009 1011/1011/1011 1012/1012/1012
f 1011/1011/1011 1013/1013/1013 1014/1014/1014
f 1011/1011/1011 1014/1014/1014 1012/1012/1012
f 1013/1013/1013 1015/1015/1015 1014/1014/1014
f 1013/1013/1013 1016/1016/1016 1015/1015/1015
f 1015/1015/1015 1016/1016/1016 1017/1017/1017
f 1016/1016/1016 1018/1018/1018 1019/1019/1019
f 1016/1016/1016 1019/1019/1019 1017/1017/1017
f 1018/1018/1018 1020/1020/1020 1019/1019/1019
f 1018/1018/1018 1021/1021/1021 1020/1020/1020
f 1020/1020/1020 1021/1021/1021 1022/1022/1022
f 1021/1021/1021 1023/1023/1023 1024/1024/1024
f 1021/1021/1021 1024/1024/1024 1022/1022/1022
f 1023/1023/1023 1025/1025/1025 1024/1024/1024
f 1023/1023/1023 1026/1026/1026 1025/1025/1025
f 1025/1025/1025 1026/1026/1026 1027/1027/1027
f 1026/1026/1026 1028/1028/1028 1029/1029/1029
f 1026/1026/1026 1029/1029/1029 1027/1027/1027
f 1028/1028/1028 1030/1030/1030 1029/1029/1029
f 1028/1028/1028 1031/1031/1031 1030/1030/1030
f 1030/1030/1030 1031/1031/1031 1032/1032/1032
f 1031/1031/1031 1033/1033/1033 1032/1032/1032
f 1031/1031/1031 1034/1034/1034 1033/1033/1033
f 1033/1033/1033 1035/1035/1035 1036/1036/1036
f 1033/1033/1033 1034/1034/1034 1035/1035/1035
f 1035/1035/1035 1037/1037/1037 1038/1038/1038
f 1035/1035/1035 1038/1038/1038 1036/1036/1036
f 1037/1037/1037 1039/1039/1039 1040/1040/1040
f 1037/1037/1037 1040/1040/1040 1038/1038/1038
f 1039/1039/1039 1041/1041/1041 1042/1042/1042
f 1039/1039/1039 1042/1042/1042 1040/1040/1040
f 1041/1041/1041 1043/1043/1043 1044/1044/1044
f 1041/1041/1041 1044/1044/1044 1045/1045/1045
f 1041/1041/1041 1045/1045/1045 1042/1042/1042
f 1043/1043/1043 1046/1046/1046 1047/1047/1047
f 1043/1043/1043 1047/1047/1047 1044/1044/1044
f 1046/1046/1046 1048/1048/1048 1049/1049/1049
f 1046/1046/1046 1049/1049/1049 1050/1050/1050
f 1046/1046/1046 1050/1050/1050 1047/1047/1047
f 1048/1048/1048 1051/1051/1051 1052/1052/1052
f 1048/1048/1048 1052/1052/1052 1049/1049/1049
f 1051/1051/1051 1053/1053/1053 1054/1054/1054
f 1051/1051/1051 1054/1054/1054 1055/1055/1055
f 1051/1051/1051 1055/1055/1055 1052/1052/1052
f 1053/1053/1053 1056/1056/1056 1057/1057/1057
f 1053/1053/1053 1057/1057/1057 1054/1054/1054
f 1056/1056/1056 1058/1058/1058 1059/1059/1059
f 1056/1056/1056 1059/1059/1059 1060/1060/1060
f 1056/1056/1056 1060/1060/1060 1057/1057/1057
f 1058/1058/1058 1061/1061/1061 1062/1062/1062
f 1058/1058/1058 1062/1062/1062 1059/1059/1059
f 1061/1061/1061 1063/1063/1063 1064/1064/1064
f 1061/1061/1061 1064/1064/1064 1065/1065/1065
f 1061/1061/1061 1065/1065/1065 1062/1062/1062
f 1063/1063/1063 1066/1066/1066 1064/1064/1064
f 1064/1064/1064 1066/1066/1066 1067/1067/1067
f 1066/1066/1066 1068/1068/1068 1069/1069/1069
f 1066/1066/1066 1069/1069/1069 1067/1067/1067
f 1068/1068/1068 1070/1070/1070 1071/1071/1071
f 1068/1068/1068 1071/1071/1071 1069/1069/1069
f 1070/1070/1070 1072/1072/1072 1073/1073/1073
f 1070/1070/1070 1073/1073/1073 1071/1071/1071
f 1072/1072/1072 1074/1074/1074 1075/1075/1075
f 1072/1072/1072 1075/1075/1075 1076/1076/1076
f 1072/1072/1072 1076/1076/1076 1073/1073/1073
f 1074/1074/1074 1077/1077/1077 1078/1078/1078
f 1074/1074/1074 1078/1078/1078 1075/1075/1075
f 1077/1077/1077 1079/1079/1079 1080/1080/1080
f 1077/1077/1077 1081/1081/1081 1078/1078/1078
f 1077/1077/1077 1080/1080/1080 1081/1081/1081
f 1079/1079/1079 1082/1082/1082 1083/1083/1083
f 1079/1079/1079 1083/1083/1083 1080/1080/1080
f 1082/1082/1082 1084/1084/1084 1085/1085/1085
f 1082/1082/1082 1085/1085/1085 1086/1086/1086
f 1082/1082/1082 1086/1086/1086 1083/1083/1083
f 1084/1084/1084 1087/1087/1087 1085/1085/1085
f 1084/1084/1084 1088/1088/1088 1087/1087/1087
f 1087/1087/1087 1088/1088/1088 1089/1089/1089
f 1088/1088/1088 1090/1090/1090 1091/1091/1091
f 1088/1088/1088 1091/1091/1091 1089/1089/1089
f 1090/1090/1090 1092/1092/1092 1093/1093/1093
f 1090/1090/1090 1093/1093/1093 1091/1091/1091
f 1092/1092/1092 1094/1094/1094 1095/1095/1095
f 1092/1092/1092 1096/1096/1096 1093/1093/1093
f 1092/1092/1092 1095/1095/1095 1096/1096/1096
f 1094/1094/1094 1097/1097/1097 1098/1098/1098
f 1094/1094/1094 1098/1098/1098 1095/1095/1095
f 1097/1097/1097 1099/1099/1099 1100/1100/1100
f 1097/1097/1097 1101/1101/1101 1099/1099/1099
f 1097/1097/1097 1100/1100/1100 1098/1098/1098
f 1099/1099/1099 1101/1101/1101 1102/1102/1102
f 1101/1101/1101 1103/1103/1103 1102/1102/1102
f 1102/1102/1102 1103/1103/1103 1104/1104/1104
f 1103/1103/1103 1105/1105/1105 1106/1106/1106
f 1103/1103/1103 1106/1106/1106 1104/1104/1104
f 1105/1105/1105 1107/1107/1107 1108/1108/1108
f 1105/1105/1105 1108/1108/1108 1106/1106/1106
f 1107/1107/1107 1109/1109/1109 1110/1110/1110
f 1107/1107/1107 1110/1110/1110 1111/1111/1111
f 1107/1107/1107 1111/1111/1111 1108/1108/1108
f 1109/1109/1109 1112/1112/1112 1110/1110/1110
f 1109/1109/1109 1113/1113/1113 1112/1112/1112
f 1112/1112/1112 1113/1113/1113 1114/1114/1114
f 1113/1113/1113 1115/1115/1115 1114/1114/1114
f 1113/1113/1113 1116/1116/1116 1115/1115/1115
f 1115/1115/1115 1116/1116/1116 1117/1117/1117
f 1116/1116/1116 1118/1118/1118 1117/1117/1117
f 1117/1117/1117 1118/1118/1118 1119/1119/1119
f 1118/1118/1118 1120/1120/1120 1121/1121/1121
f 1118/1118/1118 1121/1121/1121 1119/1119/1119
f 1120/1120/1120 1122/1122/1122 1123/1123/1123
f 1120/1120/1120 1123/1123/1123 1121/1121/1121
f 1122/1122/1122 1124/1124/1124 1125/1125/1125
f 1122/1122/1122 1126/1126/1126 1124/1124/1124
f 1122/1122/1122 1125/1125/1125 1123/1123/1123
f 1124/1124/1124 1126/1126/1126 1127/1127/1127
f 1124/1124/1124 1127/1127/1127 1128/1128/1128
f 1127/1127/1127 1129/1129/1129 1128/1128/1128
f 1127/1127/1127 1130/1130/1130 1129/1129/1129
f 1129/1129/1129 1130/1130/1130 1131/1131/1131
f 1132/1132/1132 1133/1133/1133 1134/1134/1134
f 1133/1133/1133 1135/1135/1135 1134/1134/1134
f 1133/1133/1133 1136/1136/1136 1135/1135/1135
f 1134/1134/1134 1135/1135/1135 1137/1137/1137
f 1135/1135/1135 1138/1138/1138 1137/1137/1137
f 1135/1135/1135 1139/1139/1139 1138/1138/1138
f 1135/1135/1135 1136/1136/1136 1139/1139/1139
f 1136/1136/1136 1140/1140/1140 1139/1139/1139
f 1138/1138/1138 1139/1139/1139 1141/1141/1141
f 1139/1139/1139 1140/1140/1140 1142/1142/1142
f 1139/1139/1139 1142/1142/1142 1141/1141/1141
f 1140/1140/1140 1143/1143/1143 1142/1142/1142
f 1141/1141/1141 1142/1142/1142 1144/1144/1144
f 1142/1142/1142 1145/1145/1145 1146/1146/1146
f 1142/1142/1142 1143/1143/1143 1145/1145/1145
f 1142/1142/1142 1146/1146/1146 1144/1144/1144
f 1143/1143/1143 1147/1147/1147 1145/1145/1145
f 1145/1145/1145 1148/1148/1148 1146/1146/1146
f 1145/1145/1145 1147/1147/1147 1148/1148/1148
f 1146/1146/1146 1148/1148/1148 1149/1149/1149
f 1147/1147/1147 1150/1150/1150 1148/1148/1148
f 1148/1148/1148 1150/1150/1150 1151/1151/1151
f 1148/1148/1148 1151/1151/1151 1149/1149/1149
f 1149/1149/1149 1151/1151/1151 1152/1152/1152
f 1150/1150/1150 1153/1153/1153 1151/1151/1151
f 1151/1151/1151 1153/1153/1153 1154/1154/1154
f 1151/1151/1151 1154/1154/1154 1152/1152/1152
f 1152/1152/1152 1154/1154/1154 1155/1155/1155
f 1153/1153/1153 1156/1156/1156 1154/1154/1154
f 1154/1154/1154 1156/1156/1156 1157/1157/1157
f 1154/1154/1154 1158/1158/1158 1155/1155/1155
f 1154/1154/1154 1157/1157/1157 1158/1158/1158
f 1156/1156/1156 1159/1159/1159 1157/1157/1157
f 1157/1157/1157 1159/1159/1159 1160/1160/1160
f 1157/1157/1157 1160/1160/1160 1158/1158/1158
f 1158/1158/1158 1160/1160/1160 1161/1161/1161
f 1159/1159/1159 1162/1162/1162 1160/1160/1160
f 1160/1160/1160 1163/1163/1163 1161/1161/1161
f 1160/1160/1160 1162/1162/1162 1163/1163/1163
f 1161/1161/1161 1163/1163/1163 1164/1164/1164
f 1162/1162/1162 1165/1165/1165 1163/1163/1163
f 1163/1163/1163 1165/1165/1165 1166/1166/1166
f 1163/1163/1163 1166/1166/1166 1164/1164/1164
f 1164/1164/1164 1166/1166/1166 1167/1167/1167
f 1165/1165/1165 1168/1168/1168 1166/1166/1166
f 1166/1166/1166 1169/1169/1169 1170/1170/1170
f 1166/1166/1166 1168/1168/1168 1169/1169/1169
f 1166/1166/1166 1170/1170/1170 1167/1167/1167
f 1168/1168/1168 1171/1171/1171 1169/1169/1169
f 1169/1169/1169 1172/1172/1172 1170/1170/1170
f 1169/1169/1169 1171/1171/1171 1172/1172/1172
f 1170/1170/1170 1172/1172/1172 1173/1173/1173
f 1171/1171/1171 1174/1174/1174 1172/1172/1172
f 1172/1172/1172 1175/1175/1175 1173/1173/1173
f 1172/1172/1172 1174/1174/1174 1175/1175/1175
f 1173/1173/1173 1175/1175/1175 1176/1176/1176
f 1174/1174/1174 1177/1177/1177 1175/1175/1175
f 1175/1175/1175 1178/1178/1178 1176/1176/1176
f 1175/1175/1175 1177/1177/1177 1178/1178/1178
f 1176/1176/1176 1178/1178/1178 1179/1179/1179
f 1177/1177/1177 1180/1180/1180 1178/1178/1178
f 1178/1178/1178 1180/1180/1180 1181/1181/1181
f 1178/1178/1178 1181/1181/1181 1179/1179/1179
f 1179/1179/1179 1181/1181/1181 1182/1182/1182
f 1183/1183/1183 1184/1184/1184 1185/1185/1185
f 1184/1184/1184 1186/1186/1186 1185/1185/1185
f 1184/1184/1184 1187/1187/1187 1186/1186/1186
f 1186/1186/1186 1187/1187/1187 1188/1188/1188
f 1187/1187/1187 1189/1189/1189 1188/1188/1188
f 1188/1188/1188 1189/1189/1189 1190/1190/1190
f 1188/1188/1188 1190/1190/1190 1191/1191/1191
f 1190/1190/1190 1192/1192/1192 1191/1191/1191
f 1191/1191/1191 1192/1192/1192 1193/1193/1193
f 1192/1192/1192 1194/1194/1194 1193/1193/1193
f 1193/1193/1193 1194/1194/1194 1195/1195/1195
f 1193/1193/1193 1195/1195/1195 1196/1196/1196
f 1195/1195/1195 1197/1197/1197 1196/1196/1196
f 1196/1196/1196 1197/1197/1197 1198/1198/1198
f 1197/1197/1197 1199/1199/1199 1198/1198/1198
f 1198/1198/1198 1199/1199/1199 1200/1200/1200
f 1199/1199/1199 1201/1201/1201 1200/1200/1200
f 1200/1200/1200 1201/1201/1201 1202/1202/1202
f 1200/1200/1200 1202/1202/1202 1203/1203/1203
f 1202/1202/1202 1204/1204/1204 1203/1203/1203
f 1202/1202/1202 1205/1205/1205 1204/1204/1204
f 1204/1204/1204 1205/1205/1205 1206/1206/1206
f 1204/1204/1204 1206/1206/1206 1207/1207/1207
f 1206/1206/1206 1208/1208/1208 1207/1207/1207
f 1207/1207/1207 1208/1208/1208 1209/1209/1209
f 1208/1208/1208 1210/1210/1210 1209/1209/1209
f 1209/1209/1209 1211/1211/1211 1212/1212/1212
f 1209/1209/1209 1210/1210/1210 1211/1211/1211
f 1211/1211/1211 1213/1213/1213 1212/1212/1212
f 1212/1212/1212 1213/1213/1213 1214/1214/1214
f 1213/1213/1213 1215/1215/1215 1214/1214/1214
f 1214/1214/1214 1216/1216/1216 1217/1217/1217
f 1214/1214/1214 1215/1215/1215 1216/1216/1216
f 1216/1216/1216 1218/1218/1218 1217/1217/1217
f 1217/1217/1217 1218/1218/1218 1219/1219/1219
f 1218/1218/1218 1220/1220/1220 1219/1219/1219
f 1219/1219/1219 1220/1220/1220 1221/1221/1221
f 1219/1219/1219 1221/1221/1221 1222/1222/1222
f 1221/1221/1221 1223/1223/1223 1222/1222/1222
f 1222/1222/1222 1223/1223/1223 1224/1224/1224
f 1223/1223/1223 1225/1225/1225 1224/1224/1224
f 1224/1224/1224 1226/1226/1226 1227/1227/1227
f 1224/1224/1224 1225/1225/1225 1226/1226/1226
f 1226/1226/1226 1228/1228/1228 1227/1227/1227
f 1227/1227/1227 1228/1228/1228 1229/1229/1229
f 1228/1228/1228 1230/1230/1230 1229/1229/1229
f 1229/1229/1229 1231/1231/1231 1232/1232/1232
f 1229/1229/1229 1230/1230/1230 1231/1231/1231
f 1231/1231/1231 1233/1233/1233 1232/1232/1232
f 1232/1232/1232 1233/1233/1233 1234/1234/1234
f 1233/1233/1233 1235/1235/1235 1234/1234/1234
f 1234/1234/1234 1235/1235/1235 1236/1236/1236
f 1234/1234/1234 1236/1236/1236 1237/1237/1237
f 1236/1236/1236 1238/1238/1238 1237/1237/1237
f 1237/1237/1237 1238/1238/1238 1239/1239/1239
f 1238/1238/1238 1240/1240/1240 1239/1239/1239
f 1239/1239/1239 1240/1240/1240 1241/1241/1241
f 1240/1240/1240 1242/1242/1242 1241/1241/1241
f 1241/1241/1241 1242/1242/1242 1243/1243/1243
f 1241/1241/1241 1243/1243/1243 1244/1244/1244
f 1243/1243/1243 1245/1245/1245 1244/1244/1244
f 1243/1243/1243 1246/1246/1246 1245/1245/1245
f 1245/1245/1245 1247/1247/1247 1248/1248/1248
f 1245/1245/1245 1246/1246/1246 1247/1247/1247
f 1247/1247/1247 1249/1249/1249 1248/1248/1248
f 1248/1248/1248 1249/1249/1249 1250/1250/1250
f 1249/1249/1249 1251/1251/1251 1250/1250/1250
f 1250/1250/1250 1252/1252/1252 1253/1253/1253
f 1250/1250/1250 1251/1251/1251 1252/1252/1252
f 1252/1252/1252 1254/1254/1254 1253/1253/1253
f 1253/1253/1253 1254/1254/1254 1255/1255/1255
f 1254/1254/1254 1256/1256/1256 1255/1255/1255
f 1255/1255/1255 1257/1257/1257 1258/1258/1258
f 1255/1255/1255 1256/1256/1256 1257/1257/1257
f 1257/1257/1257 1259/1259/1259 1258/1258/1258
f 1258/1258/1258 1259/1259/1259 1260/1260/1260
f 1259/1259/1259 1261/1261/1261 1260/1260/1260
f 1260/1260/1260 1262/1262/1262 1263/1263/1263
f 1260/1260/1260 1261/1261/1261 1262/1262/1262
f 1262/1262/1262 1264/1264/1264 1263/1263/1263
f 1263/1263/1263 1264/1264/1264 1265/1265/1265
f 1264/1264/1264 1266/1266/1266 1265/1265/1265
f 1265/1265/1265 1267/1267/1267 1268/1268/1268
f 1265/1265/1265 1266/1266/1266 1267/1267/1267
f 1267/1267/1267 1269/1269/1269 1268/1268/1268
f 1268/1268/1268 1269/1269/1269 1270/1270/1270
f 1269/1269/1269 1271/1271/1271 1270/1270/1270
f 1270/1270/1270 1272/1272/1272 1273/1273/1273
f 1270/1270/1270 1271/1271/1271 1272/1272/1272
f 1272/1272/1272 1274/1274/1274 1273/1273/1273
f 1273/1273/1273 1274/1274/1274 1275/1275/1275
f 1274/1274/1274 1276/1276/1276 1275/1275/1275
f 1275/1275/1275 1277/1277/1277 1278/1278/1278
f 1275/1275/1275 1276/1276/1276 1277/1277/1277
f 1277/1277/1277 1279/1279/1279 1278/1278/1278
f 1278/1278/1278 1279/1279/1279 1280/1280/1280
f 1279/1279/1279 1281/1281/1281 1280/1280/1280
f 1280/1280/1280 1282/1282/1282 1283/1283/1283
f 1280/1280/1280 1281/1281/1281 1282/1282/1282
f 1282/1282/1282 1284/1284/1284 1283/1283/1283
f 1283/1283/1283 1284/1284/1284 1285/1285/1285
f 1284/1284/1284 1286/1286/1286 1285/1285/1285
f 1285/1285/1285 1287/1287/1287 1288/1288/1288
f 1285/1285/1285 1286/1286/1286 1287/1287/1287
f 1287/1287/1287 1289/1289/1289 1288/1288/1288
f 1288/1288/1288 1289/1289/1289 1290/1290/1290
f 1289/1289/1289 1291/1291/1291 1290/1290/1290
f 1290/1290/1290 1292/1292/1292 1293/1293/1293
f 1290/1290/1290 1291/1291/1291 1292/1292/1292
f 1292/1292/1292 1294/1294/1294 1293/1293/1293
f 1293/1293/1293 1294/1294/1294 1295/1295/1295
f 1294/1294/1294 1296/1296/1296 1295/1295/1295
f 1295/1295/1295 1297/1297/1297 1298/1298/1298
f 1295/1295/1295 1296/1296/1296 1297/1297/1297
f 1297/1297/1297 1299/1299/1299 1298/1298/1298
f 1298/1298/1298 1299/1299/1299 1300/1300/1300
f 1299/1299/1299 1301/1301/1301 1300/1300/1300
f 1300/1300/1300 1302/1302/1302 1303/1303/1303
f 1300/1300/1300 1301/1301/1301 1302/1302/1302
f 1302/1302/1302 1304/1304/1304 1303/1303/1303
f 1303/1303/1303 1304/1304/1304 1305/1305/1305
f 1304/1304/1304 1306/1306/1306 1305/1305/1305
f 1305/1305/1305 1307/1307/1307 1308/1308/1308
f 1305/1305/1305 1306/1306/1306 1307/1307/1307
f 1307/1307/1307 1309/1309/1309 1308/1308/1308
f 1308/1308/1308 1309/1309/1309 1310/1310/1310
f 1309/1309/1309 1311/1311/1311 1310/1310/1310
f 1310/1310/1310 1312/1312/1312 1313/1313/1313
f 1310/1310/1310 1311/1311/1311 1312/1312/1312
f 1312/1312/1312 1314/1314/1314 1313/1313/1313
f 1313/1313/1313 1314/1314/1314 1315/1315/1315
f 1314/1314/1314 1316/1316/1316 1315/1315/1315
f 1315/1315/1315 1317/1317/1317 1318/1318/1318
f 1315/1315/1315 1316/1316/1316 1317/1317/1317
f 1317/1317/1317 1319/1319/1319 1318/1318/1318
f 1318/1318/1318 1319/1319/1319 1320/1320/1320
f 1319/1319/1319 1321/1321/1321 1320/1320/1320
f 1320/1320/1320 1322/1322/1322 1323/1323/1323
f 1320/1320/1320 1321/1321/1321 1322/1322/1322
f 1322/1322/1322 1324/1324/1324 1323/1323/1323
f 1323/1323/1323 1324/1324/1324 1325/1325/1325
f 1324/1324/1324 1326/1326/1326 1325/1325/1325
f 1325/1325/1325 1326/1326/1326 1327/1327/1327
f 1325/1325/1325 1327/1327/1327 1328/1328/1328
f 1327/1327/1327 1329/1329/1329 1328/1328/1328
f 1327/1327/1327 1330/1330/1330 1329/1329/1329
f 1329/1329/1329 1331/1331/1331 1332/1332/1332
f 1329/1329/1329 1330/1330/1330 1331/1331/1331
f 1331/1331/1331 1333/1333/1333 1332/1332/1332
f 1332/1332/1332 1333/1333/1333 1334/1334/1334
f 1333/1333/1333 1335/1335/1335 1334/1334/1334
f 1334/1334/1334 1335/1335/1335 1336/1336/1336
f 1335/1335/1335 1337/1337/1337 1336/1336/1336
f 1336/1336/1336 1338/1338/1338 1339/1339/1339
f 1336/1336/1336 1337/1337/1337 1338/1338/1338
f 1338/1338/1338 1340/1340/1340 1339/1339/1339
f 1339/1339/1339 1340/1340/1340 1341/1341/1341
f 1340/1340/1340 1342/1342/1342 1341/1341/1341
f 1341/1341/1341 1342/1342/1342 1343/1343/1343
f 1341/1341/1341 1343/1343/1343 1344/1344/1344
f 1343/1343/1343 1345/1345/1345 1344/1344/1344
f 1344/1344/1344 1345/1345/1345 1346/1346/1346
f 1345/1345/1345 1347/1347/1347 1346/1346/1346
f 1346/1346/1346 1348/1348/1348 1349/1349/1349
f 1346/1346/1346 1347/1347/1347 1348/1348/1348
f 1348/1348/1348 1350/1350/1350 1349/1349/1349
f 1349/1349/1349 1350/1350/1350 1351/1351/1351
f 1350/1350/1350 1352/1352/1352 1351/1351/1351
f 1351/1351/1351 1353/1353/1353 1354/1354/1354
f 1351/1351/1351 1352/1352/1352 1353/1353/1353
f 1353/1353/1353 1355/1355/1355 1354/1354/1354
f 1354/1354/1354 1355/1355/1355 1356/1356/1356
f 1355/1355/1355 1357/1357/1357 1356/1356/1356
f 1356/1356/1356 1358/1358/1358 1359/1359/1359
f 1356/1356/1356 1357/1357/1357 1358/1358/1358
f 1358/1358/1358 1360/1360/1360 1359/1359/1359
f 1359/1359/1359 1360/1360/1360 1361/1361/1361
f 1360/1360/1360 1362/1362/1362 1361/1361/1361
f 1361/1361/1361 1363/1363/1363 1364/1364/1364
f 1361/1361/1361 1362/1362/1362 1363/1363/1363
f 1363/1363/1363 1365/1365/1365 1364/1364/1364
f 1364/1364/1364 1365/1365/1365 1366/1366/1366
f 1365/1365/1365 1367/1367/1367 1366/1366/1366
f 1366/1366/1366 1368/1368/1368 1369/1369/1369
f 1366/1366/1366 1367/1367/1367 1368/1368/1368
f 1368/1368/1368 1370/1370/1370 1369/1369/1369
f 1369/1369/1369 1370/1370/1370 1371/1371/1371
f 1370/1370/1370 1372/1372/1372 1371/1371/1371
f 1371/1371/1371 1373/1373/1373 1374/1374/1374
f 1371/1371/1371 1372/1372/1372 1373/1373/1373
f 1373/1373/1373 1375/1375/1375 1374/1374/1374
f 1374/1374/1374 1375/1375/1375 1376/1376/1376
f 1375/1375/1375 1377/1377/1377 1376/1376/1376
f 1376/1376/1376 1378/1378/1378 1379/1379/1379
f 1376/1376/1376 1377/1377/1377 1378/1378/1378
f 1378/1378/1378 1380/1380/1380 1379/1379/1379
f 1379/1379/1379 1380/1380/1380 1381/1381/1381
f 1380/1380/1380 1382/1382/1382 1381/1381/1381
f 1381/1381/1381 1382/1382/1382 1383/1383/1383
f 1381/1381/1381 1383/1383/1383 1384/1384/1384
f 1383/1383/1383 1385/1385/1385 1384/1384/1384
f 1384/1384/1384 1385/1385/1385 1386/1386/1386
f 1385/1385/1385 1387/1387/1387 1386/1386/1386
f 1386/1386/1386 1387/1387/1387 1388/1388/1388
f 1386/1386/1386 1388/1388/1388 1389/1389/1389
f 1388/1388/1388 1390/1390/1390 1389/1389/1389
f 1389/1389/1389 1390/1390/1390 1391/1391/1391
f 1390/1390/1390 1392/1392/1392 1391/1391/1391
f 1391/1391/1391 1393/1393/1393 1394/1394/1394
f 1391/1391/1391 1392/1392/1392 1393/1393/1393
f 1393/1393/1393 1395/1395/1395 1394/1394/1394
f 1394/1394/1394 1395/1395/1395 1396/1396/1396
f 1395/1395/1395 1397/1397/1397 1396/1396/1396
f 1396/1396/1396 1397/1397/1397 1398/1398/1398
f 1396/1396/1396 1398/1398/1398 1399/1399/1399
f 1398/1398/1398 1400/1400/1400 1399/1399/1399
f 1399/1399/1399 1400/1400/1400 1401/1401/1401
f 1400/1400/1400 1402/1402/1402 1401/1401/1401
f 1401/1401/1401 1402/1402/1402 1403/1403/1403
f 1401/1401/1401 1403/1403/1403 1404/1404/1404
f 1403/1403/1403 1405/1405/1405 1404/1404/1404
f 1404/1404/1404 1405/1405/1405 1406/1406/1406
f 1405/1405/1405 1407/1407/1407 1406/1406/1406
f 1406/1406/1406 1407/1407/1407 1408/1408/1408
f 1406/1406/1406 1408/1408/1408 1409/1409/1409
f 1408/1408/1408 1410/1410/1410 1409/1409/1409
f 1409/1409/1409 1410/1410/1410 1411/1411/1411
f 1410/1410/1410 1412/1412/1412 1411/1411/1411
f 1411/1411/1411 1413/1413/1413 1414/1414/1414
f 1411/1411/1411 1412/1412/1412 1413/1413/1413
f 1413/1413/1413 1415/1415/1415 1414/1414/1414
f 1414/1414/1414 1415/1415/1415 1416/1416/1416
f 1415/1415/1415 1417/1417/1417 1416/1416/1416
f 1416/1416/1416 1417/1417/1417 1418/1418/1418
f 1416/1416/1416 1418/1418/1418 1419/1419/1419
f 1418/1418/1418 1420/1420/1420 1419/1419/1419
f 1419/1419/1419 1420/1420/1420 1421/1421/1421
f 1420/1420/1420 1422/1422/1422 1421/1421/1421
f 1421/1421/1421 1422/1422/1422 1423/1423/1423
f 1422/1422/1422 1424/1424/1424 1423/1423/1423
f 1423/1423/1423 1425/1425/1425 1426/1426/1426
f 1423/1423/1423 1424/1424/1424 1425/1425/1425
f 1425/1425/1425 1427/1427/1427 1428/1428/1428
f 1425/1425/1425 1428/1428/1428 1426/1426/1426
f 1427/1427/1427 1429/1429/1429 1428/1428/1428
f 1428/1428/1428 1429/1429/1429 1430/1430/1430
f 1429/1429/1429 1431/1431/1431 1430/1430/1430
f 1430/1430/1430 1431/1431/1431 1432/1432/1432
f 1431/1431/1431 1433/1433/1433 1432/1432/1432
f 1432/1432/1432 1433/1433/1433 1434/1434/1434
f 1432/1432/1432 1434/1434/1434 1435/1435/1435
f 1434/1434/1434 1436/1436/1436 1435/1435/1435
f 1435/1435/1435 1436/1436/1436 1437/1437/1437
f 1436/1436/1436 1438/1438/1438 1437/1437/1437
f 1437/1437/1437 1438/1438/1438 1439/1439/1439
f 1437/1437/1437 1439/1439/1439 1440/1440/1440
f 1439/1439/1439 1441/1441/1441 1440/1440/1440
f 1440/1440/1440 1441/1441/1441 1442/1442/1442
f 1441/1441/1441 1443/1443/1443 1442/1442/1442
f 1442/1442/1442 1443/1443/1443 1444/1444/1444
f 1442/1442/1442 1444/1444/1444 1445/1445/1445
f 1444/1444/1444 1446/1446/1446 1445/1445/1445
f 1445/1445/1445 1446/1446/1446 1447/1447/1447
f 1446/1446/1446 1448/1448/1448 1447/1447/1447
f 1447/1447/1447 1448/1448/1448 1449/1449/1449
f 1447/1447/1447 1449/1449/1449 1450/1450/1450
f 1449/1449/1449 1451/1451/1451 1450/1450/1450
f 1450/1450/1450 1451/1451/1451 1452/1452/1452
f 1451/1451/1451 1453/1453/1453 1452/1452/1452
f 1452/1452/1452 1453/1453/1453 1454/1454/1454
f 1452/1452/1452 1454/1454/1454 1455/1455/1455
f 1454/1454/1454 1456/1456/1456 1455/1455/1455
f 1455/1455/1455 1456/1456/1456 1457/1457/1457
f 1456/1456/1456 1458/1458/1458 1457/1457/1457
f 1457/1457/1457 1458/1458/1458 1459/1459/1459
f 1457/1457/1457 1459/1459/1459 1460/1460/1460
f 1459/1459/1459 1461/1461/1461 1460/1460/1460
f 1460/1460/1460 1461/1461/1461 1462/1462/1462
f 1461/1461/1461 1463/1463/1463 1462/1462/1462
f 1462/1462/1462 1463/1463/1463 1464/1464/1464
f 1462/1462/1462 1464/1464/1464 1465/1465/1465
f 1464/1464/1464 1466/1466/1466 1465/1465/1465
f 1465/1465/1465 1466/1466/1466 1467/1467/1467
f 1466/1466/1466 1468/1468/1468 1467/1467/1467
f 1467/1467/1467 1468/1468/1468 1469/1469/1469
f 1467/1467/1467 1469/1469/1469 1470/1470/1470
f 1469/1469/1469 1471/1471/1471 1470/1470/1470
f 1470/1470/1470 1471/1471/1471 1472/1472/1472
f 1471/1471/1471 1473/1473/1473 1472/1472/1472
f 1472/1472/1472 1473/1473/1473 1474/1474/1474
f 1472/1472/1472 1474/1474/1474 1475/1475/1475
f 1474/1474/1474 1476/1476/1476 1475/1475/1475
f 1475/1475/1475 1476/1476/1476 1477/1477/1477
f 1476/1476/1476 1478/1478/1478 1477/1477/1477
f 1477/1477/1477 1478/1478/1478 1479/1479/1479
f 1477/1477/1477 1479/1479/1479 1480/1480/1480
f 1479/1479/1479 1481/1481/1481 1480/1480/1480
f 1480/1480/1480 1481/1481/1481 1482/1482/1482
f 1481/1481/1481 1483/1483/1483 1482/1482/1482
f 1482/1482/1482 1483/1483/1483 1484/1484/1484
f 1482/1482/1482 1484/1484/1484 1485/1485/1485
f 1484/1484/1484 1486/1486/1486 1485/1485/1485
f 1485/1485/1485 1486/1486/1486 1487/1487/1487
f 1486/1486/1486 1488/1488/1488 1487/1487/1487
f 1487/1487/1487 1488/1488/1488 1489/1489/1489
f 1487/1487/1487 1489/1489/1489 1490/1490/1490
f 1489/1489/1489 1491/1491/1491 1490/1490/1490
f 1490/1490/1490 1491/1491/1491 1492/1492/1492
f 1491/1491/1491 1493/1493/1493 1492/1492/1492
f 1492/1492/1492 1493/1493/1493 1494/1494/1494
f 1492/1492/1492 1494/1494/1494 1495/1495/1495
f 1494/1494/1494 1496/1496/1496 1495/1495/1495
f 1495/1495/1495 1496/1496/1496 1497/1497/1497
f 1496/1496/1496 1498/1498/1498 1497/1497/1497
f 1497/1497/1497 1498/1498/1498 1499/1499/1499
f 1497/1497/1497 1499/1499/1499 1500/1500/1500
f 1499/1499/1499 1501/1501/1501 1500/1500/1500
f 1500/1500/1500 1501/1501/1501 1502/1502/1502
f 1501/1501/1501 1503/1503/1503 1502/1502/1502
f 1502/1502/1502 1503/1503/1503 1504/1504/1504
f 1502/1502/1502 1504/1504/1504 1505/1505/1505
f 1504/1504/1504 1506/1506/1506 1505/1505/1505
f 1505/1505/1505 1506/1506/1506 1507/1507/1507
f 1506/1506/1506 1508/1508/1508 1507/1507/1507
f 1507/1507/1507 1509/1509/1509 1510/1510/1510
f 1507/1507/1507 1508/1508/1508 1509/1509/1509
f 1509/1509/1509 1511/1511/1511 1512/1512/1512
f 1509/1509/1509 1512/1512/1512 1510/1510/1510
f 1511/1511/1511 1513/1513/1513 1512/1512/1512
f 1512/1512/1512 1513/1513/1513 1514/1514/1514
f 1513/1513/1513 1515/1515/1515 1514/1514/1514
f 1514/1514/1514 1515/1515/1515 1516/1516/1516
f 1515/1515/1515 1517/1517/1517 1516/1516/1516
f 1516/1516/1516 1517/1517/1517 1518/1518/1518
f 1517/1517/1517 1519/1519/1519 1518/1518/1518
f 1518/1518/1518 1519/1519/1519 1520/1520/1520
f 1518/1518/1518 1520/1520/1520 1521/1521/1521
f 1520/1520/1520 1522/1522/1522 1521/1521/1521
f 1521/1521/1521 1522/1522/1522 1523/1523/1523
f 1522/1522/1522 1524/1524/1524 1523/1523/1523
f 1523/1523/1523 1525/1525/1525 1526/1526/1526
f 1523/1523/1523 1524/1524/1524 1525/1525/1525
f 1525/1525/1525 1527/1527/1527 1526/1526/1526
f 1526/1526/1526 1527/1527/1527 1528/1528/1528
f 1527/1527/1527 1529/1529/1529 1528/1528/1528
f 1528/1528/1528 1529/1529/1529 1530/1530/1530
f 1528/1528/1528 1530/1530/1530 1531/1531/1531
f 1530/1530/1530 1532/1532/1532 1531/1531/1531
f 1531/1531/1531 1532/1532/1532 1533/1533/1533
f 1532/1532/1532 1534/1534/1534 1533/1533/1533
f 1533/1533/1533 1535/1535/1535 1536/1536/1536
f 1533/1533/1533 1534/1534/1534 1535/1535/1535
f 1535/1535/1535 1537/1537/1537 1536/1536/1536
f 1536/1536/1536 1537/1537/1537 1538/1538/1538
f 1537/1537/1537 1539/1539/1539 1538/1538/1538
f 1538/1538/1538 1539/1539/1539 1540/1540/1540
f 1538/1538/1538 1540/1540/1540 1541/1541/1541
f 1540/1540/1540 1542/1542/1542 1541/1541/1541
f 1541/1541/1541 1542/1542/1542 1543/1543/1543
f 1542/1542/1542 1544/1544/1544 1543/1543/1543
f 1543/1543/1543 1545/1545/1545 1546/1546/1546
f 1543/1543/1543 1544/1544/1544 1545/1545/1545
f 1545/1545/1545 1547/1547/1547 1546/1546/1546
f 1546/1546/1546 1547/1547/1547 1548/1548/1548
f 1547/1547/1547 1549/1549/1549 1548/1548/1548
f 1548/1548/1548 1550/1550/1550 1551/1551/1551
f 1548/1548/1548 1549/1549/1549 1550/1550/1550
f 1550/1550/1550 1552/1552/1552 1551/1551/1551
f 1550/1550/1550 1553/1553/1553 1552/1552/1552
f 1552/1552/1552 1554/1554/1554 1555/1555/1555
f 1552/1552/1552 1553/1553/1553 1554/1554/1554
f 1554/1554/1554 1556/1556/1556 1555/1555/1555
f 1555/1555/1555 1556/1556/1556 1557/1557/1557
f 1556/1556/1556 1558/1558/1558 1557/1557/1557
f 1557/1557/1557 1558/1558/1558 1559/1559/1559
f 1558/1558/1558 1560/1560/1560 1559/1559/1559
f 1559/1559/1559 1561/1561/1561 1562/1562/1562
f 1559/1559/1559 1560/1560/1560 1561/1561/1561
f 1561/1561/1561 1563/1563/1563 1562/1562/1562
f 1562/1562/1562 1563/1563/1563 1564/1564/1564
f 1563/1563/1563 1565/1565/1565 1564/1564/1564
f 1564/1564/1564 1566/1566/1566 1567/1567/1567
f 1564/1564/1564 1565/1565/1565 1566/1566/1566
f 1566/1566/1566 1568/1568/1568 1567/1567/1567
f 1567/1567/1567 1568/1568/1568 1569/1569/1569
f 1568/1568/1568 1570/1570/1570 1569/1569/1569
f 1571/1571/1571 1572/1572/1572 1573/1573/1573
f 1573/1573/1573 1574/1574/1574 1575/1575/1575
f 1573/1573/1573 1572/1572/1572 1574/1574/1574
f 1572/1572/1572 1576/1576/1576 1574/1574/1574
f 1575/1575/1575 1577/1577/1577 1578/1578/1578
f 1575/1575/1575 1574/1574/1574 1577/1577/1577
f 1574/1574/1574 1576/1576/1576 1579/1579/1579
f 1574/1574/1574 1579/1579/1579 1577/1577/1577
f 1576/1576/1576 1580/1580/1580 1579/1579/1579
f 1577/1577/1577 1581/1581/1581 1582/1582/1582
f 1577/1577/1577 1579/1579/1579 1581/1581/1581
f 1577/1577/1577 1582/1582/1582 1578/1578/1578
f 1578/1578/1578 1582/1582/1582 1583/1583/1583
f 1579/1579/1579 1584/1584/1584 1581/1581/1581
f 1579/1579/1579 1580/1580/1580 1584/1584/1584
f 1580/1580/1580 1585/1585/1585 1584/1584/1584
f 1581/1581/1581 1584/1584/1584 1586/1586/1586
f 1581/1581/1581 1586/1586/1586 1587/1587/1587
f 1581/1581/1581 1587/1587/1587 1582/1582/1582
f 1582/1582/1582 1587/1587/1587 1588/1588/1588
f 1582/1582/1582 1588/1588/1588 1583/1583/1583
f 1584/1584/1584 1585/1585/1585 1589/1589/1589
f 1584/1584/1584 1589/1589/1589 1586/1586/1586
f 1585/1585/1585 1590/1590/1590 1589/1589/1589
f 1586/1586/1586 1591/1591/1591 1587/1587/1587
f 1586/1586/1586 1592/1592/1592 1591/1591/1591
f 1586/1586/1586 1589/1589/1589 1592/1592/1592
f 1587/1587/1587 1591/1591/1591 1593/1593/1593
f 1587/1587/1587 1593/1593/1593 1588/1588/1588
f 1589/1589/1589 1594/1594/1594 1592/1592/1592
f 1589/1589/1589 1590/1590/1590 1594/1594/1594
f 1590/1590/1590 1595/1595/1595 1594/1594/1594
f 1591/1591/1591 1596/1596/1596 1593/1593/1593
f 1591/1591/1591 1597/1597/1597 1598/1598/1598
f 1591/1591/1591 1592/1592/1592 1597/1597/1597
f 1591/1591/1591 1598/1598/1598 1596/1596/1596
f 1592/1592/1592 1594/1594/1594 1599/1599/1599
f 1592/1592/1592 1599/1599/1599 1597/1597/1597
f 1594/1594/1594 1600/1600/1600 1599/1599/1599
f 1594/1594/1594 1595/1595/1595 1600/1600/1600
f 1595/1595/1595 1601/1601/1601 1600/1600/1600
f 1597/1597/1597 1599/1599/1599 1602/1602/1602
f 1597/1597/1597 1602/1602/1602 1598/1598/1598
f 1598/1598/1598 1602/1602/1602 1603/1603/1603
f 1599/1599/1599 1604/1604/1604 1602/1602/1602
f 1599/1599/1599 1600/1600/1600 1604/1604/1604
f 1600/1600/1600 1605/1605/1605 1604/1604/1604
f 1600/1600/1600 1601/1601/1601 1605/1605/1605
f 1601/1601/1601 1606/1606/1606 1605/1605/1605
f 1602/1602/1602 1607/1607/1607 1603/1603/1603
f 1602/1602/1602 1604/1604/1604 1607/1607/1607
f 1603/1603/1603 1607/1607/1607 1608/1608/1608
f 1604/1604/1604 1605/1605/1605 1609/1609/1609
f 1604/1604/1604 1609/1609/1609 1607/1607/1607
f 1605/1605/1605 1606/1606/1606 1610/1610/1610
f 1605/1605/1605 1610/1610/1610 1609/1609/1609
f 1606/1606/1606 1611/1611/1611 1610/1610/1610
f 1607/1607/1607 1609/1609/1609 1612/1612/1612
f 1607/1607/1607 1612/1612/1612 1608/1608/1608
f 1608/1608/1608 1612/1612/1612 1613/1613/1613
f 1609/1609/1609 1610/1610/1610 1614/1614/1614
f 1609/1609/1609 1614/1614/1614 1612/1612/1612
f 1610/1610/1610 1611/1611/1611 1615/1615/1615
f 1610/1610/1610 1615/1615/1615 1614/1614/1614
f 1611/1611/1611 1616/1616/1616 1615/1615/1615
f 1612/1612/1612 1617/1617/1617 1618/1618/1618
f 1612/1612/1612 1618/1618/1618 1613/1613/1613
f 1612/1612/1612 1614/1614/1614 1617/1617/1617
f 1614/1614/1614 1615/1615/1615 1619/1619/1619
f 1614/1614/1614 1619/1619/1619 1617/1617/1617
f 1615/1615/1615 1620/1620/1620 1619/1619/1619
f 1615/1615/1615 1616/1616/1616 1620/1620/1620
f 1616/1616/1616 1621/1621/1621 1620/1620/1620
f 1617/1617/1617 1622/1622/1622 1618/1618/1618
f 1617/1617/1617 1619/1619/1619 1622/1622/1622
f 1618/1618/1618 1622/1622/1622 1623/1623/1623
f 1619/1619/1619 1620/1620/1620 1624/1624/1624
f 1619/1619/1619 1624/1624/1624 1622/1622/1622
f 1620/1620/1620 1625/1625/1625 1624/1624/1624
f 1620/1620/1620 1621/1621/1621 1625/1625/1625
f 1621/1621/1621 1626/1626/1626 1625/1625/1625
f 1622/1622/1622 1624/1624/1624 1627/1627/1627
f 1622/1622/1622 1627/1627/1627 1623/1623/1623
f 1623/1623/1623 1627/1627/1627 1628/1628/1628
f 1624/1624/1624 1625/1625/1625 1629/1629/1629
f 1624/1624/1624 1629/1629/1629 1627/1627/1627
f 1625/1625/1625 1626/1626/1626 1630/1630/1630
f 1625/1625/1625 1630/1630/1630 1629/1629/1629
f 1626/1626/1626 1631/1631/1631 1630/1630/1630
f 1627/1627/1627 1629/1629/1629 1632/1632/1632
f 1627/1627/1627 1632/1632/1632 1628/1628/1628
f 1628/1628/1628 1632/1632/1632 1633/1633/1633
f 1629/1629/1629 1634/1634/1634 1632/1632/1632
f 1629/1629/1629 1630/1630/1630 1634/1634/1634
f 1630/1630/1630 1635/1635/1635 1634/1634/1634
f 1630/1630/1630 1631/1631/1631 1635/1635/1635
f 1631/1631/1631 1636/1636/1636 1635/1635/1635
f 1632/1632/1632 1637/1637/1637 1633/1633/1633
f 1632/1632/1632 1634/1634/1634 1638/1638/1638
f 1632/1632/1632 1638/1638/1638 1637/1637/1637
f 1634/1634/1634 1635/1635/1635 1639/1639/1639
f 1634/1634/1634 1639/1639/1639 1638/1638/1638
f 1635/1635/1635 1640/1640/1640 1639/1639/1639
f 1635/1635/1635 1636/1636/1636 1640/1640/1640
f 1636/1636/1636 1641/1641/1641 1640/1640/1640
f 1637/1637/1637 1638/1638/1638 1642/1642/1642
f 1637/1637/1637 1642/1642/1642 1643/1643/1643
f 1638/1638/1638 1639/1639/1639 1642/1642/1642
f 1639/1639/1639 1644/1644/1644 1642/1642/1642
f 1639/1639/1639 1640/1640/1640 1644/1644/1644
f 1640/1640/1640 1645/1645/1645 1644/1644/1644
f 1640/1640/1640 1641/1641/1641 1645/1645/1645
f 1641/1641/1641 1646/1646/1646 1647/1647/1647
f 1641/1641/1641 1647/1647/1647 1645/1645/1645
f 1642/1642/1642 1648/1648/1648 1643/1643/1643
f 1642/1642/1642 1644/1644/1644 1648/1648/1648
f 1643/1643/1643 1648/1648/1648 1649/1649/1649
f 1644/1644/1644 1650/1650/1650 1648/1648/1648
f 1644/1644/1644 1645/1645/1645 1650/1650/1650
f 1645/1645/1645 1647/1647/1647 1650/1650/1650
f 1647/1647/1647 1651/1651/1651 1650/1650/1650
f 1648/1648/1648 1650/1650/1650 1652/1652/1652
f 1648/1648/1648 1652/1652/1652 1649/1649/1649
f 1649/1649/1649 1652/1652/1652 1653/1653/1653
f 1650/1650/1650 1651/1651/1651 1652/1652/1652
f 1651/1651/1651 1654/1654/1654 1652/1652/1652
f 1652/1652/1652 1654/1654/1654 1653/1653/1653
f 1653/1653/1653 1654/1654/1654 1655/1655/1655
f 1656/1656/1656 1657/1657/1657 1658/1658/1658
f 1658/1658/1658 1657/1657/1657 1659/1659/1659
f 1658/1658/1658 1659/1659/1659 1660/1660/1660
f 1657/1657/1657 1661/1661/1661 1659/1659/1659
f 1660/1660/1660 1662/1662/1662 1663/1663/1663
f 1660/1660/1660 1659/1659/1659 1662/1662/1662
f 1659/1659/1659 1661/1661/1661 1664/1664/1664
f 1659/1659/1659 1664/1664/1664 1662/1662/1662
f 1661/1661/1661 1665/1665/1665 1664/1664/1664
f 1662/1662/1662 1664/1664/1664 1666/1666/1666
f 1662/1662/1662 1666/1666/1666 1667/1667/1667
f 1662/1662/1662 1667/1667/1667 1663/1663/1663
f 1663/1663/1663 1667/1667/1667 1668/1668/1668
f 1664/1664/1664 1665/1665/1665 1669/1669/1669
f 1664/1664/1664 1669/1669/1669 1666/1666/1666
f 1665/1665/1665 1670/1670/1670 1669/1669/1669
f 1666/1666/1666 1669/1669/1669 1671/1671/1671
f 1666/1666/1666 1671/1671/1671 1672/1672/1672
f 1666/1666/1666 1672/1672/1672 1667/1667/1667
f 1667/1667/1667 1672/1672/1672 1673/1673/1673
f 1667/1667/1667 1673/1673/1673 1668/1668/1668
f 1669/1669/1669 1670/1670/1670 1674/1674/1674
f 1669/1669/1669 1674/1674/1674 1671/1671/1671
f 1670/1670/1670 1675/1675/1675 1674/1674/1674
f 1671/1671/1671 1676/1676/1676 1672/1672/1672
f 1671/1671/1671 1677/1677/1677 1676/1676/1676
f 1671/1671/1671 1674/1674/1674 1677/1677/1677
f 1672/1672/1672 1676/1676/1676 1678/1678/1678
f 1672/1672/1672 1678/1678/1678 1673/1673/1673
f 1674/1674/1674 1679/1679/1679 1677/1677/1677
f 1674/1674/1674 1675/1675/1675 1679/1679/1679
f 1675/1675/1675 1680/1680/1680 1679/1679/1679
f 1676/1676/1676 1681/1681/1681 1678/1678/1678
f 1676/1676/1676 1677/1677/1677 1682/1682/1682
f 1676/1676/1676 1683/1683/1683 1681/1681/1681
f 1676/1676/1676 1682/1682/1682 1683/1683/1683
f 1677/1677/1677 1684/1684/1684 1682/1682/1682
f 1677/1677/1677 1679/1679/1679 1684/1684/1684
f 1679/1679/1679 1680/1680/1680 1685/1685/1685
f 1679/1679/1679 1685/1685/1685 1684/1684/1684
f 1680/1680/1680 1686/1686/1686 1685/1685/1685
f 1682/1682/1682 1687/1687/1687 1683/1683/1683
f 1682/1682/1682 1684/1684/1684 1687/1687/1687
f 1683/1683/1683 1687/1687/1687 1688/1688/1688
f 1684/1684/1684 1685/1685/1685 1689/1689/1689
f 1684/1684/1684 1689/1689/1689 1687/1687/1687
f 1685/1685/1685 1686/1686/1686 1690/1690/1690
f 1685/1685/1685 1690/1690/1690 1689/1689/1689
f 1686/1686/1686 1691/1691/1691 1690/1690/1690
f 1687/1687/1687 1692/1692/1692 1688/1688/1688
f 1687/1687/1687 1689/1689/1689 1692/1692/1692
f 1688/1688/1688 1692/1692/1692 1693/1693/1693
f 1689/1689/1689 1694/1694/1694 1692/1692/1692
f 1689/1689/1689 1690/1690/1690 1694/1694/1694
f 1690/1690/1690 1695/1695/1695 1694/1694/1694
f 1690/1690/1690 1691/1691/1691 1695/1695/1695
f 1691/1691/1691 1696/1696/1696 1695/1695/1695
f 1692/1692/1692 1697/1697/1697 1693/1693/1693
f 1692/1692/1692 1694/1694/1694 1697/1697/1697
f 1693/1693/1693 1697/1697/1697 1698/1698/1698
f 1694/1694/1694 1695/1695/1695 1699/1699/1699
f 1694/1694/1694 1699/1699/1699 1697/1697/1697
f 1695/1695/1695 1700/1700/1700 1699/1699/1699
f 1695/1695/1695 1696/1696/1696 1700/1700/1700
f 1696/1696/1696 1701/1701/1701 1700/1700/1700
f 1697/1697/1697 1699/1699/1699 1702/1702/1702
f 1697/1697/1697 1702/1702/1702 1703/1703/1703
f 1697/1697/1697 1703/1703/1703 1698/1698/1698
f 1699/1699/1699 1704/1704/1704 1702/1702/1702
f 1699/1699/1699 1700/1700/1700 1704/1704/1704
f 1700/1700/1700 1701/1701/1701 1705/1705/1705
f 1700/1700/1700 1705/1705/1705 1704/1704/1704
f 1701/1701/1701 1706/1706/1706 1705/1705/1705
f 1702/1702/1702 1704/1704/1704 1707/1707/1707
f 1702/1702/1702 1707/1707/1707 1703/1703/1703
f 1703/1703/1703 1707/1707/1707 1708/1708/1708
f 1704/1704/1704 1709/1709/1709 1707/1707/1707
f 1704/1704/1704 1705/1705/1705 1709/1709/1709
f 1705/1705/1705 1706/1706/1706 1710/1710/1710
f 1705/1705/1705 1710/1710/1710 1709/1709/1709
f 1706/1706/1706 1711/1711/1711 1710/1710/1710
f 1707/1707/1707 1712/1712/1712 1708/1708/1708
f 1707/1707/1707 1709/1709/1709 1712/1712/1712
f 1708/1708/1708 1712/1712/1712 1713/1713/1713
f 1709/1709/1709 1710/1710/1710 1714/1714/1714
f 1709/1709/1709 1714/1714/1714 1712/1712/1712
f 1710/1710/1710 1711/1711/1711 1715/1715/1715
f 1710/1710/1710 1715/1715/1715 1714/1714/1714
f 1711/1711/1711 1716/1716/1716 1715/1715/1715
f 1712/1712/1712 1714/1714/1714 1717/1717/1717
f 1712/1712/1712 1717/1717/1717 1713/1713/1713
f 1713/1713/1713 1717/1717/1717 1718/1718/1718
f 1714/1714/1714 1715/1715/1715 1719/1719/1719
f 1714/1714/1714 1719/1719/1719 1717/1717/1717
f 1715/1715/1715 1716/1716/1716 1720/1720/1720
f 1715/1715/1715 1720/1720/1720 1719/1719/1719
f 1716/1716/1716 1721/1721/1721 1720/1720/1720
f 1717/1717/1717 1719/1719/1719 1722/1722/1722
f 1717/1717/1717 1722/1722/1722 1723/1723/1723
f 1717/1717/1717 1723/1723/1723 1718/1718/1718
f 1719/1719/1719 1724/1724/1724 1722/1722/1722
f 1719/1719/1719 1720/1720/1720 1724/1724/1724
f 1720/1720/1720 1725/1725/1725 1724/1724/1724
f 1720/1720/1720 1721/1721/1721 1725/1725/1725
f 1721/1721/1721 1726/1726/1726 1725/1725/1725
f 1722/1722/1722 1727/1727/1727 1723/1723/1723
f 1722/1722/1722 1724/1724/1724 1727/1727/1727
f 1723/1723/1723 1727/1727/1727 1728/1728/1728
f 1724/1724/1724 1729/1729/1729 1727/1727/1727
f 1724/1724/1724 1725/1725/1725 1729/1729/1729
f 1725/1725/1725 1726/1726/1726 1730/1730/1730
f 1725/1725/1725 1730/1730/1730 1729/1729/1729
f 1726/1726/1726 1731/1731/1731 1730/1730/1730
f 1726/1726/1726 1732/1732/1732 1731/1731/1731
f 1727/1727/1727 1729/1729/1729 1733/1733/1733
f 1727/1727/1727 1733/1733/1733 1728/1728/1728
f 1728/1728/1728 1733/1733/1733 1734/1734/1734
f 1729/1729/1729 1735/1735/1735 1733/1733/1733
f 1729/1729/1729 1730/1730/1730 1735/1735/1735
f 1730/1730/1730 1731/1731/1731 1735/1735/1735
f 1731/1731/1731 1736/1736/1736 1735/1735/1735
f 1733/1733/1733 1737/1737/1737 1734/1734/1734
f 1733/1733/1733 1735/1735/1735 1737/1737/1737
f 1734/1734/1734 1737/1737/1737 1738/1738/1738
f 1735/1735/1735 1736/1736/1736 1737/1737/1737
f 1736/1736/1736 1739/1739/1739 1737/1737/1737
f 1737/1737/1737 1739/1739/1739 1738/1738/1738
f 1738/1738/1738 1739/1739/1739 1740/1740/1740
f 1741/1741/1741 1742/1742/1742 1743/1743/1743
f 1743/1743/1743 1742/1742/1742 1744/1744/1744
f 1743/1743/1743 1744/1744/1744 1745/1745/1745
f 1742/1742/1742 1746/1746/1746 1744/1744/1744
f 1745/1745/1745 1747/1747/1747 1748/1748/1748
f 1745/1745/1745 1744/1744/1744 1747/1747/1747
f 1744/1744/1744 1749/1749/1749 1747/1747/1747
f 1744/1744/1744 1746/1746/1746 1749/1749/1749
f 1746/1746/1746 1750/1750/1750 1749/1749/1749
f 1747/1747/1747 1751/1751/1751 1752/1752/1752
f 1747/1747/1747 1749/1749/1749 1751/1751/1751
f 1747/1747/1747 1752/1752/1752 1748/1748/1748
f 1748/1748/1748 1752/1752/1752 1753/1753/1753
f 1749/1749/1749 1750/1750/1750 1754/1754/1754
f 1749/1749/1749 1754/1754/1754 1751/1751/1751
f 1750/1750/1750 1755/1755/1755 1754/1754/1754
f 1751/1751/1751 1754/1754/1754 1756/1756/1756
f 1751/1751/1751 1756/1756/1756 1757/1757/1757
f 1751/1751/1751 1757/1757/1757 1752/1752/1752
f 1752/1752/1752 1757/1757/1757 1758/1758/1758
f 1752/1752/1752 1758/1758/1758 1753/1753/1753
f 1754/1754/1754 1755/1755/1755 1759/1759/1759
f 1754/1754/1754 1759/1759/1759 1756/1756/1756
f 1755/1755/1755 1760/1760/1760 1759/1759/1759
f 1756/1756/1756 1761/1761/1761 1757/1757/1757
f 1756/1756/1756 1759/1759/1759 1762/1762/1762
f 1756/1756/1756 1762/1762/1762 1761/1761/1761
f 1757/1757/1757 1761/1761/1761 1763/1763/1763
f 1757/1757/1757 1763/1763/1763 1758/1758/1758
f 1759/1759/1759 1760/1760/1760 1764/1764/1764
f 1759/1759/1759 1764/1764/1764 1762/1762/1762
f 1760/1760/1760 1765/1765/1765 1764/1764/1764
f 1761/1761/1761 1766/1766/1766 1763/1763/1763
f 1761/1761/1761 1767/1767/1767 1768/1768/1768
f 1761/1761/1761 1762/1762/1762 1767/1767/1767
f 1761/1761/1761 1768/1768/1768 1766/1766/1766
f 1762/1762/1762 1764/1764/1764 1769/1769/1769
f 1762/1762/1762 1769/1769/1769 1767/1767/1767
f 1764/1764/1764 1765/1765/1765 1770/1770/1770
f 1764/1764/1764 1770/1770/1770 1769/1769/1769
f 1765/1765/1765 1771/1771/1771 1770/1770/1770
f 1767/1767/1767 1769/1769/1769 1772/1772/1772
f 1767/1767/1767 1772/1772/1772 1768/1768/1768
f 1768/1768/1768 1772/1772/1772 1773/1773/1773
f 1769/1769/1769 1774/1774/1774 1772/1772/1772
f 1769/1769/1769 1770/1770/1770 1774/1774/1774
f 1770/1770/1770 1771/1771/1771 1775/1775/1775
f 1770/1770/1770 1775/1775/1775 1774/1774/1774
f 1771/1771/1771 1776/1776/1776 1775/1775/1775
f 1772/1772/1772 1774/1774/1774 1777/1777/1777
f 1772/1772/1772 1777/1777/1777 1773/1773/1773
f 1773/1773/1773 1777/1777/1777 1778/1778/1778
f 1774/1774/1774 1779/1779/1779 1777/1777/1777
f 1774/1774/1774 1775/1775/1775 1779/1779/1779
f 1775/1775/1775 1776/1776/1776 1780/1780/1780
f 1775/1775/1775 1780/1780/1780 1779/1779/1779
f 1776/1776/1776 1781/1781/1781 1780/1780/1780
f 1777/1777/1777 1779/1779/1779 1782/1782/1782
f 1777/1777/1777 1782/1782/1782 1778/1778/1778
f 1778/1778/1778 1782/1782/1782 1783/1783/1783
f 1779/1779/1779 1780/1780/1780 1784/1784/1784
f 1779/1779/1779 1784/1784/1784 1782/1782/1782
f 1780/1780/1780 1781/1781/1781 1785/1785/1785
f 1780/1780/1780 1785/1785/1785 1784/1784/1784
f 1781/1781/1781 1786/1786/1786 1785/1785/1785
f 1782/1782/1782 1784/1784/1784 1787/1787/1787
f 1782/1782/1782 1787/1787/1787 1788/1788/1788
f 1782/1782/1782 1788/1788/1788 1783/1783/1783
f 1784/1784/1784 1785/1785/1785 1789/1789/1789
f 1784/1784/1784 1789/1789/1789 1787/1787/1787
f 1785/1785/1785 1790/1790/1790 1789/1789/1789
f 1785/1785/1785 1786/1786/1786 1790/1790/1790
f 1786/1786/1786 1791/1791/1791 1790/1790/1790
f 1787/1787/1787 1792/1792/1792 1788/1788/1788
f 1787/1787/1787 1789/1789/1789 1792/1792/1792
f 1788/1788/1788 1792/1792/1792 1793/1793/1793
f 1789/1789/1789 1794/1794/1794 1792/1792/1792
f 1789/1789/1789 1790/1790/1790 1794/1794/1794
f 1790/1790/1790 1795/1795/1795 1794/1794/1794
f 1790/1790/1790 1791/1791/1791 1795/1795/1795
f 1791/1791/1791 1796/1796/1796 1795/1795/1795
f 1792/1792/1792 1794/1794/1794 1797/1797/1797
f 1792/1792/1792 1797/1797/1797 1793/1793/1793
f 1793/1793/1793 1797/1797/1797 1798/1798/1798
f 1794/1794/1794 1795/1795/1795 1799/1799/1799
f 1794/1794/1794 1799/1799/1799 1797/1797/1797
f 1795/1795/1795 1800/1800/1800 1799/1799/1799
f 1795/1795/1795 1796/1796/1796 1800/1800/1800
f 1796/1796/1796 1801/1801/1801 1800/1800/1800
f 1797/1797/1797 1802/1802/1802 1798/1798/1798
f 1797/1797/1797 1799/1799/1799 1802/1802/1802
f 1798/1798/1798 1802/1802/1802 1803/1803/1803
f 1799/1799/1799 1800/1800/1800 1804/1804/1804
f 1799/1799/1799 1804/1804/1804 1802/1802/1802
f 1800/1800/1800 1801/1801/1801 1805/1805/1805
f 1800/1800/1800 1805/1805/1805 1804/1804/1804
f 1801/1801/1801 1806/1806/1806 1805/1805/1805
f 1802/1802/1802 1804/1804/1804 1807/1807/1807
f 1802/1802/1802 1807/1807/1807 1808/1808/1808
f 1802/1802/1802 1808/1808/1808 1803/1803/1803
f 1804/1804/1804 1809/1809/1809 1807/1807/1807
f 1804/1804/1804 1805/1805/1805 1809/1809/1809
f 1805/1805/1805 1810/1810/1810 1809/1809/1809
f 1805/1805/1805 1806/1806/1806 1810/1810/1810
f 1806/1806/1806 1811/1811/1811 1810/1810/1810
f 1807/1807/1807 1809/1809/1809 1812/1812/1812
f 1807/1807/1807 1812/1812/1812 1808/1808/1808
f 1808/1808/1808 1812/1812/1812 1813/1813/1813
f 1809/1809/1809 1814/1814/1814 1812/1812/1812
f 1809/1809/1809 1810/1810/1810 1814/1814/1814
f 1810/1810/1810 1811/1811/1811 1815/1815/1815
f 1810/1810/1810 1815/1815/1815 1814/1814/1814
f 1811/1811/1811 1816/1816/1816 1817/1817/1817
f 1811/1811/1811 1817/1817/1817 1815/1815/1815
f 1812/1812/1812 1814/1814/1814 1818/1818/1818
f 1812/1812/1812 1818/1818/1818 1813/1813/1813
f 1813/1813/1813 1818/1818/1818 1819/1819/1819
f 1814/1814/1814 1820/1820/1820 1818/1818/1818
f 1814/1814/1814 1815/1815/1815 1820/1820/1820
f 1815/1815/1815 1817/1817/1817 1820/1820/1820
f 1817/1817/1817 1821/1821/1821 1820/1820/1820
f 1818/1818/1818 1822/1822/1822 1819/1819/1819
f 1818/1818/1818 1820/1820/1820 1822/1822/1822
f 1819/1819/1819 1822/1822/1822 1823/1823/1823
f 1820/1820/1820 1821/1821/1821 1822/1822/1822
f 1821/1821/1821 1824/1824/1824 1822/1822/1822
f 1822/1822/1822 1824/1824/1824 1823/1823/1823
f 1823/1823/1823 1824/1824/1824 1825/1825/1825
f 1826/1826/1826 1827/1827/1827 1828/1828/1828
f 1828/1828/1828 1829/1829/1829 1830/1830/1830
f 1828/1828/1828 1827/1827/1827 1829/1829/1829
f 1827/1827/1827 1831/1831/1831 1829/1829/1829
f 1830/1830/1830 1829/1829/1829 1832/1832/1832
f 1830/1830/1830 1832/1832/1832 1833/1833/1833
f 1829/1829/1829 1831/1831/1831 1834/1834/1834
f 1829/1829/1829 1834/1834/1834 1832/1832/1832
f 1831/1831/1831 1835/1835/1835 1834/1834/1834
f 1832/1832/1832 1836/1836/1836 1833/1833/1833
f 1832/1832/1832 1834/1834/1834 1837/1837/1837
f 1832/1832/1832 1837/1837/1837 1836/1836/1836
f 1833/1833/1833 1836/1836/1836 1838/1838/1838
f 1834/1834/1834 1835/1835/1835 1839/1839/1839
f 1834/1834/1834 1839/1839/1839 1837/1837/1837
f 1835/1835/1835 1840/1840/1840 1839/1839/1839
f 1836/1836/1836 1841/1841/1841 1838/1838/1838
f 1836/1836/1836 1842/1842/1842 1841/1841/1841
f 1836/1836/1836 1837/1837/1837 1842/1842/1842
f 1837/1837/1837 1839/1839/1839 1843/1843/1843
f 1837/1837/1837 1843/1843/1843 1842/1842/1842
f 1839/1839/1839 1844/1844/1844 1843/1843/1843
f 1839/1839/1839 1840/1840/1840 1844/1844/1844
f 1840/1840/1840 1845/1845/1845 1844/1844/1844
f 1841/1841/1841 1842/1842/1842 1846/1846/1846
f 1842/1842/1842 1843/1843/1843 1847/1847/1847
f 1842/1842/1842 1847/1847/1847 1846/1846/1846
f 1843/1843/1843 1848/1848/1848 1847/1847/1847
f 1843/1843/1843 1844/1844/1844 1848/1848/1848
f 1844/1844/1844 1849/1849/1849 1848/1848/1848
f 1844/1844/1844 1845/1845/1845 1849/1849/1849
f 1845/1845/1845 1850/1850/1850 1849/1849/1849
f 1846/1846/1846 1847/1847/1847 1851/1851/1851
f 1847/1847/1847 1852/1852/1852 1853/1853/1853
f 1847/1847/1847 1853/1853/1853 1851/1851/1851
f 1847/1847/1847 1848/1848/1848 1852/1852/1852
f 1848/1848/1848 1854/1854/1854 1852/1852/1852
f 1848/1848/1848 1849/1849/1849 1854/1854/1854
f 1849/1849/1849 1850/1850/1850 1855/1855/1855
f 1849/1849/1849 1855/1855/1855 1854/1854/1854
f 1850/1850/1850 1856/1856/1856 1855/1855/1855
f 1852/1852/1852 1854/1854/1854 1857/1857/1857
f 1852/1852/1852 1857/1857/1857 1853/1853/1853
f 1853/1853/1853 1857/1857/1857 1858/1858/1858
f 1854/1854/1854 1855/1855/1855 1859/1859/1859
f 1854/1854/1854 1859/1859/1859 1857/1857/1857
f 1855/1855/1855 1860/1860/1860 1859/1859/1859
f 1855/1855/1855 1856/1856/1856 1860/1860/1860
f 1856/1856/1856 1861/1861/1861 1860/1860/1860
f 1857/1857/1857 1859/1859/1859 1862/1862/1862
f 1857/1857/1857 1862/1862/1862 1858/1858/1858
f 1858/1858/1858 1862/1862/1862 1863/1863/1863
f 1859/1859/1859 1864/1864/1864 1862/1862/1862
f 1859/1859/1859 1860/1860/1860 1864/1864/1864
f 1860/1860/1860 1865/1865/1865 1864/1864/1864
f 1860/1860/1860 1861/1861/1861 1865/1865/1865
f 1861/1861/1861 1866/1866/1866 1865/1865/1865
f 1862/1862/1862 1867/1867/1867 1863/1863/1863
f 1862/1862/1862 1864/1864/1864 1867/1867/1867
f 1863/1863/1863 1867/1867/1867 1868/1868/1868
f 1864/1864/1864 1865/1865/1865 1869/1869/1869
f 1864/1864/1864 1869/1869/1869 1867/1867/1867
f 1865/1865/1865 1866/1866/1866 1870/1870/1870
f 1865/1865/1865 1870/1870/1870 1869/1869/1869
f 1866/1866/1866 1871/1871/1871 1870/1870/1870
f 1867/1867/1867 1872/1872/1872 1868/1868/1868
f 1867/1867/1867 1873/1873/1873 1872/1872/1872
f 1867/1867/1867 1869/1869/1869 1873/1873/1873
f 1869/1869/1869 1870/1870/1870 1874/1874/1874
f 1869/1869/1869 1874/1874/1874 1873/1873/1873
f 1870/1870/1870 1875/1875/1875 1874/1874/1874
f 1870/1870/1870 1871/1871/1871 1875/1875/1875
f 1871/1871/1871 1876/1876/1876 1875/1875/1875
f 1872/1872/1872 1877/1877/1877 1878/1878/1878
f 1872/1872/1872 1873/1873/1873 1877/1877/1877
f 1873/1873/1873 1874/1874/1874 1877/1877/1877
f 1874/1874/1874 1875/1875/1875 1879/1879/1879
f 1874/1874/1874 1879/1879/1879 1877/1877/1877
f 1875/1875/1875 1876/1876/1876 1880/1880/1880
f 1875/1875/1875 1880/1880/1880 1879/1879/1879
f 1876/1876/1876 1881/1881/1881 1880/1880/1880
f 1877/1877/1877 1879/1879/1879 1882/1882/1882
f 1877/1877/1877 1882/1882/1882 1878/1878/1878
f 1878/1878/1878 1882/1882/1882 1883/1883/1883
f 1879/1879/1879 1884/1884/1884 1882/1882/1882
f 1879/1879/1879 1880/1880/1880 1884/1884/1884
f 1880/1880/1880 1881/1881/1881 1885/1885/1885
f 1880/1880/1880 1885/1885/1885 1884/1884/1884
f 1881/1881/1881 1886/1886/1886 1885/1885/1885
f 1882/1882/1882 1884/1884/1884 1887/1887/1887
f 1882/1882/1882 1887/1887/1887 1883/1883/1883
f 1883/1883/1883 1887/1887/1887 1888/1888/1888
f 1884/1884/1884 1889/1889/1889 1887/1887/1887
f 1884/1884/1884 1885/1885/1885 1889/1889/1889
f 1885/1885/1885 1886/1886/1886 1890/1890/1890
f 1885/1885/1885 1890/1890/1890 1889/1889/1889
f 1886/1886/1886 1891/1891/1891 1890/1890/1890
f 1887/1887/1887 1889/1889/1889 1892/1892/1892
f 1887/1887/1887 1893/1893/1893 1888/1888/1888
f 1887/1887/1887 1892/1892/1892 1893/1893/1893
f 1889/1889/1889 1890/1890/1890 1894/1894/1894
f 1889/1889/1889 1894/1894/1894 1892/1892/1892
f 1890/1890/1890 1895/1895/1895 1894/1894/1894
f 1890/1890/1890 1891/1891/1891 1895/1895/1895
f 1891/1891/1891 1896/1896/1896 1895/1895/1895
f 1892/1892/1892 1897/1897/1897 1893/1893/1893
f 1892/1892/1892 1894/1894/1894 1897/1897/1897
f 1893/1893/1893 1897/1897/1897 1898/1898/1898
f 1894/1894/1894 1899/1899/1899 1897/1897/1897
f 1894/1894/1894 1895/1895/1895 1899/1899/1899
f 1895/1895/1895 1896/1896/1896 1900/1900/1900
f 1895/1895/1895 1900/1900/1900 1899/1899/1899
f 1896/1896/1896 1901/1901/1901 1900/1900/1900
f 1896/1896/1896 1902/1902/1902 1901/1901/1901
f 1897/1897/1897 1899/1899/1899 1903/1903/1903
f 1897/1897/1897 1903/1903/1903 1898/1898/1898
f 1898/1898/1898 1903/1903/1903 1904/1904/1904
f 1899/1899/1899 1905/1905/1905 1903/1903/1903
f 1899/1899/1899 1900/1900/1900 1905/1905/1905
f 1900/1900/1900 1901/1901/1901 1905/1905/1905
f 1901/1901/1901 1906/1906/1906 1905/1905/1905
f 1903/1903/1903 1905/1905/1905 1907/1907/1907
f 1903/1903/1903 1907/1907/1907 1904/1904/1904
f 1904/1904/1904 1907/1907/1907 1908/1908/1908
f 1905/1905/1905 1906/1906/1906 1907/1907/1907
f 1906/1906/1906 1909/1909/1909 1907/1907/1907
f 1907/1907/1907 1909/1909/1909 1908/1908/1908
f 1908/1908/1908 1909/1909/1909 1910/1910/1910
