# Pieza completa de un material COLLADA para Raylib
o CourseSelectW1_GatePoleMat00
v 1.2911302 0.0243851 -0.5736334
v 1.2911346 0.0243851 -0.6619791
v 1.2911302 -0.0011223 -0.5736334
v 1.2911346 -0.0011223 -0.6619791
v 1.2970097 0.0276363 -0.5736361
v 1.2969625 0.0276363 -0.6619791
v 1.2911302 0.0243851 -0.5736334
v 1.2911346 0.0243851 -0.6619791
v 1.2970097 0.0276363 -0.5736361
v 1.3543602 0.0276363 -0.5736286
v 1.2969625 0.0276363 -0.6619791
v 1.4169653 0.0276363 -0.5736286
v 1.4169653 0.0276363 -0.6620508
v 1.3543602 0.0276363 -0.6620508
v 1.5421754 0.0276363 -0.5736208
v 1.5421754 0.0276363 -0.6608226
v 1.6673855 0.0276363 -0.5736286
v 1.6673855 0.0276363 -0.6620508
v 1.5421754 0.0276363 -0.6608226
v 1.7299912 0.0276363 -0.5736286
v 1.7299912 0.0276363 -0.6620508
v 1.6673855 0.0276363 -0.5736286
v 1.7866336 0.0276363 -0.5736611
v 1.7861196 0.0276363 -0.6619936
v 1.7299912 0.0276363 -0.5736286
v 1.7916966 0.0243851 -0.6619936
v 1.7861196 0.0276363 -0.6619936
v 1.7922020 0.0243851 -0.5736571
v 1.7866336 0.0276363 -0.5736611
v 1.7922020 0.0243851 -0.5736571
v 1.7922020 -0.0011223 -0.5736571
v 1.7916966 0.0243851 -0.6619936
v 1.7916966 -0.0011223 -0.6619936
v 1.7906636 0.0243851 -0.7841140
v 1.7906636 -0.0011223 -0.7841140
v 1.7896619 0.0243851 -0.8751904
v 1.7896619 -0.0011223 -0.8751904
v 1.7855116 -0.0011223 -0.9132620
v 1.7855116 0.0243851 -0.9132620
v 1.2968665 0.0276363 -0.7841134
v 1.2967763 0.0276363 -0.8717457
v 1.2911435 0.0243851 -0.7841134
v 1.3543602 0.0276363 -0.8888550
v 1.3088094 0.0276363 -0.9135420
v 1.2911519 0.0243851 -0.8717457
v 1.4169653 0.0276363 -0.8888550
v 1.4099342 0.0276363 -0.9406457
v 1.3337263 0.0276363 -0.9345983
v 1.3543602 0.0276363 -0.7841152
v 1.3313362 0.0243851 -0.9397331
v 1.3032909 0.0243851 -0.9157867
v 1.3032909 0.0243851 -0.9157867
v 1.5421754 0.0276363 -0.8888550
v 1.4169653 0.0276363 -0.7841152
v 1.5421754 0.0276363 -0.9424574
v 1.5421754 0.0243851 -0.9476505
v 1.4099342 0.0243851 -0.9458394
v 1.4099342 0.0243851 -0.9458394
v 1.3313362 0.0243851 -0.9397331
v 1.6673855 0.0276363 -0.8888550
v 1.5421754 0.0276363 -0.7828870
v 1.5421754 0.0276363 -0.7828870
v 1.6753638 0.0276363 -0.9419612
v 1.6753638 0.0243851 -0.9471549
v 1.6673855 0.0276363 -0.7841152
v 1.7299912 0.0276363 -0.7841152
v 1.7299912 0.0276363 -0.8888550
v 1.7479811 0.0276363 -0.9378723
v 1.7501687 0.0243851 -0.9430126
v 1.6753638 0.0243851 -0.9471549
v 1.7850608 0.0276363 -0.7841140
v 1.7299912 0.0276363 -0.8888550
v 1.7800317 0.0276363 -0.9108036
v 1.7840352 0.0276363 -0.8751904
v 1.7855116 0.0243851 -0.9132620
v 1.7501687 0.0243851 -0.9430126
v 1.7840352 0.0276363 -0.8751904
v 1.7896619 0.0243851 -0.8751904
v 1.7855116 0.0243851 -0.9132620
v 1.7906636 0.0243851 -0.7841140
v 1.7850608 0.0276363 -0.7841140
v 1.3543602 0.0276363 -0.8888550
v 1.2967763 0.0276363 -0.8717457
v 1.3543602 0.0276363 -0.7841152
v 1.2968665 0.0276363 -0.7841134
v 1.2911346 0.0243851 -0.6619791
v 1.2911435 0.0243851 -0.7841134
v 1.2911346 -0.0011223 -0.6619791
v 1.2911519 0.0243851 -0.8717457
v 1.2911435 -0.0011223 -0.7841134
v 1.3032909 -0.0011223 -0.9157867
v 1.2911519 -0.0011223 -0.8717457
v 1.3032909 0.0243851 -0.9157867
v 1.3313362 0.0243851 -0.9397331
v 1.3313362 -0.0011223 -0.9397331
v 1.2969625 0.0276363 -0.6619791
v 1.2968665 0.0276363 -0.7841134
v 1.2911346 0.0243851 -0.6619791
v 1.2911435 0.0243851 -0.7841134
v 1.2969625 0.0276363 -0.6619791
v 1.3543602 0.0276363 -0.6620508
v 1.2968665 0.0276363 -0.7841134
v 1.4169653 0.0276363 -0.6620508
v 1.4169653 0.0276363 -0.7841152
v 1.3543602 0.0276363 -0.7841152
v 1.5421754 0.0276363 -0.6608226
v 1.5421754 0.0276363 -0.7828870
v 1.5421754 0.0276363 -0.7828870
v 1.5421754 0.0276363 -0.6608226
v 1.6673855 0.0276363 -0.7841152
v 1.6673855 0.0276363 -0.6620508
v 1.7299912 0.0276363 -0.6620508
v 1.7299912 0.0276363 -0.7841152
v 1.7861196 0.0276363 -0.6619936
v 1.7850608 0.0276363 -0.7841140
v 1.7906636 0.0243851 -0.7841140
v 1.7850608 0.0276363 -0.7841140
v 1.7916966 0.0243851 -0.6619936
v 1.7861196 0.0276363 -0.6619936
v 1.3313362 0.0243851 -0.9397331
v 1.4099342 0.0243851 -0.9458394
v 1.3313362 -0.0011223 -0.9397331
v 1.5421754 0.0243851 -0.9476505
v 1.4099342 -0.0011223 -0.9458394
v 1.6753638 0.0243851 -0.9471549
v 1.5421754 -0.0011223 -0.9476505
v 1.5421754 -0.0011223 -0.9476505
v 1.7501687 0.0243851 -0.9430126
v 1.7501687 -0.0011223 -0.9430126
v 1.6753638 -0.0011223 -0.9471549
v 1.7855116 0.0243851 -0.9132620
v 1.7855116 -0.0011223 -0.9132620
v 1.3537927 0.0956807 -0.2944665
v 1.3460352 0.0956807 -0.2855165
v 1.3527534 0.0918020 -0.2944665
v 1.3527534 0.0995594 -0.2944665
v 1.3499137 0.0889626 -0.2944664
v 1.3499137 0.1023988 -0.2944664
v 1.3460352 0.1034381 -0.2944665
v 1.3421566 0.1023988 -0.2944665
v 1.3393168 0.0995594 -0.2944664
v 1.3382774 0.0956807 -0.2944664
v 1.3393168 0.0918020 -0.2944664
v 1.3421566 0.0889626 -0.2944665
v 1.3460352 0.0879233 -0.2944665
v 1.3499137 0.0889626 -0.2944664
v 1.6854264 0.0956807 -0.2944665
v 1.6776686 0.0956807 -0.2855165
v 1.6843873 0.0918020 -0.2944665
v 1.6843873 0.0995594 -0.2944665
v 1.6815475 0.0889626 -0.2944664
v 1.6815475 0.1023988 -0.2944664
v 1.6776686 0.1034381 -0.2944665
v 1.6737904 0.1023988 -0.2944665
v 1.6709506 0.0995594 -0.2944664
v 1.6699109 0.0956807 -0.2944664
v 1.6709506 0.0918020 -0.2944664
v 1.6776686 0.0879233 -0.2944665
v 1.6815475 0.0889626 -0.2944664
v 1.6737904 0.0889626 -0.2944665
v 1.4142776 0.0956807 -0.2944665
v 1.4132383 0.0995594 -0.2944665
v 1.4065200 0.0956807 -0.2855165
v 1.4132383 0.0918020 -0.2944665
v 1.4103985 0.1023988 -0.2944664
v 1.4103985 0.0889626 -0.2944664
v 1.4065200 0.1034381 -0.2944665
v 1.4026414 0.1023988 -0.2944665
v 1.3998016 0.0995594 -0.2944664
v 1.3987622 0.0956807 -0.2944664
v 1.3998016 0.0918020 -0.2944664
v 1.4026414 0.0889626 -0.2944665
v 1.4065200 0.0879233 -0.2944665
v 1.4103985 0.0889626 -0.2944664
v 1.7459115 0.0956807 -0.2944665
v 1.7381537 0.0956807 -0.2855165
v 1.7448717 0.0918020 -0.2944665
v 1.7448717 0.0995594 -0.2944665
v 1.7420320 0.0889626 -0.2944664
v 1.7420320 0.1023988 -0.2944664
v 1.7381537 0.1034381 -0.2944665
v 1.7342748 0.1023988 -0.2944665
v 1.7314350 0.0995594 -0.2944664
v 1.7303959 0.0956807 -0.2944664
v 1.7314350 0.0918020 -0.2944664
v 1.7381537 0.0879233 -0.2944665
v 1.7420320 0.0889626 -0.2944664
v 1.7342748 0.0889626 -0.2944665
v 1.3840352 0.0956807 -0.2944665
v 1.3762776 0.0956807 -0.2855165
v 1.3829959 0.0918020 -0.2944665
v 1.3829959 0.0995594 -0.2944665
v 1.3801562 0.0889626 -0.2944664
v 1.3801562 0.1023988 -0.2944664
v 1.3762776 0.1034381 -0.2944665
v 1.3723990 0.1023988 -0.2944665
v 1.3695592 0.0995594 -0.2944664
v 1.3685198 0.0956807 -0.2944664
v 1.3695592 0.0918020 -0.2944664
v 1.3762776 0.0879233 -0.2944665
v 1.3801562 0.0889626 -0.2944664
v 1.3723990 0.0889626 -0.2944665
v 1.7156689 0.0956807 -0.2944665
v 1.7079112 0.0956807 -0.2855165
v 1.7146298 0.0918020 -0.2944665
v 1.7146298 0.0995594 -0.2944665
v 1.7117894 0.0889626 -0.2944664
v 1.7117894 0.1023988 -0.2944664
v 1.7079112 0.1034381 -0.2944665
v 1.7040329 0.1023988 -0.2944665
v 1.7011931 0.0995594 -0.2944664
v 1.7001534 0.0956807 -0.2944664
v 1.7011931 0.0918020 -0.2944664
v 1.7040329 0.0889626 -0.2944665
v 1.7079112 0.0879233 -0.2944665
v 1.7117894 0.0889626 -0.2944664
v 1.4211211 0.0956807 -0.3168254
v 1.4211211 0.0995594 -0.3157861
v 1.4300709 0.0956807 -0.3090678
v 1.4211211 0.0918020 -0.3157861
v 1.4211211 0.1023988 -0.3129463
v 1.4211211 0.0889626 -0.3129463
v 1.4211211 0.1034381 -0.3090678
v 1.4211211 0.1023988 -0.3051892
v 1.4211211 0.0995594 -0.3023494
v 1.4211211 0.0956807 -0.3013101
v 1.4211211 0.0879233 -0.3090678
v 1.4211211 0.0889626 -0.3129463
v 1.4211211 0.0889626 -0.3051892
v 1.4211211 0.0918020 -0.3023494
v 1.7527548 0.0956807 -0.3168254
v 1.7527548 0.0995594 -0.3157861
v 1.7617046 0.0956807 -0.3090678
v 1.7527548 0.0918020 -0.3157861
v 1.7527548 0.1023988 -0.3129463
v 1.7527548 0.0889626 -0.3129463
v 1.7527548 0.1034381 -0.3090678
v 1.7527548 0.1023988 -0.3051892
v 1.7527548 0.0995594 -0.3023494
v 1.7527548 0.0956807 -0.3013101
v 1.7527548 0.0879233 -0.3090678
v 1.7527548 0.0889626 -0.3129463
v 1.7527548 0.0889626 -0.3051892
v 1.7527548 0.0918020 -0.3023494
v 1.4211211 0.0956807 -0.3470678
v 1.4211211 0.0995594 -0.3460285
v 1.4300709 0.0956807 -0.3393102
v 1.4211211 0.0918020 -0.3460285
v 1.4211211 0.1023988 -0.3431887
v 1.4211211 0.0889626 -0.3431887
v 1.4211211 0.1034381 -0.3393102
v 1.4211211 0.1023988 -0.3354316
v 1.4211211 0.0995594 -0.3325918
v 1.4211211 0.0956807 -0.3315525
v 1.4211211 0.0879233 -0.3393102
v 1.4211211 0.0889626 -0.3431887
v 1.4211211 0.0889626 -0.3354316
v 1.4211211 0.0918020 -0.3325918
v 1.7527548 0.0956807 -0.3470678
v 1.7527548 0.0995594 -0.3460285
v 1.7617046 0.0956807 -0.3393102
v 1.7527548 0.0918020 -0.3460285
v 1.7527548 0.1023988 -0.3431887
v 1.7527548 0.0889626 -0.3431887
v 1.7527548 0.1034381 -0.3393102
v 1.7527548 0.1023988 -0.3354316
v 1.7527548 0.0995594 -0.3325918
v 1.7527548 0.0956807 -0.3315525
v 1.7527548 0.0879233 -0.3393102
v 1.7527548 0.0889626 -0.3431887
v 1.7527548 0.0889626 -0.3354316
v 1.7527548 0.0918020 -0.3325918
v 1.4211211 0.0956807 -0.3773102
v 1.4300709 0.0956807 -0.3695526
v 1.4211211 0.0918020 -0.3762709
v 1.4211211 0.0995594 -0.3762709
v 1.4211211 0.0889626 -0.3734311
v 1.4211211 0.1023988 -0.3734311
v 1.4211211 0.1034381 -0.3695526
v 1.4211211 0.1023988 -0.3656740
v 1.4211211 0.0995594 -0.3628342
v 1.4211211 0.0956807 -0.3617949
v 1.4211211 0.0918020 -0.3628342
v 1.4211211 0.0879233 -0.3695526
v 1.4211211 0.0889626 -0.3734311
v 1.4211211 0.0889626 -0.3656740
v 1.7527548 0.0956807 -0.3773102
v 1.7527548 0.0995594 -0.3762709
v 1.7617046 0.0956807 -0.3695526
v 1.7527548 0.0918020 -0.3762709
v 1.7527548 0.1023988 -0.3734311
v 1.7527548 0.0889626 -0.3734311
v 1.7527548 0.1034381 -0.3695526
v 1.7527548 0.1023988 -0.3656740
v 1.7527548 0.0995594 -0.3628342
v 1.7527548 0.0956807 -0.3617949
v 1.7527548 0.0879233 -0.3695526
v 1.7527548 0.0889626 -0.3734311
v 1.7527548 0.0889626 -0.3656740
v 1.7527548 0.0918020 -0.3628342
v 1.3987622 0.0956807 -0.3841539
v 1.4065199 0.0956807 -0.3931037
v 1.3998016 0.0918020 -0.3841537
v 1.3998016 0.0995594 -0.3841537
v 1.4026414 0.0889626 -0.3841539
v 1.4026414 0.1023988 -0.3841539
v 1.4065199 0.1034381 -0.3841539
v 1.4103984 0.1023988 -0.3841537
v 1.4132382 0.0995594 -0.3841539
v 1.4142776 0.0956807 -0.3841539
v 1.4132382 0.0918020 -0.3841539
v 1.4065199 0.0879233 -0.3841539
v 1.4026414 0.0889626 -0.3841539
v 1.4103984 0.0889626 -0.3841537
v 1.7303959 0.0956807 -0.3841539
v 1.7381537 0.0956807 -0.3931037
v 1.7314350 0.0918020 -0.3841537
v 1.7314350 0.0995594 -0.3841537
v 1.7342748 0.0889626 -0.3841539
v 1.7342748 0.1023988 -0.3841539
v 1.7381537 0.1034381 -0.3841539
v 1.7420320 0.1023988 -0.3841537
v 1.7448717 0.0995594 -0.3841539
v 1.7459115 0.0956807 -0.3841539
v 1.7448717 0.0918020 -0.3841539
v 1.7381537 0.0879233 -0.3841539
v 1.7342748 0.0889626 -0.3841539
v 1.7420320 0.0889626 -0.3841537
v 1.3685198 0.0956807 -0.3841539
v 1.3762775 0.0956807 -0.3931037
v 1.3695591 0.0918020 -0.3841537
v 1.3695591 0.0995594 -0.3841537
v 1.3723990 0.0889626 -0.3841539
v 1.3723990 0.1023988 -0.3841539
v 1.3762775 0.1034381 -0.3841539
v 1.3801560 0.1023988 -0.3841537
v 1.3829958 0.0995594 -0.3841539
v 1.3840352 0.0956807 -0.3841539
v 1.3829958 0.0918020 -0.3841539
v 1.3801560 0.0889626 -0.3841537
v 1.3762775 0.0879233 -0.3841539
v 1.3723990 0.0889626 -0.3841539
v 1.7001534 0.0956807 -0.3841539
v 1.7011925 0.0995594 -0.3841537
v 1.7079112 0.0956807 -0.3931037
v 1.7011925 0.0918020 -0.3841537
v 1.7040329 0.1023988 -0.3841539
v 1.7040329 0.0889626 -0.3841539
v 1.7079112 0.1034381 -0.3841539
v 1.7117894 0.1023988 -0.3841537
v 1.7146292 0.0995594 -0.3841539
v 1.7156689 0.0956807 -0.3841539
v 1.7117894 0.0889626 -0.3841537
v 1.7079112 0.0879233 -0.3841539
v 1.7146292 0.0918020 -0.3841539
v 1.7040329 0.0889626 -0.3841539
v 1.3382774 0.0956807 -0.3841539
v 1.3460350 0.0956807 -0.3931037
v 1.3393168 0.0918020 -0.3841537
v 1.3393168 0.0995594 -0.3841537
v 1.3421566 0.0889626 -0.3841539
v 1.3421566 0.1023988 -0.3841539
v 1.3460350 0.1034381 -0.3841539
v 1.3499136 0.1023988 -0.3841537
v 1.3527534 0.0995594 -0.3841539
v 1.3537927 0.0956807 -0.3841539
v 1.3527534 0.0918020 -0.3841539
v 1.3499136 0.0889626 -0.3841537
v 1.3460350 0.0879233 -0.3841539
v 1.3421566 0.0889626 -0.3841539
v 1.6699109 0.0956807 -0.3841539
v 1.6709506 0.0995594 -0.3841537
v 1.6776686 0.0956807 -0.3931037
v 1.6709506 0.0918020 -0.3841537
v 1.6737904 0.1023988 -0.3841539
v 1.6737904 0.0889626 -0.3841539
v 1.6776686 0.1034381 -0.3841539
v 1.6815475 0.1023988 -0.3841537
v 1.6843873 0.0995594 -0.3841539
v 1.6854264 0.0956807 -0.3841539
v 1.6843873 0.0918020 -0.3841539
v 1.6815475 0.0889626 -0.3841537
v 1.6776686 0.0879233 -0.3841539
v 1.6737904 0.0889626 -0.3841539
v 1.3314338 0.0956807 -0.3617949
v 1.3314339 0.0995594 -0.3628341
v 1.3224840 0.0956807 -0.3695525
v 1.3314339 0.0918020 -0.3628341
v 1.3314338 0.1023988 -0.3656739
v 1.3314338 0.0889626 -0.3656739
v 1.3314338 0.1034381 -0.3695525
v 1.3314339 0.1023988 -0.3734310
v 1.3314338 0.0995594 -0.3762709
v 1.3314338 0.0956807 -0.3773102
v 1.3314338 0.0918020 -0.3762709
v 1.3314339 0.0889626 -0.3734310
v 1.3314338 0.0879233 -0.3695525
v 1.3314338 0.0889626 -0.3656739
v 1.6630675 0.0956807 -0.3617949
v 1.6630675 0.0995594 -0.3628341
v 1.6541177 0.0956807 -0.3695525
v 1.6630675 0.0918020 -0.3628341
v 1.6630675 0.1023988 -0.3656739
v 1.6630675 0.0889626 -0.3656739
v 1.6630675 0.1034381 -0.3695525
v 1.6630675 0.1023988 -0.3734310
v 1.6630675 0.0995594 -0.3762709
v 1.6630675 0.0956807 -0.3773102
v 1.6630675 0.0918020 -0.3762709
v 1.6630675 0.0889626 -0.3734310
v 1.6630675 0.0879233 -0.3695525
v 1.6630675 0.0889626 -0.3656739
v 1.3314338 0.0956807 -0.3315525
v 1.3224840 0.0956807 -0.3393101
v 1.3314339 0.0918020 -0.3325918
v 1.3314339 0.0995594 -0.3325918
v 1.3314338 0.0889626 -0.3354316
v 1.3314338 0.1023988 -0.3354316
v 1.3314338 0.1034381 -0.3393101
v 1.3314339 0.1023988 -0.3431886
v 1.3314338 0.0995594 -0.3460284
v 1.3314338 0.0956807 -0.3470678
v 1.3314338 0.0918020 -0.3460284
v 1.3314339 0.0889626 -0.3431886
v 1.3314338 0.0879233 -0.3393101
v 1.3314338 0.0889626 -0.3354316
v 1.6630675 0.0956807 -0.3315525
v 1.6541177 0.0956807 -0.3393101
v 1.6630675 0.0918020 -0.3325918
v 1.6630675 0.0995594 -0.3325918
v 1.6630675 0.0889626 -0.3354316
v 1.6630675 0.1023988 -0.3354316
v 1.6630675 0.1034381 -0.3393101
v 1.6630675 0.1023988 -0.3431886
v 1.6630675 0.0995594 -0.3460284
v 1.6630675 0.0956807 -0.3470678
v 1.6630675 0.0918020 -0.3460284
v 1.6630675 0.0889626 -0.3431886
v 1.6630675 0.0879233 -0.3393101
v 1.6630675 0.0889626 -0.3354316
v 1.3314338 0.0956807 -0.3013101
v 1.3314339 0.0995594 -0.3023493
v 1.3224840 0.0956807 -0.3090677
v 1.3314339 0.0918020 -0.3023493
v 1.3314338 0.1023988 -0.3051892
v 1.3314338 0.0889626 -0.3051892
v 1.3314338 0.1034381 -0.3090677
v 1.3314339 0.1023988 -0.3129462
v 1.3314338 0.0995594 -0.3157860
v 1.3314338 0.0956807 -0.3168254
v 1.3314338 0.0918020 -0.3157860
v 1.3314339 0.0889626 -0.3129462
v 1.3314338 0.0879233 -0.3090677
v 1.3314338 0.0889626 -0.3051892
v 1.6630675 0.0956807 -0.3013101
v 1.6630675 0.0995594 -0.3023493
v 1.6541177 0.0956807 -0.3090677
v 1.6630675 0.0918020 -0.3023493
v 1.6630675 0.1023988 -0.3051892
v 1.6630675 0.0889626 -0.3051892
v 1.6630675 0.1034381 -0.3090677
v 1.6630675 0.1023988 -0.3129462
v 1.6630675 0.0995594 -0.3157860
v 1.6630675 0.0956807 -0.3168254
v 1.6630675 0.0918020 -0.3157860
v 1.6630675 0.0889626 -0.3129462
v 1.6630675 0.0879233 -0.3090677
v 1.6630675 0.0889626 -0.3051892
v 1.6780850 -0.0331970 -0.3033219
v 1.7377373 -0.0331970 -0.3033219
v 1.6782386 0.0599096 -0.3033346
v 1.7375838 0.0599096 -0.3033346
v 1.7438996 -0.0331970 -0.3094840
v 1.7438996 -0.0331970 -0.3691364
v 1.7438867 0.0599096 -0.3096374
v 1.7438867 0.0599096 -0.3689830
v 1.6719228 -0.0331970 -0.3691364
v 1.6719234 -0.0331970 -0.3094840
v 1.6719357 0.0599096 -0.3689830
v 1.6719357 0.0599096 -0.3096374
v 1.6780850 -0.0331970 -0.3752984
v 1.6782386 0.0599096 -0.3752859
v 1.7377373 -0.0331970 -0.3752984
v 1.7375838 0.0599096 -0.3752859
v 1.6689411 0.1049092 -0.2941734
v 1.6693078 0.0836728 -0.2941734
v 1.7468812 0.1049092 -0.2941734
v 1.7465146 0.0836728 -0.2941734
v 1.6627746 0.0836728 -0.3007065
v 1.6627746 0.1049092 -0.3003398
v 1.6627746 0.0836728 -0.3779139
v 1.6627746 0.1049092 -0.3782804
v 1.7530477 0.1049092 -0.3003398
v 1.7530477 0.0836728 -0.3007065
v 1.7530477 0.1049092 -0.3782804
v 1.7530477 0.0836728 -0.3779139
v 1.6693078 0.0836728 -0.3844470
v 1.6689411 0.1049092 -0.3844470
v 1.7465146 0.0836728 -0.3844470
v 1.7468812 0.1049092 -0.3844470
v 1.6783473 -0.0690905 -0.3158872
v 1.6653994 -0.0612004 -0.3033899
v 1.6783473 -0.0690905 -0.3627332
v 1.6653994 -0.0612004 -0.3752306
v 1.7313343 -0.0690905 -0.3097464
v 1.7438314 -0.0612004 -0.2967986
v 1.6844880 -0.0690905 -0.3097465
v 1.6719909 -0.0612004 -0.2967986
v 1.7438314 -0.0612004 -0.2967986
v 1.7442484 -0.0385209 -0.2967986
v 1.6719909 -0.0612004 -0.2967986
v 1.6715739 -0.0385209 -0.2967986
v 1.6653994 -0.0612004 -0.3033899
v 1.6653994 -0.0385209 -0.3029728
v 1.6653994 -0.0612004 -0.3752306
v 1.6653994 -0.0385209 -0.3756476
v 1.7504229 -0.0612004 -0.3752306
v 1.7504229 -0.0385209 -0.3756476
v 1.7504229 -0.0612004 -0.3033899
v 1.7504229 -0.0385209 -0.3029728
v 1.7374751 -0.0690905 -0.3627332
v 1.7504229 -0.0612004 -0.3752306
v 1.7374751 -0.0690905 -0.3158872
v 1.7504229 -0.0612004 -0.3033899
v 1.7465146 0.0836728 -0.3844470
v 1.7375838 0.0599096 -0.3752859
v 1.6693078 0.0836728 -0.3844470
v 1.6782386 0.0599096 -0.3752859
v 1.6627746 0.0836728 -0.3779139
v 1.6719357 0.0599096 -0.3689830
v 1.6627746 0.0836728 -0.3007065
v 1.6719357 0.0599096 -0.3096374
v 1.7530477 0.0836728 -0.3007065
v 1.7438867 0.0599096 -0.3096374
v 1.7530477 0.0836728 -0.3779139
v 1.7438867 0.0599096 -0.3689830
v 1.7442484 -0.0385209 -0.2967986
v 1.7398819 -0.0348464 -0.2995673
v 1.6715739 -0.0385209 -0.2967986
v 1.6759405 -0.0348464 -0.2995672
v 1.6653994 -0.0385209 -0.3029728
v 1.6681722 -0.0348464 -0.3073352
v 1.6653994 -0.0385209 -0.3756476
v 1.6681722 -0.0348464 -0.3712851
v 1.7504229 -0.0385209 -0.3756476
v 1.7476501 -0.0348464 -0.3712851
v 1.7504229 -0.0385209 -0.3029728
v 1.7476495 -0.0348464 -0.3073353
v 1.6844880 -0.0690905 -0.3688740
v 1.6719909 -0.0612004 -0.3818218
v 1.7313343 -0.0690905 -0.3688740
v 1.7438314 -0.0612004 -0.3818218
v 1.6719909 -0.0612004 -0.3818218
v 1.6715739 -0.0385209 -0.3818218
v 1.7438314 -0.0612004 -0.3818218
v 1.7442484 -0.0385209 -0.3818218
v 1.6715739 -0.0385209 -0.3818218
v 1.6759405 -0.0348464 -0.3790532
v 1.7442484 -0.0385209 -0.3818218
v 1.7398819 -0.0348464 -0.3790532
v 1.6780850 -0.0331970 -0.3033219
v 1.6759405 -0.0348464 -0.2995672
v 1.7377373 -0.0331970 -0.3033219
v 1.7398819 -0.0348464 -0.2995673
v 1.6719228 -0.0331970 -0.3691364
v 1.6681722 -0.0348464 -0.3712851
v 1.6719234 -0.0331970 -0.3094840
v 1.6681722 -0.0348464 -0.3073352
v 1.7438996 -0.0331970 -0.3094840
v 1.7476495 -0.0348464 -0.3073353
v 1.7438996 -0.0331970 -0.3691364
v 1.7476501 -0.0348464 -0.3712851
v 1.7377373 -0.0331970 -0.3752984
v 1.7398819 -0.0348464 -0.3790532
v 1.6780850 -0.0331970 -0.3752984
v 1.6759405 -0.0348464 -0.3790532
v 1.6693078 0.0836728 -0.2941734
v 1.6782386 0.0599096 -0.3033346
v 1.7465146 0.0836728 -0.2941734
v 1.7375838 0.0599096 -0.3033346
v 1.6693078 0.0836728 -0.2941734
v 1.6627746 0.0836728 -0.3007065
v 1.6782386 0.0599096 -0.3033346
v 1.6719357 0.0599096 -0.3096374
v 1.6627746 0.0836728 -0.3007065
v 1.6693078 0.0836728 -0.2941734
v 1.6627746 0.1049092 -0.3003398
v 1.6689411 0.1049092 -0.2941734
v 1.7465146 0.0836728 -0.3844470
v 1.7530477 0.0836728 -0.3779139
v 1.7375838 0.0599096 -0.3752859
v 1.7438867 0.0599096 -0.3689830
v 1.7530477 0.0836728 -0.3779139
v 1.7465146 0.0836728 -0.3844470
v 1.7530477 0.1049092 -0.3782804
v 1.7468812 0.1049092 -0.3844470
v 1.6783473 -0.0690905 -0.3158872
v 1.6844880 -0.0690905 -0.3097465
v 1.6653994 -0.0612004 -0.3033899
v 1.6719909 -0.0612004 -0.2967986
v 1.6653994 -0.0612004 -0.3033899
v 1.6719909 -0.0612004 -0.2967986
v 1.6653994 -0.0385209 -0.3029728
v 1.6715739 -0.0385209 -0.2967986
v 1.6653994 -0.0385209 -0.3029728
v 1.6715739 -0.0385209 -0.2967986
v 1.6681722 -0.0348464 -0.3073352
v 1.6759405 -0.0348464 -0.2995672
v 1.7504229 -0.0612004 -0.3752306
v 1.7438314 -0.0612004 -0.3818218
v 1.7504229 -0.0385209 -0.3756476
v 1.7442484 -0.0385209 -0.3818218
v 1.7438314 -0.0612004 -0.3818218
v 1.7504229 -0.0612004 -0.3752306
v 1.7313343 -0.0690905 -0.3688740
v 1.7374751 -0.0690905 -0.3627332
v 1.7504229 -0.0385209 -0.3756476
v 1.7442484 -0.0385209 -0.3818218
v 1.7476501 -0.0348464 -0.3712851
v 1.7398819 -0.0348464 -0.3790532
v 1.7504229 -0.0612004 -0.3033899
v 1.7438314 -0.0612004 -0.2967986
v 1.7374751 -0.0690905 -0.3158872
v 1.7313343 -0.0690905 -0.3097464
v 1.7438314 -0.0612004 -0.2967986
v 1.7504229 -0.0612004 -0.3033899
v 1.7442484 -0.0385209 -0.2967986
v 1.7504229 -0.0385209 -0.3029728
v 1.7442484 -0.0385209 -0.2967986
v 1.7504229 -0.0385209 -0.3029728
v 1.7398819 -0.0348464 -0.2995673
v 1.7476495 -0.0348464 -0.3073353
v 1.6844880 -0.0690905 -0.3688740
v 1.6783473 -0.0690905 -0.3627332
v 1.6719909 -0.0612004 -0.3818218
v 1.6653994 -0.0612004 -0.3752306
v 1.6719909 -0.0612004 -0.3818218
v 1.6653994 -0.0612004 -0.3752306
v 1.6715739 -0.0385209 -0.3818218
v 1.6653994 -0.0385209 -0.3756476
v 1.6715739 -0.0385209 -0.3818218
v 1.6653994 -0.0385209 -0.3756476
v 1.6759405 -0.0348464 -0.3790532
v 1.6681722 -0.0348464 -0.3712851
v 1.6681722 -0.0348464 -0.3073352
v 1.6759405 -0.0348464 -0.2995672
v 1.6719234 -0.0331970 -0.3094840
v 1.6780850 -0.0331970 -0.3033219
v 1.6719234 -0.0331970 -0.3094840
v 1.6780850 -0.0331970 -0.3033219
v 1.6719357 0.0599096 -0.3096374
v 1.6782386 0.0599096 -0.3033346
v 1.7398819 -0.0348464 -0.2995673
v 1.7476495 -0.0348464 -0.3073353
v 1.7377373 -0.0331970 -0.3033219
v 1.7438996 -0.0331970 -0.3094840
v 1.7377373 -0.0331970 -0.3033219
v 1.7438996 -0.0331970 -0.3094840
v 1.7375838 0.0599096 -0.3033346
v 1.7438867 0.0599096 -0.3096374
v 1.7476501 -0.0348464 -0.3712851
v 1.7398819 -0.0348464 -0.3790532
v 1.7438996 -0.0331970 -0.3691364
v 1.7377373 -0.0331970 -0.3752984
v 1.7438996 -0.0331970 -0.3691364
v 1.7377373 -0.0331970 -0.3752984
v 1.7438867 0.0599096 -0.3689830
v 1.7375838 0.0599096 -0.3752859
v 1.6759405 -0.0348464 -0.3790532
v 1.6681722 -0.0348464 -0.3712851
v 1.6780850 -0.0331970 -0.3752984
v 1.6719228 -0.0331970 -0.3691364
v 1.6780850 -0.0331970 -0.3752984
v 1.6719228 -0.0331970 -0.3691364
v 1.6782386 0.0599096 -0.3752859
v 1.6719357 0.0599096 -0.3689830
v 1.6782386 0.0599096 -0.3752859
v 1.6719357 0.0599096 -0.3689830
v 1.6693078 0.0836728 -0.3844470
v 1.6627746 0.0836728 -0.3779139
v 1.7375838 0.0599096 -0.3033346
v 1.7438867 0.0599096 -0.3096374
v 1.7465146 0.0836728 -0.2941734
v 1.7530477 0.0836728 -0.3007065
v 1.6693078 0.0836728 -0.3844470
v 1.6627746 0.0836728 -0.3779139
v 1.6689411 0.1049092 -0.3844470
v 1.6627746 0.1049092 -0.3782804
v 1.7465146 0.0836728 -0.2941734
v 1.7530477 0.0836728 -0.3007065
v 1.7468812 0.1049092 -0.2941734
v 1.7530477 0.1049092 -0.3003398
v 1.6627746 0.1049092 -0.3782804
v 1.6627746 0.1049092 -0.3003398
v 1.6646170 0.1067515 -0.3764640
v 1.6646170 0.1067515 -0.3021564
v 1.7450652 0.1067515 -0.2960156
v 1.6707578 0.1067515 -0.2960156
v 1.7468812 0.1049092 -0.2941734
v 1.6689411 0.1049092 -0.2941734
v 1.7512059 0.1067515 -0.3764640
v 1.7512059 0.1067515 -0.3021564
v 1.7530477 0.1049092 -0.3782804
v 1.7530477 0.1049092 -0.3003398
v 1.7468812 0.1049092 -0.3844470
v 1.6689411 0.1049092 -0.3844470
v 1.7450652 0.1067515 -0.3826048
v 1.6707578 0.1067515 -0.3826048
v 1.6862641 0.1067515 -0.3578871
v 1.7079112 0.1067515 -0.3393102
v 1.6893342 0.1067515 -0.3609575
v 1.6862641 0.1067515 -0.3207333
v 1.7264882 0.1067515 -0.3609575
v 1.7295582 0.1067515 -0.3578871
v 1.7295582 0.1067515 -0.3207333
v 1.7264882 0.1067515 -0.3176629
v 1.6893342 0.1067515 -0.3176629
v 1.6646170 0.1067515 -0.3021564
v 1.6627746 0.1049092 -0.3003398
v 1.6707578 0.1067515 -0.2960156
v 1.6689411 0.1049092 -0.2941734
v 1.7512059 0.1067515 -0.3764640
v 1.7530477 0.1049092 -0.3782804
v 1.7450652 0.1067515 -0.3826048
v 1.7468812 0.1049092 -0.3844470
v 1.7450652 0.1067515 -0.2960156
v 1.7468812 0.1049092 -0.2941734
v 1.7512059 0.1067515 -0.3021564
v 1.7530477 0.1049092 -0.3003398
v 1.6707578 0.1067515 -0.3826048
v 1.6689411 0.1049092 -0.3844470
v 1.6646170 0.1067515 -0.3764640
v 1.6627746 0.1049092 -0.3782804
v 1.7264882 0.1067515 -0.3176629
v 1.6893342 0.1067515 -0.3176629
v 1.7450652 0.1067515 -0.2960156
v 1.6707578 0.1067515 -0.2960156
v 1.7295582 0.1067515 -0.3207333
v 1.7264882 0.1067515 -0.3176629
v 1.7512059 0.1067515 -0.3021564
v 1.7450652 0.1067515 -0.2960156
v 1.7295582 0.1067515 -0.3578871
v 1.7295582 0.1067515 -0.3207333
v 1.7512059 0.1067515 -0.3764640
v 1.7512059 0.1067515 -0.3021564
v 1.7264882 0.1067515 -0.3609575
v 1.7295582 0.1067515 -0.3578871
v 1.7450652 0.1067515 -0.3826048
v 1.7512059 0.1067515 -0.3764640
v 1.6893342 0.1067515 -0.3609575
v 1.7264882 0.1067515 -0.3609575
v 1.6707578 0.1067515 -0.3826048
v 1.7450652 0.1067515 -0.3826048
v 1.6862641 0.1067515 -0.3578871
v 1.6893342 0.1067515 -0.3609575
v 1.6646170 0.1067515 -0.3764640
v 1.6707578 0.1067515 -0.3826048
v 1.6862641 0.1067515 -0.3207333
v 1.6862641 0.1067515 -0.3578871
v 1.6646170 0.1067515 -0.3021564
v 1.6646170 0.1067515 -0.3764640
v 1.6893342 0.1067515 -0.3176629
v 1.6862641 0.1067515 -0.3207333
v 1.6707578 0.1067515 -0.2960156
v 1.6646170 0.1067515 -0.3021564
v 1.3464515 -0.0331970 -0.3033219
v 1.4061037 -0.0331970 -0.3033219
v 1.3466049 0.0599096 -0.3033346
v 1.4059503 0.0599096 -0.3033346
v 1.4122657 -0.0331970 -0.3094840
v 1.4122657 -0.0331970 -0.3691364
v 1.4122531 0.0599096 -0.3096374
v 1.4122531 0.0599096 -0.3689830
v 1.3402893 -0.0331970 -0.3691364
v 1.3402894 -0.0331970 -0.3094840
v 1.3403021 0.0599096 -0.3689830
v 1.3403021 0.0599096 -0.3096374
v 1.3464514 -0.0331970 -0.3752984
v 1.3466049 0.0599096 -0.3752859
v 1.4061037 -0.0331970 -0.3752984
v 1.4059503 0.0599096 -0.3752859
v 1.3373074 0.1049092 -0.2941734
v 1.3376741 0.0836728 -0.2941734
v 1.4152477 0.1049092 -0.2941734
v 1.4148810 0.0836728 -0.2941734
v 1.3311409 0.0836728 -0.3007065
v 1.3311409 0.1049092 -0.3003398
v 1.3311409 0.0836728 -0.3779139
v 1.3311409 0.1049092 -0.3782804
v 1.4214141 0.1049092 -0.3003398
v 1.4214141 0.0836728 -0.3007065
v 1.4214141 0.1049092 -0.3782804
v 1.4214141 0.0836728 -0.3779139
v 1.3376741 0.0836728 -0.3844470
v 1.3373074 0.1049092 -0.3844470
v 1.4148810 0.0836728 -0.3844470
v 1.4152477 0.1049092 -0.3844470
v 1.3467137 -0.0690905 -0.3158872
v 1.3337659 -0.0612004 -0.3033899
v 1.3467137 -0.0690905 -0.3627332
v 1.3337659 -0.0612004 -0.3752306
v 1.3997004 -0.0690905 -0.3097464
v 1.4121977 -0.0612004 -0.2967986
v 1.3528545 -0.0690905 -0.3097465
v 1.3403572 -0.0612004 -0.2967986
v 1.4121977 -0.0612004 -0.2967986
v 1.4126147 -0.0385209 -0.2967986
v 1.3403572 -0.0612004 -0.2967986
v 1.3399402 -0.0385209 -0.2967986
v 1.3337659 -0.0612004 -0.3033899
v 1.3337659 -0.0385209 -0.3029728
v 1.3337659 -0.0612004 -0.3752306
v 1.3337659 -0.0385209 -0.3756476
v 1.4187893 -0.0612004 -0.3752306
v 1.4187893 -0.0385209 -0.3756476
v 1.4187893 -0.0612004 -0.3033899
v 1.4187893 -0.0385209 -0.3029728
v 1.4058412 -0.0690905 -0.3627332
v 1.4187893 -0.0612004 -0.3752306
v 1.4058412 -0.0690905 -0.3158872
v 1.4187893 -0.0612004 -0.3033899
v 1.4148810 0.0836728 -0.3844470
v 1.4059503 0.0599096 -0.3752859
v 1.3376741 0.0836728 -0.3844470
v 1.3466049 0.0599096 -0.3752859
v 1.3311409 0.0836728 -0.3779139
v 1.3403021 0.0599096 -0.3689830
v 1.3311409 0.0836728 -0.3007065
v 1.3403021 0.0599096 -0.3096374
v 1.4214141 0.0836728 -0.3007065
v 1.4122531 0.0599096 -0.3096374
v 1.4214141 0.0836728 -0.3779139
v 1.4122531 0.0599096 -0.3689830
v 1.4126147 -0.0385209 -0.2967986
v 1.4082480 -0.0348464 -0.2995673
v 1.3399402 -0.0385209 -0.2967986
v 1.3443070 -0.0348464 -0.2995672
v 1.3337659 -0.0385209 -0.3029728
v 1.3365389 -0.0348464 -0.3073352
v 1.3337659 -0.0385209 -0.3756476
v 1.3365389 -0.0348464 -0.3712851
v 1.4187893 -0.0385209 -0.3756476
v 1.4160163 -0.0348464 -0.3712851
v 1.4187893 -0.0385209 -0.3029728
v 1.4160159 -0.0348464 -0.3073353
v 1.3528545 -0.0690905 -0.3688740
v 1.3403572 -0.0612004 -0.3818218
v 1.3997004 -0.0690905 -0.3688740
v 1.4121977 -0.0612004 -0.3818218
v 1.3403572 -0.0612004 -0.3818218
v 1.3399402 -0.0385209 -0.3818218
v 1.4121977 -0.0612004 -0.3818218
v 1.4126147 -0.0385209 -0.3818218
v 1.3399402 -0.0385209 -0.3818218
v 1.3443070 -0.0348464 -0.3790532
v 1.4126147 -0.0385209 -0.3818218
v 1.4082482 -0.0348464 -0.3790532
v 1.3464515 -0.0331970 -0.3033219
v 1.3443070 -0.0348464 -0.2995672
v 1.4061037 -0.0331970 -0.3033219
v 1.4082480 -0.0348464 -0.2995673
v 1.3402893 -0.0331970 -0.3691364
v 1.3365389 -0.0348464 -0.3712851
v 1.3402894 -0.0331970 -0.3094840
v 1.3365389 -0.0348464 -0.3073352
v 1.4122657 -0.0331970 -0.3094840
v 1.4160159 -0.0348464 -0.3073353
v 1.4122657 -0.0331970 -0.3691364
v 1.4160163 -0.0348464 -0.3712851
v 1.4061037 -0.0331970 -0.3752984
v 1.4082482 -0.0348464 -0.3790532
v 1.3464514 -0.0331970 -0.3752984
v 1.3443070 -0.0348464 -0.3790532
v 1.3376741 0.0836728 -0.2941734
v 1.3466049 0.0599096 -0.3033346
v 1.4148810 0.0836728 -0.2941734
v 1.4059503 0.0599096 -0.3033346
v 1.3376741 0.0836728 -0.2941734
v 1.3311409 0.0836728 -0.3007065
v 1.3466049 0.0599096 -0.3033346
v 1.3403021 0.0599096 -0.3096374
v 1.3311409 0.0836728 -0.3007065
v 1.3376741 0.0836728 -0.2941734
v 1.3311409 0.1049092 -0.3003398
v 1.3373074 0.1049092 -0.2941734
v 1.4148810 0.0836728 -0.3844470
v 1.4214141 0.0836728 -0.3779139
v 1.4059503 0.0599096 -0.3752859
v 1.4122531 0.0599096 -0.3689830
v 1.4214141 0.0836728 -0.3779139
v 1.4148810 0.0836728 -0.3844470
v 1.4214141 0.1049092 -0.3782804
v 1.4152477 0.1049092 -0.3844470
v 1.3467137 -0.0690905 -0.3158872
v 1.3528545 -0.0690905 -0.3097465
v 1.3337659 -0.0612004 -0.3033899
v 1.3403572 -0.0612004 -0.2967986
v 1.3337659 -0.0612004 -0.3033899
v 1.3403572 -0.0612004 -0.2967986
v 1.3337659 -0.0385209 -0.3029728
v 1.3399402 -0.0385209 -0.2967986
v 1.3337659 -0.0385209 -0.3029728
v 1.3399402 -0.0385209 -0.2967986
v 1.3365389 -0.0348464 -0.3073352
v 1.3443070 -0.0348464 -0.2995672
v 1.4187893 -0.0612004 -0.3752306
v 1.4121977 -0.0612004 -0.3818218
v 1.4187893 -0.0385209 -0.3756476
v 1.4126147 -0.0385209 -0.3818218
v 1.4121977 -0.0612004 -0.3818218
v 1.4187893 -0.0612004 -0.3752306
v 1.3997004 -0.0690905 -0.3688740
v 1.4058412 -0.0690905 -0.3627332
v 1.4187893 -0.0385209 -0.3756476
v 1.4126147 -0.0385209 -0.3818218
v 1.4160163 -0.0348464 -0.3712851
v 1.4082482 -0.0348464 -0.3790532
v 1.4187893 -0.0612004 -0.3033899
v 1.4121977 -0.0612004 -0.2967986
v 1.4058412 -0.0690905 -0.3158872
v 1.3997004 -0.0690905 -0.3097464
v 1.4121977 -0.0612004 -0.2967986
v 1.4187893 -0.0612004 -0.3033899
v 1.4126147 -0.0385209 -0.2967986
v 1.4187893 -0.0385209 -0.3029728
v 1.4126147 -0.0385209 -0.2967986
v 1.4187893 -0.0385209 -0.3029728
v 1.4082480 -0.0348464 -0.2995673
v 1.4160159 -0.0348464 -0.3073353
v 1.3528545 -0.0690905 -0.3688740
v 1.3467137 -0.0690905 -0.3627332
v 1.3403572 -0.0612004 -0.3818218
v 1.3337659 -0.0612004 -0.3752306
v 1.3403572 -0.0612004 -0.3818218
v 1.3337659 -0.0612004 -0.3752306
v 1.3399402 -0.0385209 -0.3818218
v 1.3337659 -0.0385209 -0.3756476
v 1.3399402 -0.0385209 -0.3818218
v 1.3337659 -0.0385209 -0.3756476
v 1.3443070 -0.0348464 -0.3790532
v 1.3365389 -0.0348464 -0.3712851
v 1.3365389 -0.0348464 -0.3073352
v 1.3443070 -0.0348464 -0.2995672
v 1.3402894 -0.0331970 -0.3094840
v 1.3464515 -0.0331970 -0.3033219
v 1.3402894 -0.0331970 -0.3094840
v 1.3464515 -0.0331970 -0.3033219
v 1.3403021 0.0599096 -0.3096374
v 1.3466049 0.0599096 -0.3033346
v 1.4082480 -0.0348464 -0.2995673
v 1.4160159 -0.0348464 -0.3073353
v 1.4061037 -0.0331970 -0.3033219
v 1.4122657 -0.0331970 -0.3094840
v 1.4061037 -0.0331970 -0.3033219
v 1.4122657 -0.0331970 -0.3094840
v 1.4059503 0.0599096 -0.3033346
v 1.4122531 0.0599096 -0.3096374
v 1.4160163 -0.0348464 -0.3712851
v 1.4082482 -0.0348464 -0.3790532
v 1.4122657 -0.0331970 -0.3691364
v 1.4061037 -0.0331970 -0.3752984
v 1.4122657 -0.0331970 -0.3691364
v 1.4061037 -0.0331970 -0.3752984
v 1.4122531 0.0599096 -0.3689830
v 1.4059503 0.0599096 -0.3752859
v 1.3443070 -0.0348464 -0.3790532
v 1.3365389 -0.0348464 -0.3712851
v 1.3464514 -0.0331970 -0.3752984
v 1.3402893 -0.0331970 -0.3691364
v 1.3464514 -0.0331970 -0.3752984
v 1.3402893 -0.0331970 -0.3691364
v 1.3466049 0.0599096 -0.3752859
v 1.3403021 0.0599096 -0.3689830
v 1.3466049 0.0599096 -0.3752859
v 1.3403021 0.0599096 -0.3689830
v 1.3376741 0.0836728 -0.3844470
v 1.3311409 0.0836728 -0.3779139
v 1.4059503 0.0599096 -0.3033346
v 1.4122531 0.0599096 -0.3096374
v 1.4148810 0.0836728 -0.2941734
v 1.4214141 0.0836728 -0.3007065
v 1.3376741 0.0836728 -0.3844470
v 1.3311409 0.0836728 -0.3779139
v 1.3373074 0.1049092 -0.3844470
v 1.3311409 0.1049092 -0.3782804
v 1.4148810 0.0836728 -0.2941734
v 1.4214141 0.0836728 -0.3007065
v 1.4152477 0.1049092 -0.2941734
v 1.4214141 0.1049092 -0.3003398
v 1.3311409 0.1049092 -0.3782804
v 1.3311409 0.1049092 -0.3003398
v 1.3329832 0.1067515 -0.3764640
v 1.3329832 0.1067515 -0.3021564
v 1.4134312 0.1067515 -0.2960156
v 1.3391240 0.1067515 -0.2960156
v 1.4152477 0.1049092 -0.2941734
v 1.3373074 0.1049092 -0.2941734
v 1.4195723 0.1067515 -0.3764640
v 1.4195723 0.1067515 -0.3021564
v 1.4214141 0.1049092 -0.3782804
v 1.4214141 0.1049092 -0.3003398
v 1.4152477 0.1049092 -0.3844470
v 1.3373074 0.1049092 -0.3844470
v 1.4134312 0.1067515 -0.3826048
v 1.3391240 0.1067515 -0.3826048
v 1.3546304 0.1067515 -0.3578871
v 1.3762776 0.1067515 -0.3393102
v 1.3577008 0.1067515 -0.3609575
v 1.3546304 0.1067515 -0.3207333
v 1.3948545 0.1067515 -0.3609575
v 1.3979248 0.1067515 -0.3578871
v 1.3979248 0.1067515 -0.3207333
v 1.3577008 0.1067515 -0.3176629
v 1.3948545 0.1067515 -0.3176629
v 1.3329832 0.1067515 -0.3021564
v 1.3311409 0.1049092 -0.3003398
v 1.3391240 0.1067515 -0.2960156
v 1.3373074 0.1049092 -0.2941734
v 1.4195723 0.1067515 -0.3764640
v 1.4214141 0.1049092 -0.3782804
v 1.4134312 0.1067515 -0.3826048
v 1.4152477 0.1049092 -0.3844470
v 1.4134312 0.1067515 -0.2960156
v 1.4152477 0.1049092 -0.2941734
v 1.4195723 0.1067515 -0.3021564
v 1.4214141 0.1049092 -0.3003398
v 1.3391240 0.1067515 -0.3826048
v 1.3373074 0.1049092 -0.3844470
v 1.3329832 0.1067515 -0.3764640
v 1.3311409 0.1049092 -0.3782804
v 1.3948545 0.1067515 -0.3176629
v 1.3577008 0.1067515 -0.3176629
v 1.4134312 0.1067515 -0.2960156
v 1.3391240 0.1067515 -0.2960156
v 1.3979248 0.1067515 -0.3207333
v 1.3948545 0.1067515 -0.3176629
v 1.4195723 0.1067515 -0.3021564
v 1.4134312 0.1067515 -0.2960156
v 1.3979248 0.1067515 -0.3578871
v 1.3979248 0.1067515 -0.3207333
v 1.4195723 0.1067515 -0.3764640
v 1.4195723 0.1067515 -0.3021564
v 1.3948545 0.1067515 -0.3609575
v 1.3979248 0.1067515 -0.3578871
v 1.4134312 0.1067515 -0.3826048
v 1.4195723 0.1067515 -0.3764640
v 1.3577008 0.1067515 -0.3609575
v 1.3948545 0.1067515 -0.3609575
v 1.3391240 0.1067515 -0.3826048
v 1.4134312 0.1067515 -0.3826048
v 1.3546304 0.1067515 -0.3578871
v 1.3577008 0.1067515 -0.3609575
v 1.3329832 0.1067515 -0.3764640
v 1.3391240 0.1067515 -0.3826048
v 1.3546304 0.1067515 -0.3207333
v 1.3546304 0.1067515 -0.3578871
v 1.3329832 0.1067515 -0.3021564
v 1.3329832 0.1067515 -0.3764640
v 1.3577008 0.1067515 -0.3176629
v 1.3546304 0.1067515 -0.3207333
v 1.3391240 0.1067515 -0.2960156
v 1.3329832 0.1067515 -0.3021564
vt 1.0630640 0.9074392
vt 1.0630640 0.6597902
vt 0.8307555 0.9074392
vt 0.8307556 0.6597902
vt -0.9865127 0.8680841
vt -0.9866824 0.6266364
vt -1.0076510 0.8690578
vt -1.0076270 0.6267142
vt -0.9865127 0.8680841
vt -0.7803817 0.8689974
vt -0.9866824 0.6266364
vt -0.5553643 0.8688496
vt -0.5553643 0.6254869
vt -0.7803817 0.6258170
vt -0.1053294 0.8682010
vt -0.1053294 0.6260394
vt 0.3447049 0.8684863
vt 0.3447050 0.6254134
vt -0.1053294 0.6260394
vt 0.5697223 0.8668789
vt 0.5697224 0.6254076
vt 0.3447049 0.8684863
vt 0.7733096 0.8615856
vt 0.7714622 0.6254274
vt 0.5697223 0.8668789
vt 0.7914845 0.6255472
vt 0.7714622 0.6254274
vt 0.7933181 0.8636131
vt 0.7733096 0.8615856
vt 1.8072070 -0.9222770
vt 1.5748980 -0.9222770
vt 1.8072060 -0.7421080
vt 1.5748980 -0.7421080
vt 1.8072060 -0.3923220
vt 1.5748990 -0.3923220
vt 1.8072080 -0.0668430
vt 1.5748970 -0.0668430
vt 1.5748970 0.0812446
vt 1.8072080 0.0812446
vt -0.9870273 -0.0003890
vt -0.9873520 -0.2567060
vt -1.0075960 -0.0003360
vt -0.7803816 -0.3113300
vt -0.9441020 -0.3901450
vt -1.0075670 -0.2567060
vt -0.5553643 -0.3113300
vt -0.5782799 -0.4766760
vt -0.8545443 -0.4573690
vt -0.7803818 -0.0016850
vt -0.8631352 -0.4737630
vt -0.9639366 -0.3973110
vt -0.9639366 -0.3973110
vt -0.1053294 -0.3113300
vt -0.5553643 -0.0022900
vt -0.1053295 -0.4824600
vt -0.1053295 -0.4990390
vt -0.5782800 -0.4932580
vt -0.5782800 -0.4932580
vt -0.8631352 -0.4737630
vt 0.3447051 -0.3113300
vt -0.1053294 -0.0018830
vt -0.1053294 -0.0018830
vt 0.3733804 -0.4808750
vt 0.3733806 -0.4974580
vt 0.3447050 -0.0024310
vt 0.5697223 -0.0020860
vt 0.5697222 -0.3113300
vt 0.6343827 -0.4678220
vt 0.6422458 -0.4842330
vt 0.3733806 -0.4974580
vt 0.7676574 -0.0013000
vt 0.5697222 -0.3113300
vt 0.7495803 -0.3814020
vt 0.7639689 -0.2677040
vt 0.7692764 -0.3892520
vt 0.6422458 -0.4842330
vt 0.7639689 -0.2677040
vt 0.7841941 -0.2677040
vt 0.7692764 -0.3892520
vt 0.7877693 -0.0012220
vt 0.7676574 -0.0013000
vt -0.7803816 -0.3113300
vt -0.9873520 -0.2567060
vt -0.7803818 -0.0016850
vt -0.9870273 -0.0003890
vt 1.0630640 0.8977095
vt 1.0630630 0.5462926
vt 0.8307556 0.8977095
vt 1.0630650 0.2289324
vt 0.8307563 0.5462926
vt 0.8307543 0.0576261
vt 0.8307543 0.2289324
vt 1.0630650 0.0576261
vt 1.0630650 -0.0355200
vt 0.8307543 -0.0355200
vt -0.9866824 0.8734331
vt -0.9870273 0.5037709
vt -1.0076270 0.8734901
vt -1.0075960 0.5038353
vt -0.9866824 0.8734331
vt -0.7803817 0.8728331
vt -0.9870273 0.5037709
vt -0.5553643 0.8725914
vt -0.5553643 0.5014545
vt -0.7803818 0.5021922
vt -0.1053294 0.8729960
vt -0.1053294 0.5019502
vt -0.1053294 0.5019502
vt -0.1053294 0.8729960
vt 0.3447050 0.5012835
vt 0.3447050 0.8725376
vt 0.5697224 0.8725334
vt 0.5697223 0.5017035
vt 0.7714622 0.8725477
vt 0.7676574 0.5026616
vt 0.7877693 0.5027567
vt 0.7676574 0.5026616
vt 0.7914845 0.8726356
vt 0.7714622 0.8725477
vt 1.3355740 0.0924828
vt 1.3355740 0.4191294
vt 1.5678850 0.0924828
vt 1.3355740 0.8502887
vt 1.5678850 0.4191294
vt 1.3355740 1.3289988
vt 1.5678850 0.8502887
vt 1.5678850 0.8502887
vt 1.3355740 1.5978639
vt 1.5678850 1.5978639
vt 1.5678850 1.3289988
vt 1.3355740 1.7248943
vt 1.5678850 1.7248943
vt 0.5299543 0.1085086
vt 0.5628809 0.0097289
vt 0.5217227 0.1085086
vt 0.5381860 0.1085086
vt 0.5134910 0.1085086
vt 0.5464176 0.1085086
vt 0.5546492 0.1085086
vt 0.5628809 0.1085086
vt 0.5711125 0.1085086
vt 0.5793442 0.1085086
vt 0.5875758 0.1085086
vt 0.5958074 0.1085086
vt 0.6040391 0.1085086
vt 0.6122707 0.1085086
vt 0.5299543 0.1085086
vt 0.5628809 0.0097289
vt 0.5217227 0.1085086
vt 0.5381860 0.1085086
vt 0.5134910 0.1085086
vt 0.5464176 0.1085086
vt 0.5546492 0.1085086
vt 0.5628809 0.1085086
vt 0.5711125 0.1085086
vt 0.5793442 0.1085086
vt 0.5875758 0.1085086
vt 0.6040391 0.1085086
vt 0.6122707 0.1085086
vt 0.5958074 0.1085086
vt 0.5299543 0.1085086
vt 0.5381860 0.1085086
vt 0.5628809 0.0097289
vt 0.5217227 0.1085086
vt 0.5464176 0.1085086
vt 0.5134910 0.1085086
vt 0.5546492 0.1085086
vt 0.5628809 0.1085086
vt 0.5711125 0.1085086
vt 0.5793442 0.1085086
vt 0.5875758 0.1085086
vt 0.5958074 0.1085086
vt 0.6040391 0.1085086
vt 0.6122707 0.1085086
vt 0.5299543 0.1085086
vt 0.5628809 0.0097289
vt 0.5217227 0.1085086
vt 0.5381860 0.1085086
vt 0.5134910 0.1085086
vt 0.5464176 0.1085086
vt 0.5546492 0.1085086
vt 0.5628809 0.1085086
vt 0.5711125 0.1085086
vt 0.5793442 0.1085086
vt 0.5875758 0.1085086
vt 0.6040391 0.1085086
vt 0.6122707 0.1085086
vt 0.5958074 0.1085086
vt 0.5299543 0.1085086
vt 0.5628809 0.0097289
vt 0.5217227 0.1085086
vt 0.5381860 0.1085086
vt 0.5134910 0.1085086
vt 0.5464176 0.1085086
vt 0.5546492 0.1085086
vt 0.5628809 0.1085086
vt 0.5711125 0.1085086
vt 0.5793442 0.1085086
vt 0.5875758 0.1085086
vt 0.6040391 0.1085086
vt 0.6122707 0.1085086
vt 0.5958074 0.1085086
vt 0.5299543 0.1085086
vt 0.5628809 0.0097289
vt 0.5217227 0.1085086
vt 0.5381860 0.1085086
vt 0.5134910 0.1085086
vt 0.5464176 0.1085086
vt 0.5546492 0.1085086
vt 0.5628809 0.1085086
vt 0.5711125 0.1085086
vt 0.5793442 0.1085086
vt 0.5875758 0.1085086
vt 0.5958074 0.1085086
vt 0.6040391 0.1085086
vt 0.6122707 0.1085086
vt 0.5299543 0.1085086
vt 0.5381860 0.1085086
vt 0.5628809 0.0097289
vt 0.5217227 0.1085086
vt 0.5464176 0.1085086
vt 0.5134910 0.1085086
vt 0.5546492 0.1085086
vt 0.5628809 0.1085086
vt 0.5711125 0.1085086
vt 0.5793442 0.1085086
vt 0.6040391 0.1085086
vt 0.6122707 0.1085086
vt 0.5958074 0.1085086
vt 0.5875758 0.1085086
vt 0.5299543 0.1085086
vt 0.5381860 0.1085086
vt 0.5628809 0.0097289
vt 0.5217227 0.1085086
vt 0.5464176 0.1085086
vt 0.5134910 0.1085086
vt 0.5546492 0.1085086
vt 0.5628809 0.1085086
vt 0.5711125 0.1085086
vt 0.5793442 0.1085086
vt 0.6040391 0.1085086
vt 0.6122707 0.1085086
vt 0.5958074 0.1085086
vt 0.5875758 0.1085086
vt 0.5299543 0.1085086
vt 0.5381860 0.1085086
vt 0.5628809 0.0097289
vt 0.5217227 0.1085086
vt 0.5464176 0.1085086
vt 0.5134910 0.1085086
vt 0.5546492 0.1085086
vt 0.5628809 0.1085086
vt 0.5711125 0.1085086
vt 0.5793442 0.1085086
vt 0.6040391 0.1085086
vt 0.6122707 0.1085086
vt 0.5958074 0.1085086
vt 0.5875758 0.1085086
vt 0.5299543 0.1085086
vt 0.5381860 0.1085086
vt 0.5628809 0.0097289
vt 0.5217227 0.1085086
vt 0.5464176 0.1085086
vt 0.5134910 0.1085086
vt 0.5546492 0.1085086
vt 0.5628809 0.1085086
vt 0.5711125 0.1085086
vt 0.5793442 0.1085086
vt 0.6040391 0.1085086
vt 0.6122707 0.1085086
vt 0.5958074 0.1085086
vt 0.5875758 0.1085086
vt 0.5299543 0.1085086
vt 0.5628809 0.0097289
vt 0.5217227 0.1085086
vt 0.5381860 0.1085086
vt 0.5134910 0.1085086
vt 0.5464176 0.1085086
vt 0.5546492 0.1085086
vt 0.5628809 0.1085086
vt 0.5711125 0.1085086
vt 0.5793442 0.1085086
vt 0.5875758 0.1085086
vt 0.6040391 0.1085086
vt 0.6122707 0.1085086
vt 0.5958074 0.1085086
vt 0.5299543 0.1085086
vt 0.5381860 0.1085086
vt 0.5628809 0.0097289
vt 0.5217227 0.1085086
vt 0.5464176 0.1085086
vt 0.5134910 0.1085086
vt 0.5546492 0.1085086
vt 0.5628809 0.1085086
vt 0.5711125 0.1085086
vt 0.5793442 0.1085086
vt 0.6040391 0.1085086
vt 0.6122707 0.1085086
vt 0.5958074 0.1085086
vt 0.5875758 0.1085086
vt 0.5299543 0.1085086
vt 0.5628809 0.0097289
vt 0.5217227 0.1085086
vt 0.5381860 0.1085086
vt 0.5134910 0.1085086
vt 0.5464176 0.1085086
vt 0.5546492 0.1085086
vt 0.5628809 0.1085086
vt 0.5711125 0.1085086
vt 0.5793442 0.1085086
vt 0.5875758 0.1085086
vt 0.6040391 0.1085086
vt 0.6122707 0.1085086
vt 0.5958074 0.1085086
vt 0.5299543 0.1085086
vt 0.5628809 0.0097289
vt 0.5217227 0.1085086
vt 0.5381860 0.1085086
vt 0.5134910 0.1085086
vt 0.5464176 0.1085086
vt 0.5546492 0.1085086
vt 0.5628809 0.1085086
vt 0.5711125 0.1085086
vt 0.5793442 0.1085086
vt 0.5875758 0.1085086
vt 0.6040391 0.1085086
vt 0.6122707 0.1085086
vt 0.5958074 0.1085086
vt 0.5299543 0.1085086
vt 0.5628809 0.0097289
vt 0.5217227 0.1085086
vt 0.5381860 0.1085086
vt 0.5134910 0.1085086
vt 0.5464176 0.1085086
vt 0.5546492 0.1085086
vt 0.5628809 0.1085086
vt 0.5711125 0.1085086
vt 0.5793442 0.1085086
vt 0.5875758 0.1085086
vt 0.5958074 0.1085086
vt 0.6040391 0.1085086
vt 0.6122707 0.1085086
vt 0.5299543 0.1085086
vt 0.5381860 0.1085086
vt 0.5628809 0.0097289
vt 0.5217227 0.1085086
vt 0.5464176 0.1085086
vt 0.5134910 0.1085086
vt 0.5546492 0.1085086
vt 0.5628809 0.1085086
vt 0.5711125 0.1085086
vt 0.5793442 0.1085086
vt 0.5958074 0.1085086
vt 0.6040391 0.1085086
vt 0.5875758 0.1085086
vt 0.6122707 0.1085086
vt 0.5299543 0.1085086
vt 0.5628809 0.0097289
vt 0.5217227 0.1085086
vt 0.5381860 0.1085086
vt 0.5134910 0.1085086
vt 0.5464176 0.1085086
vt 0.5546492 0.1085086
vt 0.5628809 0.1085086
vt 0.5711125 0.1085086
vt 0.5793442 0.1085086
vt 0.5875758 0.1085086
vt 0.5958074 0.1085086
vt 0.6040391 0.1085086
vt 0.6122707 0.1085086
vt 0.5299543 0.1085086
vt 0.5381860 0.1085086
vt 0.5628809 0.0097289
vt 0.5217227 0.1085086
vt 0.5464176 0.1085086
vt 0.5134910 0.1085086
vt 0.5546492 0.1085086
vt 0.5628809 0.1085086
vt 0.5711125 0.1085086
vt 0.5793442 0.1085086
vt 0.5875758 0.1085086
vt 0.5958074 0.1085086
vt 0.6040391 0.1085086
vt 0.6122707 0.1085086
vt 0.5299543 0.1085086
vt 0.5381860 0.1085086
vt 0.5628809 0.0097289
vt 0.5217227 0.1085086
vt 0.5464176 0.1085086
vt 0.5134910 0.1085086
vt 0.5546492 0.1085086
vt 0.5628809 0.1085086
vt 0.5711125 0.1085086
vt 0.5793442 0.1085086
vt 0.5875758 0.1085086
vt 0.5958074 0.1085086
vt 0.6040391 0.1085086
vt 0.6122707 0.1085086
vt 0.5299543 0.1085086
vt 0.5381860 0.1085086
vt 0.5628809 0.0097289
vt 0.5217227 0.1085086
vt 0.5464176 0.1085086
vt 0.5134910 0.1085086
vt 0.5546492 0.1085086
vt 0.5628809 0.1085086
vt 0.5711125 0.1085086
vt 0.5793442 0.1085086
vt 0.5875758 0.1085086
vt 0.5958074 0.1085086
vt 0.6040391 0.1085086
vt 0.6122707 0.1085086
vt 0.5299543 0.1085086
vt 0.5628809 0.0097289
vt 0.5217227 0.1085086
vt 0.5381860 0.1085086
vt 0.5134910 0.1085086
vt 0.5464176 0.1085086
vt 0.5546492 0.1085086
vt 0.5628809 0.1085086
vt 0.5711125 0.1085086
vt 0.5793442 0.1085086
vt 0.5875758 0.1085086
vt 0.5958074 0.1085086
vt 0.6040391 0.1085086
vt 0.6122707 0.1085086
vt 0.5299543 0.1085086
vt 0.5628809 0.0097289
vt 0.5217227 0.1085086
vt 0.5381860 0.1085086
vt 0.5134910 0.1085086
vt 0.5464176 0.1085086
vt 0.5546492 0.1085086
vt 0.5628809 0.1085086
vt 0.5711125 0.1085086
vt 0.5793442 0.1085086
vt 0.5875758 0.1085086
vt 0.5958074 0.1085086
vt 0.6040391 0.1085086
vt 0.6122707 0.1085086
vt 0.5299543 0.1085086
vt 0.5381860 0.1085086
vt 0.5628809 0.0097289
vt 0.5217227 0.1085086
vt 0.5464176 0.1085086
vt 0.5134910 0.1085086
vt 0.5546492 0.1085086
vt 0.5628809 0.1085086
vt 0.5711125 0.1085086
vt 0.5793442 0.1085086
vt 0.5875758 0.1085086
vt 0.5958074 0.1085086
vt 0.6040391 0.1085086
vt 0.6122707 0.1085086
vt 0.5299543 0.1085086
vt 0.5381860 0.1085086
vt 0.5628809 0.0097289
vt 0.5217227 0.1085086
vt 0.5464176 0.1085086
vt 0.5134910 0.1085086
vt 0.5546492 0.1085086
vt 0.5628809 0.1085086
vt 0.5711125 0.1085086
vt 0.5793442 0.1085086
vt 0.5875758 0.1085086
vt 0.5958074 0.1085086
vt 0.6040391 0.1085086
vt 0.6122707 0.1085086
vt 0.3973234 0.9257189
vt 0.6045172 0.9257189
vt 0.3978160 0.5002741
vt 0.6039804 0.5002741
vt 0.6477795 0.9257192
vt 0.8545925 0.9257191
vt 0.6477795 0.5002739
vt 0.8545925 0.5002739
vt 0.1478195 0.9257187
vt 0.3540205 0.9257186
vt 0.1478195 0.5002744
vt 0.3540205 0.5002744
vt 1.1023160 0.9257189
vt 1.1017730 0.5002742
vt 0.8976038 0.9257189
vt 0.8976038 0.5002742
vt -0.4510934 1.5212935
vt -0.4480335 1.6230426
vt 0.1994382 1.5212936
vt 0.1963774 1.6230426
vt -0.5570920 1.6230428
vt -0.5570920 1.5212933
vt -1.2015040 1.6230428
vt -1.2015040 1.5212932
vt 0.3054349 1.5212940
vt 0.3054349 1.6230421
vt 0.9498447 1.5212946
vt 0.9498447 1.6230421
vt 1.6979710 1.6230421
vt 1.6979710 1.5212939
vt 1.0584850 1.6230423
vt 1.0584850 1.5212944
vt 0.3130888 0.4896618
vt 0.3682420 0.4607605
vt 0.0890077 0.4896618
vt 0.0300796 0.4607605
vt 0.7059867 0.4896616
vt 0.7683155 0.4607604
vt 0.4927610 0.4896617
vt 0.4302821 0.4607604
vt 0.7683155 0.4607604
vt 0.7704173 0.4108765
vt 0.4302821 0.4607604
vt 0.4283307 0.4108766
vt 0.3682420 0.4607605
vt 0.3702051 0.4108765
vt 0.0300796 0.4607605
vt 0.0281165 0.4108764
vt 1.1686550 0.4607604
vt 1.1706300 0.4108766
vt 0.8303667 0.4607604
vt 0.8285424 0.4108765
vt 1.1207850 0.4896616
vt 1.1686550 0.4607604
vt 0.8918616 0.4896616
vt 0.8303667 0.4607604
vt 1.0368870 1.6230423
vt 1.0828400 1.7446623
vt 1.4650770 1.6230421
vt 1.4091670 1.7446623
vt -0.4763718 1.6230428
vt -0.4141782 1.7446628
vt -0.0448819 1.6230428
vt -0.1033213 1.7446628
vt 0.5326543 1.6230421
vt 0.5851834 1.7446617
vt 0.9641424 1.6230421
vt 0.9148228 1.7446617
vt 0.7704173 0.4108765
vt 0.7603527 0.4027946
vt 0.4283307 0.4108766
vt 0.4383962 0.4027947
vt 0.3702051 0.4108765
vt 0.3601674 0.4027944
vt 0.0281165 0.4108764
vt 0.0381546 0.4027944
vt 1.1706300 0.4108766
vt 1.1605910 0.4027950
vt 0.8285424 0.4108765
vt 0.8385808 0.4027947
vt 1.5113110 0.4896617
vt 1.5688790 0.4607605
vt 1.2882870 0.4896617
vt 1.2307180 0.4607605
vt 1.5688790 0.4607605
vt 1.5708420 0.4108765
vt 1.2307180 0.4607605
vt 1.2287550 0.4108765
vt 1.5708420 0.4108765
vt 1.5607770 0.4027945
vt 1.2287550 0.4108765
vt 1.2388200 0.4027945
vt 0.4335314 0.3874613
vt 0.4383962 0.4027947
vt 0.7652173 0.3874613
vt 0.7603527 0.4027946
vt 0.0333171 0.3874611
vt 0.0381546 0.4027944
vt 0.3650045 0.3874611
vt 0.3601674 0.4027944
vt 0.8337434 0.3874615
vt 0.8385808 0.4027947
vt 1.1654290 0.3874615
vt 1.1605910 0.4027950
vt 1.2339550 0.3874613
vt 1.2388200 0.4027945
vt 1.5656420 0.3874613
vt 1.5607770 0.4027945
vt 0.0281421 1.6230426
vt 0.0878515 1.7446622
vt 0.4596308 1.6230426
vt 0.4146382 1.7446622
vt 0.0281421 1.6230426
vt -0.0448819 1.6230428
vt -0.0253724 1.7446624
vt -0.1033213 1.7446628
vt -0.5570920 1.6230428
vt -0.4480335 1.6230426
vt -0.5570920 1.5212933
vt -0.4510934 1.5212935
vt 1.0368870 1.6230423
vt 0.9641424 1.6230421
vt 1.0828400 1.7446623
vt 1.0088520 1.7446624
vt 0.9498447 1.6230421
vt 1.0584850 1.6230423
vt 0.9498447 1.5212946
vt 1.0584850 1.5212944
vt 0.3130888 0.4896618
vt 0.3424622 0.4896617
vt 0.3682420 0.4607605
vt 0.3740889 0.4735708
vt 0.3992676 0.4607605
vt 0.4302821 0.4607604
vt 0.3992673 0.4108765
vt 0.4283307 0.4108766
vt 0.3992812 0.4030204
vt 0.4283307 0.4108766
vt 0.3992816 0.4027947
vt 0.4383962 0.4027947
vt 1.1686550 0.4607604
vt 1.1996930 0.4607605
vt 1.1706300 0.4108766
vt 1.1996930 0.4108765
vt 1.1780190 0.4735706
vt 1.1686550 0.4607604
vt 1.1507940 0.4896617
vt 1.1207850 0.4896616
vt 1.1706300 0.4108766
vt 1.1997050 0.4039032
vt 1.1605910 0.4027950
vt 1.1997070 0.4027946
vt 0.7703449 0.4735706
vt 0.7683155 0.4607604
vt 0.7339369 0.4896617
vt 0.7059867 0.4896616
vt 0.7683155 0.4607604
vt 0.7993293 0.4607605
vt 0.7704173 0.4108765
vt 0.7994797 0.4108765
vt 0.7704173 0.4108765
vt 0.7994677 0.4038985
vt 0.7603527 0.4027946
vt 0.7994658 0.4027947
vt 0.0596342 0.4896617
vt 0.0890077 0.4896618
vt 0.0185387 0.4700562
vt 0.0300796 0.4607605
vt -0.0009461 0.4607605
vt 0.0300796 0.4607605
vt -0.0009458 0.4108765
vt 0.0281165 0.4108764
vt -0.0009596 0.4030262
vt 0.0281165 0.4108764
vt -0.0009601 0.4027946
vt 0.0381546 0.4027944
vt 0.3992681 0.3874613
vt 0.4383962 0.4027947
vt 0.3992681 0.3874613
vt 0.4335314 0.3874613
vt 0.3540205 0.9257186
vt 0.3973234 0.9257189
vt 0.3540205 0.5002744
vt 0.3978160 0.5002741
vt 0.7603527 0.4027946
vt 0.7994800 0.3874613
vt 0.7652173 0.3874613
vt 0.7994800 0.3874613
vt 0.6045172 0.9257189
vt 0.6477795 0.9257192
vt 0.6039804 0.5002741
vt 0.6477795 0.5002739
vt 1.1605910 0.4027950
vt 1.1996920 0.3874613
vt 1.1654290 0.3874615
vt 1.1996920 0.3874613
vt 0.8545925 0.9257191
vt 0.8976038 0.9257189
vt 0.8545925 0.5002739
vt 0.8976038 0.5002742
vt -0.0009459 0.3874613
vt 0.0381546 0.4027944
vt -0.0009459 0.3874613
vt 0.0333171 0.3874611
vt 0.1017699 0.9257189
vt 0.1478195 0.9257187
vt 0.1017699 0.5002742
vt 0.1478195 0.5002744
vt 1.4091670 1.7446623
vt 1.4747810 1.7446624
vt 1.4650770 1.6230421
vt 1.5350040 1.6230423
vt 0.5009077 1.7446624
vt 0.5851834 1.7446617
vt 0.4596308 1.6230426
vt 0.5326543 1.6230421
vt -1.2993820 1.6230423
vt -1.2015040 1.6230428
vt -1.2993830 1.5212933
vt -1.2015040 1.5212932
vt 0.1963774 1.6230426
vt 0.3054349 1.6230421
vt 0.1994382 1.5212936
vt 0.3054349 1.5212940
vt -1.2024770 1.6059994
vt -0.5546749 1.6059995
vt -1.1873790 1.5992715
vt -0.5697727 1.5992717
vt 0.1818029 1.5992720
vt -0.4358006 1.5992720
vt 0.1969010 1.6059997
vt -0.4508986 1.6059996
vt 0.9362214 1.5992718
vt 0.3186147 1.5992720
vt 0.9513190 1.6059995
vt 0.3035170 1.6059997
vt 1.0538200 1.6059995
vt 1.7016200 1.6059996
vt 1.0689180 1.5992720
vt 1.6865220 1.5992721
vt -0.2555170 0.2622982
vt -0.1883362 0.1840143
vt -0.2666206 0.2511947
vt -0.1211556 0.2622982
vt -0.2666205 0.1168339
vt -0.2555170 0.1057304
vt -0.1211556 0.1057304
vt -0.1100520 0.1168340
vt -0.1100521 0.2511947
vt -0.5508659 1.5957050
vt -0.5510651 1.6024153
vt -0.4559220 1.5957050
vt -0.4557230 1.6024153
vt -0.0452103 1.5957050
vt -0.0454102 1.6024153
vt 0.0497335 1.5957049
vt 0.0499319 1.6024152
vt 0.2041956 1.5957050
vt 0.2039968 1.6024153
vt 0.2991391 1.5957050
vt 0.2993387 1.6024153
vt -1.0493170 1.5957050
vt -1.0495150 1.6024153
vt -0.9543730 1.5957050
vt -0.9541736 1.6024153
vt 0.0274020 1.5043955
vt -0.2813995 1.5043955
vt 0.1818029 1.5992720
vt -0.4358006 1.5992720
vt 0.2754041 1.5043955
vt 0.2279322 1.5043955
vt 0.2991391 1.5957050
vt 0.2041956 1.5957050
vt 0.7818198 1.5043954
vt 0.4730165 1.5043954
vt 0.9362214 1.5992718
vt 0.3186147 1.5992720
vt 0.0259970 1.5043955
vt -0.0214751 1.5043955
vt 0.0497335 1.5957049
vt -0.0452103 1.5957050
vt 1.5321200 1.5043955
vt 1.2233190 1.5043955
vt 1.6865220 1.5992721
vt 1.0689180 1.5992720
vt -0.9781079 1.5043955
vt -1.0255800 1.5043955
vt -0.9543730 1.5957050
vt -1.0493170 1.5957050
vt -0.7241744 1.5043955
vt -1.0329780 1.5043955
vt -0.5697727 1.5992717
vt -1.1873790 1.5992715
vt -0.4796585 1.5043954
vt -0.5271305 1.5043954
vt -0.4559220 1.5957050
vt -0.5508659 1.5957050
vt 0.6438418 0.9257189
vt 0.8510357 0.9257189
vt 0.6443344 0.5002741
vt 0.8504989 0.5002741
vt 0.8942979 0.9257192
vt 1.1011110 0.9257191
vt 0.8942979 0.5002739
vt 1.1011110 0.5002739
vt 0.3943379 0.9257187
vt 0.6005389 0.9257186
vt 0.3943379 0.5002744
vt 0.6005389 0.5002744
vt 1.3488350 0.9257189
vt 1.3482910 0.5002742
vt 1.1441220 0.9257189
vt 1.1441220 0.5002742
vt -0.4510934 1.5212935
vt -0.4480335 1.6230426
vt 0.1994382 1.5212936
vt 0.1963774 1.6230426
vt -0.5570920 1.6230428
vt -0.5570920 1.5212933
vt -1.2015040 1.6230428
vt -1.2015040 1.5212932
vt 0.3054349 1.5212940
vt 0.3054349 1.6230421
vt 0.9498447 1.5212946
vt 0.9498447 1.6230421
vt 1.6979710 1.6230421
vt 1.6979710 1.5212939
vt 1.0584850 1.6230423
vt 1.0584850 1.5212944
vt 0.3130888 0.4896618
vt 0.3682420 0.4607605
vt 0.0890077 0.4896618
vt 0.0300796 0.4607605
vt 0.7059867 0.4896616
vt 0.7683155 0.4607604
vt 0.4927610 0.4896617
vt 0.4302821 0.4607604
vt 0.7683155 0.4607604
vt 0.7704173 0.4108765
vt 0.4302821 0.4607604
vt 0.4283307 0.4108766
vt 0.3682420 0.4607605
vt 0.3702051 0.4108765
vt 0.0300796 0.4607605
vt 0.0281165 0.4108764
vt 1.1686550 0.4607604
vt 1.1706300 0.4108766
vt 0.8303667 0.4607604
vt 0.8285424 0.4108765
vt 1.1207850 0.4896616
vt 1.1686550 0.4607604
vt 0.8918616 0.4896616
vt 0.8303667 0.4607604
vt 1.0368870 1.6230423
vt 1.0828400 1.7446623
vt 1.4650770 1.6230421
vt 1.4091670 1.7446623
vt -0.4763718 1.6230428
vt -0.4141782 1.7446628
vt -0.0448819 1.6230428
vt -0.1033213 1.7446628
vt 0.5326543 1.6230421
vt 0.5851834 1.7446617
vt 0.9641424 1.6230421
vt 0.9148228 1.7446617
vt 0.7704173 0.4108765
vt 0.7603527 0.4027946
vt 0.4283307 0.4108766
vt 0.4383962 0.4027947
vt 0.3702051 0.4108765
vt 0.3601674 0.4027944
vt 0.0281165 0.4108764
vt 0.0381546 0.4027944
vt 1.1706300 0.4108766
vt 1.1605910 0.4027950
vt 0.8285424 0.4108765
vt 0.8385808 0.4027947
vt 1.5113110 0.4896617
vt 1.5688790 0.4607605
vt 1.2882870 0.4896617
vt 1.2307180 0.4607605
vt 1.5688790 0.4607605
vt 1.5708420 0.4108765
vt 1.2307180 0.4607605
vt 1.2287550 0.4108765
vt 1.5708420 0.4108765
vt 1.5607770 0.4027945
vt 1.2287550 0.4108765
vt 1.2388200 0.4027945
vt 0.4335314 0.3874613
vt 0.4383962 0.4027947
vt 0.7652173 0.3874613
vt 0.7603527 0.4027946
vt 0.0333171 0.3874611
vt 0.0381546 0.4027944
vt 0.3650045 0.3874611
vt 0.3601674 0.4027944
vt 0.8337434 0.3874615
vt 0.8385808 0.4027947
vt 1.1654290 0.3874615
vt 1.1605910 0.4027950
vt 1.2339550 0.3874613
vt 1.2388200 0.4027945
vt 1.5656420 0.3874613
vt 1.5607770 0.4027945
vt 0.0281421 1.6230426
vt 0.0878515 1.7446622
vt 0.4596308 1.6230426
vt 0.4146382 1.7446622
vt 0.0281421 1.6230426
vt -0.0448819 1.6230428
vt -0.0253724 1.7446624
vt -0.1033213 1.7446628
vt -0.5570920 1.6230428
vt -0.4480335 1.6230426
vt -0.5570920 1.5212933
vt -0.4510934 1.5212935
vt 1.0368870 1.6230423
vt 0.9641424 1.6230421
vt 1.0828400 1.7446623
vt 1.0088520 1.7446624
vt 0.9498447 1.6230421
vt 1.0584850 1.6230423
vt 0.9498447 1.5212946
vt 1.0584850 1.5212944
vt 0.3130888 0.4896618
vt 0.3424622 0.4896617
vt 0.3682420 0.4607605
vt 0.3740889 0.4735708
vt 0.3992676 0.4607605
vt 0.4302821 0.4607604
vt 0.3992673 0.4108765
vt 0.4283307 0.4108766
vt 0.3992812 0.4030204
vt 0.4283307 0.4108766
vt 0.3992816 0.4027947
vt 0.4383962 0.4027947
vt 1.1686550 0.4607604
vt 1.1996930 0.4607605
vt 1.1706300 0.4108766
vt 1.1996930 0.4108765
vt 1.1780190 0.4735706
vt 1.1686550 0.4607604
vt 1.1507940 0.4896617
vt 1.1207850 0.4896616
vt 1.1706300 0.4108766
vt 1.1997050 0.4039032
vt 1.1605910 0.4027950
vt 1.1997070 0.4027946
vt 0.7703449 0.4735706
vt 0.7683155 0.4607604
vt 0.7339369 0.4896617
vt 0.7059867 0.4896616
vt 0.7683155 0.4607604
vt 0.7993293 0.4607605
vt 0.7704173 0.4108765
vt 0.7994797 0.4108765
vt 0.7704173 0.4108765
vt 0.7994677 0.4038985
vt 0.7603527 0.4027946
vt 0.7994658 0.4027947
vt 0.0596342 0.4896617
vt 0.0890077 0.4896618
vt 0.0185387 0.4700562
vt 0.0300796 0.4607605
vt -0.0009461 0.4607605
vt 0.0300796 0.4607605
vt -0.0009458 0.4108765
vt 0.0281165 0.4108764
vt -0.0009596 0.4030262
vt 0.0281165 0.4108764
vt -0.0009601 0.4027946
vt 0.0381546 0.4027944
vt 0.3992681 0.3874613
vt 0.4383962 0.4027947
vt 0.3992681 0.3874613
vt 0.4335314 0.3874613
vt 0.6005389 0.9257186
vt 0.6438418 0.9257189
vt 0.6005389 0.5002744
vt 0.6443344 0.5002741
vt 0.7603527 0.4027946
vt 0.7994800 0.3874613
vt 0.7652173 0.3874613
vt 0.7994800 0.3874613
vt 0.8510357 0.9257189
vt 0.8942979 0.9257192
vt 0.8504989 0.5002741
vt 0.8942979 0.5002739
vt 1.1605910 0.4027950
vt 1.1996920 0.3874613
vt 1.1654290 0.3874615
vt 1.1996920 0.3874613
vt 1.1011110 0.9257191
vt 1.1441220 0.9257189
vt 1.1011110 0.5002739
vt 1.1441220 0.5002742
vt -0.0009459 0.3874613
vt 0.0381546 0.4027944
vt -0.0009459 0.3874613
vt 0.0333171 0.3874611
vt 0.3482884 0.9257189
vt 0.3943379 0.9257187
vt 0.3482884 0.5002742
vt 0.3943379 0.5002744
vt 1.4091670 1.7446623
vt 1.4747810 1.7446624
vt 1.4650770 1.6230421
vt 1.5350040 1.6230423
vt 0.5009077 1.7446624
vt 0.5851834 1.7446617
vt 0.4596308 1.6230426
vt 0.5326543 1.6230421
vt -1.2993820 1.6230423
vt -1.2015040 1.6230428
vt -1.2993830 1.5212933
vt -1.2015040 1.5212932
vt 0.1963774 1.6230426
vt 0.3054349 1.6230421
vt 0.1994382 1.5212936
vt 0.3054349 1.5212940
vt -1.2024770 1.6059994
vt -0.5546749 1.6059995
vt -1.1873790 1.5992715
vt -0.5697727 1.5992717
vt 0.1818029 1.5992720
vt -0.4358006 1.5992720
vt 0.1969010 1.6059997
vt -0.4508986 1.6059996
vt 0.9362214 1.5992718
vt 0.3186147 1.5992720
vt 0.9513190 1.6059995
vt 0.3035170 1.6059997
vt 1.0538200 1.6059995
vt 1.7016200 1.6059996
vt 1.0689180 1.5992720
vt 1.6865220 1.5992721
vt -0.2555170 0.2622982
vt -0.1883362 0.1840143
vt -0.2666206 0.2511947
vt -0.1211556 0.2622982
vt -0.2666205 0.1168339
vt -0.2555170 0.1057304
vt -0.1211556 0.1057304
vt -0.1100521 0.2511947
vt -0.1100520 0.1168340
vt -0.5508659 1.5957050
vt -0.5510651 1.6024153
vt -0.4559220 1.5957050
vt -0.4557230 1.6024153
vt -0.0452103 1.5957050
vt -0.0454102 1.6024153
vt 0.0497335 1.5957049
vt 0.0499319 1.6024152
vt 0.2041956 1.5957050
vt 0.2039968 1.6024153
vt 0.2991391 1.5957050
vt 0.2993387 1.6024153
vt -1.0493170 1.5957050
vt -1.0495150 1.6024153
vt -0.9543730 1.5957050
vt -0.9541736 1.6024153
vt 0.0274020 1.5043955
vt -0.2813995 1.5043955
vt 0.1818029 1.5992720
vt -0.4358006 1.5992720
vt 0.2754041 1.5043955
vt 0.2279322 1.5043955
vt 0.2991391 1.5957050
vt 0.2041956 1.5957050
vt 0.7818198 1.5043954
vt 0.4730165 1.5043954
vt 0.9362214 1.5992718
vt 0.3186147 1.5992720
vt 0.0259970 1.5043955
vt -0.0214751 1.5043955
vt 0.0497335 1.5957049
vt -0.0452103 1.5957050
vt 1.5321200 1.5043955
vt 1.2233190 1.5043955
vt 1.6865220 1.5992721
vt 1.0689180 1.5992720
vt -0.9781079 1.5043955
vt -1.0255800 1.5043955
vt -0.9543730 1.5957050
vt -1.0493170 1.5957050
vt -0.7241744 1.5043955
vt -1.0329780 1.5043955
vt -0.5697727 1.5992717
vt -1.1873790 1.5992715
vt -0.4796585 1.5043954
vt -0.5271305 1.5043954
vt -0.4559220 1.5957050
vt -0.5508659 1.5957050
vn -1.0000000 0.0000000 0.0000000
vn -1.0000000 0.0000000 0.0000000
vn -1.0000000 0.0000000 0.0000000
vn -1.0000000 0.0000000 0.0000000
vn -0.4836467 0.8752633 0.0000000
vn -0.4936055 0.8696859 0.0000000
vn -0.4836467 0.8752633 0.0000000
vn -0.4874703 0.8731396 0.0000000
vn 0.0000000 1.0000000 0.0000000
vn 0.0000000 1.0000000 0.0000000
vn 0.0000000 1.0000000 0.0000000
vn 0.0000000 1.0000000 0.0000000
vn 0.0000000 1.0000000 0.0000000
vn 0.0000000 1.0000000 0.0000000
vn 0.0000000 1.0000000 0.0000000
vn 0.0000000 1.0000000 0.0000000
vn 0.0000000 1.0000000 0.0000000
vn 0.0000000 1.0000000 0.0000000
vn 0.0000000 1.0000000 0.0000000
vn 0.0000000 1.0000000 0.0000000
vn 0.0000000 1.0000000 0.0000000
vn 0.0000000 1.0000000 0.0000000
vn 0.0000000 1.0000000 0.0000000
vn 0.0000000 1.0000000 0.0000000
vn 0.0000000 1.0000000 0.0000000
vn 0.5026506 0.8644808 -0.0039117
vn 0.5026506 0.8644808 -0.0039117
vn 0.5049619 0.8631327 -0.0039144
vn 0.5049619 0.8631327 -0.0039144
vn 0.9999828 0.0000000 -0.0058707
vn 0.9999828 0.0000000 -0.0058707
vn 0.9999694 0.0000000 -0.0078275
vn 0.9999694 0.0000000 -0.0078275
vn 0.9999521 0.0000000 -0.0097843
vn 0.9999521 0.0000000 -0.0097843
vn 0.8935706 0.4458076 -0.0527930
vn 0.9982744 0.0000000 -0.0587220
vn 0.8786424 0.0000000 -0.4774805
vn 0.7772862 0.4640222 -0.4248642
vn -0.4936055 0.8696859 0.0000000
vn 0.0000000 1.0000000 0.0000000
vn -0.4936055 0.8696859 0.0000000
vn 0.0000000 1.0000000 0.0000000
vn 0.0000000 1.0000000 0.0000000
vn -0.8846638 0.4501608 -0.1213477
vn 0.0000000 1.0000000 0.0000000
vn 0.0000000 1.0000000 0.0000000
vn 0.0000000 1.0000000 0.0000000
vn 0.0000000 1.0000000 0.0000000
vn -0.3382223 0.4418397 -0.8308931
vn -0.7480754 0.4543285 -0.4837033
vn -0.7480754 0.4543285 -0.4837033
vn 0.0000000 1.0000000 0.0000000
vn 0.0000000 1.0000000 0.0000000
vn 0.0000000 1.0000000 0.0000000
vn 0.0039173 0.4171909 -0.9088104
vn -0.0449667 0.4183863 -0.9071554
vn -0.0449667 0.4183863 -0.9071554
vn -0.3382223 0.4418397 -0.8308931
vn 0.0000000 1.0000000 0.0000000
vn 0.0000000 1.0000000 0.0000000
vn 0.0000000 1.0000000 0.0000000
vn 0.0000000 1.0000000 0.0000000
vn 0.0254335 0.4186745 -0.9077802
vn 0.0000000 1.0000000 0.0000000
vn 0.0000000 1.0000000 0.0000000
vn 0.0000000 1.0000000 0.0000000
vn 0.0000000 1.0000000 0.0000000
vn 0.3267020 0.4421237 -0.8353397
vn 0.0254335 0.4186745 -0.9077802
vn 0.0000000 1.0000000 0.0000000
vn 0.0000000 1.0000000 0.0000000
vn 0.0000000 1.0000000 0.0000000
vn 0.0000000 1.0000000 0.0000000
vn 0.7772862 0.4640222 -0.4248642
vn 0.3267020 0.4421237 -0.8353397
vn 0.0000000 1.0000000 0.0000000
vn 0.8935706 0.4458076 -0.0527930
vn 0.7772862 0.4640222 -0.4248642
vn 0.5026506 0.8644808 -0.0039117
vn 0.5011820 0.8653220 -0.0058732
vn 0.0000000 1.0000000 0.0000000
vn 0.0000000 1.0000000 0.0000000
vn 0.0000000 1.0000000 0.0000000
vn 0.0000000 1.0000000 0.0000000
vn -1.0000000 0.0000000 0.0000000
vn -1.0000000 0.0000000 0.0000000
vn -1.0000000 0.0000000 0.0000000
vn -0.8846638 0.4501608 -0.1213477
vn -1.0000000 0.0000000 0.0000000
vn -0.8406699 0.0000000 -0.5415479
vn -0.9908302 0.0000000 -0.1351133
vn -0.7480754 0.4543285 -0.4837033
vn -0.3382223 0.4418397 -0.8308931
vn -0.3777943 0.0000000 -0.9258896
vn -0.4936055 0.8696859 0.0000000
vn -0.4936055 0.8696859 0.0000000
vn -0.4874703 0.8731396 0.0000000
vn -0.4936055 0.8696859 0.0000000
vn 0.0000000 1.0000000 0.0000000
vn 0.0000000 1.0000000 0.0000000
vn 0.0000000 1.0000000 0.0000000
vn 0.0000000 1.0000000 0.0000000
vn 0.0000000 1.0000000 0.0000000
vn 0.0000000 1.0000000 0.0000000
vn 0.0000000 1.0000000 0.0000000
vn 0.0000000 1.0000000 0.0000000
vn 0.0000000 1.0000000 0.0000000
vn 0.0000000 1.0000000 0.0000000
vn 0.0000000 1.0000000 0.0000000
vn 0.0000000 1.0000000 0.0000000
vn 0.0000000 1.0000000 0.0000000
vn 0.0000000 1.0000000 0.0000000
vn 0.0000000 1.0000000 0.0000000
vn 0.0000000 1.0000000 0.0000000
vn 0.5026506 0.8644808 -0.0039117
vn 0.5011820 0.8653220 -0.0058732
vn 0.5026506 0.8644808 -0.0039117
vn 0.5026506 0.8644808 -0.0039117
vn -0.3382223 0.4418397 -0.8308931
vn -0.0449667 0.4183863 -0.9071554
vn -0.3777943 0.0000000 -0.9258896
vn 0.0039173 0.4171909 -0.9088104
vn -0.0489608 0.0000000 -0.9988007
vn 0.0254335 0.4186745 -0.9077802
vn 0.0019569 0.0000000 -0.9999981
vn -0.0136973 0.0000000 -0.9999062
vn 0.3267020 0.4421237 -0.8353397
vn 0.3639566 0.0000000 -0.9314159
vn 0.0273870 0.0000000 -0.9996249
vn 0.7772862 0.4640222 -0.4248642
vn 0.8786424 0.0000000 -0.4774805
vn 0.7552370 0.0000000 0.6554518
vn 0.0000000 0.0000000 1.0000000
vn 0.6537343 -0.3777566 0.6556915
vn 0.6537343 0.3777566 0.6556915
vn 0.3777566 -0.6537343 0.6556915
vn 0.3777566 0.6537343 0.6556915
vn 0.0000000 0.7552370 0.6554518
vn -0.3777566 0.6537343 0.6556915
vn -0.6537343 0.3777566 0.6556915
vn -0.7552370 0.0000000 0.6554518
vn -0.6537343 -0.3777566 0.6556915
vn -0.3777566 -0.6537343 0.6556915
vn 0.0000000 -0.7552370 0.6554518
vn 0.3777566 -0.6537343 0.6556915
vn 0.7552370 0.0000000 0.6554518
vn 0.0000000 0.0000000 1.0000000
vn 0.6537343 -0.3777566 0.6556915
vn 0.6537343 0.3777566 0.6556915
vn 0.3777566 -0.6537343 0.6556915
vn 0.3777566 0.6537343 0.6556915
vn 0.0000000 0.7552370 0.6554518
vn -0.3777566 0.6537343 0.6556915
vn -0.6537343 0.3777566 0.6556915
vn -0.7552370 0.0000000 0.6554518
vn -0.6537343 -0.3777566 0.6556915
vn 0.0000000 -0.7552370 0.6554518
vn 0.3777566 -0.6537343 0.6556915
vn -0.3777566 -0.6537343 0.6556915
vn 0.7552370 0.0000000 0.6554518
vn 0.6537343 0.3777566 0.6556915
vn 0.0000000 0.0000000 1.0000000
vn 0.6537343 -0.3777566 0.6556915
vn 0.3777566 0.6537343 0.6556915
vn 0.3777566 -0.6537343 0.6556915
vn 0.0000000 0.7552370 0.6554518
vn -0.3777566 0.6537343 0.6556915
vn -0.6537343 0.3777566 0.6556915
vn -0.7552370 0.0000000 0.6554518
vn -0.6537343 -0.3777566 0.6556915
vn -0.3777566 -0.6537343 0.6556915
vn 0.0000000 -0.7552370 0.6554518
vn 0.3777566 -0.6537343 0.6556915
vn 0.7552370 0.0000000 0.6554518
vn 0.0000000 0.0000000 1.0000000
vn 0.6537343 -0.3777566 0.6556915
vn 0.6537343 0.3777566 0.6556915
vn 0.3777566 -0.6537343 0.6556915
vn 0.3777566 0.6537343 0.6556915
vn 0.0000000 0.7552370 0.6554518
vn -0.3777566 0.6537343 0.6556915
vn -0.6537343 0.3777566 0.6556915
vn -0.7552370 0.0000000 0.6554518
vn -0.6537343 -0.3777566 0.6556915
vn 0.0000000 -0.7552370 0.6554518
vn 0.3777566 -0.6537343 0.6556915
vn -0.3777566 -0.6537343 0.6556915
vn 0.7552370 0.0000000 0.6554518
vn 0.0000000 0.0000000 1.0000000
vn 0.6537343 -0.3777566 0.6556915
vn 0.6537343 0.3777566 0.6556915
vn 0.3777566 -0.6537343 0.6556915
vn 0.3777566 0.6537343 0.6556915
vn 0.0000000 0.7552370 0.6554518
vn -0.3777566 0.6537343 0.6556915
vn -0.6537343 0.3777566 0.6556915
vn -0.7552370 0.0000000 0.6554518
vn -0.6537343 -0.3777566 0.6556915
vn 0.0000000 -0.7552370 0.6554518
vn 0.3777566 -0.6537343 0.6556915
vn -0.3777566 -0.6537343 0.6556915
vn 0.7552370 0.0000000 0.6554518
vn 0.0000000 0.0000000 1.0000000
vn 0.6537343 -0.3777566 0.6556915
vn 0.6537343 0.3777566 0.6556915
vn 0.3777566 -0.6537343 0.6556915
vn 0.3777566 0.6537343 0.6556915
vn 0.0000000 0.7552370 0.6554518
vn -0.3777566 0.6537343 0.6556915
vn -0.6537343 0.3777566 0.6556915
vn -0.7552370 0.0000000 0.6554518
vn -0.6537343 -0.3777566 0.6556915
vn -0.3777566 -0.6537343 0.6556915
vn 0.0000000 -0.7552370 0.6554518
vn 0.3777566 -0.6537343 0.6556915
vn 0.6554518 0.0000000 -0.7552370
vn 0.6556915 0.3777566 -0.6537343
vn 1.0000000 0.0000000 0.0000000
vn 0.6556915 -0.3777566 -0.6537343
vn 0.6556915 0.6537343 -0.3777566
vn 0.6556915 -0.6537343 -0.3777566
vn 0.6554518 0.7552370 0.0000000
vn 0.6556915 0.6537343 0.3777566
vn 0.6556915 0.3777566 0.6537343
vn 0.6554518 0.0000000 0.7552370
vn 0.6554518 -0.7552370 0.0000000
vn 0.6556915 -0.6537343 -0.3777566
vn 0.6556915 -0.6537343 0.3777566
vn 0.6556915 -0.3777566 0.6537343
vn 0.6554518 0.0000000 -0.7552370
vn 0.6556915 0.3777566 -0.6537343
vn 1.0000000 0.0000000 0.0000000
vn 0.6556915 -0.3777566 -0.6537343
vn 0.6556915 0.6537343 -0.3777566
vn 0.6556915 -0.6537343 -0.3777566
vn 0.6554518 0.7552370 0.0000000
vn 0.6556915 0.6537343 0.3777566
vn 0.6556915 0.3777566 0.6537343
vn 0.6554518 0.0000000 0.7552370
vn 0.6554518 -0.7552370 0.0000000
vn 0.6556915 -0.6537343 -0.3777566
vn 0.6556915 -0.6537343 0.3777566
vn 0.6556915 -0.3777566 0.6537343
vn 0.6554518 0.0000000 -0.7552370
vn 0.6556915 0.3777566 -0.6537343
vn 1.0000000 0.0000000 0.0000000
vn 0.6556915 -0.3777566 -0.6537343
vn 0.6556915 0.6537343 -0.3777566
vn 0.6556915 -0.6537343 -0.3777566
vn 0.6554518 0.7552370 0.0000000
vn 0.6556915 0.6537343 0.3777566
vn 0.6556915 0.3777566 0.6537343
vn 0.6554518 0.0000000 0.7552370
vn 0.6554518 -0.7552370 0.0000000
vn 0.6556915 -0.6537343 -0.3777566
vn 0.6556915 -0.6537343 0.3777566
vn 0.6556915 -0.3777566 0.6537343
vn 0.6554518 0.0000000 -0.7552370
vn 0.6556915 0.3777566 -0.6537343
vn 1.0000000 0.0000000 0.0000000
vn 0.6556915 -0.3777566 -0.6537343
vn 0.6556915 0.6537343 -0.3777566
vn 0.6556915 -0.6537343 -0.3777566
vn 0.6554518 0.7552370 0.0000000
vn 0.6556915 0.6537343 0.3777566
vn 0.6556915 0.3777566 0.6537343
vn 0.6554518 0.0000000 0.7552370
vn 0.6554518 -0.7552370 0.0000000
vn 0.6556915 -0.6537343 -0.3777566
vn 0.6556915 -0.6537343 0.3777566
vn 0.6556915 -0.3777566 0.6537343
vn 0.6554518 0.0000000 -0.7552370
vn 1.0000000 0.0000000 0.0000000
vn 0.6556915 -0.3777566 -0.6537343
vn 0.6556915 0.3777566 -0.6537343
vn 0.6556915 -0.6537343 -0.3777566
vn 0.6556915 0.6537343 -0.3777566
vn 0.6554518 0.7552370 0.0000000
vn 0.6556915 0.6537343 0.3777566
vn 0.6556915 0.3777566 0.6537343
vn 0.6554518 0.0000000 0.7552370
vn 0.6556915 -0.3777566 0.6537343
vn 0.6554518 -0.7552370 0.0000000
vn 0.6556915 -0.6537343 -0.3777566
vn 0.6556915 -0.6537343 0.3777566
vn 0.6554518 0.0000000 -0.7552370
vn 0.6556915 0.3777566 -0.6537343
vn 1.0000000 0.0000000 0.0000000
vn 0.6556915 -0.3777566 -0.6537343
vn 0.6556915 0.6537343 -0.3777566
vn 0.6556915 -0.6537343 -0.3777566
vn 0.6554518 0.7552370 0.0000000
vn 0.6556915 0.6537343 0.3777566
vn 0.6556915 0.3777566 0.6537343
vn 0.6554518 0.0000000 0.7552370
vn 0.6554518 -0.7552370 0.0000000
vn 0.6556915 -0.6537343 -0.3777566
vn 0.6556915 -0.6537343 0.3777566
vn 0.6556915 -0.3777566 0.6537343
vn -0.7552370 0.0000000 -0.6554518
vn 0.0000000 0.0000000 -1.0000000
vn -0.6537343 -0.3777566 -0.6556915
vn -0.6537343 0.3777566 -0.6556915
vn -0.3777566 -0.6537343 -0.6556915
vn -0.3777566 0.6537343 -0.6556915
vn 0.0000000 0.7552370 -0.6554518
vn 0.3777566 0.6537343 -0.6556915
vn 0.6537343 0.3777566 -0.6556915
vn 0.7552370 0.0000000 -0.6554518
vn 0.6537343 -0.3777566 -0.6556915
vn 0.0000000 -0.7552370 -0.6554518
vn -0.3777566 -0.6537343 -0.6556915
vn 0.3777566 -0.6537343 -0.6556915
vn -0.7552370 0.0000000 -0.6554518
vn 0.0000000 0.0000000 -1.0000000
vn -0.6537343 -0.3777566 -0.6556915
vn -0.6537343 0.3777566 -0.6556915
vn -0.3777566 -0.6537343 -0.6556915
vn -0.3777566 0.6537343 -0.6556915
vn 0.0000000 0.7552370 -0.6554518
vn 0.3777566 0.6537343 -0.6556915
vn 0.6537343 0.3777566 -0.6556915
vn 0.7552370 0.0000000 -0.6554518
vn 0.6537343 -0.3777566 -0.6556915
vn 0.0000000 -0.7552370 -0.6554518
vn -0.3777566 -0.6537343 -0.6556915
vn 0.3777566 -0.6537343 -0.6556915
vn -0.7552370 0.0000000 -0.6554518
vn 0.0000000 0.0000000 -1.0000000
vn -0.6537343 -0.3777566 -0.6556915
vn -0.6537343 0.3777566 -0.6556915
vn -0.3777566 -0.6537343 -0.6556915
vn -0.3777566 0.6537343 -0.6556915
vn 0.0000000 0.7552370 -0.6554518
vn 0.3777566 0.6537343 -0.6556915
vn 0.6537343 0.3777566 -0.6556915
vn 0.7552370 0.0000000 -0.6554518
vn 0.6537343 -0.3777566 -0.6556915
vn 0.3777566 -0.6537343 -0.6556915
vn 0.0000000 -0.7552370 -0.6554518
vn -0.3777566 -0.6537343 -0.6556915
vn -0.7552370 0.0000000 -0.6554518
vn -0.6537343 0.3777566 -0.6556915
vn 0.0000000 0.0000000 -1.0000000
vn -0.6537343 -0.3777566 -0.6556915
vn -0.3777566 0.6537343 -0.6556915
vn -0.3777566 -0.6537343 -0.6556915
vn 0.0000000 0.7552370 -0.6554518
vn 0.3777566 0.6537343 -0.6556915
vn 0.6537343 0.3777566 -0.6556915
vn 0.7552370 0.0000000 -0.6554518
vn 0.3777566 -0.6537343 -0.6556915
vn 0.0000000 -0.7552370 -0.6554518
vn 0.6537343 -0.3777566 -0.6556915
vn -0.3777566 -0.6537343 -0.6556915
vn -0.7552370 0.0000000 -0.6554518
vn 0.0000000 0.0000000 -1.0000000
vn -0.6537343 -0.3777566 -0.6556915
vn -0.6537343 0.3777566 -0.6556915
vn -0.3777566 -0.6537343 -0.6556915
vn -0.3777566 0.6537343 -0.6556915
vn 0.0000000 0.7552370 -0.6554518
vn 0.3777566 0.6537343 -0.6556915
vn 0.6537343 0.3777566 -0.6556915
vn 0.7552370 0.0000000 -0.6554518
vn 0.6537343 -0.3777566 -0.6556915
vn 0.3777566 -0.6537343 -0.6556915
vn 0.0000000 -0.7552370 -0.6554518
vn -0.3777566 -0.6537343 -0.6556915
vn -0.7552370 0.0000000 -0.6554518
vn -0.6537343 0.3777566 -0.6556915
vn 0.0000000 0.0000000 -1.0000000
vn -0.6537343 -0.3777566 -0.6556915
vn -0.3777566 0.6537343 -0.6556915
vn -0.3777566 -0.6537343 -0.6556915
vn 0.0000000 0.7552370 -0.6554518
vn 0.3777566 0.6537343 -0.6556915
vn 0.6537343 0.3777566 -0.6556915
vn 0.7552370 0.0000000 -0.6554518
vn 0.6537343 -0.3777566 -0.6556915
vn 0.3777566 -0.6537343 -0.6556915
vn 0.0000000 -0.7552370 -0.6554518
vn -0.3777566 -0.6537343 -0.6556915
vn -0.6554518 0.0000000 0.7552370
vn -0.6556915 0.3777566 0.6537343
vn -1.0000000 0.0000000 0.0000000
vn -0.6556915 -0.3777566 0.6537343
vn -0.6556915 0.6537343 0.3777566
vn -0.6556915 -0.6537343 0.3777566
vn -0.6554518 0.7552370 0.0000000
vn -0.6556915 0.6537343 -0.3777566
vn -0.6556915 0.3777566 -0.6537343
vn -0.6554518 0.0000000 -0.7552370
vn -0.6556915 -0.3777566 -0.6537343
vn -0.6556915 -0.6537343 -0.3777566
vn -0.6554518 -0.7552370 0.0000000
vn -0.6556915 -0.6537343 0.3777566
vn -0.6554518 0.0000000 0.7552370
vn -0.6556915 0.3777566 0.6537343
vn -1.0000000 0.0000000 0.0000000
vn -0.6556915 -0.3777566 0.6537343
vn -0.6556915 0.6537343 0.3777566
vn -0.6556915 -0.6537343 0.3777566
vn -0.6554518 0.7552370 0.0000000
vn -0.6556915 0.6537343 -0.3777566
vn -0.6556915 0.3777566 -0.6537343
vn -0.6554518 0.0000000 -0.7552370
vn -0.6556915 -0.3777566 -0.6537343
vn -0.6556915 -0.6537343 -0.3777566
vn -0.6554518 -0.7552370 0.0000000
vn -0.6556915 -0.6537343 0.3777566
vn -0.6554518 0.0000000 0.7552370
vn -1.0000000 0.0000000 0.0000000
vn -0.6556915 -0.3777566 0.6537343
vn -0.6556915 0.3777566 0.6537343
vn -0.6556915 -0.6537343 0.3777566
vn -0.6556915 0.6537343 0.3777566
vn -0.6554518 0.7552370 0.0000000
vn -0.6556915 0.6537343 -0.3777566
vn -0.6556915 0.3777566 -0.6537343
vn -0.6554518 0.0000000 -0.7552370
vn -0.6556915 -0.3777566 -0.6537343
vn -0.6556915 -0.6537343 -0.3777566
vn -0.6554518 -0.7552370 0.0000000
vn -0.6556915 -0.6537343 0.3777566
vn -0.6554518 0.0000000 0.7552370
vn -1.0000000 0.0000000 0.0000000
vn -0.6556915 -0.3777566 0.6537343
vn -0.6556915 0.3777566 0.6537343
vn -0.6556915 -0.6537343 0.3777566
vn -0.6556915 0.6537343 0.3777566
vn -0.6554518 0.7552370 0.0000000
vn -0.6556915 0.6537343 -0.3777566
vn -0.6556915 0.3777566 -0.6537343
vn -0.6554518 0.0000000 -0.7552370
vn -0.6556915 -0.3777566 -0.6537343
vn -0.6556915 -0.6537343 -0.3777566
vn -0.6554518 -0.7552370 0.0000000
vn -0.6556915 -0.6537343 0.3777566
vn -0.6554518 0.0000000 0.7552370
vn -0.6556915 0.3777566 0.6537343
vn -1.0000000 0.0000000 0.0000000
vn -0.6556915 -0.3777566 0.6537343
vn -0.6556915 0.6537343 0.3777566
vn -0.6556915 -0.6537343 0.3777566
vn -0.6554518 0.7552370 0.0000000
vn -0.6556915 0.6537343 -0.3777566
vn -0.6556915 0.3777566 -0.6537343
vn -0.6554518 0.0000000 -0.7552370
vn -0.6556915 -0.3777566 -0.6537343
vn -0.6556915 -0.6537343 -0.3777566
vn -0.6554518 -0.7552370 0.0000000
vn -0.6556915 -0.6537343 0.3777566
vn -0.6554518 0.0000000 0.7552370
vn -0.6556915 0.3777566 0.6537343
vn -1.0000000 0.0000000 0.0000000
vn -0.6556915 -0.3777566 0.6537343
vn -0.6556915 0.6537343 0.3777566
vn -0.6556915 -0.6537343 0.3777566
vn -0.6554518 0.7552370 0.0000000
vn -0.6556915 0.6537343 -0.3777566
vn -0.6556915 0.3777566 -0.6537343
vn -0.6554518 0.0000000 -0.7552370
vn -0.6556915 -0.3777566 -0.6537343
vn -0.6556915 -0.6537343 -0.3777566
vn -0.6554518 -0.7552370 0.0000000
vn -0.6556915 -0.6537343 0.3777566
vn 0.0000000 0.0000000 1.0000000
vn 0.0000000 0.0000000 1.0000000
vn 0.0000000 0.0000000 1.0000000
vn 0.0000000 0.0000000 1.0000000
vn 1.0000000 0.0000000 0.0000000
vn 1.0000000 0.0000000 0.0000000
vn 1.0000000 0.0000000 0.0000000
vn 1.0000000 0.0000000 0.0000000
vn -1.0000000 0.0000000 0.0000000
vn -1.0000000 0.0000000 0.0000000
vn -1.0000000 0.0000000 0.0000000
vn -1.0000000 0.0000000 0.0000000
vn 0.0000000 0.0000000 -1.0000000
vn 0.0000000 0.0000000 -1.0000000
vn 0.0000000 0.0000000 -1.0000000
vn 0.0000000 0.0000000 -1.0000000
vn 0.0000000 0.0000000 1.0000000
vn 0.0000000 0.0000000 1.0000000
vn 0.0000000 0.0000000 1.0000000
vn 0.0000000 0.0000000 1.0000000
vn -1.0000000 0.0000000 0.0000000
vn -1.0000000 0.0000000 0.0000000
vn -1.0000000 0.0000000 0.0000000
vn -1.0000000 0.0000000 0.0000000
vn 1.0000000 0.0000000 0.0000000
vn 1.0000000 0.0000000 0.0000000
vn 1.0000000 0.0000000 0.0000000
vn 1.0000000 0.0000000 0.0000000
vn 0.0000000 0.0000000 -1.0000000
vn 0.0000000 0.0000000 -1.0000000
vn 0.0000000 0.0000000 -1.0000000
vn 0.0000000 0.0000000 -1.0000000
vn -0.5208162 -0.8536688 0.0000000
vn -0.5208162 -0.8536688 0.0000000
vn -0.5208162 -0.8536688 0.0000000
vn -0.5208162 -0.8536688 0.0000000
vn 0.0000000 -0.8536688 0.5208162
vn 0.0000000 -0.8536688 0.5208162
vn 0.0000000 -0.8536688 0.5208162
vn 0.0000000 -0.8536688 0.5208162
vn 0.0000000 0.0000000 1.0000000
vn 0.0000000 0.0000000 1.0000000
vn 0.0000000 0.0000000 1.0000000
vn 0.0000000 0.0000000 1.0000000
vn -1.0000000 0.0000000 0.0000000
vn -1.0000000 0.0000000 0.0000000
vn -1.0000000 0.0000000 0.0000000
vn -1.0000000 0.0000000 0.0000000
vn 1.0000000 0.0000000 0.0000000
vn 1.0000000 0.0000000 0.0000000
vn 1.0000000 0.0000000 0.0000000
vn 1.0000000 0.0000000 0.0000000
vn 0.5208162 -0.8536688 0.0000000
vn 0.5208162 -0.8536688 0.0000000
vn 0.5208162 -0.8536688 0.0000000
vn 0.5208162 -0.8536688 0.0000000
vn 0.0000000 -0.3598964 -0.9329923
vn 0.0000000 -0.3598964 -0.9329923
vn 0.0000000 -0.3598964 -0.9329923
vn 0.0000000 -0.3598964 -0.9329923
vn -0.9329923 -0.3598964 0.0000000
vn -0.9329923 -0.3598964 0.0000000
vn -0.9329923 -0.3598964 0.0000000
vn -0.9329923 -0.3598964 0.0000000
vn 0.9329923 -0.3598964 0.0000000
vn 0.9329923 -0.3598964 0.0000000
vn 0.9329923 -0.3598964 0.0000000
vn 0.9329923 -0.3598964 0.0000000
vn 0.0000000 0.6025010 0.7981181
vn 0.0000000 0.6025010 0.7981181
vn 0.0000000 0.6025010 0.7981181
vn 0.0000000 0.6025010 0.7981181
vn -0.7981181 0.6025010 0.0000000
vn -0.7981181 0.6025010 0.0000000
vn -0.7981181 0.6025010 0.0000000
vn -0.7981181 0.6025010 0.0000000
vn 0.7981181 0.6025010 0.0000000
vn 0.7981181 0.6025010 0.0000000
vn 0.7981181 0.6025010 0.0000000
vn 0.7981181 0.6025010 0.0000000
vn 0.0000000 -0.8536688 -0.5208162
vn 0.0000000 -0.8536688 -0.5208162
vn 0.0000000 -0.8536688 -0.5208162
vn 0.0000000 -0.8536688 -0.5208162
vn 0.0000000 0.0000000 -1.0000000
vn 0.0000000 0.0000000 -1.0000000
vn 0.0000000 0.0000000 -1.0000000
vn 0.0000000 0.0000000 -1.0000000
vn 0.0000000 0.6025010 -0.7981181
vn 0.0000000 0.6025010 -0.7981181
vn 0.0000000 0.6025010 -0.7981181
vn 0.0000000 0.6025010 -0.7981181
vn 0.0000000 0.9152574 0.4028697
vn 0.0000000 0.9152574 0.4028697
vn 0.0000000 0.9152574 0.4028697
vn 0.0000000 0.9152574 0.4028697
vn -0.4028697 0.9152574 0.0000000
vn -0.4028697 0.9152574 0.0000000
vn -0.4028697 0.9152574 0.0000000
vn -0.4028697 0.9152574 0.0000000
vn 0.4028697 0.9152574 0.0000000
vn 0.4028697 0.9152574 0.0000000
vn 0.4028697 0.9152574 0.0000000
vn 0.4028697 0.9152574 0.0000000
vn 0.0000000 0.9152574 -0.4028697
vn 0.0000000 0.9152574 -0.4028697
vn 0.0000000 0.9152574 -0.4028697
vn 0.0000000 0.9152574 -0.4028697
vn 0.0000000 -0.3598964 0.9329923
vn 0.0000000 -0.3598964 0.9329923
vn 0.0000000 -0.3598964 0.9329923
vn 0.0000000 -0.3598964 0.9329923
vn -0.6226777 -0.4738617 0.6226777
vn -0.6226777 -0.4738617 0.6226777
vn -0.6226777 -0.4738617 0.6226777
vn -0.6226777 -0.4738617 0.6226777
vn -0.7070580 -0.0117517 0.7070580
vn -0.7070580 -0.0117517 0.7070580
vn -0.7070580 -0.0117517 0.7070580
vn -0.7070580 -0.0117517 0.7070580
vn 0.6226777 -0.4738617 -0.6226777
vn 0.6226777 -0.4738617 -0.6226777
vn 0.6226777 -0.4738617 -0.6226777
vn 0.6226777 -0.4738617 -0.6226777
vn 0.7070580 -0.0117517 -0.7070580
vn 0.7070580 -0.0117517 -0.7070580
vn 0.7070580 -0.0117517 -0.7070580
vn 0.7070580 -0.0117517 -0.7070580
vn -0.2837828 -0.9159337 0.2837828
vn -0.2837828 -0.9159337 0.2837828
vn -0.2837828 -0.9159337 0.2837828
vn -0.2837828 -0.9159337 0.2837828
vn -0.7070580 -0.0117517 0.7070580
vn -0.7070580 -0.0117517 0.7070580
vn -0.7070580 -0.0117517 0.7070580
vn -0.7070580 -0.0117517 0.7070580
vn -0.4166813 0.8079315 0.4166813
vn -0.4166813 0.8079315 0.4166813
vn -0.4166813 0.8079315 0.4166813
vn -0.4166813 0.8079315 0.4166813
vn 0.7070580 -0.0117517 -0.7070580
vn 0.7070580 -0.0117517 -0.7070580
vn 0.7070580 -0.0117517 -0.7070580
vn 0.7070580 -0.0117517 -0.7070580
vn 0.2837828 -0.9159337 -0.2837828
vn 0.2837828 -0.9159337 -0.2837828
vn 0.2837828 -0.9159337 -0.2837828
vn 0.2837828 -0.9159337 -0.2837828
vn 0.4166813 0.8079315 -0.4166813
vn 0.4166813 0.8079315 -0.4166813
vn 0.4166813 0.8079315 -0.4166813
vn 0.4166813 0.8079315 -0.4166813
vn 0.2837828 -0.9159337 0.2837828
vn 0.2837828 -0.9159337 0.2837828
vn 0.2837828 -0.9159337 0.2837828
vn 0.2837828 -0.9159337 0.2837828
vn 0.7070403 -0.0137099 0.7070403
vn 0.7070403 -0.0137099 0.7070403
vn 0.7070403 -0.0137099 0.7070403
vn 0.7070403 -0.0137099 0.7070403
vn 0.4166813 0.8079315 0.4166813
vn 0.4166813 0.8079315 0.4166813
vn 0.4166813 0.8079315 0.4166813
vn 0.4166813 0.8079315 0.4166813
vn -0.2837828 -0.9159337 -0.2837828
vn -0.2837828 -0.9159337 -0.2837828
vn -0.2837828 -0.9159337 -0.2837828
vn -0.2837828 -0.9159337 -0.2837828
vn -0.7070403 -0.0137099 -0.7070403
vn -0.7070403 -0.0137099 -0.7070403
vn -0.7070403 -0.0137099 -0.7070403
vn -0.7070403 -0.0137099 -0.7070403
vn -0.4166813 0.8079315 -0.4166813
vn -0.4166813 0.8079315 -0.4166813
vn -0.4166813 0.8079315 -0.4166813
vn -0.4166813 0.8079315 -0.4166813
vn -0.2603328 0.9297600 0.2603328
vn -0.2603328 0.9297600 0.2603328
vn -0.2603328 0.9297600 0.2603328
vn -0.2603328 0.9297600 0.2603328
vn -0.7071054 0.0019587 0.7071054
vn -0.7071054 0.0019587 0.7071054
vn -0.7071054 0.0019587 0.7071054
vn -0.7071054 0.0019587 0.7071054
vn 0.2603328 0.9297600 0.2603328
vn 0.2603328 0.9297600 0.2603328
vn 0.2603328 0.9297600 0.2603328
vn 0.2603328 0.9297600 0.2603328
vn 0.7071054 0.0019587 0.7071054
vn 0.7071054 0.0019587 0.7071054
vn 0.7071054 0.0019587 0.7071054
vn 0.7071054 0.0019587 0.7071054
vn 0.2603328 0.9297600 -0.2603328
vn 0.2603328 0.9297600 -0.2603328
vn 0.2603328 0.9297600 -0.2603328
vn 0.2603328 0.9297600 -0.2603328
vn 0.7071054 0.0019587 -0.7071054
vn 0.7071054 0.0019587 -0.7071054
vn 0.7071054 0.0019587 -0.7071054
vn 0.7071054 0.0019587 -0.7071054
vn -0.2603328 0.9297600 -0.2603328
vn -0.2603328 0.9297600 -0.2603328
vn -0.2603328 0.9297600 -0.2603328
vn -0.2603328 0.9297600 -0.2603328
vn -0.7071054 0.0019587 -0.7071054
vn -0.7071054 0.0019587 -0.7071054
vn -0.7071054 0.0019587 -0.7071054
vn -0.7071054 0.0019587 -0.7071054
vn -0.6226777 -0.4738617 -0.6226777
vn -0.6226777 -0.4738617 -0.6226777
vn -0.6226777 -0.4738617 -0.6226777
vn -0.6226777 -0.4738617 -0.6226777
vn 0.6226777 -0.4738617 0.6226777
vn 0.6226777 -0.4738617 0.6226777
vn 0.6226777 -0.4738617 0.6226777
vn 0.6226777 -0.4738617 0.6226777
vn -0.7070403 -0.0137099 -0.7070403
vn -0.7070403 -0.0137099 -0.7070403
vn -0.7070403 -0.0137099 -0.7070403
vn -0.7070403 -0.0137099 -0.7070403
vn 0.7070403 -0.0137099 0.7070403
vn 0.7070403 -0.0137099 0.7070403
vn 0.7070403 -0.0137099 0.7070403
vn 0.7070403 -0.0137099 0.7070403
vn -0.7071068 0.7071068 0.0000000
vn -0.7071068 0.7071068 0.0000000
vn -0.7071068 0.7071068 0.0000000
vn -0.7071068 0.7071068 0.0000000
vn 0.0000000 0.7071068 0.7071068
vn 0.0000000 0.7071068 0.7071068
vn 0.0000000 0.7071068 0.7071068
vn 0.0000000 0.7071068 0.7071068
vn 0.7071068 0.7071068 0.0000000
vn 0.7071068 0.7071068 0.0000000
vn 0.7071068 0.7071068 0.0000000
vn 0.7071068 0.7071068 0.0000000
vn 0.0000000 0.7071068 -0.7071068
vn 0.0000000 0.7071068 -0.7071068
vn 0.0000000 0.7071068 -0.7071068
vn 0.0000000 0.7071068 -0.7071068
vn 0.0000000 1.0000000 0.0000000
vn 0.0000000 1.0000000 0.0000000
vn 0.0000000 1.0000000 0.0000000
vn 0.0000000 1.0000000 0.0000000
vn 0.0000000 1.0000000 0.0000000
vn 0.0000000 1.0000000 0.0000000
vn 0.0000000 1.0000000 0.0000000
vn 0.0000000 1.0000000 0.0000000
vn 0.0000000 1.0000000 0.0000000
vn -0.4108527 0.8138797 0.4108527
vn -0.4166813 0.8079315 0.4166813
vn -0.4108527 0.8138797 0.4108527
vn -0.4166813 0.8079315 0.4166813
vn 0.4108527 0.8138797 -0.4108527
vn 0.4166813 0.8079315 -0.4166813
vn 0.4108527 0.8138797 -0.4108527
vn 0.4166813 0.8079315 -0.4166813
vn 0.4108527 0.8138797 0.4108527
vn 0.4166813 0.8079315 0.4166813
vn 0.4108527 0.8138797 0.4108527
vn 0.4166813 0.8079315 0.4166813
vn -0.4108527 0.8138797 -0.4108527
vn -0.4166813 0.8079315 -0.4166813
vn -0.4108527 0.8138797 -0.4108527
vn -0.4166813 0.8079315 -0.4166813
vn 0.0000000 1.0000000 0.0000000
vn 0.0000000 1.0000000 0.0000000
vn 0.0000000 1.0000000 0.0000000
vn 0.0000000 1.0000000 0.0000000
vn 0.0000000 1.0000000 0.0000000
vn 0.0000000 1.0000000 0.0000000
vn 0.0000000 1.0000000 0.0000000
vn 0.0000000 1.0000000 0.0000000
vn 0.0000000 1.0000000 0.0000000
vn 0.0000000 1.0000000 0.0000000
vn 0.0000000 1.0000000 0.0000000
vn 0.0000000 1.0000000 0.0000000
vn 0.0000000 1.0000000 0.0000000
vn 0.0000000 1.0000000 0.0000000
vn 0.0000000 1.0000000 0.0000000
vn 0.0000000 1.0000000 0.0000000
vn 0.0000000 1.0000000 0.0000000
vn 0.0000000 1.0000000 0.0000000
vn 0.0000000 1.0000000 0.0000000
vn 0.0000000 1.0000000 0.0000000
vn 0.0000000 1.0000000 0.0000000
vn 0.0000000 1.0000000 0.0000000
vn 0.0000000 1.0000000 0.0000000
vn 0.0000000 1.0000000 0.0000000
vn 0.0000000 1.0000000 0.0000000
vn 0.0000000 1.0000000 0.0000000
vn 0.0000000 1.0000000 0.0000000
vn 0.0000000 1.0000000 0.0000000
vn 0.0000000 1.0000000 0.0000000
vn 0.0000000 1.0000000 0.0000000
vn 0.0000000 1.0000000 0.0000000
vn 0.0000000 1.0000000 0.0000000
vn 0.0000000 0.0000000 1.0000000
vn 0.0000000 0.0000000 1.0000000
vn 0.0000000 0.0000000 1.0000000
vn 0.0000000 0.0000000 1.0000000
vn 1.0000000 0.0000000 0.0000000
vn 1.0000000 0.0000000 0.0000000
vn 1.0000000 0.0000000 0.0000000
vn 1.0000000 0.0000000 0.0000000
vn -1.0000000 0.0000000 0.0000000
vn -1.0000000 0.0000000 0.0000000
vn -1.0000000 0.0000000 0.0000000
vn -1.0000000 0.0000000 0.0000000
vn 0.0000000 0.0000000 -1.0000000
vn 0.0000000 0.0000000 -1.0000000
vn 0.0000000 0.0000000 -1.0000000
vn 0.0000000 0.0000000 -1.0000000
vn 0.0000000 0.0000000 1.0000000
vn 0.0000000 0.0000000 1.0000000
vn 0.0000000 0.0000000 1.0000000
vn 0.0000000 0.0000000 1.0000000
vn -1.0000000 0.0000000 0.0000000
vn -1.0000000 0.0000000 0.0000000
vn -1.0000000 0.0000000 0.0000000
vn -1.0000000 0.0000000 0.0000000
vn 1.0000000 0.0000000 0.0000000
vn 1.0000000 0.0000000 0.0000000
vn 1.0000000 0.0000000 0.0000000
vn 1.0000000 0.0000000 0.0000000
vn 0.0000000 0.0000000 -1.0000000
vn 0.0000000 0.0000000 -1.0000000
vn 0.0000000 0.0000000 -1.0000000
vn 0.0000000 0.0000000 -1.0000000
vn -0.5208162 -0.8536688 0.0000000
vn -0.5208162 -0.8536688 0.0000000
vn -0.5208162 -0.8536688 0.0000000
vn -0.5208162 -0.8536688 0.0000000
vn 0.0000000 -0.8536688 0.5208162
vn 0.0000000 -0.8536688 0.5208162
vn 0.0000000 -0.8536688 0.5208162
vn 0.0000000 -0.8536688 0.5208162
vn 0.0000000 0.0000000 1.0000000
vn 0.0000000 0.0000000 1.0000000
vn 0.0000000 0.0000000 1.0000000
vn 0.0000000 0.0000000 1.0000000
vn -1.0000000 0.0000000 0.0000000
vn -1.0000000 0.0000000 0.0000000
vn -1.0000000 0.0000000 0.0000000
vn -1.0000000 0.0000000 0.0000000
vn 1.0000000 0.0000000 0.0000000
vn 1.0000000 0.0000000 0.0000000
vn 1.0000000 0.0000000 0.0000000
vn 1.0000000 0.0000000 0.0000000
vn 0.5208162 -0.8536688 0.0000000
vn 0.5208162 -0.8536688 0.0000000
vn 0.5208162 -0.8536688 0.0000000
vn 0.5208162 -0.8536688 0.0000000
vn 0.0000000 -0.3598964 -0.9329923
vn 0.0000000 -0.3598964 -0.9329923
vn 0.0000000 -0.3598964 -0.9329923
vn 0.0000000 -0.3598964 -0.9329923
vn -0.9329923 -0.3598964 0.0000000
vn -0.9329923 -0.3598964 0.0000000
vn -0.9329923 -0.3598964 0.0000000
vn -0.9329923 -0.3598964 0.0000000
vn 0.9329923 -0.3598964 0.0000000
vn 0.9329923 -0.3598964 0.0000000
vn 0.9329923 -0.3598964 0.0000000
vn 0.9329923 -0.3598964 0.0000000
vn 0.0000000 0.6025010 0.7981181
vn 0.0000000 0.6025010 0.7981181
vn 0.0000000 0.6025010 0.7981181
vn 0.0000000 0.6025010 0.7981181
vn -0.7981181 0.6025010 0.0000000
vn -0.7981181 0.6025010 0.0000000
vn -0.7981181 0.6025010 0.0000000
vn -0.7981181 0.6025010 0.0000000
vn 0.7981181 0.6025010 0.0000000
vn 0.7981181 0.6025010 0.0000000
vn 0.7981181 0.6025010 0.0000000
vn 0.7981181 0.6025010 0.0000000
vn 0.0000000 -0.8536688 -0.5208162
vn 0.0000000 -0.8536688 -0.5208162
vn 0.0000000 -0.8536688 -0.5208162
vn 0.0000000 -0.8536688 -0.5208162
vn 0.0000000 0.0000000 -1.0000000
vn 0.0000000 0.0000000 -1.0000000
vn 0.0000000 0.0000000 -1.0000000
vn 0.0000000 0.0000000 -1.0000000
vn 0.0000000 0.6025010 -0.7981181
vn 0.0000000 0.6025010 -0.7981181
vn 0.0000000 0.6025010 -0.7981181
vn 0.0000000 0.6025010 -0.7981181
vn 0.0000000 0.9152574 0.4028697
vn 0.0000000 0.9152574 0.4028697
vn 0.0000000 0.9152574 0.4028697
vn 0.0000000 0.9152574 0.4028697
vn -0.4028697 0.9152574 0.0000000
vn -0.4028697 0.9152574 0.0000000
vn -0.4028697 0.9152574 0.0000000
vn -0.4028697 0.9152574 0.0000000
vn 0.4028697 0.9152574 0.0000000
vn 0.4028697 0.9152574 0.0000000
vn 0.4028697 0.9152574 0.0000000
vn 0.4028697 0.9152574 0.0000000
vn 0.0000000 0.9152574 -0.4028697
vn 0.0000000 0.9152574 -0.4028697
vn 0.0000000 0.9152574 -0.4028697
vn 0.0000000 0.9152574 -0.4028697
vn 0.0000000 -0.3598964 0.9329923
vn 0.0000000 -0.3598964 0.9329923
vn 0.0000000 -0.3598964 0.9329923
vn 0.0000000 -0.3598964 0.9329923
vn -0.6226777 -0.4738617 0.6226777
vn -0.6226777 -0.4738617 0.6226777
vn -0.6226777 -0.4738617 0.6226777
vn -0.6226777 -0.4738617 0.6226777
vn -0.7070580 -0.0117517 0.7070580
vn -0.7070580 -0.0117517 0.7070580
vn -0.7070580 -0.0117517 0.7070580
vn -0.7070580 -0.0117517 0.7070580
vn 0.6226777 -0.4738617 -0.6226777
vn 0.6226777 -0.4738617 -0.6226777
vn 0.6226777 -0.4738617 -0.6226777
vn 0.6226777 -0.4738617 -0.6226777
vn 0.7070580 -0.0117517 -0.7070580
vn 0.7070580 -0.0117517 -0.7070580
vn 0.7070580 -0.0117517 -0.7070580
vn 0.7070580 -0.0117517 -0.7070580
vn -0.2837828 -0.9159337 0.2837828
vn -0.2837828 -0.9159337 0.2837828
vn -0.2837828 -0.9159337 0.2837828
vn -0.2837828 -0.9159337 0.2837828
vn -0.7070580 -0.0117517 0.7070580
vn -0.7070580 -0.0117517 0.7070580
vn -0.7070580 -0.0117517 0.7070580
vn -0.7070580 -0.0117517 0.7070580
vn -0.4166813 0.8079315 0.4166813
vn -0.4166813 0.8079315 0.4166813
vn -0.4166813 0.8079315 0.4166813
vn -0.4166813 0.8079315 0.4166813
vn 0.7070580 -0.0117517 -0.7070580
vn 0.7070580 -0.0117517 -0.7070580
vn 0.7070580 -0.0117517 -0.7070580
vn 0.7070580 -0.0117517 -0.7070580
vn 0.2837828 -0.9159337 -0.2837828
vn 0.2837828 -0.9159337 -0.2837828
vn 0.2837828 -0.9159337 -0.2837828
vn 0.2837828 -0.9159337 -0.2837828
vn 0.4166813 0.8079315 -0.4166813
vn 0.4166813 0.8079315 -0.4166813
vn 0.4166813 0.8079315 -0.4166813
vn 0.4166813 0.8079315 -0.4166813
vn 0.2837828 -0.9159337 0.2837828
vn 0.2837828 -0.9159337 0.2837828
vn 0.2837828 -0.9159337 0.2837828
vn 0.2837828 -0.9159337 0.2837828
vn 0.7070403 -0.0137099 0.7070403
vn 0.7070403 -0.0137099 0.7070403
vn 0.7070403 -0.0137099 0.7070403
vn 0.7070403 -0.0137099 0.7070403
vn 0.4166813 0.8079315 0.4166813
vn 0.4166813 0.8079315 0.4166813
vn 0.4166813 0.8079315 0.4166813
vn 0.4166813 0.8079315 0.4166813
vn -0.2837828 -0.9159337 -0.2837828
vn -0.2837828 -0.9159337 -0.2837828
vn -0.2837828 -0.9159337 -0.2837828
vn -0.2837828 -0.9159337 -0.2837828
vn -0.7070403 -0.0137099 -0.7070403
vn -0.7070403 -0.0137099 -0.7070403
vn -0.7070403 -0.0137099 -0.7070403
vn -0.7070403 -0.0137099 -0.7070403
vn -0.4166813 0.8079315 -0.4166813
vn -0.4166813 0.8079315 -0.4166813
vn -0.4166813 0.8079315 -0.4166813
vn -0.4166813 0.8079315 -0.4166813
vn -0.2603328 0.9297600 0.2603328
vn -0.2603328 0.9297600 0.2603328
vn -0.2603328 0.9297600 0.2603328
vn -0.2603328 0.9297600 0.2603328
vn -0.7071054 0.0019587 0.7071054
vn -0.7071054 0.0019587 0.7071054
vn -0.7071054 0.0019587 0.7071054
vn -0.7071054 0.0019587 0.7071054
vn 0.2603328 0.9297600 0.2603328
vn 0.2603328 0.9297600 0.2603328
vn 0.2603328 0.9297600 0.2603328
vn 0.2603328 0.9297600 0.2603328
vn 0.7071054 0.0019587 0.7071054
vn 0.7071054 0.0019587 0.7071054
vn 0.7071054 0.0019587 0.7071054
vn 0.7071054 0.0019587 0.7071054
vn 0.2603328 0.9297600 -0.2603328
vn 0.2603328 0.9297600 -0.2603328
vn 0.2603328 0.9297600 -0.2603328
vn 0.2603328 0.9297600 -0.2603328
vn 0.7071054 0.0019587 -0.7071054
vn 0.7071054 0.0019587 -0.7071054
vn 0.7071054 0.0019587 -0.7071054
vn 0.7071054 0.0019587 -0.7071054
vn -0.2603328 0.9297600 -0.2603328
vn -0.2603328 0.9297600 -0.2603328
vn -0.2603328 0.9297600 -0.2603328
vn -0.2603328 0.9297600 -0.2603328
vn -0.7071054 0.0019587 -0.7071054
vn -0.7071054 0.0019587 -0.7071054
vn -0.7071054 0.0019587 -0.7071054
vn -0.7071054 0.0019587 -0.7071054
vn -0.6226777 -0.4738617 -0.6226777
vn -0.6226777 -0.4738617 -0.6226777
vn -0.6226777 -0.4738617 -0.6226777
vn -0.6226777 -0.4738617 -0.6226777
vn 0.6226777 -0.4738617 0.6226777
vn 0.6226777 -0.4738617 0.6226777
vn 0.6226777 -0.4738617 0.6226777
vn 0.6226777 -0.4738617 0.6226777
vn -0.7070403 -0.0137099 -0.7070403
vn -0.7070403 -0.0137099 -0.7070403
vn -0.7070403 -0.0137099 -0.7070403
vn -0.7070403 -0.0137099 -0.7070403
vn 0.7070403 -0.0137099 0.7070403
vn 0.7070403 -0.0137099 0.7070403
vn 0.7070403 -0.0137099 0.7070403
vn 0.7070403 -0.0137099 0.7070403
vn -0.7071068 0.7071068 0.0000000
vn -0.7071068 0.7071068 0.0000000
vn -0.7071068 0.7071068 0.0000000
vn -0.7071068 0.7071068 0.0000000
vn 0.0000000 0.7071068 0.7071068
vn 0.0000000 0.7071068 0.7071068
vn 0.0000000 0.7071068 0.7071068
vn 0.0000000 0.7071068 0.7071068
vn 0.7071068 0.7071068 0.0000000
vn 0.7071068 0.7071068 0.0000000
vn 0.7071068 0.7071068 0.0000000
vn 0.7071068 0.7071068 0.0000000
vn 0.0000000 0.7071068 -0.7071068
vn 0.0000000 0.7071068 -0.7071068
vn 0.0000000 0.7071068 -0.7071068
vn 0.0000000 0.7071068 -0.7071068
vn 0.0000000 1.0000000 0.0000000
vn 0.0000000 1.0000000 0.0000000
vn 0.0000000 1.0000000 0.0000000
vn 0.0000000 1.0000000 0.0000000
vn 0.0000000 1.0000000 0.0000000
vn 0.0000000 1.0000000 0.0000000
vn 0.0000000 1.0000000 0.0000000
vn 0.0000000 1.0000000 0.0000000
vn 0.0000000 1.0000000 0.0000000
vn -0.4108527 0.8138797 0.4108527
vn -0.4166813 0.8079315 0.4166813
vn -0.4108527 0.8138797 0.4108527
vn -0.4166813 0.8079315 0.4166813
vn 0.4108527 0.8138797 -0.4108527
vn 0.4166813 0.8079315 -0.4166813
vn 0.4108527 0.8138797 -0.4108527
vn 0.4166813 0.8079315 -0.4166813
vn 0.4108527 0.8138797 0.4108527
vn 0.4166813 0.8079315 0.4166813
vn 0.4108527 0.8138797 0.4108527
vn 0.4166813 0.8079315 0.4166813
vn -0.4108527 0.8138797 -0.4108527
vn -0.4166813 0.8079315 -0.4166813
vn -0.4108527 0.8138797 -0.4108527
vn -0.4166813 0.8079315 -0.4166813
vn 0.0000000 1.0000000 0.0000000
vn 0.0000000 1.0000000 0.0000000
vn 0.0000000 1.0000000 0.0000000
vn 0.0000000 1.0000000 0.0000000
vn 0.0000000 1.0000000 0.0000000
vn 0.0000000 1.0000000 0.0000000
vn 0.0000000 1.0000000 0.0000000
vn 0.0000000 1.0000000 0.0000000
vn 0.0000000 1.0000000 0.0000000
vn 0.0000000 1.0000000 0.0000000
vn 0.0000000 1.0000000 0.0000000
vn 0.0000000 1.0000000 0.0000000
vn 0.0000000 1.0000000 0.0000000
vn 0.0000000 1.0000000 0.0000000
vn 0.0000000 1.0000000 0.0000000
vn 0.0000000 1.0000000 0.0000000
vn 0.0000000 1.0000000 0.0000000
vn 0.0000000 1.0000000 0.0000000
vn 0.0000000 1.0000000 0.0000000
vn 0.0000000 1.0000000 0.0000000
vn 0.0000000 1.0000000 0.0000000
vn 0.0000000 1.0000000 0.0000000
vn 0.0000000 1.0000000 0.0000000
vn 0.0000000 1.0000000 0.0000000
vn 0.0000000 1.0000000 0.0000000
vn 0.0000000 1.0000000 0.0000000
vn 0.0000000 1.0000000 0.0000000
vn 0.0000000 1.0000000 0.0000000
vn 0.0000000 1.0000000 0.0000000
vn 0.0000000 1.0000000 0.0000000
vn 0.0000000 1.0000000 0.0000000
vn 0.0000000 1.0000000 0.0000000
f 1/1/1 2/2/2 3/3/3
f 2/2/2 4/4/4 3/3/3
f 5/5/5 6/6/6 7/7/7
f 6/6/6 8/8/8 7/7/7
f 9/9/9 10/10/10 11/11/11
f 10/10/10 12/12/12 13/13/13
f 10/10/10 13/13/13 14/14/14
f 10/10/10 14/14/14 11/11/11
f 12/12/12 15/15/15 16/16/16
f 12/12/12 16/16/16 13/13/13
f 15/15/15 17/17/17 18/18/18
f 15/15/15 18/18/18 19/19/19
f 18/18/18 20/20/20 21/21/21
f 18/18/18 22/22/22 20/20/20
f 21/21/21 23/23/23 24/24/24
f 21/21/21 25/25/25 23/23/23
f 26/26/26 27/27/27 28/28/28
f 27/27/27 29/29/29 28/28/28
f 30/30/30 31/31/31 32/32/32
f 31/31/31 33/33/33 32/32/32
f 32/32/32 33/33/33 34/34/34
f 33/33/33 35/35/35 34/34/34
f 34/34/34 35/35/35 36/36/36
f 35/35/35 37/37/37 36/36/36
f 36/36/36 38/38/38 39/39/39
f 36/36/36 37/37/37 38/38/38
f 40/40/40 41/41/41 42/42/42
f 41/41/41 43/43/43 44/44/44
f 41/41/41 44/44/44 45/45/45
f 41/41/41 45/45/45 42/42/42
f 43/43/43 46/46/46 47/47/47
f 43/43/43 47/47/47 48/48/48
f 43/43/43 49/49/49 46/46/46
f 43/43/43 48/48/48 44/44/44
f 44/44/44 48/48/48 50/50/50
f 44/44/44 50/50/50 51/51/51
f 44/44/44 52/52/52 45/45/45
f 46/46/46 53/53/53 47/47/47
f 46/46/46 54/54/54 53/53/53
f 46/46/46 49/49/49 54/54/54
f 47/47/47 55/55/55 56/56/56
f 47/47/47 53/53/53 55/55/55
f 47/47/47 56/56/56 57/57/57
f 47/47/47 58/58/58 48/48/48
f 48/48/48 58/58/58 59/59/59
f 53/53/53 60/60/60 55/55/55
f 53/53/53 61/61/61 60/60/60
f 53/53/53 54/54/54 62/62/62
f 55/55/55 60/60/60 63/63/63
f 55/55/55 63/63/63 64/64/64
f 55/55/55 64/64/64 56/56/56
f 60/60/60 65/65/65 66/66/66
f 60/60/60 66/66/66 67/67/67
f 60/60/60 67/67/67 63/63/63
f 60/60/60 61/61/61 65/65/65
f 63/63/63 67/67/67 68/68/68
f 63/63/63 69/69/69 70/70/70
f 63/63/63 68/68/68 69/69/69
f 66/66/66 71/71/71 72/72/72
f 67/67/67 73/73/73 68/68/68
f 67/67/67 74/74/74 73/73/73
f 68/68/68 75/75/75 76/76/76
f 68/68/68 73/73/73 75/75/75
f 71/71/71 77/77/77 72/72/72
f 73/73/73 78/78/78 79/79/79
f 73/73/73 74/74/74 78/78/78
f 74/74/74 80/80/80 78/78/78
f 74/74/74 81/81/81 80/80/80
f 82/82/82 83/83/83 84/84/84
f 83/83/83 85/85/85 84/84/84
f 86/86/86 87/87/87 88/88/88
f 87/87/87 89/89/89 90/90/90
f 87/87/87 90/90/90 88/88/88
f 89/89/89 91/91/91 92/92/92
f 89/89/89 93/93/93 91/91/91
f 89/89/89 92/92/92 90/90/90
f 91/91/91 94/94/94 95/95/95
f 91/91/91 93/93/93 94/94/94
f 96/96/96 97/97/97 98/98/98
f 97/97/97 99/99/99 98/98/98
f 100/100/100 101/101/101 102/102/102
f 101/101/101 103/103/103 104/104/104
f 101/101/101 104/104/104 105/105/105
f 101/101/101 105/105/105 102/102/102
f 103/103/103 106/106/106 107/107/107
f 103/103/103 107/107/107 104/104/104
f 108/108/108 109/109/109 110/110/110
f 109/109/109 111/111/111 110/110/110
f 110/110/110 112/112/112 113/113/113
f 110/110/110 111/111/111 112/112/112
f 112/112/112 114/114/114 113/113/113
f 113/113/113 114/114/114 115/115/115
f 116/116/116 117/117/117 118/118/118
f 117/117/117 119/119/119 118/118/118
f 120/120/120 121/121/121 122/122/122
f 121/121/121 123/123/123 124/124/124
f 121/121/121 124/124/124 122/122/122
f 123/123/123 125/125/125 126/126/126
f 123/123/123 127/127/127 124/124/124
f 125/125/125 128/128/128 129/129/129
f 125/125/125 129/129/129 130/130/130
f 125/125/125 130/130/130 126/126/126
f 128/128/128 131/131/131 129/129/129
f 129/129/129 131/131/131 132/132/132
f 133/133/133 134/134/134 135/135/135
f 133/133/133 136/136/136 134/134/134
f 135/135/135 134/134/134 137/137/137
f 136/136/136 138/138/138 134/134/134
f 138/138/138 139/139/139 134/134/134
f 139/139/139 140/140/140 134/134/134
f 140/140/140 141/141/141 134/134/134
f 141/141/141 142/142/142 134/134/134
f 142/142/142 143/143/143 134/134/134
f 143/143/143 144/144/144 134/134/134
f 144/144/144 145/145/145 134/134/134
f 134/134/134 145/145/145 146/146/146
f 147/147/147 148/148/148 149/149/149
f 147/147/147 150/150/150 148/148/148
f 149/149/149 148/148/148 151/151/151
f 150/150/150 152/152/152 148/148/148
f 152/152/152 153/153/153 148/148/148
f 153/153/153 154/154/154 148/148/148
f 154/154/154 155/155/155 148/148/148
f 155/155/155 156/156/156 148/148/148
f 156/156/156 157/157/157 148/148/148
f 148/148/148 158/158/158 159/159/159
f 148/148/148 157/157/157 160/160/160
f 148/148/148 160/160/160 158/158/158
f 161/161/161 162/162/162 163/163/163
f 161/161/161 163/163/163 164/164/164
f 162/162/162 165/165/165 163/163/163
f 164/164/164 163/163/163 166/166/166
f 165/165/165 167/167/167 163/163/163
f 167/167/167 168/168/168 163/163/163
f 168/168/168 169/169/169 163/163/163
f 169/169/169 170/170/170 163/163/163
f 163/163/163 170/170/170 171/171/171
f 163/163/163 171/171/171 172/172/172
f 163/163/163 172/172/172 173/173/173
f 163/163/163 173/173/173 174/174/174
f 175/175/175 176/176/176 177/177/177
f 175/175/175 178/178/178 176/176/176
f 177/177/177 176/176/176 179/179/179
f 178/178/178 180/180/180 176/176/176
f 180/180/180 181/181/181 176/176/176
f 181/181/181 182/182/182 176/176/176
f 182/182/182 183/183/183 176/176/176
f 183/183/183 184/184/184 176/176/176
f 184/184/184 185/185/185 176/176/176
f 176/176/176 186/186/186 187/187/187
f 176/176/176 188/188/188 186/186/186
f 176/176/176 185/185/185 188/188/188
f 189/189/189 190/190/190 191/191/191
f 189/189/189 192/192/192 190/190/190
f 191/191/191 190/190/190 193/193/193
f 192/192/192 194/194/194 190/190/190
f 194/194/194 195/195/195 190/190/190
f 195/195/195 196/196/196 190/190/190
f 196/196/196 197/197/197 190/190/190
f 197/197/197 198/198/198 190/190/190
f 198/198/198 199/199/199 190/190/190
f 190/190/190 200/200/200 201/201/201
f 190/190/190 202/202/202 200/200/200
f 190/190/190 199/199/199 202/202/202
f 203/203/203 204/204/204 205/205/205
f 203/203/203 206/206/206 204/204/204
f 205/205/205 204/204/204 207/207/207
f 206/206/206 208/208/208 204/204/204
f 208/208/208 209/209/209 204/204/204
f 209/209/209 210/210/210 204/204/204
f 210/210/210 211/211/211 204/204/204
f 211/211/211 212/212/212 204/204/204
f 212/212/212 213/213/213 204/204/204
f 204/204/204 213/213/213 214/214/214
f 204/204/204 214/214/214 215/215/215
f 204/204/204 215/215/215 216/216/216
f 217/217/217 218/218/218 219/219/219
f 217/217/217 219/219/219 220/220/220
f 218/218/218 221/221/221 219/219/219
f 220/220/220 219/219/219 222/222/222
f 221/221/221 223/223/223 219/219/219
f 223/223/223 224/224/224 219/219/219
f 224/224/224 225/225/225 219/219/219
f 225/225/225 226/226/226 219/219/219
f 219/219/219 227/227/227 228/228/228
f 219/219/219 229/229/229 227/227/227
f 219/219/219 230/230/230 229/229/229
f 219/219/219 226/226/226 230/230/230
f 231/231/231 232/232/232 233/233/233
f 231/231/231 233/233/233 234/234/234
f 232/232/232 235/235/235 233/233/233
f 234/234/234 233/233/233 236/236/236
f 235/235/235 237/237/237 233/233/233
f 237/237/237 238/238/238 233/233/233
f 238/238/238 239/239/239 233/233/233
f 239/239/239 240/240/240 233/233/233
f 233/233/233 241/241/241 242/242/242
f 233/233/233 243/243/243 241/241/241
f 233/233/233 244/244/244 243/243/243
f 233/233/233 240/240/240 244/244/244
f 245/245/245 246/246/246 247/247/247
f 245/245/245 247/247/247 248/248/248
f 246/246/246 249/249/249 247/247/247
f 248/248/248 247/247/247 250/250/250
f 249/249/249 251/251/251 247/247/247
f 251/251/251 252/252/252 247/247/247
f 252/252/252 253/253/253 247/247/247
f 253/253/253 254/254/254 247/247/247
f 247/247/247 255/255/255 256/256/256
f 247/247/247 257/257/257 255/255/255
f 247/247/247 258/258/258 257/257/257
f 247/247/247 254/254/254 258/258/258
f 259/259/259 260/260/260 261/261/261
f 259/259/259 261/261/261 262/262/262
f 260/260/260 263/263/263 261/261/261
f 262/262/262 261/261/261 264/264/264
f 263/263/263 265/265/265 261/261/261
f 265/265/265 266/266/266 261/261/261
f 266/266/266 267/267/267 261/261/261
f 267/267/267 268/268/268 261/261/261
f 261/261/261 269/269/269 270/270/270
f 261/261/261 271/271/271 269/269/269
f 261/261/261 272/272/272 271/271/271
f 261/261/261 268/268/268 272/272/272
f 273/273/273 274/274/274 275/275/275
f 273/273/273 276/276/276 274/274/274
f 275/275/275 274/274/274 277/277/277
f 276/276/276 278/278/278 274/274/274
f 278/278/278 279/279/279 274/274/274
f 279/279/279 280/280/280 274/274/274
f 280/280/280 281/281/281 274/274/274
f 281/281/281 282/282/282 274/274/274
f 282/282/282 283/283/283 274/274/274
f 274/274/274 284/284/284 285/285/285
f 274/274/274 286/286/286 284/284/284
f 274/274/274 283/283/283 286/286/286
f 287/287/287 288/288/288 289/289/289
f 287/287/287 289/289/289 290/290/290
f 288/288/288 291/291/291 289/289/289
f 290/290/290 289/289/289 292/292/292
f 291/291/291 293/293/293 289/289/289
f 293/293/293 294/294/294 289/289/289
f 294/294/294 295/295/295 289/289/289
f 295/295/295 296/296/296 289/289/289
f 289/289/289 297/297/297 298/298/298
f 289/289/289 299/299/299 297/297/297
f 289/289/289 300/300/300 299/299/299
f 289/289/289 296/296/296 300/300/300
f 301/301/301 302/302/302 303/303/303
f 301/301/301 304/304/304 302/302/302
f 303/303/303 302/302/302 305/305/305
f 304/304/304 306/306/306 302/302/302
f 306/306/306 307/307/307 302/302/302
f 307/307/307 308/308/308 302/302/302
f 308/308/308 309/309/309 302/302/302
f 309/309/309 310/310/310 302/302/302
f 310/310/310 311/311/311 302/302/302
f 302/302/302 312/312/312 313/313/313
f 302/302/302 314/314/314 312/312/312
f 302/302/302 311/311/311 314/314/314
f 315/315/315 316/316/316 317/317/317
f 315/315/315 318/318/318 316/316/316
f 317/317/317 316/316/316 319/319/319
f 318/318/318 320/320/320 316/316/316
f 320/320/320 321/321/321 316/316/316
f 321/321/321 322/322/322 316/316/316
f 322/322/322 323/323/323 316/316/316
f 323/323/323 324/324/324 316/316/316
f 324/324/324 325/325/325 316/316/316
f 316/316/316 326/326/326 327/327/327
f 316/316/316 328/328/328 326/326/326
f 316/316/316 325/325/325 328/328/328
f 329/329/329 330/330/330 331/331/331
f 329/329/329 332/332/332 330/330/330
f 331/331/331 330/330/330 333/333/333
f 332/332/332 334/334/334 330/330/330
f 334/334/334 335/335/335 330/330/330
f 335/335/335 336/336/336 330/330/330
f 336/336/336 337/337/337 330/330/330
f 337/337/337 338/338/338 330/330/330
f 338/338/338 339/339/339 330/330/330
f 330/330/330 339/339/339 340/340/340
f 330/330/330 340/340/340 341/341/341
f 330/330/330 341/341/341 342/342/342
f 343/343/343 344/344/344 345/345/345
f 343/343/343 345/345/345 346/346/346
f 344/344/344 347/347/347 345/345/345
f 346/346/346 345/345/345 348/348/348
f 347/347/347 349/349/349 345/345/345
f 349/349/349 350/350/350 345/345/345
f 350/350/350 351/351/351 345/345/345
f 351/351/351 352/352/352 345/345/345
f 345/345/345 353/353/353 354/354/354
f 345/345/345 352/352/352 355/355/355
f 345/345/345 355/355/355 353/353/353
f 345/345/345 354/354/354 356/356/356
f 357/357/357 358/358/358 359/359/359
f 357/357/357 360/360/360 358/358/358
f 359/359/359 358/358/358 361/361/361
f 360/360/360 362/362/362 358/358/358
f 362/362/362 363/363/363 358/358/358
f 363/363/363 364/364/364 358/358/358
f 364/364/364 365/365/365 358/358/358
f 365/365/365 366/366/366 358/358/358
f 366/366/366 367/367/367 358/358/358
f 358/358/358 368/368/368 369/369/369
f 358/358/358 369/369/369 370/370/370
f 358/358/358 367/367/367 368/368/368
f 371/371/371 372/372/372 373/373/373
f 371/371/371 373/373/373 374/374/374
f 372/372/372 375/375/375 373/373/373
f 374/374/374 373/373/373 376/376/376
f 375/375/375 377/377/377 373/373/373
f 377/377/377 378/378/378 373/373/373
f 378/378/378 379/379/379 373/373/373
f 379/379/379 380/380/380 373/373/373
f 373/373/373 381/381/381 382/382/382
f 373/373/373 380/380/380 381/381/381
f 373/373/373 383/383/383 384/384/384
f 373/373/373 382/382/382 383/383/383
f 385/385/385 386/386/386 387/387/387
f 385/385/385 387/387/387 388/388/388
f 386/386/386 389/389/389 387/387/387
f 388/388/388 387/387/387 390/390/390
f 389/389/389 391/391/391 387/387/387
f 391/391/391 392/392/392 387/387/387
f 392/392/392 393/393/393 387/387/387
f 393/393/393 394/394/394 387/387/387
f 387/387/387 394/394/394 395/395/395
f 387/387/387 395/395/395 396/396/396
f 387/387/387 396/396/396 397/397/397
f 387/387/387 397/397/397 398/398/398
f 399/399/399 400/400/400 401/401/401
f 399/399/399 401/401/401 402/402/402
f 400/400/400 403/403/403 401/401/401
f 402/402/402 401/401/401 404/404/404
f 403/403/403 405/405/405 401/401/401
f 405/405/405 406/406/406 401/401/401
f 406/406/406 407/407/407 401/401/401
f 407/407/407 408/408/408 401/401/401
f 401/401/401 409/409/409 410/410/410
f 401/401/401 408/408/408 409/409/409
f 401/401/401 410/410/410 411/411/411
f 401/401/401 411/411/411 412/412/412
f 413/413/413 414/414/414 415/415/415
f 413/413/413 416/416/416 414/414/414
f 415/415/415 414/414/414 417/417/417
f 416/416/416 418/418/418 414/414/414
f 418/418/418 419/419/419 414/414/414
f 419/419/419 420/420/420 414/414/414
f 420/420/420 421/421/421 414/414/414
f 421/421/421 422/422/422 414/414/414
f 422/422/422 423/423/423 414/414/414
f 414/414/414 423/423/423 424/424/424
f 414/414/414 424/424/424 425/425/425
f 414/414/414 425/425/425 426/426/426
f 427/427/427 428/428/428 429/429/429
f 427/427/427 430/430/430 428/428/428
f 429/429/429 428/428/428 431/431/431
f 430/430/430 432/432/432 428/428/428
f 432/432/432 433/433/433 428/428/428
f 433/433/433 434/434/434 428/428/428
f 434/434/434 435/435/435 428/428/428
f 435/435/435 436/436/436 428/428/428
f 436/436/436 437/437/437 428/428/428
f 428/428/428 437/437/437 438/438/438
f 428/428/428 438/438/438 439/439/439
f 428/428/428 439/439/439 440/440/440
f 441/441/441 442/442/442 443/443/443
f 441/441/441 443/443/443 444/444/444
f 442/442/442 445/445/445 443/443/443
f 444/444/444 443/443/443 446/446/446
f 445/445/445 447/447/447 443/443/443
f 447/447/447 448/448/448 443/443/443
f 448/448/448 449/449/449 443/443/443
f 449/449/449 450/450/450 443/443/443
f 443/443/443 450/450/450 451/451/451
f 443/443/443 451/451/451 452/452/452
f 443/443/443 452/452/452 453/453/453
f 443/443/443 453/453/453 454/454/454
f 455/455/455 456/456/456 457/457/457
f 455/455/455 457/457/457 458/458/458
f 456/456/456 459/459/459 457/457/457
f 458/458/458 457/457/457 460/460/460
f 459/459/459 461/461/461 457/457/457
f 461/461/461 462/462/462 457/457/457
f 462/462/462 463/463/463 457/457/457
f 463/463/463 464/464/464 457/457/457
f 457/457/457 464/464/464 465/465/465
f 457/457/457 465/465/465 466/466/466
f 457/457/457 466/466/466 467/467/467
f 457/457/457 467/467/467 468/468/468
f 469/469/469 470/470/470 471/471/471
f 470/470/470 472/472/472 471/471/471
f 473/473/473 474/474/474 475/475/475
f 474/474/474 476/476/476 475/475/475
f 477/477/477 478/478/478 479/479/479
f 478/478/478 480/480/480 479/479/479
f 481/481/481 482/482/482 483/483/483
f 482/482/482 484/484/484 483/483/483
f 485/485/485 486/486/486 487/487/487
f 486/486/486 488/488/488 487/487/487
f 489/489/489 490/490/490 491/491/491
f 490/490/490 492/492/492 491/491/491
f 493/493/493 494/494/494 495/495/495
f 494/494/494 496/496/496 495/495/495
f 497/497/497 498/498/498 499/499/499
f 498/498/498 500/500/500 499/499/499
f 501/501/501 502/502/502 503/503/503
f 502/502/502 504/504/504 503/503/503
f 505/505/505 506/506/506 507/507/507
f 506/506/506 508/508/508 507/507/507
f 509/509/509 510/510/510 511/511/511
f 510/510/510 512/512/512 511/511/511
f 513/513/513 514/514/514 515/515/515
f 514/514/514 516/516/516 515/515/515
f 517/517/517 518/518/518 519/519/519
f 518/518/518 520/520/520 519/519/519
f 521/521/521 522/522/522 523/523/523
f 522/522/522 524/524/524 523/523/523
f 525/525/525 526/526/526 527/527/527
f 526/526/526 528/528/528 527/527/527
f 529/529/529 530/530/530 531/531/531
f 530/530/530 532/532/532 531/531/531
f 533/533/533 534/534/534 535/535/535
f 534/534/534 536/536/536 535/535/535
f 537/537/537 538/538/538 539/539/539
f 538/538/538 540/540/540 539/539/539
f 541/541/541 542/542/542 543/543/543
f 542/542/542 544/544/544 543/543/543
f 545/545/545 546/546/546 547/547/547
f 546/546/546 548/548/548 547/547/547
f 549/549/549 550/550/550 551/551/551
f 550/550/550 552/552/552 551/551/551
f 553/553/553 554/554/554 555/555/555
f 554/554/554 556/556/556 555/555/555
f 557/557/557 558/558/558 559/559/559
f 558/558/558 560/560/560 559/559/559
f 561/561/561 562/562/562 563/563/563
f 562/562/562 564/564/564 563/563/563
f 565/565/565 566/566/566 567/567/567
f 566/566/566 568/568/568 567/567/567
f 569/569/569 570/570/570 571/571/571
f 570/570/570 572/572/572 571/571/571
f 573/573/573 574/574/574 575/575/575
f 574/574/574 576/576/576 575/575/575
f 577/577/577 578/578/578 579/579/579
f 578/578/578 580/580/580 579/579/579
f 581/581/581 582/582/582 583/583/583
f 582/582/582 584/584/584 583/583/583
f 585/585/585 586/586/586 587/587/587
f 586/586/586 588/588/588 587/587/587
f 589/589/589 590/590/590 591/591/591
f 590/590/590 592/592/592 591/591/591
f 593/593/593 594/594/594 595/595/595
f 594/594/594 596/596/596 595/595/595
f 597/597/597 598/598/598 599/599/599
f 598/598/598 600/600/600 599/599/599
f 601/601/601 602/602/602 603/603/603
f 602/602/602 604/604/604 603/603/603
f 605/605/605 606/606/606 607/607/607
f 606/606/606 608/608/608 607/607/607
f 609/609/609 610/610/610 611/611/611
f 610/610/610 612/612/612 611/611/611
f 613/613/613 614/614/614 615/615/615
f 614/614/614 616/616/616 615/615/615
f 617/617/617 618/618/618 619/619/619
f 618/618/618 620/620/620 619/619/619
f 621/621/621 622/622/622 623/623/623
f 622/622/622 624/624/624 623/623/623
f 625/625/625 626/626/626 627/627/627
f 626/626/626 628/628/628 627/627/627
f 629/629/629 630/630/630 631/631/631
f 630/630/630 632/632/632 631/631/631
f 633/633/633 634/634/634 635/635/635
f 634/634/634 636/636/636 635/635/635
f 637/637/637 638/638/638 639/639/639
f 638/638/638 640/640/640 639/639/639
f 641/641/641 642/642/642 643/643/643
f 642/642/642 644/644/644 643/643/643
f 645/645/645 646/646/646 647/647/647
f 646/646/646 648/648/648 647/647/647
f 649/649/649 650/650/650 651/651/651
f 650/650/650 652/652/652 651/651/651
f 653/653/653 654/654/654 655/655/655
f 654/654/654 656/656/656 655/655/655
f 657/657/657 658/658/658 659/659/659
f 658/658/658 660/660/660 659/659/659
f 661/661/661 662/662/662 663/663/663
f 662/662/662 664/664/664 663/663/663
f 665/665/665 666/666/666 667/667/667
f 666/666/666 668/668/668 667/667/667
f 669/669/669 670/670/670 671/671/671
f 670/670/670 672/672/672 671/671/671
f 673/673/673 674/674/674 675/675/675
f 674/674/674 676/676/676 675/675/675
f 677/677/677 678/678/678 679/679/679
f 678/678/678 680/680/680 679/679/679
f 681/681/681 682/682/682 683/683/683
f 682/682/682 684/684/684 683/683/683
f 685/685/685 686/686/686 687/687/687
f 686/686/686 688/688/688 687/687/687
f 689/689/689 690/690/690 691/691/691
f 690/690/690 692/692/692 691/691/691
f 693/693/693 694/694/694 695/695/695
f 694/694/694 696/696/696 695/695/695
f 697/697/697 698/698/698 699/699/699
f 698/698/698 700/700/700 699/699/699
f 701/701/701 702/702/702 703/703/703
f 702/702/702 704/704/704 703/703/703
f 705/705/705 706/706/706 707/707/707
f 706/706/706 708/708/708 707/707/707
f 709/709/709 710/710/710 711/711/711
f 709/709/709 712/712/712 710/710/710
f 710/710/710 713/713/713 711/711/711
f 710/710/710 714/714/714 713/713/713
f 710/710/710 715/715/715 714/714/714
f 710/710/710 716/716/716 715/715/715
f 710/710/710 717/717/717 716/716/716
f 710/710/710 712/712/712 717/717/717
f 718/718/718 719/719/719 720/720/720
f 719/719/719 721/721/721 720/720/720
f 722/722/722 723/723/723 724/724/724
f 723/723/723 725/725/725 724/724/724
f 726/726/726 727/727/727 728/728/728
f 727/727/727 729/729/729 728/728/728
f 730/730/730 731/731/731 732/732/732
f 731/731/731 733/733/733 732/732/732
f 734/734/734 735/735/735 736/736/736
f 735/735/735 737/737/737 736/736/736
f 738/738/738 739/739/739 740/740/740
f 739/739/739 741/741/741 740/740/740
f 742/742/742 743/743/743 744/744/744
f 743/743/743 745/745/745 744/744/744
f 746/746/746 747/747/747 748/748/748
f 747/747/747 749/749/749 748/748/748
f 750/750/750 751/751/751 752/752/752
f 751/751/751 753/753/753 752/752/752
f 754/754/754 755/755/755 756/756/756
f 755/755/755 757/757/757 756/756/756
f 758/758/758 759/759/759 760/760/760
f 759/759/759 761/761/761 760/760/760
f 762/762/762 763/763/763 764/764/764
f 763/763/763 765/765/765 764/764/764
f 766/766/766 767/767/767 768/768/768
f 767/767/767 769/769/769 768/768/768
f 770/770/770 771/771/771 772/772/772
f 771/771/771 773/773/773 772/772/772
f 774/774/774 775/775/775 776/776/776
f 775/775/775 777/777/777 776/776/776
f 778/778/778 779/779/779 780/780/780
f 779/779/779 781/781/781 780/780/780
f 782/782/782 783/783/783 784/784/784
f 783/783/783 785/785/785 784/784/784
f 786/786/786 787/787/787 788/788/788
f 787/787/787 789/789/789 788/788/788
f 790/790/790 791/791/791 792/792/792
f 791/791/791 793/793/793 792/792/792
f 794/794/794 795/795/795 796/796/796
f 795/795/795 797/797/797 796/796/796
f 798/798/798 799/799/799 800/800/800
f 799/799/799 801/801/801 800/800/800
f 802/802/802 803/803/803 804/804/804
f 803/803/803 805/805/805 804/804/804
f 806/806/806 807/807/807 808/808/808
f 807/807/807 809/809/809 808/808/808
f 810/810/810 811/811/811 812/812/812
f 811/811/811 813/813/813 812/812/812
f 814/814/814 815/815/815 816/816/816
f 815/815/815 817/817/817 816/816/816
f 818/818/818 819/819/819 820/820/820
f 819/819/819 821/821/821 820/820/820
f 822/822/822 823/823/823 824/824/824
f 823/823/823 825/825/825 824/824/824
f 826/826/826 827/827/827 828/828/828
f 827/827/827 829/829/829 828/828/828
f 830/830/830 831/831/831 832/832/832
f 831/831/831 833/833/833 832/832/832
f 834/834/834 835/835/835 836/836/836
f 835/835/835 837/837/837 836/836/836
f 838/838/838 839/839/839 840/840/840
f 839/839/839 841/841/841 840/840/840
f 842/842/842 843/843/843 844/844/844
f 843/843/843 845/845/845 844/844/844
f 846/846/846 847/847/847 848/848/848
f 847/847/847 849/849/849 848/848/848
f 850/850/850 851/851/851 852/852/852
f 851/851/851 853/853/853 852/852/852
f 854/854/854 855/855/855 856/856/856
f 855/855/855 857/857/857 856/856/856
f 858/858/858 859/859/859 860/860/860
f 859/859/859 861/861/861 860/860/860
f 862/862/862 863/863/863 864/864/864
f 863/863/863 865/865/865 864/864/864
f 866/866/866 867/867/867 868/868/868
f 867/867/867 869/869/869 868/868/868
f 870/870/870 871/871/871 872/872/872
f 871/871/871 873/873/873 872/872/872
f 874/874/874 875/875/875 876/876/876
f 875/875/875 877/877/877 876/876/876
f 878/878/878 879/879/879 880/880/880
f 879/879/879 881/881/881 880/880/880
f 882/882/882 883/883/883 884/884/884
f 883/883/883 885/885/885 884/884/884
f 886/886/886 887/887/887 888/888/888
f 887/887/887 889/889/889 888/888/888
f 890/890/890 891/891/891 892/892/892
f 891/891/891 893/893/893 892/892/892
f 894/894/894 895/895/895 896/896/896
f 895/895/895 897/897/897 896/896/896
f 898/898/898 899/899/899 900/900/900
f 899/899/899 901/901/901 900/900/900
f 902/902/902 903/903/903 904/904/904
f 903/903/903 905/905/905 904/904/904
f 906/906/906 907/907/907 908/908/908
f 907/907/907 909/909/909 908/908/908
f 910/910/910 911/911/911 912/912/912
f 911/911/911 913/913/913 912/912/912
f 914/914/914 915/915/915 916/916/916
f 915/915/915 917/917/917 916/916/916
f 918/918/918 919/919/919 920/920/920
f 919/919/919 921/921/921 920/920/920
f 922/922/922 923/923/923 924/924/924
f 923/923/923 925/925/925 924/924/924
f 926/926/926 927/927/927 928/928/928
f 927/927/927 929/929/929 928/928/928
f 930/930/930 931/931/931 932/932/932
f 931/931/931 933/933/933 932/932/932
f 934/934/934 935/935/935 936/936/936
f 935/935/935 937/937/937 936/936/936
f 938/938/938 939/939/939 940/940/940
f 939/939/939 941/941/941 940/940/940
f 942/942/942 943/943/943 944/944/944
f 943/943/943 945/945/945 944/944/944
f 946/946/946 947/947/947 948/948/948
f 947/947/947 949/949/949 948/948/948
f 950/950/950 951/951/951 952/952/952
f 951/951/951 953/953/953 952/952/952
f 954/954/954 955/955/955 956/956/956
f 955/955/955 957/957/957 956/956/956
f 958/958/958 959/959/959 960/960/960
f 959/959/959 961/961/961 960/960/960
f 962/962/962 963/963/963 964/964/964
f 963/963/963 965/965/965 964/964/964
f 966/966/966 967/967/967 968/968/968
f 967/967/967 969/969/969 968/968/968
f 970/970/970 971/971/971 972/972/972
f 971/971/971 973/973/973 972/972/972
f 974/974/974 975/975/975 976/976/976
f 975/975/975 977/977/977 976/976/976
f 978/978/978 979/979/979 980/980/980
f 979/979/979 981/981/981 980/980/980
f 982/982/982 983/983/983 984/984/984
f 983/983/983 985/985/985 984/984/984
f 986/986/986 987/987/987 988/988/988
f 987/987/987 989/989/989 988/988/988
f 990/990/990 991/991/991 992/992/992
f 991/991/991 993/993/993 992/992/992
f 994/994/994 995/995/995 996/996/996
f 995/995/995 997/997/997 996/996/996
f 998/998/998 999/999/999 1000/1000/1000
f 999/999/999 1001/1001/1001 1000/1000/1000
f 1002/1002/1002 1003/1003/1003 1004/1004/1004
f 1003/1003/1003 1005/1005/1005 1004/1004/1004
f 1006/1006/1006 1007/1007/1007 1008/1008/1008
f 1006/1006/1006 1009/1009/1009 1007/1007/1007
f 1007/1007/1007 1010/1010/1010 1008/1008/1008
f 1007/1007/1007 1011/1011/1011 1010/1010/1010
f 1007/1007/1007 1012/1012/1012 1011/1011/1011
f 1007/1007/1007 1009/1009/1009 1013/1013/1013
f 1007/1007/1007 1014/1014/1014 1012/1012/1012
f 1007/1007/1007 1013/1013/1013 1014/1014/1014
f 1015/1015/1015 1016/1016/1016 1017/1017/1017
f 1016/1016/1016 1018/1018/1018 1017/1017/1017
f 1019/1019/1019 1020/1020/1020 1021/1021/1021
f 1020/1020/1020 1022/1022/1022 1021/1021/1021
f 1023/1023/1023 1024/1024/1024 1025/1025/1025
f 1024/1024/1024 1026/1026/1026 1025/1025/1025
f 1027/1027/1027 1028/1028/1028 1029/1029/1029
f 1028/1028/1028 1030/1030/1030 1029/1029/1029
f 1031/1031/1031 1032/1032/1032 1033/1033/1033
f 1032/1032/1032 1034/1034/1034 1033/1033/1033
f 1035/1035/1035 1036/1036/1036 1037/1037/1037
f 1036/1036/1036 1038/1038/1038 1037/1037/1037
f 1039/1039/1039 1040/1040/1040 1041/1041/1041
f 1040/1040/1040 1042/1042/1042 1041/1041/1041
f 1043/1043/1043 1044/1044/1044 1045/1045/1045
f 1044/1044/1044 1046/1046/1046 1045/1045/1045
f 1047/1047/1047 1048/1048/1048 1049/1049/1049
f 1048/1048/1048 1050/1050/1050 1049/1049/1049
f 1051/1051/1051 1052/1052/1052 1053/1053/1053
f 1052/1052/1052 1054/1054/1054 1053/1053/1053
f 1055/1055/1055 1056/1056/1056 1057/1057/1057
f 1056/1056/1056 1058/1058/1058 1057/1057/1057
f 1059/1059/1059 1060/1060/1060 1061/1061/1061
f 1060/1060/1060 1062/1062/1062 1061/1061/1061
