# Pieza completa de un material COLLADA para Raylib
o CourseSelectW1_RockMat01
v 0.7367282 0.0030707 -0.8720737
v 0.7305868 0.0030707 -0.8720737
v 0.7305868 -0.0951910 -0.8720737
v 0.7367282 -0.0951910 -0.8720737
v 0.7981418 -0.0951910 -0.8720737
v 0.7981418 0.0030707 -0.8720737
v 0.8042832 0.0030707 -0.8720737
v 0.8042832 -0.0951910 -0.8720737
v 1.3455411 -0.0374755 -0.9046911
v 1.3468062 -0.0636804 -0.9034192
v 1.3550821 -0.0374755 -0.9161926
v 1.3562855 -0.0636803 -0.9148464
v 1.3549467 -0.0374755 -0.9277408
v 1.3561510 -0.0636800 -0.9263197
v 1.3397030 -0.0374755 -0.9675621
v 1.3410204 -0.0636800 -0.9658842
v 1.3562855 -0.0636803 -0.9148464
v 1.3561510 -0.0636800 -0.9263197
v 1.3550821 -0.0374755 -0.9161926
v 1.3549467 -0.0374755 -0.9277408
v 1.3475147 -0.0335401 -0.9322302
v 1.3340566 -0.0335401 -0.9641499
v 1.3309115 -0.0335401 -0.9651227
v 1.3455411 -0.0374755 -0.9046911
v 1.3550821 -0.0374755 -0.9161926
v 1.3408394 -0.0335401 -0.9079546
v 1.3495195 -0.0335401 -0.9181302
v 1.3550821 -0.0374755 -0.9161926
v 1.3549467 -0.0374755 -0.9277408
v 1.3495195 -0.0335401 -0.9181302
v 1.3475147 -0.0335401 -0.9322302
v 1.3549467 -0.0374755 -0.9277408
v 1.3397030 -0.0374755 -0.9675621
v 1.3475147 -0.0335401 -0.9322302
v 1.3340566 -0.0335401 -0.9641499
v 1.3367468 -0.0644842 -0.9027971
v 1.3544625 -0.0644842 -0.9154059
v 1.3457851 -0.0644842 -0.9049453
v 1.3468062 -0.0636804 -0.9034192
v 1.3457851 -0.0644842 -0.9049453
v 1.3562855 -0.0636803 -0.9148464
v 1.3544625 -0.0644842 -0.9154059
v 1.3562855 -0.0636803 -0.9148464
v 1.3544625 -0.0644842 -0.9154059
v 1.3561510 -0.0636800 -0.9263197
v 1.3543395 -0.0644842 -0.9259064
v 1.3561510 -0.0636800 -0.9263197
v 1.3543395 -0.0644842 -0.9259064
v 1.3410204 -0.0636800 -0.9658842
v 1.3396820 -0.0644842 -0.9643956
v 1.3730932 -0.0636802 -0.9155263
v 1.4134489 -0.0636803 -0.9159580
v 1.3719991 -0.0374755 -0.9168768
v 1.4126171 -0.0374755 -0.9173116
v 1.4113943 -0.0374755 -0.9738189
v 1.4122339 -0.0636804 -0.9721005
v 1.3433695 -0.0374755 -0.9722768
v 1.3446486 -0.0636805 -0.9705683
v 1.3579549 -0.0374755 -0.9196650
v 1.3591397 -0.0636800 -0.9182960
v 1.3719991 -0.0374755 -0.9168768
v 1.3730932 -0.0636802 -0.9155263
v 1.3404307 -0.0374755 -0.9651768
v 1.3417287 -0.0636801 -0.9635143
v 1.3579549 -0.0374755 -0.9196650
v 1.3591397 -0.0636800 -0.9182960
v 1.3433695 -0.0374755 -0.9722768
v 1.3446486 -0.0636805 -0.9705683
v 1.3404307 -0.0374755 -0.9651768
v 1.3417287 -0.0636801 -0.9635143
v 1.4175528 -0.0374755 -0.9235162
v 1.4183527 -0.0636801 -0.9221221
v 1.4171834 -0.0374755 -0.9694665
v 1.4179857 -0.0636800 -0.9677758
v 1.4171834 -0.0374755 -0.9694665
v 1.4179857 -0.0636800 -0.9677758
v 1.4113943 -0.0374755 -0.9738189
v 1.4122339 -0.0636804 -0.9721005
v 1.4126171 -0.0374755 -0.9173116
v 1.4134489 -0.0636803 -0.9159580
v 1.4175528 -0.0374755 -0.9235162
v 1.4183527 -0.0636801 -0.9221221
v 1.3463301 -0.0335401 -0.9654556
v 1.3614209 -0.0335401 -0.9245117
v 1.3474557 -0.0335401 -0.9681744
v 1.4115210 -0.0335401 -0.9670763
v 1.4093746 -0.0335401 -0.9686902
v 1.3712044 -0.0335401 -0.9225692
v 1.4097249 -0.0335401 -0.9227055
v 1.4119080 -0.0335401 -0.9254501
v 1.3712044 -0.0335401 -0.9225692
v 1.3614209 -0.0335401 -0.9245117
v 1.3719991 -0.0374755 -0.9168768
v 1.3579549 -0.0374755 -0.9196650
v 1.3719991 -0.0374755 -0.9168768
v 1.4126171 -0.0374755 -0.9173116
v 1.3712044 -0.0335401 -0.9225692
v 1.4097249 -0.0335401 -0.9227055
v 1.4126171 -0.0374755 -0.9173116
v 1.4175528 -0.0374755 -0.9235162
v 1.4097249 -0.0335401 -0.9227055
v 1.4119080 -0.0335401 -0.9254501
v 1.3614209 -0.0335401 -0.9245117
v 1.3463301 -0.0335401 -0.9654556
v 1.3579549 -0.0374755 -0.9196650
v 1.3404307 -0.0374755 -0.9651768
v 1.3463301 -0.0335401 -0.9654556
v 1.3474557 -0.0335401 -0.9681744
v 1.3404307 -0.0374755 -0.9651768
v 1.3433695 -0.0374755 -0.9722768
v 1.3474557 -0.0335401 -0.9681744
v 1.4093746 -0.0335401 -0.9686902
v 1.3433695 -0.0374755 -0.9722768
v 1.4113943 -0.0374755 -0.9738189
v 1.4093746 -0.0335401 -0.9686902
v 1.4115210 -0.0335401 -0.9670763
v 1.4113943 -0.0374755 -0.9738189
v 1.4171834 -0.0374755 -0.9694665
v 1.4115210 -0.0335401 -0.9670763
v 1.4119080 -0.0335401 -0.9254501
v 1.4171834 -0.0374755 -0.9694665
v 1.4175528 -0.0374755 -0.9235162
v 1.3459677 -0.0644842 -0.9687701
v 1.4116374 -0.0644842 -0.9702587
v 1.3605683 -0.0644842 -0.9197804
v 1.3437593 -0.0644842 -0.9634351
v 1.4161632 -0.0644842 -0.9668564
v 1.3733117 -0.0644842 -0.9172508
v 1.4125468 -0.0644842 -0.9176702
v 1.4165185 -0.0644842 -0.9226632
v 1.3733117 -0.0644842 -0.9172508
v 1.3730932 -0.0636802 -0.9155263
v 1.3605683 -0.0644842 -0.9197804
v 1.3591397 -0.0636800 -0.9182960
v 1.3730932 -0.0636802 -0.9155263
v 1.3733117 -0.0644842 -0.9172508
v 1.4134489 -0.0636803 -0.9159580
v 1.4125468 -0.0644842 -0.9176702
v 1.4134489 -0.0636803 -0.9159580
v 1.4125468 -0.0644842 -0.9176702
v 1.4183527 -0.0636801 -0.9221221
v 1.4165185 -0.0644842 -0.9226632
v 1.3446486 -0.0636805 -0.9705683
v 1.3459677 -0.0644842 -0.9687701
v 1.3417287 -0.0636801 -0.9635143
v 1.3437593 -0.0644842 -0.9634351
v 1.3459677 -0.0644842 -0.9687701
v 1.3446486 -0.0636805 -0.9705683
v 1.4116374 -0.0644842 -0.9702587
v 1.4122339 -0.0636804 -0.9721005
v 1.4116374 -0.0644842 -0.9702587
v 1.4122339 -0.0636804 -0.9721005
v 1.4161632 -0.0644842 -0.9668564
v 1.4179857 -0.0636800 -0.9677758
v 1.3605683 -0.0644842 -0.9197804
v 1.3591397 -0.0636800 -0.9182960
v 1.3437593 -0.0644842 -0.9634351
v 1.3417287 -0.0636801 -0.9635143
v 1.4161632 -0.0644842 -0.9668564
v 1.4179857 -0.0636800 -0.9677758
v 1.4165185 -0.0644842 -0.9226632
v 1.4183527 -0.0636801 -0.9221221
v 1.4175331 -0.0374755 -0.9654144
v 1.4183331 -0.0636801 -0.9637501
v 1.4187125 -0.0374755 -0.9225551
v 1.4195047 -0.0636800 -0.9211671
v 1.4304167 -0.0374755 -0.9176997
v 1.4311340 -0.0636802 -0.9163437
v 1.4428702 -0.0374755 -0.9162780
v 1.4435064 -0.0636803 -0.9149312
v 1.4187125 -0.0374755 -0.9225551
v 1.4195047 -0.0636800 -0.9211671
v 1.4304167 -0.0374755 -0.9176997
v 1.4311340 -0.0636802 -0.9163437
v 1.4912426 -0.0374755 -0.9738195
v 1.4915669 -0.0636804 -0.9721011
v 1.4516750 -0.0374755 -0.9738195
v 1.4522548 -0.0636804 -0.9721011
v 1.4211439 -0.0374755 -0.9699388
v 1.4219207 -0.0636805 -0.9682456
v 1.4175331 -0.0374755 -0.9654144
v 1.4183331 -0.0636801 -0.9637501
v 1.4974000 -0.0374755 -0.9246137
v 1.4976843 -0.0636800 -0.9232128
v 1.4972090 -0.0374755 -0.9709343
v 1.4974945 -0.0636800 -0.9692344
v 1.4972090 -0.0374755 -0.9709343
v 1.4974945 -0.0636800 -0.9692344
v 1.4912426 -0.0374755 -0.9738195
v 1.4915669 -0.0636804 -0.9721011
v 1.4918451 -0.0374755 -0.9180363
v 1.4921651 -0.0636803 -0.9166778
v 1.4974000 -0.0374755 -0.9246137
v 1.4976843 -0.0636800 -0.9232128
v 1.4435064 -0.0636803 -0.9149312
v 1.4921651 -0.0636803 -0.9166778
v 1.4428702 -0.0374755 -0.9162780
v 1.4918451 -0.0374755 -0.9180363
v 1.4522548 -0.0636804 -0.9721011
v 1.4219207 -0.0636805 -0.9682456
v 1.4516750 -0.0374755 -0.9738195
v 1.4211439 -0.0374755 -0.9699388
v 1.4241286 -0.0335401 -0.9262024
v 1.4318182 -0.0335401 -0.9230126
v 1.4230612 -0.0335401 -0.9627325
v 1.4248815 -0.0335401 -0.9654556
v 1.4428051 -0.0335401 -0.9217205
v 1.4516161 -0.0335401 -0.9686853
v 1.4898768 -0.0335401 -0.9686902
v 1.4890643 -0.0335401 -0.9233848
v 1.4916234 -0.0335401 -0.9678458
v 1.4917935 -0.0335401 -0.9266164
v 1.4241286 -0.0335401 -0.9262024
v 1.4230612 -0.0335401 -0.9627325
v 1.4187125 -0.0374755 -0.9225551
v 1.4175331 -0.0374755 -0.9654144
v 1.4187125 -0.0374755 -0.9225551
v 1.4304167 -0.0374755 -0.9176997
v 1.4241286 -0.0335401 -0.9262024
v 1.4318182 -0.0335401 -0.9230126
v 1.4230612 -0.0335401 -0.9627325
v 1.4248815 -0.0335401 -0.9654556
v 1.4175331 -0.0374755 -0.9654144
v 1.4211439 -0.0374755 -0.9699388
v 1.4304167 -0.0374755 -0.9176997
v 1.4428702 -0.0374755 -0.9162780
v 1.4318182 -0.0335401 -0.9230126
v 1.4428051 -0.0335401 -0.9217205
v 1.4428702 -0.0374755 -0.9162780
v 1.4918451 -0.0374755 -0.9180363
v 1.4428051 -0.0335401 -0.9217205
v 1.4890643 -0.0335401 -0.9233848
v 1.4248815 -0.0335401 -0.9654556
v 1.4516161 -0.0335401 -0.9686853
v 1.4211439 -0.0374755 -0.9699388
v 1.4516750 -0.0374755 -0.9738195
v 1.4516161 -0.0335401 -0.9686853
v 1.4898768 -0.0335401 -0.9686902
v 1.4516750 -0.0374755 -0.9738195
v 1.4912426 -0.0374755 -0.9738195
v 1.4916234 -0.0335401 -0.9678458
v 1.4917935 -0.0335401 -0.9266164
v 1.4972090 -0.0374755 -0.9709343
v 1.4974000 -0.0374755 -0.9246137
v 1.4972090 -0.0374755 -0.9709343
v 1.4912426 -0.0374755 -0.9738195
v 1.4916234 -0.0335401 -0.9678458
v 1.4898768 -0.0335401 -0.9686902
v 1.4917935 -0.0335401 -0.9266164
v 1.4890643 -0.0335401 -0.9233848
v 1.4974000 -0.0374755 -0.9246137
v 1.4918451 -0.0374755 -0.9180363
v 1.4213570 -0.0644842 -0.9222916
v 1.4202337 -0.0644842 -0.9631182
v 1.4436041 -0.0644842 -0.9166575
v 1.4316499 -0.0644842 -0.9180221
v 1.4229580 -0.0644842 -0.9665322
v 1.4912598 -0.0644842 -0.9183685
v 1.4523979 -0.0644842 -0.9702741
v 1.4958345 -0.0644842 -0.9237846
v 1.4911333 -0.0644842 -0.9702741
v 1.4956521 -0.0644842 -0.9680890
v 1.4213570 -0.0644842 -0.9222916
v 1.4195047 -0.0636800 -0.9211671
v 1.4202337 -0.0644842 -0.9631182
v 1.4183331 -0.0636801 -0.9637501
v 1.4195047 -0.0636800 -0.9211671
v 1.4213570 -0.0644842 -0.9222916
v 1.4311340 -0.0636802 -0.9163437
v 1.4316499 -0.0644842 -0.9180221
v 1.4202337 -0.0644842 -0.9631182
v 1.4183331 -0.0636801 -0.9637501
v 1.4229580 -0.0644842 -0.9665322
v 1.4219207 -0.0636805 -0.9682456
v 1.4311340 -0.0636802 -0.9163437
v 1.4316499 -0.0644842 -0.9180221
v 1.4435064 -0.0636803 -0.9149312
v 1.4436041 -0.0644842 -0.9166575
v 1.4435064 -0.0636803 -0.9149312
v 1.4436041 -0.0644842 -0.9166575
v 1.4921651 -0.0636803 -0.9166778
v 1.4912598 -0.0644842 -0.9183685
v 1.4229580 -0.0644842 -0.9665322
v 1.4219207 -0.0636805 -0.9682456
v 1.4523979 -0.0644842 -0.9702741
v 1.4522548 -0.0636804 -0.9721011
v 1.4523979 -0.0644842 -0.9702741
v 1.4522548 -0.0636804 -0.9721011
v 1.4911333 -0.0644842 -0.9702741
v 1.4915669 -0.0636804 -0.9721011
v 1.4956521 -0.0644842 -0.9680890
v 1.4974945 -0.0636800 -0.9692344
v 1.4958345 -0.0644842 -0.9237846
v 1.4976843 -0.0636800 -0.9232128
v 1.4974945 -0.0636800 -0.9692344
v 1.4956521 -0.0644842 -0.9680890
v 1.4915669 -0.0636804 -0.9721011
v 1.4911333 -0.0644842 -0.9702741
v 1.4958345 -0.0644842 -0.9237846
v 1.4976843 -0.0636800 -0.9232128
v 1.4912598 -0.0644842 -0.9183685
v 1.4921651 -0.0636803 -0.9166778
v 1.5183076 -0.0636803 -0.9163529
v 1.5763742 -0.0636803 -0.9163529
v 1.5181578 -0.0374755 -0.9177089
v 1.5766014 -0.0374755 -0.9177089
v 1.5034615 -0.0374755 -0.9738189
v 1.5792232 -0.0374755 -0.9738189
v 1.5037059 -0.0636804 -0.9721005
v 1.5789788 -0.0636804 -0.9721005
v 1.5843875 -0.0374755 -0.9241973
v 1.5766014 -0.0374755 -0.9177089
v 1.5841099 -0.0636800 -0.9227989
v 1.5763742 -0.0636803 -0.9163529
v 1.5181578 -0.0374755 -0.9177089
v 1.5040062 -0.0374755 -0.9214889
v 1.5183076 -0.0636803 -0.9163529
v 1.5042476 -0.0636802 -0.9201084
v 1.5040062 -0.0374755 -0.9214889
v 1.4963467 -0.0374755 -0.9306113
v 1.5042476 -0.0636802 -0.9201084
v 1.4966378 -0.0636800 -0.9291718
v 1.4963467 -0.0374755 -0.9306113
v 1.4957737 -0.0374755 -0.9688935
v 1.4966378 -0.0636800 -0.9291718
v 1.4960679 -0.0636800 -0.9672071
v 1.4957737 -0.0374755 -0.9688935
v 1.5034615 -0.0374755 -0.9738189
v 1.4960679 -0.0636800 -0.9672071
v 1.5037059 -0.0636804 -0.9721005
v 1.5860812 -0.0374755 -0.9689212
v 1.5843875 -0.0374755 -0.9241973
v 1.5857926 -0.0636800 -0.9672341
v 1.5841099 -0.0636800 -0.9227989
v 1.5792232 -0.0374755 -0.9738189
v 1.5860812 -0.0374755 -0.9689212
v 1.5789788 -0.0636804 -0.9721005
v 1.5857926 -0.0636800 -0.9672341
v 1.5018592 -0.0335401 -0.9326515
v 1.5051356 -0.0335401 -0.9686902
v 1.5013562 -0.0335401 -0.9662687
v 1.5072120 -0.0335401 -0.9262761
v 1.5773918 -0.0335401 -0.9686902
v 1.5189082 -0.0335401 -0.9231520
v 1.5745318 -0.0335401 -0.9231520
v 1.5805405 -0.0335401 -0.9664413
v 1.5788461 -0.0335401 -0.9267472
v 1.5745318 -0.0335401 -0.9231520
v 1.5766014 -0.0374755 -0.9177089
v 1.5788461 -0.0335401 -0.9267472
v 1.5843875 -0.0374755 -0.9241973
v 1.5766014 -0.0374755 -0.9177089
v 1.5745318 -0.0335401 -0.9231520
v 1.5181578 -0.0374755 -0.9177089
v 1.5189082 -0.0335401 -0.9231520
v 1.5181578 -0.0374755 -0.9177089
v 1.5189082 -0.0335401 -0.9231520
v 1.5040062 -0.0374755 -0.9214889
v 1.5072120 -0.0335401 -0.9262761
v 1.5788461 -0.0335401 -0.9267472
v 1.5843875 -0.0374755 -0.9241973
v 1.5805405 -0.0335401 -0.9664413
v 1.5860812 -0.0374755 -0.9689212
v 1.5040062 -0.0374755 -0.9214889
v 1.5072120 -0.0335401 -0.9262761
v 1.4963467 -0.0374755 -0.9306113
v 1.5018592 -0.0335401 -0.9326515
v 1.4963467 -0.0374755 -0.9306113
v 1.5018592 -0.0335401 -0.9326515
v 1.4957737 -0.0374755 -0.9688935
v 1.5013562 -0.0335401 -0.9662687
v 1.4957737 -0.0374755 -0.9688935
v 1.5013562 -0.0335401 -0.9662687
v 1.5034615 -0.0374755 -0.9738189
v 1.5051356 -0.0335401 -0.9686902
v 1.5034615 -0.0374755 -0.9738189
v 1.5051356 -0.0335401 -0.9686902
v 1.5792232 -0.0374755 -0.9738189
v 1.5773918 -0.0335401 -0.9686902
v 1.5792232 -0.0374755 -0.9738189
v 1.5773918 -0.0335401 -0.9686902
v 1.5860812 -0.0374755 -0.9689212
v 1.5805405 -0.0335401 -0.9664413
v 1.4979490 -0.0644842 -0.9662171
v 1.5042807 -0.0644842 -0.9702735
v 1.4984950 -0.0644842 -0.9297540
v 1.5783517 -0.0644842 -0.9702735
v 1.5053328 -0.0644842 -0.9216099
v 1.5838919 -0.0644842 -0.9663166
v 1.5756686 -0.0644842 -0.9180750
v 1.5185680 -0.0644842 -0.9180750
v 1.5822742 -0.0644842 -0.9235788
v 1.5756686 -0.0644842 -0.9180750
v 1.5763742 -0.0636803 -0.9163529
v 1.5185680 -0.0644842 -0.9180750
v 1.5183076 -0.0636803 -0.9163529
v 1.5763742 -0.0636803 -0.9163529
v 1.5756686 -0.0644842 -0.9180750
v 1.5841099 -0.0636800 -0.9227989
v 1.5822742 -0.0644842 -0.9235788
v 1.5185680 -0.0644842 -0.9180750
v 1.5183076 -0.0636803 -0.9163529
v 1.5053328 -0.0644842 -0.9216099
v 1.5042476 -0.0636802 -0.9201084
v 1.5037059 -0.0636804 -0.9721005
v 1.5042807 -0.0644842 -0.9702735
v 1.4960679 -0.0636800 -0.9672071
v 1.4979490 -0.0644842 -0.9662171
v 1.5042807 -0.0644842 -0.9702735
v 1.5037059 -0.0636804 -0.9721005
v 1.5783517 -0.0644842 -0.9702735
v 1.5789788 -0.0636804 -0.9721005
v 1.5783517 -0.0644842 -0.9702735
v 1.5789788 -0.0636804 -0.9721005
v 1.5838919 -0.0644842 -0.9663166
v 1.5857926 -0.0636800 -0.9672341
v 1.5841099 -0.0636800 -0.9227989
v 1.5822742 -0.0644842 -0.9235788
v 1.5857926 -0.0636800 -0.9672341
v 1.5838919 -0.0644842 -0.9663166
v 1.5053328 -0.0644842 -0.9216099
v 1.5042476 -0.0636802 -0.9201084
v 1.4984950 -0.0644842 -0.9297540
v 1.4966378 -0.0636800 -0.9291718
v 1.4984950 -0.0644842 -0.9297540
v 1.4966378 -0.0636800 -0.9291718
v 1.4979490 -0.0644842 -0.9662171
v 1.4960679 -0.0636800 -0.9672071
v 1.8245995 -0.0370920 -0.6380596
v 1.8227934 -0.0631446 -0.6385040
v 1.8238435 -0.0370920 -0.6957236
v 1.8220429 -0.0631445 -0.6958004
v 1.7658482 -0.0631443 -0.6884397
v 1.7642453 -0.0631443 -0.6392766
v 1.7672889 -0.0370920 -0.6883157
v 1.7656756 -0.0370920 -0.6388371
v 1.8238435 -0.0370920 -0.6957236
v 1.8220429 -0.0631445 -0.6958004
v 1.8141703 -0.0370920 -0.7043940
v 1.8124310 -0.0631438 -0.7044154
v 1.8141703 -0.0370920 -0.7043940
v 1.8124310 -0.0631438 -0.7044154
v 1.7778288 -0.0370920 -0.7038532
v 1.7763211 -0.0631438 -0.7038781
v 1.7778288 -0.0370920 -0.7038532
v 1.7763211 -0.0631438 -0.7038781
v 1.7706225 -0.0370920 -0.6970997
v 1.7691608 -0.0631442 -0.6971676
v 1.8238435 -0.0370920 -0.6957236
v 1.8141703 -0.0370920 -0.7043940
v 1.8189753 -0.0335401 -0.6936564
v 1.8124206 -0.0335401 -0.6995317
v 1.8189753 -0.0335401 -0.6936564
v 1.8197417 -0.0335401 -0.6380838
v 1.8238435 -0.0370920 -0.6957236
v 1.8245995 -0.0370920 -0.6380596
v 1.8141703 -0.0370920 -0.7043940
v 1.7778288 -0.0370920 -0.7038532
v 1.8124206 -0.0335401 -0.6995317
v 1.7808337 -0.0335401 -0.6991633
v 1.7750590 -0.0335401 -0.6946123
v 1.7808337 -0.0335401 -0.6991633
v 1.7706225 -0.0370920 -0.6970997
v 1.7778288 -0.0370920 -0.7038532
v 1.7672889 -0.0370920 -0.6883157
v 1.7656756 -0.0370920 -0.6388371
v 1.7723808 -0.0335401 -0.6868334
v 1.7708368 -0.0335401 -0.6387303
v 1.7723808 -0.0335401 -0.6868334
v 1.7750590 -0.0335401 -0.6946123
v 1.7672889 -0.0370920 -0.6883157
v 1.7706225 -0.0370920 -0.6970997
v 1.7691608 -0.0631442 -0.6971676
v 1.7658482 -0.0631443 -0.6884397
v 1.7706225 -0.0370920 -0.6970997
v 1.7672889 -0.0370920 -0.6883157
v 1.7672576 -0.0644842 -0.6392469
v 1.7688433 -0.0644842 -0.6878863
v 1.8195943 -0.0644842 -0.6385724
v 1.7717482 -0.0644842 -0.6955404
v 1.8188610 -0.0644842 -0.6945165
v 1.7775217 -0.0644842 -0.7009513
v 1.8111242 -0.0644842 -0.7014514
v 1.8220429 -0.0631445 -0.6958004
v 1.8188610 -0.0644842 -0.6945165
v 1.8124310 -0.0631438 -0.7044154
v 1.8111242 -0.0644842 -0.7014514
v 1.8188610 -0.0644842 -0.6945165
v 1.8220429 -0.0631445 -0.6958004
v 1.8195943 -0.0644842 -0.6385724
v 1.8227934 -0.0631446 -0.6385040
v 1.7688433 -0.0644842 -0.6878863
v 1.7658482 -0.0631443 -0.6884397
v 1.7717482 -0.0644842 -0.6955404
v 1.7691608 -0.0631442 -0.6971676
v 1.7658482 -0.0631443 -0.6884397
v 1.7688433 -0.0644842 -0.6878863
v 1.7642453 -0.0631443 -0.6392766
v 1.7672576 -0.0644842 -0.6392469
v 1.8124310 -0.0631438 -0.7044154
v 1.8111242 -0.0644842 -0.7014514
v 1.7763211 -0.0631438 -0.7038781
v 1.7775217 -0.0644842 -0.7009513
v 1.7763211 -0.0631438 -0.7038781
v 1.7775217 -0.0644842 -0.7009513
v 1.7691608 -0.0631442 -0.6971676
v 1.7717482 -0.0644842 -0.6955404
v 1.8124206 -0.0335401 -0.6995317
v 1.7808337 -0.0335401 -0.6991633
v 1.8189753 -0.0335401 -0.6936564
v 1.7723808 -0.0335401 -0.6868334
v 1.7750590 -0.0335401 -0.6946123
v 1.8197417 -0.0335401 -0.6380838
v 1.7708368 -0.0335401 -0.6387303
v 1.8235211 -0.0370920 -0.7853527
v 1.8238435 -0.0370920 -0.7130641
v 1.8217223 -0.0631446 -0.7848577
v 1.8220429 -0.0631446 -0.7130303
v 1.7626387 -0.0631443 -0.7840857
v 1.7658482 -0.0631443 -0.7203910
v 1.7640586 -0.0370920 -0.7845752
v 1.7672883 -0.0370920 -0.7204721
v 1.8192412 -0.0631489 -0.8199065
v 1.8176070 -0.0626010 -0.8505200
v 1.8222363 -0.0485552 -0.8182231
v 1.8181843 -0.0582399 -0.8524385
v 1.7618631 -0.0631442 -0.8353017
v 1.7626387 -0.0631443 -0.7840857
v 1.7632780 -0.0370920 -0.8361203
v 1.7640586 -0.0370920 -0.7845752
v 1.8099063 -0.0581620 -0.8576378
v 1.8181843 -0.0582399 -0.8524385
v 1.8093297 -0.0626231 -0.8556922
v 1.8176070 -0.0626010 -0.8505200
v 1.8093297 -0.0626231 -0.8556922
v 1.7677772 -0.0631424 -0.8451475
v 1.8099063 -0.0581620 -0.8576378
v 1.7692302 -0.0370920 -0.8460294
v 1.8112587 -0.0370920 -0.8568523
v 1.8099063 -0.0581620 -0.8576378
v 1.7692302 -0.0370920 -0.8460294
v 1.7632780 -0.0370920 -0.8361203
v 1.7692302 -0.0370920 -0.8460294
v 1.7618631 -0.0631442 -0.8353017
v 1.7677772 -0.0631424 -0.8451475
v 1.8238435 -0.0370920 -0.7130641
v 1.8141703 -0.0370920 -0.7043938
v 1.8220429 -0.0631446 -0.7130303
v 1.8124310 -0.0631438 -0.7044152
v 1.8141703 -0.0370920 -0.7043938
v 1.7778288 -0.0370920 -0.7049346
v 1.8124310 -0.0631438 -0.7044152
v 1.7763211 -0.0631438 -0.7049526
v 1.7778288 -0.0370920 -0.7049346
v 1.7706225 -0.0370920 -0.7116882
v 1.7763211 -0.0631438 -0.7049526
v 1.7691608 -0.0631442 -0.7116630
v 1.7808337 -0.0335401 -0.7096205
v 1.8124200 -0.0335401 -0.7092521
v 1.7750590 -0.0335401 -0.7141715
v 1.8189753 -0.0335401 -0.7151273
v 1.7723808 -0.0335401 -0.7219503
v 1.8186627 -0.0335401 -0.7853331
v 1.7692186 -0.0335401 -0.7846870
v 1.8147979 -0.0335401 -0.8492106
v 1.7684460 -0.0335401 -0.8349381
v 1.8103602 -0.0335401 -0.8517709
v 1.7726547 -0.0335401 -0.8419442
v 1.8238435 -0.0370920 -0.7130641
v 1.8189753 -0.0335401 -0.7151273
v 1.8141703 -0.0370920 -0.7043938
v 1.8124200 -0.0335401 -0.7092521
v 1.8189753 -0.0335401 -0.7151273
v 1.8238435 -0.0370920 -0.7130641
v 1.8186627 -0.0335401 -0.7853331
v 1.8235211 -0.0370920 -0.7853527
v 1.8186627 -0.0335401 -0.7853331
v 1.8235211 -0.0370920 -0.7853527
v 1.8147979 -0.0335401 -0.8492106
v 1.8195851 -0.0370920 -0.8516309
v 1.8141703 -0.0370920 -0.7043938
v 1.8124200 -0.0335401 -0.7092521
v 1.7778288 -0.0370920 -0.7049346
v 1.7808337 -0.0335401 -0.7096205
v 1.7750590 -0.0335401 -0.7141715
v 1.7706225 -0.0370920 -0.7116882
v 1.7808337 -0.0335401 -0.7096205
v 1.7778288 -0.0370920 -0.7049346
v 1.7672883 -0.0370920 -0.7204721
v 1.7723808 -0.0335401 -0.7219503
v 1.7640586 -0.0370920 -0.7845752
v 1.7692186 -0.0335401 -0.7846870
v 1.7640586 -0.0370920 -0.7845752
v 1.7692186 -0.0335401 -0.7846870
v 1.7632780 -0.0370920 -0.8361203
v 1.7684460 -0.0335401 -0.8349381
v 1.8103602 -0.0335401 -0.8517709
v 1.8112587 -0.0370920 -0.8568523
v 1.7726547 -0.0335401 -0.8419442
v 1.7692302 -0.0370920 -0.8460294
v 1.8112587 -0.0370920 -0.8568523
v 1.8103602 -0.0335401 -0.8517709
v 1.8195851 -0.0370920 -0.8516309
v 1.8147979 -0.0335401 -0.8492106
v 1.7726547 -0.0335401 -0.8419442
v 1.7692302 -0.0370920 -0.8460294
v 1.7684460 -0.0335401 -0.8349381
v 1.7632780 -0.0370920 -0.8361203
v 1.8112587 -0.0370920 -0.8568523
v 1.8195851 -0.0370920 -0.8516309
v 1.8099063 -0.0581620 -0.8576378
v 1.8181843 -0.0582399 -0.8524385
v 1.8235211 -0.0370920 -0.7853527
v 1.8222363 -0.0485552 -0.8182231
v 1.8195851 -0.0370920 -0.8516309
v 1.8222363 -0.0485552 -0.8182231
v 1.8181843 -0.0582399 -0.8524385
v 1.8195851 -0.0370920 -0.8516309
v 1.8217223 -0.0631446 -0.7848577
v 1.8192412 -0.0631489 -0.8199065
v 1.8235211 -0.0370920 -0.7853527
v 1.8222363 -0.0485552 -0.8182231
v 1.7723808 -0.0335401 -0.7219503
v 1.7672883 -0.0370920 -0.7204721
v 1.7750590 -0.0335401 -0.7141715
v 1.7706225 -0.0370920 -0.7116882
v 1.7658482 -0.0631443 -0.7203910
v 1.7691608 -0.0631442 -0.7116630
v 1.7672883 -0.0370920 -0.7204721
v 1.7706225 -0.0370920 -0.7116882
v 1.8144184 -0.0644842 -0.8482943
v 1.8175370 -0.0644842 -0.8200146
v 1.8085988 -0.0644842 -0.8519423
v 1.7648883 -0.0644842 -0.8344910
v 1.8185245 -0.0644842 -0.7847189
v 1.7697252 -0.0644842 -0.8425485
v 1.7656504 -0.0644842 -0.7841490
v 1.7717482 -0.0644842 -0.7132927
v 1.8188389 -0.0644842 -0.7142966
v 1.8111242 -0.0644842 -0.7073818
v 1.7688341 -0.0644842 -0.7209708
v 1.7775217 -0.0644842 -0.7078818
v 1.8188389 -0.0644842 -0.7142966
v 1.8220429 -0.0631446 -0.7130303
v 1.8111242 -0.0644842 -0.7073818
v 1.8124310 -0.0631438 -0.7044152
v 1.8220429 -0.0631446 -0.7130303
v 1.8188389 -0.0644842 -0.7142966
v 1.8217223 -0.0631446 -0.7848577
v 1.8185245 -0.0644842 -0.7847189
v 1.8217223 -0.0631446 -0.7848577
v 1.8185245 -0.0644842 -0.7847189
v 1.8192412 -0.0631489 -0.8199065
v 1.8175370 -0.0644842 -0.8200146
v 1.7658482 -0.0631443 -0.7203910
v 1.7688341 -0.0644842 -0.7209708
v 1.7691608 -0.0631442 -0.7116630
v 1.7717482 -0.0644842 -0.7132927
v 1.7688341 -0.0644842 -0.7209708
v 1.7658482 -0.0631443 -0.7203910
v 1.7656504 -0.0644842 -0.7841490
v 1.7626387 -0.0631443 -0.7840857
v 1.7656504 -0.0644842 -0.7841490
v 1.7626387 -0.0631443 -0.7840857
v 1.7648883 -0.0644842 -0.8344910
v 1.7618631 -0.0631442 -0.8353017
v 1.8192412 -0.0631489 -0.8199065
v 1.8175370 -0.0644842 -0.8200146
v 1.8176070 -0.0626010 -0.8505200
v 1.8144184 -0.0644842 -0.8482943
v 1.7648883 -0.0644842 -0.8344910
v 1.7618631 -0.0631442 -0.8353017
v 1.7697252 -0.0644842 -0.8425485
v 1.7677772 -0.0631424 -0.8451475
v 1.8176070 -0.0626010 -0.8505200
v 1.8144184 -0.0644842 -0.8482943
v 1.8093297 -0.0626231 -0.8556922
v 1.8085988 -0.0644842 -0.8519423
v 1.8093297 -0.0626231 -0.8556922
v 1.8085988 -0.0644842 -0.8519423
v 1.7677772 -0.0631424 -0.8451475
v 1.7697252 -0.0644842 -0.8425485
v 1.8111242 -0.0644842 -0.7073818
v 1.8124310 -0.0631438 -0.7044152
v 1.7775217 -0.0644842 -0.7078818
v 1.7763211 -0.0631438 -0.7049526
v 1.7775217 -0.0644842 -0.7078818
v 1.7763211 -0.0631438 -0.7049526
v 1.7717482 -0.0644842 -0.7132927
v 1.7691608 -0.0631442 -0.7116630
v 1.8199339 -0.0373224 -0.9000679
v 1.8067632 -0.0509453 -0.9284281
v 1.8048563 -0.0373224 -0.9249521
v 1.7590515 -0.0631444 -0.8640574
v 1.7618311 -0.0631445 -0.8503099
v 1.7604401 -0.0373224 -0.8650547
v 1.7632369 -0.0373224 -0.8512188
v 1.7873423 -0.0373224 -0.8515339
v 1.7740285 -0.0373224 -0.8482992
v 1.7857837 -0.0631439 -0.8506225
v 1.7725546 -0.0631440 -0.8474081
v 1.8199303 -0.0373224 -0.8742447
v 1.8213262 -0.0512204 -0.8737724
v 1.8199339 -0.0373224 -0.9000679
v 1.7756670 -0.0373224 -0.9157990
v 1.7952874 -0.0373224 -0.9266876
v 1.7741544 -0.0631438 -0.9145664
v 1.7961085 -0.0631448 -0.9291423
v 1.7604401 -0.0373224 -0.8650547
v 1.7564279 -0.0373224 -0.8897037
v 1.7590515 -0.0631444 -0.8640574
v 1.7550646 -0.0631443 -0.8885503
v 1.8149926 -0.0373224 -0.8609253
v 1.7873423 -0.0373224 -0.8515339
v 1.8132589 -0.0631448 -0.8599543
v 1.7857837 -0.0631439 -0.8506225
v 1.7595170 -0.0373224 -0.9023666
v 1.7756670 -0.0373224 -0.9157990
v 1.7581340 -0.0631439 -0.9011408
v 1.7741544 -0.0631438 -0.9145664
v 1.7748680 -0.0335401 -0.8535010
v 1.7873669 -0.0335401 -0.8568050
v 1.7680505 -0.0335401 -0.8553458
v 1.8146432 -0.0335401 -0.8753673
v 1.7620866 -0.0335401 -0.8899285
v 1.7655196 -0.0335401 -0.8674578
v 1.8114509 -0.0335401 -0.8653065
v 1.7644983 -0.0335401 -0.8998112
v 1.8151615 -0.0335401 -0.8980664
v 1.7775094 -0.0335401 -0.9106869
v 1.8011770 -0.0335401 -0.9205978
v 1.7966864 -0.0335401 -0.9214122
v 1.8048563 -0.0373224 -0.9249521
v 1.8067632 -0.0509453 -0.9284281
v 1.7952874 -0.0373224 -0.9266876
v 1.7740285 -0.0373224 -0.8482992
v 1.7632369 -0.0373224 -0.8512188
v 1.7725546 -0.0631440 -0.8474081
v 1.7618311 -0.0631445 -0.8503099
v 1.7564279 -0.0373224 -0.8897037
v 1.7595170 -0.0373224 -0.9023666
v 1.7550646 -0.0631443 -0.8885503
v 1.7581340 -0.0631439 -0.9011408
v 1.7655196 -0.0335401 -0.8674578
v 1.7604401 -0.0373224 -0.8650547
v 1.7680505 -0.0335401 -0.8553458
v 1.7632369 -0.0373224 -0.8512188
v 1.7604401 -0.0373224 -0.8650547
v 1.7655196 -0.0335401 -0.8674578
v 1.7564279 -0.0373224 -0.8897037
v 1.7620866 -0.0335401 -0.8899285
v 1.7564279 -0.0373224 -0.8897037
v 1.7620866 -0.0335401 -0.8899285
v 1.7595170 -0.0373224 -0.9023666
v 1.7644983 -0.0335401 -0.8998112
v 1.8199339 -0.0373224 -0.9000679
v 1.8151615 -0.0335401 -0.8980664
v 1.8199303 -0.0373224 -0.8742447
v 1.8146432 -0.0335401 -0.8753673
v 1.8151615 -0.0335401 -0.8980664
v 1.8199339 -0.0373224 -0.9000679
v 1.8011770 -0.0335401 -0.9205978
v 1.8048563 -0.0373224 -0.9249521
v 1.8199303 -0.0373224 -0.8742447
v 1.8146432 -0.0335401 -0.8753673
v 1.8149926 -0.0373224 -0.8609253
v 1.8114509 -0.0335401 -0.8653065
v 1.7748680 -0.0335401 -0.8535010
v 1.7740285 -0.0373224 -0.8482992
v 1.7873669 -0.0335401 -0.8568050
v 1.7873423 -0.0373224 -0.8515339
v 1.7740285 -0.0373224 -0.8482992
v 1.7748680 -0.0335401 -0.8535010
v 1.7632369 -0.0373224 -0.8512188
v 1.7680505 -0.0335401 -0.8553458
v 1.7873669 -0.0335401 -0.8568050
v 1.7873423 -0.0373224 -0.8515339
v 1.8114509 -0.0335401 -0.8653065
v 1.8149926 -0.0373224 -0.8609253
v 1.8011770 -0.0335401 -0.9205978
v 1.8048563 -0.0373224 -0.9249521
v 1.7966864 -0.0335401 -0.9214122
v 1.7952874 -0.0373224 -0.9266876
v 1.7966864 -0.0335401 -0.9214122
v 1.7952874 -0.0373224 -0.9266876
v 1.7775094 -0.0335401 -0.9106869
v 1.7756670 -0.0373224 -0.9157990
v 1.7775094 -0.0335401 -0.9106869
v 1.7756670 -0.0373224 -0.9157990
v 1.7644983 -0.0335401 -0.8998112
v 1.7595170 -0.0373224 -0.9023666
v 1.8199339 -0.0373224 -0.9000679
v 1.8213262 -0.0512204 -0.8737724
v 1.8181683 -0.0631448 -0.8988488
v 1.8203417 -0.0631444 -0.8731890
v 1.8067632 -0.0509453 -0.9284281
v 1.8199339 -0.0373224 -0.9000679
v 1.8057038 -0.0631451 -0.9276512
v 1.8181683 -0.0631448 -0.8988488
v 1.7952874 -0.0373224 -0.9266876
v 1.8067632 -0.0509453 -0.9284281
v 1.7961085 -0.0631448 -0.9291423
v 1.8057038 -0.0631451 -0.9276512
v 1.8149926 -0.0373224 -0.8609253
v 1.8213262 -0.0512204 -0.8737724
v 1.8199303 -0.0373224 -0.8742447
v 1.8213262 -0.0512204 -0.8737724
v 1.8138472 -0.0632909 -0.8610690
v 1.8203417 -0.0631444 -0.8731890
v 1.8213262 -0.0512204 -0.8737724
v 1.8149926 -0.0373224 -0.8609253
v 1.8132589 -0.0631448 -0.8599543
v 1.7968639 -0.0644842 -0.9261558
v 1.8033731 -0.0644842 -0.9249754
v 1.7759845 -0.0644842 -0.9121768
v 1.8150209 -0.0644842 -0.8980817
v 1.7608442 -0.0644842 -0.8994826
v 1.8170837 -0.0644842 -0.8737233
v 1.7581352 -0.0644842 -0.8883722
v 1.8109602 -0.0644842 -0.8622807
v 1.7620209 -0.0644842 -0.8645045
v 1.7847894 -0.0644842 -0.8533917
v 1.7644277 -0.0644842 -0.8525963
v 1.7725122 -0.0644842 -0.8504088
v 1.7590515 -0.0631444 -0.8640574
v 1.7620209 -0.0644842 -0.8645045
v 1.7618311 -0.0631445 -0.8503099
v 1.7644277 -0.0644842 -0.8525963
v 1.7620209 -0.0644842 -0.8645045
v 1.7590515 -0.0631444 -0.8640574
v 1.7581352 -0.0644842 -0.8883722
v 1.7550646 -0.0631443 -0.8885503
v 1.7581352 -0.0644842 -0.8883722
v 1.7550646 -0.0631443 -0.8885503
v 1.7608442 -0.0644842 -0.8994826
v 1.7581340 -0.0631439 -0.9011408
v 1.8150209 -0.0644842 -0.8980817
v 1.8181683 -0.0631448 -0.8988488
v 1.8170837 -0.0644842 -0.8737233
v 1.8203417 -0.0631444 -0.8731890
v 1.8181683 -0.0631448 -0.8988488
v 1.8150209 -0.0644842 -0.8980817
v 1.8057038 -0.0631451 -0.9276512
v 1.8033731 -0.0644842 -0.9249754
v 1.8170837 -0.0644842 -0.8737233
v 1.8203417 -0.0631444 -0.8731890
v 1.8109602 -0.0644842 -0.8622807
v 1.8138472 -0.0632909 -0.8610690
v 1.7618311 -0.0631445 -0.8503099
v 1.7644277 -0.0644842 -0.8525963
v 1.7725546 -0.0631440 -0.8474081
v 1.7725122 -0.0644842 -0.8504088
v 1.7725546 -0.0631440 -0.8474081
v 1.7725122 -0.0644842 -0.8504088
v 1.7857837 -0.0631439 -0.8506225
v 1.7847894 -0.0644842 -0.8533917
v 1.7857837 -0.0631439 -0.8506225
v 1.7847894 -0.0644842 -0.8533917
v 1.8132589 -0.0631448 -0.8599543
v 1.8109602 -0.0644842 -0.8622807
v 1.8057038 -0.0631451 -0.9276512
v 1.8033731 -0.0644842 -0.9249754
v 1.7961085 -0.0631448 -0.9291423
v 1.7968639 -0.0644842 -0.9261558
v 1.7961085 -0.0631448 -0.9291423
v 1.7968639 -0.0644842 -0.9261558
v 1.7741544 -0.0631438 -0.9145664
v 1.7759845 -0.0644842 -0.9121768
v 1.7741544 -0.0631438 -0.9145664
v 1.7759845 -0.0644842 -0.9121768
v 1.7581340 -0.0631439 -0.9011408
v 1.7608442 -0.0644842 -0.8994826
v 1.8132589 -0.0631448 -0.8599543
v 1.8109602 -0.0644842 -0.8622807
v 1.8138472 -0.0632909 -0.8610690
v 1.7877213 -0.0374755 -0.9535610
v 1.7977446 -0.0374755 -0.9431526
v 1.7861300 -0.0636807 -0.9519734
v 1.7960889 -0.0636806 -0.9416320
v 1.7556148 -0.0374755 -0.9014251
v 1.7452169 -0.0374755 -0.9025293
v 1.7542306 -0.0636800 -0.9001741
v 1.7439002 -0.0636804 -0.9012716
v 1.7452169 -0.0374755 -0.9025293
v 1.7276735 -0.0374755 -0.9166981
v 1.7439002 -0.0636804 -0.9012716
v 1.7264698 -0.0636804 -0.9153482
v 1.7861300 -0.0636807 -0.9519734
v 1.7625797 -0.0636806 -0.9663098
v 1.7877213 -0.0374755 -0.9535610
v 1.7640181 -0.0374755 -0.9679907
v 1.7986044 -0.0374755 -0.9353733
v 1.7556148 -0.0374755 -0.9014251
v 1.7969431 -0.0636800 -0.9339031
v 1.7542306 -0.0636800 -0.9001741
v 1.7240574 -0.0374755 -0.9260078
v 1.7295017 -0.0374755 -0.9688726
v 1.7228771 -0.0636802 -0.9245983
v 1.7282864 -0.0636801 -0.9671862
v 1.7228771 -0.0636802 -0.9245983
v 1.7264698 -0.0636804 -0.9153482
v 1.7240574 -0.0374755 -0.9260078
v 1.7276735 -0.0374755 -0.9166981
v 1.7625797 -0.0636806 -0.9663098
v 1.7350228 -0.0636804 -0.9714864
v 1.7640181 -0.0374755 -0.9679907
v 1.7362818 -0.0374755 -0.9732011
v 1.7977446 -0.0374755 -0.9431526
v 1.7986044 -0.0374755 -0.9353733
v 1.7960889 -0.0636806 -0.9416320
v 1.7969431 -0.0636800 -0.9339031
v 1.7295017 -0.0374755 -0.9688726
v 1.7362818 -0.0374755 -0.9732011
v 1.7282864 -0.0636801 -0.9671862
v 1.7350228 -0.0636804 -0.9714864
v 1.7925668 -0.0335401 -0.9410123
v 1.7844221 -0.0335401 -0.9495673
v 1.7929230 -0.0335401 -0.9377936
v 1.7601748 -0.0335401 -0.9639706
v 1.7325135 -0.0335401 -0.9199812
v 1.7488520 -0.0335401 -0.9068608
v 1.7540224 -0.0335401 -0.9070745
v 1.7375955 -0.0335401 -0.9677469
v 1.7299642 -0.0335401 -0.9322314
v 1.7348490 -0.0335401 -0.9659936
v 1.7844221 -0.0335401 -0.9495673
v 1.7877213 -0.0374755 -0.9535610
v 1.7601748 -0.0335401 -0.9639706
v 1.7640181 -0.0374755 -0.9679907
v 1.7877213 -0.0374755 -0.9535610
v 1.7844221 -0.0335401 -0.9495673
v 1.7977446 -0.0374755 -0.9431526
v 1.7925668 -0.0335401 -0.9410123
v 1.7977446 -0.0374755 -0.9431526
v 1.7925668 -0.0335401 -0.9410123
v 1.7986044 -0.0374755 -0.9353733
v 1.7929230 -0.0335401 -0.9377936
v 1.7540224 -0.0335401 -0.9070745
v 1.7556148 -0.0374755 -0.9014251
v 1.7929230 -0.0335401 -0.9377936
v 1.7986044 -0.0374755 -0.9353733
v 1.7556148 -0.0374755 -0.9014251
v 1.7540224 -0.0335401 -0.9070745
v 1.7452169 -0.0374755 -0.9025293
v 1.7488520 -0.0335401 -0.9068608
v 1.7452169 -0.0374755 -0.9025293
v 1.7488520 -0.0335401 -0.9068608
v 1.7276735 -0.0374755 -0.9166981
v 1.7325135 -0.0335401 -0.9199812
v 1.7276735 -0.0374755 -0.9166981
v 1.7325135 -0.0335401 -0.9199812
v 1.7240574 -0.0374755 -0.9260078
v 1.7299642 -0.0335401 -0.9322314
v 1.7601748 -0.0335401 -0.9639706
v 1.7640181 -0.0374755 -0.9679907
v 1.7375955 -0.0335401 -0.9677469
v 1.7362818 -0.0374755 -0.9732011
v 1.7240574 -0.0374755 -0.9260078
v 1.7299642 -0.0335401 -0.9322314
v 1.7295017 -0.0374755 -0.9688726
v 1.7348490 -0.0335401 -0.9659936
v 1.7375955 -0.0335401 -0.9677469
v 1.7362818 -0.0374755 -0.9732011
v 1.7348490 -0.0335401 -0.9659936
v 1.7295017 -0.0374755 -0.9688726
v 1.7536060 -0.0644842 -0.9019723
v 1.7446236 -0.0644842 -0.9029261
v 1.7848717 -0.0644842 -0.9505542
v 1.7949361 -0.0644842 -0.9346093
v 1.7618268 -0.0644842 -0.9645823
v 1.7280014 -0.0644842 -0.9163511
v 1.7942501 -0.0644842 -0.9408152
v 1.7353747 -0.0644842 -0.9695513
v 1.7247342 -0.0644842 -0.9247623
v 1.7299863 -0.0644842 -0.9661115
v 1.7861300 -0.0636807 -0.9519734
v 1.7848717 -0.0644842 -0.9505542
v 1.7625797 -0.0636806 -0.9663098
v 1.7618268 -0.0644842 -0.9645823
v 1.7848717 -0.0644842 -0.9505542
v 1.7861300 -0.0636807 -0.9519734
v 1.7942501 -0.0644842 -0.9408152
v 1.7960889 -0.0636806 -0.9416320
v 1.7942501 -0.0644842 -0.9408152
v 1.7960889 -0.0636806 -0.9416320
v 1.7949361 -0.0644842 -0.9346093
v 1.7969431 -0.0636800 -0.9339031
v 1.7536060 -0.0644842 -0.9019723
v 1.7542306 -0.0636800 -0.9001741
v 1.7446236 -0.0644842 -0.9029261
v 1.7439002 -0.0636804 -0.9012716
v 1.7542306 -0.0636800 -0.9001741
v 1.7536060 -0.0644842 -0.9019723
v 1.7969431 -0.0636800 -0.9339031
v 1.7949361 -0.0644842 -0.9346093
v 1.7446236 -0.0644842 -0.9029261
v 1.7439002 -0.0636804 -0.9012716
v 1.7280014 -0.0644842 -0.9163511
v 1.7264698 -0.0636804 -0.9153482
v 1.7280014 -0.0644842 -0.9163511
v 1.7264698 -0.0636804 -0.9153482
v 1.7247342 -0.0644842 -0.9247623
v 1.7228771 -0.0636802 -0.9245983
v 1.7625797 -0.0636806 -0.9663098
v 1.7618268 -0.0644842 -0.9645823
v 1.7350228 -0.0636804 -0.9714864
v 1.7353747 -0.0644842 -0.9695513
v 1.7247342 -0.0644842 -0.9247623
v 1.7228771 -0.0636802 -0.9245983
v 1.7299863 -0.0644842 -0.9661115
v 1.7282864 -0.0636801 -0.9671862
v 1.7350228 -0.0636804 -0.9714864
v 1.7353747 -0.0644842 -0.9695513
v 1.7282864 -0.0636801 -0.9671862
v 1.7299863 -0.0644842 -0.9661115
v 1.6689025 -0.0636803 -0.9141015
v 1.7095263 -0.0636802 -0.9133805
v 1.6697315 -0.0374755 -0.9154428
v 1.7106195 -0.0374755 -0.9147175
v 1.6703942 -0.0374755 -0.9738189
v 1.7219534 -0.0374755 -0.9738189
v 1.6695608 -0.0636804 -0.9721005
v 1.7207865 -0.0636805 -0.9721005
v 1.7222500 -0.0374755 -0.9227166
v 1.7106195 -0.0374755 -0.9147175
v 1.7210813 -0.0636800 -0.9213280
v 1.7095263 -0.0636802 -0.9133805
v 1.7270421 -0.0374755 -0.9679244
v 1.7222500 -0.0374755 -0.9227166
v 1.7258433 -0.0636802 -0.9662435
v 1.7210813 -0.0636800 -0.9213280
v 1.7219534 -0.0374755 -0.9738189
v 1.7270421 -0.0374755 -0.9679244
v 1.7207865 -0.0636805 -0.9721005
v 1.7258433 -0.0636802 -0.9662435
v 1.6647957 -0.0374755 -0.9216474
v 1.6646047 -0.0374755 -0.9694665
v 1.6639986 -0.0636801 -0.9202656
v 1.6638088 -0.0636800 -0.9677758
v 1.6646047 -0.0374755 -0.9694665
v 1.6703942 -0.0374755 -0.9738189
v 1.6638088 -0.0636800 -0.9677758
v 1.6695608 -0.0636804 -0.9721005
v 1.6697315 -0.0374755 -0.9154428
v 1.6647957 -0.0374755 -0.9216474
v 1.6689025 -0.0636803 -0.9141015
v 1.6639986 -0.0636801 -0.9202656
v 1.6702664 -0.0335401 -0.9670763
v 1.7194410 -0.0335401 -0.9686902
v 1.6724129 -0.0335401 -0.9686902
v 1.6704403 -0.0335401 -0.9235801
v 1.6726235 -0.0335401 -0.9208361
v 1.7213902 -0.0335401 -0.9664327
v 1.7170790 -0.0335401 -0.9257633
v 1.7089767 -0.0335401 -0.9201907
v 1.7089767 -0.0335401 -0.9201907
v 1.7106195 -0.0374755 -0.9147175
v 1.7170790 -0.0335401 -0.9257633
v 1.7222500 -0.0374755 -0.9227166
v 1.7106195 -0.0374755 -0.9147175
v 1.7089767 -0.0335401 -0.9201907
v 1.6697315 -0.0374755 -0.9154428
v 1.6726235 -0.0335401 -0.9208361
v 1.6697315 -0.0374755 -0.9154428
v 1.6726235 -0.0335401 -0.9208361
v 1.6647957 -0.0374755 -0.9216474
v 1.6704403 -0.0335401 -0.9235801
v 1.7170790 -0.0335401 -0.9257633
v 1.7222500 -0.0374755 -0.9227166
v 1.7213902 -0.0335401 -0.9664327
v 1.7270421 -0.0374755 -0.9679244
v 1.7213902 -0.0335401 -0.9664327
v 1.7270421 -0.0374755 -0.9679244
v 1.7194410 -0.0335401 -0.9686902
v 1.7219534 -0.0374755 -0.9738189
v 1.7194410 -0.0335401 -0.9686902
v 1.7219534 -0.0374755 -0.9738189
v 1.6724129 -0.0335401 -0.9686902
v 1.6703942 -0.0374755 -0.9738189
v 1.6724129 -0.0335401 -0.9686902
v 1.6703942 -0.0374755 -0.9738189
v 1.6702664 -0.0335401 -0.9670763
v 1.6646047 -0.0374755 -0.9694665
v 1.6702664 -0.0335401 -0.9670763
v 1.6646047 -0.0374755 -0.9694665
v 1.6704403 -0.0335401 -0.9235801
v 1.6647957 -0.0374755 -0.9216474
v 1.6658256 -0.0644842 -0.9208158
v 1.6656420 -0.0644842 -0.9668638
v 1.6698101 -0.0644842 -0.9158076
v 1.6701768 -0.0644842 -0.9702735
v 1.7192782 -0.0644842 -0.9222486
v 1.7089048 -0.0644842 -0.9151136
v 1.7198702 -0.0644842 -0.9702735
v 1.7238775 -0.0644842 -0.9656318
v 1.7089048 -0.0644842 -0.9151136
v 1.7095263 -0.0636802 -0.9133805
v 1.6698101 -0.0644842 -0.9158076
v 1.6689025 -0.0636803 -0.9141015
v 1.7095263 -0.0636802 -0.9133805
v 1.7089048 -0.0644842 -0.9151136
v 1.7210813 -0.0636800 -0.9213280
v 1.7192782 -0.0644842 -0.9222486
v 1.6698101 -0.0644842 -0.9158076
v 1.6689025 -0.0636803 -0.9141015
v 1.6658256 -0.0644842 -0.9208158
v 1.6639986 -0.0636801 -0.9202656
v 1.7198702 -0.0644842 -0.9702735
v 1.7207865 -0.0636805 -0.9721005
v 1.7238775 -0.0644842 -0.9656318
v 1.7258433 -0.0636802 -0.9662435
v 1.7207865 -0.0636805 -0.9721005
v 1.7198702 -0.0644842 -0.9702735
v 1.6695608 -0.0636804 -0.9721005
v 1.6701768 -0.0644842 -0.9702735
v 1.6695608 -0.0636804 -0.9721005
v 1.6701768 -0.0644842 -0.9702735
v 1.6638088 -0.0636800 -0.9677758
v 1.6656420 -0.0644842 -0.9668638
v 1.7210813 -0.0636800 -0.9213280
v 1.7192782 -0.0644842 -0.9222486
v 1.7258433 -0.0636802 -0.9662435
v 1.7238775 -0.0644842 -0.9656318
v 1.6638088 -0.0636800 -0.9677758
v 1.6656420 -0.0644842 -0.9668638
v 1.6639986 -0.0636801 -0.9202656
v 1.6658256 -0.0644842 -0.9208158
v 1.6642547 -0.0374755 -0.9663817
v 1.6630755 -0.0374755 -0.9225551
v 1.6634612 -0.0636801 -0.9647112
v 1.6622894 -0.0636800 -0.9211671
v 1.6513707 -0.0374755 -0.9176997
v 1.6389179 -0.0374755 -0.9162780
v 1.6506601 -0.0636802 -0.9163437
v 1.6382878 -0.0636803 -0.9149312
v 1.6630755 -0.0374755 -0.9225551
v 1.6513707 -0.0374755 -0.9176997
v 1.6622894 -0.0636800 -0.9211671
v 1.6506601 -0.0636802 -0.9163437
v 1.5949475 -0.0374755 -0.9738195
v 1.6412878 -0.0374755 -0.9738195
v 1.5946018 -0.0636804 -0.9721011
v 1.6406430 -0.0636804 -0.9721011
v 1.6606442 -0.0374755 -0.9709067
v 1.6642547 -0.0374755 -0.9663817
v 1.6598740 -0.0636805 -0.9692067
v 1.6634612 -0.0636801 -0.9647112
v 1.5850649 -0.0374755 -0.9246137
v 1.5889812 -0.0374755 -0.9709343
v 1.5847830 -0.0636800 -0.9232128
v 1.5886735 -0.0636800 -0.9692344
v 1.5889812 -0.0374755 -0.9709343
v 1.5949475 -0.0374755 -0.9738195
v 1.5886735 -0.0636800 -0.9692344
v 1.5946018 -0.0636804 -0.9721011
v 1.5906197 -0.0374755 -0.9180363
v 1.5850649 -0.0374755 -0.9246137
v 1.5903022 -0.0636803 -0.9166778
v 1.5847830 -0.0636800 -0.9232128
v 1.5903022 -0.0636803 -0.9166778
v 1.6382878 -0.0636803 -0.9149312
v 1.5906197 -0.0374755 -0.9180363
v 1.6389179 -0.0374755 -0.9162780
v 1.6598740 -0.0636805 -0.9692067
v 1.6406430 -0.0636804 -0.9721011
v 1.6606442 -0.0374755 -0.9709067
v 1.6412878 -0.0374755 -0.9738195
v 1.6587256 -0.0335401 -0.9637004
v 1.6569059 -0.0335401 -0.9664241
v 1.6576582 -0.0335401 -0.9262024
v 1.6413541 -0.0335401 -0.9686853
v 1.6389817 -0.0335401 -0.9217205
v 1.6499686 -0.0335401 -0.9230126
v 1.5963158 -0.0335401 -0.9686902
v 1.5934005 -0.0335401 -0.9233848
v 1.5945692 -0.0335401 -0.9678458
v 1.5906713 -0.0335401 -0.9266164
v 1.6576582 -0.0335401 -0.9262024
v 1.6630755 -0.0374755 -0.9225551
v 1.6587256 -0.0335401 -0.9637004
v 1.6642547 -0.0374755 -0.9663817
v 1.6630755 -0.0374755 -0.9225551
v 1.6576582 -0.0335401 -0.9262024
v 1.6513707 -0.0374755 -0.9176997
v 1.6499686 -0.0335401 -0.9230126
v 1.6587256 -0.0335401 -0.9637004
v 1.6642547 -0.0374755 -0.9663817
v 1.6569059 -0.0335401 -0.9664241
v 1.6606442 -0.0374755 -0.9709067
v 1.6513707 -0.0374755 -0.9176997
v 1.6499686 -0.0335401 -0.9230126
v 1.6389179 -0.0374755 -0.9162780
v 1.6389817 -0.0335401 -0.9217205
v 1.6389179 -0.0374755 -0.9162780
v 1.6389817 -0.0335401 -0.9217205
v 1.5906197 -0.0374755 -0.9180363
v 1.5934005 -0.0335401 -0.9233848
v 1.6569059 -0.0335401 -0.9664241
v 1.6606442 -0.0374755 -0.9709067
v 1.6413541 -0.0335401 -0.9686853
v 1.6412878 -0.0374755 -0.9738195
v 1.6413541 -0.0335401 -0.9686853
v 1.6412878 -0.0374755 -0.9738195
v 1.5963158 -0.0335401 -0.9686902
v 1.5949475 -0.0374755 -0.9738195
v 1.5945692 -0.0335401 -0.9678458
v 1.5889812 -0.0374755 -0.9709343
v 1.5906713 -0.0335401 -0.9266164
v 1.5850649 -0.0374755 -0.9246137
v 1.5889812 -0.0374755 -0.9709343
v 1.5945692 -0.0335401 -0.9678458
v 1.5949475 -0.0374755 -0.9738195
v 1.5963158 -0.0335401 -0.9686902
v 1.5906713 -0.0335401 -0.9266164
v 1.5850649 -0.0374755 -0.9246137
v 1.5934005 -0.0335401 -0.9233848
v 1.5906197 -0.0374755 -0.9180363
v 1.6501449 -0.0644842 -0.9180221
v 1.6381907 -0.0644842 -0.9166575
v 1.6604366 -0.0644842 -0.9222916
v 1.5912074 -0.0644842 -0.9183679
v 1.6588208 -0.0644842 -0.9675129
v 1.6615611 -0.0644842 -0.9640787
v 1.5866831 -0.0644842 -0.9237250
v 1.6404747 -0.0644842 -0.9702741
v 1.5950341 -0.0644842 -0.9702741
v 1.5904306 -0.0644842 -0.9680478
v 1.6604366 -0.0644842 -0.9222916
v 1.6622894 -0.0636800 -0.9211671
v 1.6501449 -0.0644842 -0.9180221
v 1.6506601 -0.0636802 -0.9163437
v 1.6622894 -0.0636800 -0.9211671
v 1.6604366 -0.0644842 -0.9222916
v 1.6634612 -0.0636801 -0.9647112
v 1.6615611 -0.0644842 -0.9640787
v 1.6634612 -0.0636801 -0.9647112
v 1.6615611 -0.0644842 -0.9640787
v 1.6598740 -0.0636805 -0.9692067
v 1.6588208 -0.0644842 -0.9675129
v 1.6501449 -0.0644842 -0.9180221
v 1.6506601 -0.0636802 -0.9163437
v 1.6381907 -0.0644842 -0.9166575
v 1.6382878 -0.0636803 -0.9149312
v 1.6381907 -0.0644842 -0.9166575
v 1.6382878 -0.0636803 -0.9149312
v 1.5912074 -0.0644842 -0.9183679
v 1.5903022 -0.0636803 -0.9166778
v 1.6598740 -0.0636805 -0.9692067
v 1.6588208 -0.0644842 -0.9675129
v 1.6406430 -0.0636804 -0.9721011
v 1.6404747 -0.0644842 -0.9702741
v 1.6406430 -0.0636804 -0.9721011
v 1.6404747 -0.0644842 -0.9702741
v 1.5946018 -0.0636804 -0.9721011
v 1.5950341 -0.0644842 -0.9702741
v 1.5904306 -0.0644842 -0.9680478
v 1.5886735 -0.0636800 -0.9692344
v 1.5950341 -0.0644842 -0.9702741
v 1.5946018 -0.0636804 -0.9721011
v 1.5886735 -0.0636800 -0.9692344
v 1.5904306 -0.0644842 -0.9680478
v 1.5847830 -0.0636800 -0.9232128
v 1.5866831 -0.0644842 -0.9237250
v 1.5847830 -0.0636800 -0.9232128
v 1.5866831 -0.0644842 -0.9237250
v 1.5903022 -0.0636803 -0.9166778
v 1.5912074 -0.0644842 -0.9183679
v 1.3563061 -0.0370383 -0.9134843
v 1.3971292 -0.0370383 -0.9174756
v 1.3563061 -0.0644842 -0.9134843
v 1.3971292 -0.0644842 -0.9174756
v 1.7253115 -0.0370383 -0.9164616
v 1.7564501 -0.0370383 -0.8894476
v 1.7253115 -0.0644842 -0.9164616
v 1.7564501 -0.0644842 -0.8894476
v 1.7564501 -0.0370383 -0.8894476
v 1.7601066 -0.0370383 -0.8548772
v 1.7564501 -0.0644842 -0.8894476
v 1.7601066 -0.0644842 -0.8548772
v 1.7681383 -0.0370383 -0.7096988
v 1.7669708 -0.0370383 -0.6531304
v 1.7681383 -0.0644842 -0.7096988
v 1.7669708 -0.0644842 -0.6531304
v 1.3364592 -0.0335401 -0.8897019
v 1.3584118 -0.0335401 -0.9088211
v 1.3563061 -0.0370383 -0.9134843
v 1.3563061 -0.0370383 -0.9134843
v 1.3584118 -0.0335401 -0.9088211
v 1.3971292 -0.0370383 -0.9174756
v 1.3981821 -0.0335401 -0.9127860
v 1.7253115 -0.0370383 -0.9164616
v 1.7233843 -0.0335401 -0.9117942
v 1.7564501 -0.0370383 -0.8894476
v 1.7516217 -0.0335401 -0.8872152
v 1.7564501 -0.0370383 -0.8894476
v 1.7516217 -0.0335401 -0.8872152
v 1.7601066 -0.0370383 -0.8548772
v 1.7551487 -0.0335401 -0.8548772
v 1.7665164 -0.0644842 -0.7540072
v 1.7665164 -0.0370383 -0.7540072
v 1.7681383 -0.0644842 -0.7096988
v 1.7681383 -0.0370383 -0.7096988
v 1.7620178 -0.0335401 -0.6531304
v 1.7669708 -0.0370383 -0.6531304
v 1.7631871 -0.0335401 -0.7096988
v 1.7681383 -0.0370383 -0.7096988
v 1.4363751 -0.0644842 -0.9190287
v 1.4363751 -0.0370383 -0.9190287
v 1.4869056 -0.0644842 -0.9203688
v 1.4869056 -0.0370383 -0.9203688
v 1.6594061 -0.0644842 -0.9202232
v 1.6594061 -0.0370383 -0.9202232
v 1.7253115 -0.0644842 -0.9164616
v 1.7253115 -0.0370383 -0.9164616
v 1.6594061 -0.0370383 -0.9202232
v 1.6594061 -0.0335401 -0.9155066
v 1.7253115 -0.0370383 -0.9164616
v 1.7233843 -0.0335401 -0.9117942
v 1.7601066 -0.0644842 -0.8548772
v 1.7601066 -0.0370383 -0.8548772
v 1.7643509 -0.0644842 -0.8002553
v 1.7643509 -0.0370383 -0.8002553
v 1.7601066 -0.0370383 -0.8548772
v 1.7551487 -0.0335401 -0.8548772
v 1.7643509 -0.0370383 -0.8002553
v 1.7593955 -0.0335401 -0.8002553
v 1.7597602 -0.0335401 -0.5985022
v 1.7647151 -0.0370383 -0.5985022
v 1.7620178 -0.0335401 -0.6531304
v 1.7669708 -0.0370383 -0.6531304
v 1.7669708 -0.0644842 -0.6531304
v 1.7669708 -0.0370383 -0.6531304
v 1.7647151 -0.0644842 -0.5985022
v 1.7647151 -0.0370383 -0.5985022
v 1.7643509 -0.0644842 -0.8002553
v 1.7643509 -0.0370383 -0.8002553
v 1.7665164 -0.0644842 -0.7540072
v 1.7665164 -0.0370383 -0.7540072
v 1.7631871 -0.0335401 -0.7096988
v 1.7681383 -0.0370383 -0.7096988
v 1.7615634 -0.0335401 -0.7540072
v 1.7665164 -0.0370383 -0.7540072
v 1.7593955 -0.0335401 -0.8002553
v 1.7643509 -0.0370383 -0.8002553
v 1.4869056 -0.0370383 -0.9203688
v 1.4869056 -0.0335401 -0.9156528
v 1.5420624 -0.0370383 -0.9206728
v 1.5420624 -0.0335401 -0.9159574
v 1.4869056 -0.0644842 -0.9203688
v 1.4869056 -0.0370383 -0.9203688
v 1.5420624 -0.0644842 -0.9206728
v 1.5420624 -0.0370383 -0.9206728
v 1.6594061 -0.0644842 -0.9202232
v 1.5972198 -0.0644842 -0.9201888
v 1.6594061 -0.0370383 -0.9202232
v 1.5420624 -0.0644842 -0.9206728
v 1.5972198 -0.0370383 -0.9201888
v 1.5420624 -0.0370383 -0.9206728
v 1.6594061 -0.0335401 -0.9155066
v 1.6594061 -0.0370383 -0.9202232
v 1.5972198 -0.0335401 -0.9154735
v 1.5972198 -0.0370383 -0.9201888
v 1.5420624 -0.0335401 -0.9159574
v 1.5420624 -0.0370383 -0.9206728
v 1.4869056 -0.0335401 -0.9156528
v 1.4869056 -0.0370383 -0.9203688
v 1.4363751 -0.0335401 -0.9143121
v 1.4363751 -0.0370383 -0.9190287
v 1.4363751 -0.0370383 -0.9190287
v 1.3981821 -0.0335401 -0.9127860
v 1.3971292 -0.0370383 -0.9174756
v 1.3971292 -0.0644842 -0.9174756
v 1.3971292 -0.0370383 -0.9174756
v 1.4363751 -0.0644842 -0.9190287
v 1.4363751 -0.0370383 -0.9190287
v 1.3765909 -0.0335401 -0.7622274
v 1.4317482 -0.0335401 -0.7622274
v 1.3765909 -0.0335401 -0.8147563
v 1.4869056 -0.0335401 -0.7622274
v 1.4317482 -0.0335401 -0.8147563
v 1.4869056 -0.0335401 -0.7096988
v 1.4317482 -0.0335401 -0.7096988
v 1.4317482 -0.0335401 -0.8672853
v 1.3765909 -0.0335401 -0.8410211
v 1.5420624 -0.0335401 -0.7622274
v 1.4869056 -0.0335401 -0.8147563
v 1.5420624 -0.0335401 -0.7096988
v 1.4869056 -0.0335401 -0.6571700
v 1.5420624 -0.0335401 -0.6571700
v 1.4869056 -0.0335401 -0.8672853
v 1.4340616 -0.0335401 -0.8907987
v 1.4041696 -0.0335401 -0.8672853
v 1.3765909 -0.0335401 -0.8672853
v 1.5420624 -0.0335401 -0.8147563
v 1.5972198 -0.0335401 -0.7622274
v 1.5972198 -0.0335401 -0.7096988
v 1.5972198 -0.0335401 -0.6571700
v 1.5420624 -0.0335401 -0.8672853
v 1.4869056 -0.0335401 -0.8914693
v 1.4363751 -0.0335401 -0.9143121
v 1.3981821 -0.0335401 -0.9127860
v 1.3584118 -0.0335401 -0.9088211
v 1.3364592 -0.0335401 -0.8897019
v 1.5972198 -0.0335401 -0.8147563
v 1.6523773 -0.0335401 -0.7622274
v 1.6523773 -0.0335401 -0.7096988
v 1.6523773 -0.0335401 -0.6571700
v 1.5972198 -0.0335401 -0.6046412
v 1.4869056 -0.0335401 -0.9156528
v 1.5420624 -0.0335401 -0.8916216
v 1.5972198 -0.0335401 -0.8672853
v 1.6523773 -0.0335401 -0.8147563
v 1.7075341 -0.0335401 -0.7622274
v 1.7075341 -0.0335401 -0.7096988
v 1.7075341 -0.0335401 -0.6834344
v 1.7075341 -0.0335401 -0.6571700
v 1.6523773 -0.0335401 -0.6046412
v 1.5420624 -0.0335401 -0.9159574
v 1.5972198 -0.0335401 -0.8913791
v 1.6523773 -0.0335401 -0.8672853
v 1.7075341 -0.0335401 -0.8147563
v 1.7345487 -0.0335401 -0.7581176
v 1.7353606 -0.0335401 -0.7096988
v 1.7075341 -0.0335401 -0.6046412
v 1.7631871 -0.0335401 -0.7096988
v 1.7620178 -0.0335401 -0.6531304
v 1.5972198 -0.0335401 -0.9154735
v 1.6558914 -0.0335401 -0.8913963
v 1.6799557 -0.0335401 -0.8672853
v 1.7075341 -0.0335401 -0.8410211
v 1.7334648 -0.0335401 -0.8075058
v 1.7615634 -0.0335401 -0.7540072
v 1.7597602 -0.0335401 -0.5985022
v 1.6594061 -0.0335401 -0.9155066
v 1.7075341 -0.0335401 -0.8672853
v 1.7593955 -0.0335401 -0.8002553
v 1.7233843 -0.0335401 -0.9117942
v 1.7516217 -0.0335401 -0.8872152
v 1.7551487 -0.0335401 -0.8548772
v 1.2578912 -0.0359759 -0.5699026
v 1.2676176 -0.0370920 -0.5785746
v 1.2597934 -0.0636804 -0.5699608
v 1.2694035 -0.0636800 -0.5785746
v 1.2676176 -0.0370920 -0.5785746
v 1.3019415 -0.0370920 -0.5780338
v 1.2694035 -0.0636800 -0.5785746
v 1.3035035 -0.0636800 -0.5780373
v 1.3019415 -0.0370920 -0.5780338
v 1.3097731 -0.0358861 -0.5702108
v 1.3035035 -0.0636800 -0.5780373
v 1.3113306 -0.0636802 -0.5702670
v 1.2578912 -0.0359759 -0.5699026
v 1.2628123 -0.0335401 -0.5678391
v 1.2676176 -0.0370920 -0.5785746
v 1.2693671 -0.0335401 -0.5737142
v 1.2676176 -0.0370920 -0.5785746
v 1.2693671 -0.0335401 -0.5737142
v 1.3019415 -0.0370920 -0.5780338
v 1.2989347 -0.0335401 -0.5733459
v 1.3053822 -0.0335401 -0.5677264
v 1.3097731 -0.0358861 -0.5702108
v 1.2989347 -0.0335401 -0.5733459
v 1.3019415 -0.0370920 -0.5780338
v 1.3080607 -0.0335401 -0.5599476
v 1.3131078 -0.0358861 -0.5614251
v 1.3053822 -0.0335401 -0.5677264
v 1.3097731 -0.0358861 -0.5702108
v 1.3146428 -0.0636803 -0.5615403
v 1.3113306 -0.0636802 -0.5702670
v 1.3131078 -0.0358861 -0.5614251
v 1.3097731 -0.0358861 -0.5702108
v 1.2617159 -0.0644842 -0.5692018
v 1.2597934 -0.0636804 -0.5699608
v 1.2701870 -0.0644842 -0.5767948
v 1.2694035 -0.0636800 -0.5785746
v 1.3146428 -0.0636803 -0.5615403
v 1.3128556 -0.0644842 -0.5611838
v 1.3113306 -0.0636802 -0.5702670
v 1.3097692 -0.0644842 -0.5693152
v 1.2701870 -0.0644842 -0.5767948
v 1.2694035 -0.0636800 -0.5785746
v 1.3027519 -0.0644842 -0.5762816
v 1.3035035 -0.0636800 -0.5780373
v 1.3027519 -0.0644842 -0.5762816
v 1.3035035 -0.0636800 -0.5780373
v 1.3097692 -0.0644842 -0.5693152
v 1.3113306 -0.0636802 -0.5702670
v 1.2989347 -0.0335401 -0.5733459
v 1.2693671 -0.0335401 -0.5737142
v 1.3053822 -0.0335401 -0.5677264
v 1.2628123 -0.0335401 -0.5678391
v 1.3080607 -0.0335401 -0.5599476
v 1.2582660 -0.0370753 -0.6272800
v 1.2578912 -0.0359759 -0.6990865
v 1.2601138 -0.0636805 -0.6278052
v 1.2597934 -0.0636804 -0.6991447
v 1.3185203 -0.0636803 -0.6285776
v 1.3146428 -0.0636803 -0.6907243
v 1.3170352 -0.0365172 -0.6280500
v 1.3131078 -0.0358861 -0.6906090
v 1.2597778 -0.0631376 -0.5787185
v 1.2591283 -0.0582399 -0.5765597
v 1.2619281 -0.0636835 -0.5984845
v 1.3199637 -0.0636802 -0.5831641
v 1.3185203 -0.0636803 -0.6285776
v 1.3185099 -0.0370920 -0.5823080
v 1.3170352 -0.0365172 -0.6280500
v 1.2674066 -0.0581620 -0.5713609
v 1.2591283 -0.0582399 -0.5765597
v 1.2680529 -0.0631508 -0.5735401
v 1.2597778 -0.0631376 -0.5787185
v 1.2680529 -0.0631508 -0.5735401
v 1.3095703 -0.0636791 -0.5838754
v 1.2674066 -0.0581620 -0.5713609
v 1.3125577 -0.0370920 -0.5723988
v 1.2660978 -0.0381688 -0.5721588
v 1.2674066 -0.0581620 -0.5713609
v 1.3125577 -0.0370920 -0.5723988
v 1.3185099 -0.0370920 -0.5823080
v 1.3125577 -0.0370920 -0.5723988
v 1.3199637 -0.0636802 -0.5831641
v 1.3095703 -0.0636791 -0.5838754
v 1.2578912 -0.0359759 -0.6990865
v 1.2676176 -0.0370920 -0.7077585
v 1.2597934 -0.0636804 -0.6991447
v 1.2694035 -0.0636800 -0.7077585
v 1.2676176 -0.0370920 -0.7077585
v 1.3019415 -0.0370920 -0.7072177
v 1.2694035 -0.0636800 -0.7077585
v 1.3035035 -0.0636800 -0.7072213
v 1.3019415 -0.0370920 -0.7072177
v 1.3097731 -0.0358861 -0.6993947
v 1.3035035 -0.0636800 -0.7072213
v 1.3113306 -0.0636802 -0.6994509
v 1.2578912 -0.0359759 -0.6990865
v 1.2628123 -0.0335401 -0.6970229
v 1.2676176 -0.0370920 -0.7077585
v 1.2693671 -0.0335401 -0.7028982
v 1.2628123 -0.0335401 -0.6970229
v 1.2578912 -0.0359759 -0.6990865
v 1.2631249 -0.0335401 -0.6272980
v 1.2582660 -0.0370753 -0.6272800
v 1.2631249 -0.0335401 -0.6272980
v 1.2582660 -0.0370753 -0.6272800
v 1.2625091 -0.0335401 -0.5823871
v 1.2578109 -0.0389692 -0.5773995
v 1.2676176 -0.0370920 -0.7077585
v 1.2693671 -0.0335401 -0.7028982
v 1.3019415 -0.0370920 -0.7072177
v 1.2989347 -0.0335401 -0.7025298
v 1.3053822 -0.0335401 -0.6969104
v 1.3097731 -0.0358861 -0.6993947
v 1.2989347 -0.0335401 -0.7025298
v 1.3019415 -0.0370920 -0.7072177
v 1.3131078 -0.0358861 -0.6906090
v 1.3080607 -0.0335401 -0.6891316
v 1.3170352 -0.0365172 -0.6280500
v 1.3118957 -0.0335401 -0.6279444
v 1.3170352 -0.0365172 -0.6280500
v 1.3118957 -0.0335401 -0.6279444
v 1.3185099 -0.0370920 -0.5823080
v 1.3133413 -0.0335401 -0.5834884
v 1.2669470 -0.0335401 -0.5772115
v 1.2660978 -0.0381688 -0.5721588
v 1.3091329 -0.0335401 -0.5764821
v 1.3125577 -0.0370920 -0.5723988
v 1.2660978 -0.0381688 -0.5721588
v 1.2669470 -0.0335401 -0.5772115
v 1.2578109 -0.0389692 -0.5773995
v 1.2625091 -0.0335401 -0.5823871
v 1.3091329 -0.0335401 -0.5764821
v 1.3125577 -0.0370920 -0.5723988
v 1.3133413 -0.0335401 -0.5834884
v 1.3185099 -0.0370920 -0.5823080
v 1.2660978 -0.0381688 -0.5721588
v 1.2578109 -0.0389692 -0.5773995
v 1.2674066 -0.0581620 -0.5713609
v 1.2591283 -0.0582399 -0.5765597
v 1.2582660 -0.0370753 -0.6272800
v 1.2595535 -0.0485552 -0.6002109
v 1.2578109 -0.0389692 -0.5773995
v 1.2595535 -0.0485552 -0.6002109
v 1.2591283 -0.0582399 -0.5765597
v 1.2578109 -0.0389692 -0.5773995
v 1.2619281 -0.0636835 -0.5984845
v 1.2595535 -0.0485552 -0.6002109
v 1.2601138 -0.0636805 -0.6278052
v 1.3080607 -0.0335401 -0.6891316
v 1.3131078 -0.0358861 -0.6906090
v 1.3053822 -0.0335401 -0.6969104
v 1.3097731 -0.0358861 -0.6993947
v 1.3146428 -0.0636803 -0.6907243
v 1.3113306 -0.0636802 -0.6994509
v 1.3131078 -0.0358861 -0.6906090
v 1.3097731 -0.0358861 -0.6993947
v 1.2595535 -0.0485552 -0.6002109
v 1.2582660 -0.0370753 -0.6272800
v 1.2601138 -0.0636805 -0.6278052
v 1.2591283 -0.0582399 -0.5765597
v 1.2595535 -0.0485552 -0.6002109
v 1.2619281 -0.0636835 -0.5984845
v 1.2636760 -0.0644842 -0.5984200
v 1.2684915 -0.0644842 -0.5757907
v 1.2616914 -0.0644842 -0.5800547
v 1.2636760 -0.0644842 -0.5984200
v 1.3084019 -0.0644842 -0.5854355
v 1.2684915 -0.0644842 -0.5757907
v 1.2636760 -0.0644842 -0.5984200
v 1.3181429 -0.0644842 -0.5836409
v 1.3084019 -0.0644842 -0.5854355
v 1.2636760 -0.0644842 -0.5984200
v 1.3167144 -0.0644842 -0.6285189
v 1.3181429 -0.0644842 -0.5836409
v 1.3097692 -0.0644842 -0.6984992
v 1.2620324 -0.0644842 -0.6278894
v 1.3027519 -0.0644842 -0.7054655
v 1.3128556 -0.0644842 -0.6903677
v 1.2617159 -0.0644842 -0.6983857
v 1.2701870 -0.0644842 -0.7059787
v 1.3167144 -0.0644842 -0.6285189
v 1.2636760 -0.0644842 -0.5984200
v 1.2617159 -0.0644842 -0.6983857
v 1.2597934 -0.0636804 -0.6991447
v 1.2701870 -0.0644842 -0.7059787
v 1.2694035 -0.0636800 -0.7077585
v 1.2597934 -0.0636804 -0.6991447
v 1.2617159 -0.0644842 -0.6983857
v 1.2601138 -0.0636805 -0.6278052
v 1.2620324 -0.0644842 -0.6278894
v 1.2601138 -0.0636805 -0.6278052
v 1.2620324 -0.0644842 -0.6278894
v 1.2619281 -0.0636835 -0.5984845
v 1.2636760 -0.0644842 -0.5984200
v 1.3146428 -0.0636803 -0.6907243
v 1.3128556 -0.0644842 -0.6903677
v 1.3113306 -0.0636802 -0.6994509
v 1.3097692 -0.0644842 -0.6984992
v 1.3128556 -0.0644842 -0.6903677
v 1.3146428 -0.0636803 -0.6907243
v 1.3167144 -0.0644842 -0.6285189
v 1.3185203 -0.0636803 -0.6285776
v 1.3167144 -0.0644842 -0.6285189
v 1.3185203 -0.0636803 -0.6285776
v 1.3181429 -0.0644842 -0.5836409
v 1.3199637 -0.0636802 -0.5831641
v 1.2619281 -0.0636835 -0.5984845
v 1.2636760 -0.0644842 -0.5984200
v 1.2597778 -0.0631376 -0.5787185
v 1.2616914 -0.0644842 -0.5800547
v 1.3181429 -0.0644842 -0.5836409
v 1.3199637 -0.0636802 -0.5831641
v 1.3084019 -0.0644842 -0.5854355
v 1.3095703 -0.0636791 -0.5838754
v 1.2597778 -0.0631376 -0.5787185
v 1.2616914 -0.0644842 -0.5800547
v 1.2680529 -0.0631508 -0.5735401
v 1.2684915 -0.0644842 -0.5757907
v 1.2680529 -0.0631508 -0.5735401
v 1.2684915 -0.0644842 -0.5757907
v 1.3095703 -0.0636791 -0.5838754
v 1.3084019 -0.0644842 -0.5854355
v 1.2701870 -0.0644842 -0.7059787
v 1.2694035 -0.0636800 -0.7077585
v 1.3027519 -0.0644842 -0.7054655
v 1.3035035 -0.0636800 -0.7072213
v 1.3027519 -0.0644842 -0.7054655
v 1.3035035 -0.0636800 -0.7072213
v 1.3097692 -0.0644842 -0.6984992
v 1.3113306 -0.0636802 -0.6994509
v 1.2989347 -0.0335401 -0.7025298
v 1.2693671 -0.0335401 -0.7028982
v 1.3053822 -0.0335401 -0.6969104
v 1.2628123 -0.0335401 -0.6970229
v 1.3080607 -0.0335401 -0.6891316
v 1.3118957 -0.0335401 -0.6279444
v 1.2631249 -0.0335401 -0.6272980
v 1.2631249 -0.0335401 -0.6272980
v 1.3133413 -0.0335401 -0.5834884
v 1.2625091 -0.0335401 -0.5823871
v 1.3091329 -0.0335401 -0.5764821
v 1.2669470 -0.0335401 -0.5772115
v 1.2582667 -0.0370920 -0.7801786
v 1.2601137 -0.0636805 -0.7797063
v 1.2579442 -0.0370920 -0.7144940
v 1.2597933 -0.0636804 -0.7144500
v 1.3174474 -0.0636803 -0.7226835
v 1.3191884 -0.0636803 -0.7789338
v 1.3159769 -0.0370920 -0.7227815
v 1.3177294 -0.0370920 -0.7794011
v 1.2626529 -0.0636835 -0.8179670
v 1.2636085 -0.0582399 -0.8490086
v 1.2642579 -0.0631375 -0.8468585
v 1.3191884 -0.0636803 -0.7789338
v 1.3199636 -0.0636802 -0.8359600
v 1.3177294 -0.0370920 -0.7794011
v 1.3185098 -0.0370920 -0.8368020
v 1.2718867 -0.0581620 -0.8558371
v 1.2725332 -0.0631519 -0.8536146
v 1.2636085 -0.0582399 -0.8490086
v 1.2642579 -0.0631375 -0.8468585
v 1.3125577 -0.0370920 -0.8467111
v 1.3140503 -0.0636791 -0.8458046
v 1.2718867 -0.0581620 -0.8558371
v 1.2725332 -0.0631519 -0.8536146
v 1.2718867 -0.0581620 -0.8558371
v 1.2705289 -0.0370920 -0.8534052
v 1.3125577 -0.0370920 -0.8467111
v 1.3185098 -0.0370920 -0.8368020
v 1.3199636 -0.0636802 -0.8359600
v 1.3125577 -0.0370920 -0.8467111
v 1.3140503 -0.0636791 -0.8458046
v 1.2579442 -0.0370920 -0.7144940
v 1.2597933 -0.0636804 -0.7144500
v 1.2659550 -0.0370920 -0.7077587
v 1.2677517 -0.0636800 -0.7077587
v 1.2659550 -0.0370920 -0.7077587
v 1.2677517 -0.0636800 -0.7077587
v 1.3065455 -0.0370920 -0.7082995
v 1.3080774 -0.0636800 -0.7082959
v 1.3065455 -0.0370920 -0.7082995
v 1.3080774 -0.0636800 -0.7082959
v 1.3126430 -0.0370920 -0.7139975
v 1.3141351 -0.0636802 -0.7139568
v 1.3035415 -0.0335401 -0.7129874
v 1.3082068 -0.0335401 -0.7164823
v 1.2677035 -0.0335401 -0.7126189
v 1.3108853 -0.0335401 -0.7242611
v 1.2628122 -0.0335401 -0.7165579
v 1.3125686 -0.0335401 -0.7795098
v 1.2631248 -0.0335401 -0.7801559
v 1.2714271 -0.0335401 -0.8483213
v 1.3091328 -0.0335401 -0.8426265
v 1.3133412 -0.0335401 -0.8356204
v 1.2669892 -0.0335401 -0.8457610
v 1.2579442 -0.0370920 -0.7144940
v 1.2659550 -0.0370920 -0.7077587
v 1.2628122 -0.0335401 -0.7165579
v 1.2677035 -0.0335401 -0.7126189
v 1.2628122 -0.0335401 -0.7165579
v 1.2631248 -0.0335401 -0.7801559
v 1.2579442 -0.0370920 -0.7144940
v 1.2582667 -0.0370920 -0.7801786
v 1.2631248 -0.0335401 -0.7801559
v 1.2669892 -0.0335401 -0.8457610
v 1.2582667 -0.0370920 -0.7801786
v 1.2622030 -0.0370920 -0.8481832
v 1.2659550 -0.0370920 -0.7077587
v 1.3065455 -0.0370920 -0.7082995
v 1.2677035 -0.0335401 -0.7126189
v 1.3035415 -0.0335401 -0.7129874
v 1.3082068 -0.0335401 -0.7164823
v 1.3035415 -0.0335401 -0.7129874
v 1.3126430 -0.0370920 -0.7139975
v 1.3065455 -0.0370920 -0.7082995
v 1.3159769 -0.0370920 -0.7227815
v 1.3177294 -0.0370920 -0.7794011
v 1.3108853 -0.0335401 -0.7242611
v 1.3125686 -0.0335401 -0.7795098
v 1.3177294 -0.0370920 -0.7794011
v 1.3185098 -0.0370920 -0.8368020
v 1.3133412 -0.0335401 -0.8356204
v 1.2714271 -0.0335401 -0.8483213
v 1.3091328 -0.0335401 -0.8426265
v 1.2705289 -0.0370920 -0.8534052
v 1.3125577 -0.0370920 -0.8467111
v 1.2705289 -0.0370920 -0.8534052
v 1.2622030 -0.0370920 -0.8481832
v 1.2714271 -0.0335401 -0.8483213
v 1.2669892 -0.0335401 -0.8457610
v 1.3091328 -0.0335401 -0.8426265
v 1.3133412 -0.0335401 -0.8356204
v 1.3125577 -0.0370920 -0.8467111
v 1.3185098 -0.0370920 -0.8368020
v 1.2705289 -0.0370920 -0.8534052
v 1.2718867 -0.0581620 -0.8558371
v 1.2622030 -0.0370920 -0.8481832
v 1.2636085 -0.0582399 -0.8490086
v 1.2595534 -0.0485552 -0.8162186
v 1.2582667 -0.0370920 -0.7801786
v 1.2622030 -0.0370920 -0.8481832
v 1.2636085 -0.0582399 -0.8490086
v 1.2595534 -0.0485552 -0.8162186
v 1.2622030 -0.0370920 -0.8481832
v 1.2601137 -0.0636805 -0.7797063
v 1.2595534 -0.0485552 -0.8162186
v 1.2626529 -0.0636835 -0.8179670
v 1.3108853 -0.0335401 -0.7242611
v 1.3082068 -0.0335401 -0.7164823
v 1.3159769 -0.0370920 -0.7227815
v 1.3126430 -0.0370920 -0.7139975
v 1.3141351 -0.0636802 -0.7139568
v 1.3174474 -0.0636803 -0.7226835
v 1.3126430 -0.0370920 -0.7139975
v 1.3159769 -0.0370920 -0.7227815
v 1.2582667 -0.0370920 -0.7801786
v 1.2595534 -0.0485552 -0.8162186
v 1.2601137 -0.0636805 -0.7797063
v 1.2595534 -0.0485552 -0.8162186
v 1.2636085 -0.0582399 -0.8490086
v 1.2626529 -0.0636835 -0.8179670
v 1.3129372 -0.0644842 -0.8441526
v 1.3181496 -0.0644842 -0.8354724
v 1.2730618 -0.0644842 -0.8498450
v 1.2661690 -0.0644842 -0.8455227
v 1.3173818 -0.0644842 -0.7789700
v 1.2620323 -0.0644842 -0.7796283
v 1.2633517 -0.0644842 -0.8180567
v 1.2685035 -0.0644842 -0.7095363
v 1.3125832 -0.0644842 -0.7149354
v 1.3156499 -0.0644842 -0.7230151
v 1.2617162 -0.0644842 -0.7152429
v 1.3073594 -0.0644842 -0.7100539
v 1.2597933 -0.0636804 -0.7144500
v 1.2617162 -0.0644842 -0.7152429
v 1.2677517 -0.0636800 -0.7077587
v 1.2685035 -0.0644842 -0.7095363
v 1.2617162 -0.0644842 -0.7152429
v 1.2597933 -0.0636804 -0.7144500
v 1.2620323 -0.0644842 -0.7796283
v 1.2601137 -0.0636805 -0.7797063
v 1.2620323 -0.0644842 -0.7796283
v 1.2601137 -0.0636805 -0.7797063
v 1.2633517 -0.0644842 -0.8180567
v 1.2626529 -0.0636835 -0.8179670
v 1.3156499 -0.0644842 -0.7230151
v 1.3174474 -0.0636803 -0.7226835
v 1.3125832 -0.0644842 -0.7149354
v 1.3141351 -0.0636802 -0.7139568
v 1.3174474 -0.0636803 -0.7226835
v 1.3156499 -0.0644842 -0.7230151
v 1.3191884 -0.0636803 -0.7789338
v 1.3173818 -0.0644842 -0.7789700
v 1.3191884 -0.0636803 -0.7789338
v 1.3173818 -0.0644842 -0.7789700
v 1.3199636 -0.0636802 -0.8359600
v 1.3181496 -0.0644842 -0.8354724
v 1.2633517 -0.0644842 -0.8180567
v 1.2626529 -0.0636835 -0.8179670
v 1.2661690 -0.0644842 -0.8455227
v 1.2642579 -0.0631375 -0.8468585
v 1.3199636 -0.0636802 -0.8359600
v 1.3181496 -0.0644842 -0.8354724
v 1.3140503 -0.0636791 -0.8458046
v 1.3129372 -0.0644842 -0.8441526
v 1.2661690 -0.0644842 -0.8455227
v 1.2642579 -0.0631375 -0.8468585
v 1.2730618 -0.0644842 -0.8498450
v 1.2725332 -0.0631519 -0.8536146
v 1.2730618 -0.0644842 -0.8498450
v 1.2725332 -0.0631519 -0.8536146
v 1.3129372 -0.0644842 -0.8441526
v 1.3140503 -0.0636791 -0.8458046
v 1.2677517 -0.0636800 -0.7077587
v 1.2685035 -0.0644842 -0.7095363
v 1.3080774 -0.0636800 -0.7082959
v 1.3073594 -0.0644842 -0.7100539
v 1.3080774 -0.0636800 -0.7082959
v 1.3073594 -0.0644842 -0.7100539
v 1.3141351 -0.0636802 -0.7139568
v 1.3125832 -0.0644842 -0.7149354
v 1.2837095 -0.0509453 -0.9418193
v 1.2649848 -0.0373224 -0.9099315
v 1.2856381 -0.0373224 -0.9383801
v 1.3183606 -0.0636804 -0.8541642
v 1.3254670 -0.0636803 -0.8710438
v 1.3169048 -0.0373224 -0.8551198
v 1.3240576 -0.0373224 -0.8721093
v 1.2945307 -0.0373224 -0.8508510
v 1.2961315 -0.0636800 -0.8499230
v 1.3077992 -0.0373224 -0.8496761
v 1.3093140 -0.0636802 -0.8487562
v 1.2607980 -0.0512204 -0.8740598
v 1.2621914 -0.0373224 -0.8745327
v 1.2649848 -0.0373224 -0.9099315
v 1.3133602 -0.0373224 -0.9244890
v 1.3148670 -0.0636800 -0.9231717
v 1.2952062 -0.0373224 -0.9401157
v 1.2943163 -0.0636803 -0.9425397
v 1.3240576 -0.0373224 -0.8721093
v 1.3254670 -0.0636803 -0.8710438
v 1.3300303 -0.0373224 -0.8920663
v 1.3314009 -0.0636803 -0.8908712
v 1.2666033 -0.0373224 -0.8582360
v 1.2683852 -0.0636805 -0.8557229
v 1.2945307 -0.0373224 -0.8508510
v 1.2961315 -0.0636800 -0.8499230
v 1.3279044 -0.0373224 -0.9081695
v 1.3292891 -0.0636800 -0.9068780
v 1.3133602 -0.0373224 -0.9244890
v 1.3148670 -0.0636800 -0.9231717
v 1.2893216 -0.0335401 -0.9340339
v 1.2697586 -0.0335401 -0.9079362
v 1.2938123 -0.0335401 -0.9348489
v 1.2674785 -0.0335401 -0.8756553
v 1.2701446 -0.0335401 -0.8626154
v 1.2945057 -0.0335401 -0.8561215
v 1.3115215 -0.0335401 -0.9193825
v 1.3243734 -0.0335401 -0.8922929
v 1.3189790 -0.0335401 -0.8745173
v 1.3069596 -0.0335401 -0.8548797
v 1.3229264 -0.0335401 -0.9056184
v 1.3120896 -0.0335401 -0.8592493
v 1.2837095 -0.0509453 -0.9418193
v 1.2856381 -0.0373224 -0.9383801
v 1.2952062 -0.0373224 -0.9401157
v 1.2618254 -0.0636804 -0.8734512
v 1.2683852 -0.0636805 -0.8557229
v 1.2607980 -0.0512204 -0.8740598
v 1.3077992 -0.0373224 -0.8496761
v 1.3093140 -0.0636802 -0.8487562
v 1.3169048 -0.0373224 -0.8551198
v 1.3183606 -0.0636804 -0.8541642
v 1.3300303 -0.0373224 -0.8920663
v 1.3314009 -0.0636803 -0.8908712
v 1.3279044 -0.0373224 -0.9081695
v 1.3292891 -0.0636800 -0.9068780
v 1.3189790 -0.0335401 -0.8745173
v 1.3120896 -0.0335401 -0.8592493
v 1.3240576 -0.0373224 -0.8721093
v 1.3169048 -0.0373224 -0.8551198
v 1.3240576 -0.0373224 -0.8721093
v 1.3300303 -0.0373224 -0.8920663
v 1.3189790 -0.0335401 -0.8745173
v 1.3243734 -0.0335401 -0.8922929
v 1.3300303 -0.0373224 -0.8920663
v 1.3279044 -0.0373224 -0.9081695
v 1.3243734 -0.0335401 -0.8922929
v 1.3229264 -0.0335401 -0.9056184
v 1.2649848 -0.0373224 -0.9099315
v 1.2621914 -0.0373224 -0.8745327
v 1.2697586 -0.0335401 -0.9079362
v 1.2674785 -0.0335401 -0.8756553
v 1.2697586 -0.0335401 -0.9079362
v 1.2893216 -0.0335401 -0.9340339
v 1.2649848 -0.0373224 -0.9099315
v 1.2856381 -0.0373224 -0.9383801
v 1.2621914 -0.0373224 -0.8745327
v 1.2666033 -0.0373224 -0.8582360
v 1.2674785 -0.0335401 -0.8756553
v 1.2701446 -0.0335401 -0.8626154
v 1.3069596 -0.0335401 -0.8548797
v 1.2945057 -0.0335401 -0.8561215
v 1.3077992 -0.0373224 -0.8496761
v 1.2945307 -0.0373224 -0.8508510
v 1.3077992 -0.0373224 -0.8496761
v 1.3169048 -0.0373224 -0.8551198
v 1.3069596 -0.0335401 -0.8548797
v 1.3120896 -0.0335401 -0.8592493
v 1.2945057 -0.0335401 -0.8561215
v 1.2701446 -0.0335401 -0.8626154
v 1.2945307 -0.0373224 -0.8508510
v 1.2666033 -0.0373224 -0.8582360
v 1.2893216 -0.0335401 -0.9340339
v 1.2938123 -0.0335401 -0.9348489
v 1.2856381 -0.0373224 -0.9383801
v 1.2952062 -0.0373224 -0.9401157
v 1.2938123 -0.0335401 -0.9348489
v 1.3115215 -0.0335401 -0.9193825
v 1.2952062 -0.0373224 -0.9401157
v 1.3133602 -0.0373224 -0.9244890
v 1.3115215 -0.0335401 -0.9193825
v 1.3229264 -0.0335401 -0.9056184
v 1.3133602 -0.0373224 -0.9244890
v 1.3279044 -0.0373224 -0.9081695
v 1.2649848 -0.0373224 -0.9099315
v 1.2667772 -0.0636806 -0.9086203
v 1.2607980 -0.0512204 -0.8740598
v 1.2618254 -0.0636804 -0.8734512
v 1.2837095 -0.0509453 -0.9418193
v 1.2847830 -0.0636807 -0.9409601
v 1.2649848 -0.0373224 -0.9099315
v 1.2667772 -0.0636806 -0.9086203
v 1.2952062 -0.0373224 -0.9401157
v 1.2943163 -0.0636803 -0.9425397
v 1.2837095 -0.0509453 -0.9418193
v 1.2847830 -0.0636807 -0.9409601
v 1.2607980 -0.0512204 -0.8740598
v 1.2666033 -0.0373224 -0.8582360
v 1.2621914 -0.0373224 -0.8745327
v 1.2683852 -0.0636805 -0.8557229
v 1.2666033 -0.0373224 -0.8582360
v 1.2607980 -0.0512204 -0.8740598
v 1.3135517 -0.0644842 -0.9219274
v 1.2686340 -0.0644842 -0.9080271
v 1.2936728 -0.0644842 -0.9407108
v 1.3275623 -0.0644842 -0.9060944
v 1.2860689 -0.0644842 -0.9393314
v 1.3295580 -0.0644842 -0.8909682
v 1.2637907 -0.0644842 -0.8736281
v 1.2698419 -0.0644842 -0.8571557
v 1.3237556 -0.0644842 -0.8715805
v 1.2965229 -0.0644842 -0.8516377
v 1.3169113 -0.0644842 -0.8553237
v 1.3089109 -0.0644842 -0.8505408
v 1.3237556 -0.0644842 -0.8715805
v 1.3254670 -0.0636803 -0.8710438
v 1.3169113 -0.0644842 -0.8553237
v 1.3183606 -0.0636804 -0.8541642
v 1.3254670 -0.0636803 -0.8710438
v 1.3237556 -0.0644842 -0.8715805
v 1.3314009 -0.0636803 -0.8908712
v 1.3295580 -0.0644842 -0.8909682
v 1.3314009 -0.0636803 -0.8908712
v 1.3295580 -0.0644842 -0.8909682
v 1.3292891 -0.0636800 -0.9068780
v 1.3275623 -0.0644842 -0.9060944
v 1.2686340 -0.0644842 -0.9080271
v 1.2667772 -0.0636806 -0.9086203
v 1.2860689 -0.0644842 -0.9393314
v 1.2847830 -0.0636807 -0.9409601
v 1.2667772 -0.0636806 -0.9086203
v 1.2686340 -0.0644842 -0.9080271
v 1.2618254 -0.0636804 -0.8734512
v 1.2637907 -0.0644842 -0.8736281
v 1.2618254 -0.0636804 -0.8734512
v 1.2637907 -0.0644842 -0.8736281
v 1.2683852 -0.0636805 -0.8557229
v 1.2698419 -0.0644842 -0.8571557
v 1.3169113 -0.0644842 -0.8553237
v 1.3183606 -0.0636804 -0.8541642
v 1.3089109 -0.0644842 -0.8505408
v 1.3093140 -0.0636802 -0.8487562
v 1.3089109 -0.0644842 -0.8505408
v 1.3093140 -0.0636802 -0.8487562
v 1.2965229 -0.0644842 -0.8516377
v 1.2961315 -0.0636800 -0.8499230
v 1.2965229 -0.0644842 -0.8516377
v 1.2961315 -0.0636800 -0.8499230
v 1.2698419 -0.0644842 -0.8571557
v 1.2683852 -0.0636805 -0.8557229
v 1.2860689 -0.0644842 -0.9393314
v 1.2847830 -0.0636807 -0.9409601
v 1.2936728 -0.0644842 -0.9407108
v 1.2943163 -0.0636803 -0.9425397
v 1.2936728 -0.0644842 -0.9407108
v 1.2943163 -0.0636803 -0.9425397
v 1.3135517 -0.0644842 -0.9219274
v 1.3148670 -0.0636800 -0.9231717
v 1.3135517 -0.0644842 -0.9219274
v 1.3148670 -0.0636800 -0.9231717
v 1.3275623 -0.0644842 -0.9060944
v 1.3292891 -0.0636800 -0.9068780
v 1.3032319 -0.0374755 -0.9558769
v 1.3047703 -0.0636807 -0.9542746
v 1.2967300 -0.0374755 -0.9474614
v 1.2983103 -0.0636805 -0.9459131
v 1.3347511 -0.0374755 -0.9021271
v 1.3360858 -0.0636800 -0.9008712
v 1.3455411 -0.0374755 -0.9046911
v 1.3468062 -0.0636804 -0.9034192
v 1.3166187 -0.0636807 -0.9626613
v 1.3047703 -0.0636807 -0.9542746
v 1.3151287 -0.0374755 -0.9643010
v 1.3032319 -0.0374755 -0.9558769
v 1.2981325 -0.0374755 -0.9397540
v 1.2997037 -0.0636800 -0.9382555
v 1.3347511 -0.0374755 -0.9021271
v 1.3360858 -0.0636800 -0.9008712
v 1.3319458 -0.0636805 -0.9689795
v 1.3166187 -0.0636807 -0.9626613
v 1.3305781 -0.0374755 -0.9706733
v 1.3151287 -0.0374755 -0.9643010
v 1.2967300 -0.0374755 -0.9474614
v 1.2983103 -0.0636805 -0.9459131
v 1.2981325 -0.0374755 -0.9397540
v 1.2997037 -0.0636800 -0.9382555
v 1.3397030 -0.0374755 -0.9675621
v 1.3410204 -0.0636800 -0.9658842
v 1.3305781 -0.0374755 -0.9706733
v 1.3319458 -0.0636805 -0.9689795
v 1.3347002 -0.0335401 -0.9080179
v 1.3408394 -0.0335401 -0.9079546
v 1.3029508 -0.0335401 -0.9436120
v 1.3075962 -0.0335401 -0.9529425
v 1.3495195 -0.0335401 -0.9181302
v 1.3023705 -0.0335401 -0.9468012
v 1.3200161 -0.0335401 -0.9614735
v 1.3075962 -0.0335401 -0.9529425
v 1.3200161 -0.0335401 -0.9614735
v 1.3032319 -0.0374755 -0.9558769
v 1.3151287 -0.0374755 -0.9643010
v 1.3032319 -0.0374755 -0.9558769
v 1.2967300 -0.0374755 -0.9474614
v 1.3075962 -0.0335401 -0.9529425
v 1.3023705 -0.0335401 -0.9468012
v 1.2967300 -0.0374755 -0.9474614
v 1.2981325 -0.0374755 -0.9397540
v 1.3023705 -0.0335401 -0.9468012
v 1.3029508 -0.0335401 -0.9436120
v 1.3347002 -0.0335401 -0.9080179
v 1.3029508 -0.0335401 -0.9436120
v 1.3347511 -0.0374755 -0.9021271
v 1.2981325 -0.0374755 -0.9397540
v 1.3347511 -0.0374755 -0.9021271
v 1.3455411 -0.0374755 -0.9046911
v 1.3347002 -0.0335401 -0.9080179
v 1.3408394 -0.0335401 -0.9079546
v 1.3200161 -0.0335401 -0.9614735
v 1.3309115 -0.0335401 -0.9651227
v 1.3151287 -0.0374755 -0.9643010
v 1.3305781 -0.0374755 -0.9706733
v 1.3309115 -0.0335401 -0.9651227
v 1.3340566 -0.0335401 -0.9641499
v 1.3305781 -0.0374755 -0.9706733
v 1.3397030 -0.0374755 -0.9675621
v 1.3014928 -0.0644842 -0.9390219
v 1.3003287 -0.0644842 -0.9454194
v 1.3061765 -0.0644842 -0.9529886
v 1.3543395 -0.0644842 -0.9259064
v 1.3176575 -0.0644842 -0.9610921
v 1.3396820 -0.0644842 -0.9643956
v 1.3321099 -0.0644842 -0.9670265
v 1.3061765 -0.0644842 -0.9529886
v 1.3047703 -0.0636807 -0.9542746
v 1.3176575 -0.0644842 -0.9610921
v 1.3166187 -0.0636807 -0.9626613
v 1.3047703 -0.0636807 -0.9542746
v 1.3061765 -0.0644842 -0.9529886
v 1.2983103 -0.0636805 -0.9459131
v 1.3003287 -0.0644842 -0.9454194
v 1.2983103 -0.0636805 -0.9459131
v 1.3003287 -0.0644842 -0.9454194
v 1.2997037 -0.0636800 -0.9382555
v 1.3014928 -0.0644842 -0.9390219
v 1.3367468 -0.0644842 -0.9027971
v 1.3360858 -0.0636800 -0.9008712
v 1.3014928 -0.0644842 -0.9390219
v 1.2997037 -0.0636800 -0.9382555
v 1.3360858 -0.0636800 -0.9008712
v 1.3367468 -0.0644842 -0.9027971
v 1.3468062 -0.0636804 -0.9034192
v 1.3457851 -0.0644842 -0.9049453
v 1.3176575 -0.0644842 -0.9610921
v 1.3166187 -0.0636807 -0.9626613
v 1.3321099 -0.0644842 -0.9670265
v 1.3319458 -0.0636805 -0.9689795
v 1.3321099 -0.0644842 -0.9670265
v 1.3319458 -0.0636805 -0.9689795
v 1.3396820 -0.0644842 -0.9643956
v 1.3410204 -0.0636800 -0.9658842
v 1.3315971 -0.0370383 -0.8917396
v 1.3563061 -0.0370383 -0.9134843
v 1.3315971 -0.0644842 -0.8917396
v 1.3563061 -0.0644842 -0.9134843
v 1.3315971 -0.0370383 -0.8917396
v 1.3168268 -0.0644842 -0.8002553
v 1.3168268 -0.0370383 -0.8002553
v 1.3209022 -0.0644842 -0.8517495
v 1.3209022 -0.0370383 -0.8517495
v 1.3168268 -0.0370383 -0.8002553
v 1.3217806 -0.0335401 -0.8002553
v 1.3209022 -0.0370383 -0.8517495
v 1.3258575 -0.0335401 -0.8517495
v 1.3159872 -0.0644842 -0.7540072
v 1.3162351 -0.0644842 -0.7096988
v 1.3159872 -0.0370383 -0.7540072
v 1.3162351 -0.0370383 -0.7096988
v 1.3165734 -0.0370383 -0.6531304
v 1.3165734 -0.0644842 -0.6531304
v 1.3209399 -0.0335401 -0.7540072
v 1.3159872 -0.0370383 -0.7540072
v 1.3211865 -0.0335401 -0.7096988
v 1.3162351 -0.0370383 -0.7096988
v 1.3215226 -0.0335401 -0.6531304
v 1.3165734 -0.0370383 -0.6531304
v 1.3209022 -0.0644842 -0.8517495
v 1.3209022 -0.0370383 -0.8517495
v 1.3315971 -0.0644842 -0.8917396
v 1.3315971 -0.0370383 -0.8917396
v 1.3209022 -0.0370383 -0.8517495
v 1.3258575 -0.0335401 -0.8517495
v 1.3315971 -0.0370383 -0.8917396
v 1.3364592 -0.0335401 -0.8897019
v 1.3185430 -0.0644842 -0.5985022
v 1.3185430 -0.0370383 -0.5985022
v 1.3165734 -0.0644842 -0.6531304
v 1.3165734 -0.0370383 -0.6531304
v 1.3185430 -0.0370383 -0.5985022
v 1.3234899 -0.0335401 -0.5985022
v 1.3165734 -0.0370383 -0.6531304
v 1.3215226 -0.0335401 -0.6531304
v 1.3159872 -0.0370383 -0.7540072
v 1.3209399 -0.0335401 -0.7540072
v 1.3168268 -0.0370383 -0.8002553
v 1.3217806 -0.0335401 -0.8002553
v 1.3159872 -0.0644842 -0.7540072
v 1.3159872 -0.0370383 -0.7540072
v 1.3168268 -0.0644842 -0.8002553
v 1.3168268 -0.0370383 -0.8002553
v 1.3234899 -0.0335401 -0.5985022
v 1.3765909 -0.0335401 -0.6046412
v 1.3215226 -0.0335401 -0.6531304
v 1.3765909 -0.0335401 -0.6571700
v 1.4317482 -0.0335401 -0.6046412
v 1.3211865 -0.0335401 -0.7096988
v 1.3488887 -0.0335401 -0.7096988
v 1.3765909 -0.0335401 -0.6834344
v 1.4317482 -0.0335401 -0.6571700
v 1.4869056 -0.0335401 -0.6046412
v 1.3487654 -0.0335401 -0.7581176
v 1.3209399 -0.0335401 -0.7540072
v 1.3765909 -0.0335401 -0.7096988
v 1.5420624 -0.0335401 -0.6046412
v 1.3491858 -0.0335401 -0.8075058
v 1.3217806 -0.0335401 -0.8002553
v 1.3258575 -0.0335401 -0.8517495
v 1.8245995 -0.0370920 -0.5161843
v 1.8227934 -0.0631446 -0.5166287
v 1.8238435 -0.0370920 -0.5738483
v 1.8220429 -0.0631445 -0.5739250
v 1.7658482 -0.0631443 -0.5665643
v 1.7642453 -0.0631443 -0.5174013
v 1.7672889 -0.0370920 -0.5664404
v 1.7656756 -0.0370920 -0.5169618
v 1.7642453 -0.0631443 -0.5174013
v 1.7638836 -0.0631442 -0.4628954
v 1.7656756 -0.0370920 -0.5169618
v 1.7653114 -0.0370920 -0.4621062
v 1.8119293 -0.0581620 -0.4405657
v 1.8113502 -0.0626229 -0.4425052
v 1.8202072 -0.0582399 -0.4457644
v 1.8196281 -0.0626011 -0.4476779
v 1.7712636 -0.0370920 -0.4521970
v 1.7697977 -0.0631424 -0.4530494
v 1.8119293 -0.0581620 -0.4405657
v 1.8113502 -0.0626229 -0.4425052
v 1.8119293 -0.0581620 -0.4405657
v 1.8132921 -0.0370920 -0.4413737
v 1.7712636 -0.0370920 -0.4521970
v 1.7653114 -0.0370920 -0.4621062
v 1.7638836 -0.0631442 -0.4628954
v 1.7712636 -0.0370920 -0.4521970
v 1.7697977 -0.0631424 -0.4530494
v 1.8238435 -0.0370920 -0.5738483
v 1.8220429 -0.0631445 -0.5739250
v 1.8141703 -0.0370920 -0.5825186
v 1.8124310 -0.0631438 -0.5825401
v 1.8141703 -0.0370920 -0.5825186
v 1.8124310 -0.0631438 -0.5825401
v 1.7778288 -0.0370920 -0.5819778
v 1.7763211 -0.0631438 -0.5820028
v 1.7778288 -0.0370920 -0.5819778
v 1.7763211 -0.0631438 -0.5820028
v 1.7706225 -0.0370920 -0.5752243
v 1.7691608 -0.0631442 -0.5752922
v 1.8238435 -0.0370920 -0.5738483
v 1.8141703 -0.0370920 -0.5825186
v 1.8189753 -0.0335401 -0.5717811
v 1.8124206 -0.0335401 -0.5776563
v 1.8189753 -0.0335401 -0.5717811
v 1.8197417 -0.0335401 -0.5162084
v 1.8238435 -0.0370920 -0.5738483
v 1.8245995 -0.0370920 -0.5161843
v 1.8197417 -0.0335401 -0.5162084
v 1.8168326 -0.0335401 -0.4490186
v 1.8245995 -0.0370920 -0.5161843
v 1.8216179 -0.0370920 -0.4465955
v 1.8141703 -0.0370920 -0.5825186
v 1.7778288 -0.0370920 -0.5819778
v 1.8124206 -0.0335401 -0.5776563
v 1.7808337 -0.0335401 -0.5772879
v 1.7750590 -0.0335401 -0.5727369
v 1.7808337 -0.0335401 -0.5772879
v 1.7706225 -0.0370920 -0.5752243
v 1.7778288 -0.0370920 -0.5819778
v 1.7672889 -0.0370920 -0.5664404
v 1.7656756 -0.0370920 -0.5169618
v 1.7723808 -0.0335401 -0.5649581
v 1.7708368 -0.0335401 -0.5168549
v 1.7656756 -0.0370920 -0.5169618
v 1.7653114 -0.0370920 -0.4621062
v 1.7708368 -0.0335401 -0.5168549
v 1.7704806 -0.0335401 -0.4632910
v 1.8123948 -0.0335401 -0.4464582
v 1.7746893 -0.0335401 -0.4562847
v 1.8132921 -0.0370920 -0.4413737
v 1.7712636 -0.0370920 -0.4521970
v 1.8132921 -0.0370920 -0.4413737
v 1.8216179 -0.0370920 -0.4465955
v 1.8123948 -0.0335401 -0.4464582
v 1.8168326 -0.0335401 -0.4490186
v 1.7746893 -0.0335401 -0.4562847
v 1.7704806 -0.0335401 -0.4632910
v 1.7712636 -0.0370920 -0.4521970
v 1.7653114 -0.0370920 -0.4621062
v 1.8132921 -0.0370920 -0.4413737
v 1.8119293 -0.0581620 -0.4405657
v 1.8216179 -0.0370920 -0.4465955
v 1.8202072 -0.0582399 -0.4457644
v 1.8242655 -0.0485552 -0.4799942
v 1.8245995 -0.0370920 -0.5161843
v 1.8216179 -0.0370920 -0.4465955
v 1.8202072 -0.0582399 -0.4457644
v 1.8242655 -0.0485552 -0.4799942
v 1.8216179 -0.0370920 -0.4465955
v 1.8212617 -0.0631446 -0.4782908
v 1.8227934 -0.0631446 -0.5166287
v 1.8242655 -0.0485552 -0.4799942
v 1.8245995 -0.0370920 -0.5161843
v 1.8196281 -0.0626011 -0.4476779
v 1.8212617 -0.0631446 -0.4782908
v 1.8202072 -0.0582399 -0.4457644
v 1.8242655 -0.0485552 -0.4799942
v 1.7723808 -0.0335401 -0.5649581
v 1.7750590 -0.0335401 -0.5727369
v 1.7672889 -0.0370920 -0.5664404
v 1.7706225 -0.0370920 -0.5752243
v 1.7691608 -0.0631442 -0.5752922
v 1.7658482 -0.0631443 -0.5665643
v 1.7706225 -0.0370920 -0.5752243
v 1.7672889 -0.0370920 -0.5664404
v 1.7717445 -0.0644842 -0.4556468
v 1.7669008 -0.0644842 -0.4637155
v 1.8106187 -0.0644842 -0.4462536
v 1.8195943 -0.0644842 -0.5166970
v 1.8203878 -0.0644842 -0.4782333
v 1.7672576 -0.0644842 -0.5173715
v 1.8164383 -0.0644842 -0.4499020
v 1.7688433 -0.0644842 -0.5660109
v 1.8188610 -0.0644842 -0.5726412
v 1.7717482 -0.0644842 -0.5736650
v 1.8111242 -0.0644842 -0.5795760
v 1.7775217 -0.0644842 -0.5790759
v 1.8220429 -0.0631445 -0.5739250
v 1.8188610 -0.0644842 -0.5726412
v 1.8124310 -0.0631438 -0.5825401
v 1.8111242 -0.0644842 -0.5795760
v 1.8188610 -0.0644842 -0.5726412
v 1.8220429 -0.0631445 -0.5739250
v 1.8195943 -0.0644842 -0.5166970
v 1.8227934 -0.0631446 -0.5166287
v 1.8195943 -0.0644842 -0.5166970
v 1.8227934 -0.0631446 -0.5166287
v 1.8203878 -0.0644842 -0.4782333
v 1.8212617 -0.0631446 -0.4782908
v 1.7688433 -0.0644842 -0.5660109
v 1.7658482 -0.0631443 -0.5665643
v 1.7717482 -0.0644842 -0.5736650
v 1.7691608 -0.0631442 -0.5752922
v 1.7658482 -0.0631443 -0.5665643
v 1.7688433 -0.0644842 -0.5660109
v 1.7642453 -0.0631443 -0.5174013
v 1.7672576 -0.0644842 -0.5173715
v 1.7642453 -0.0631443 -0.5174013
v 1.7672576 -0.0644842 -0.5173715
v 1.7638836 -0.0631442 -0.4628954
v 1.7669008 -0.0644842 -0.4637155
v 1.8203878 -0.0644842 -0.4782333
v 1.8212617 -0.0631446 -0.4782908
v 1.8164383 -0.0644842 -0.4499020
v 1.8196281 -0.0626011 -0.4476779
v 1.7638836 -0.0631442 -0.4628954
v 1.7669008 -0.0644842 -0.4637155
v 1.7697977 -0.0631424 -0.4530494
v 1.7717445 -0.0644842 -0.4556468
v 1.8164383 -0.0644842 -0.4499020
v 1.8196281 -0.0626011 -0.4476779
v 1.8106187 -0.0644842 -0.4462536
v 1.8113502 -0.0626229 -0.4425052
v 1.8106187 -0.0644842 -0.4462536
v 1.8113502 -0.0626229 -0.4425052
v 1.7717445 -0.0644842 -0.4556468
v 1.7697977 -0.0631424 -0.4530494
v 1.8124310 -0.0631438 -0.5825401
v 1.8111242 -0.0644842 -0.5795760
v 1.7763211 -0.0631438 -0.5820028
v 1.7775217 -0.0644842 -0.5790759
v 1.7763211 -0.0631438 -0.5820028
v 1.7775217 -0.0644842 -0.5790759
v 1.7691608 -0.0631442 -0.5752922
v 1.7717482 -0.0644842 -0.5736650
v 1.8124206 -0.0335401 -0.5776563
v 1.7808337 -0.0335401 -0.5772879
v 1.8189753 -0.0335401 -0.5717811
v 1.7750590 -0.0335401 -0.5727369
v 1.7723808 -0.0335401 -0.5649581
v 1.8197417 -0.0335401 -0.5162084
v 1.7708368 -0.0335401 -0.5168549
v 1.8168326 -0.0335401 -0.4490186
v 1.7704806 -0.0335401 -0.4632910
v 1.7746893 -0.0335401 -0.4562847
v 1.8123948 -0.0335401 -0.4464582
v 1.2582660 -0.0370753 -0.4980960
v 1.2578912 -0.0359759 -0.5699026
v 1.2601138 -0.0636805 -0.4986213
v 1.2597934 -0.0636804 -0.5699608
v 1.3185203 -0.0636803 -0.4993937
v 1.3146428 -0.0636803 -0.5615403
v 1.3170352 -0.0365172 -0.4988661
v 1.3131078 -0.0358861 -0.5614251
v 1.2642580 -0.0631376 -0.4331835
v 1.2636086 -0.0582399 -0.4310247
v 1.2619281 -0.0636835 -0.4635053
v 1.3199637 -0.0636802 -0.4481850
v 1.3185203 -0.0636803 -0.4993937
v 1.3185099 -0.0370920 -0.4473288
v 1.3170352 -0.0365172 -0.4988661
v 1.2718868 -0.0581620 -0.4258258
v 1.2636086 -0.0582399 -0.4310247
v 1.2725332 -0.0631508 -0.4280050
v 1.2642580 -0.0631376 -0.4331835
v 1.2725332 -0.0631508 -0.4280050
v 1.3140504 -0.0636791 -0.4383404
v 1.2718868 -0.0581620 -0.4258258
v 1.3125577 -0.0370920 -0.4374196
v 1.2705780 -0.0381688 -0.4266238
v 1.2718868 -0.0581620 -0.4258258
v 1.3125577 -0.0370920 -0.4374196
v 1.3185099 -0.0370920 -0.4473288
v 1.3125577 -0.0370920 -0.4374196
v 1.3199637 -0.0636802 -0.4481850
v 1.3140504 -0.0636791 -0.4383404
v 1.2628123 -0.0335401 -0.5678391
v 1.2578912 -0.0359759 -0.5699026
v 1.2631249 -0.0335401 -0.4981140
v 1.2582660 -0.0370753 -0.4980960
v 1.2631249 -0.0335401 -0.4981140
v 1.2582660 -0.0370753 -0.4980960
v 1.2669893 -0.0335401 -0.4342369
v 1.2622911 -0.0389692 -0.4318645
v 1.3131078 -0.0358861 -0.5614251
v 1.3080607 -0.0335401 -0.5599476
v 1.3170352 -0.0365172 -0.4988661
v 1.3118957 -0.0335401 -0.4987605
v 1.3170352 -0.0365172 -0.4988661
v 1.3118957 -0.0335401 -0.4987605
v 1.3185099 -0.0370920 -0.4473288
v 1.3133413 -0.0335401 -0.4485092
v 1.2714272 -0.0335401 -0.4316765
v 1.2705780 -0.0381688 -0.4266238
v 1.3091329 -0.0335401 -0.4415030
v 1.3125577 -0.0370920 -0.4374196
v 1.2705780 -0.0381688 -0.4266238
v 1.2714272 -0.0335401 -0.4316765
v 1.2622911 -0.0389692 -0.4318645
v 1.2669893 -0.0335401 -0.4342369
v 1.3091329 -0.0335401 -0.4415030
v 1.3125577 -0.0370920 -0.4374196
v 1.3133413 -0.0335401 -0.4485092
v 1.3185099 -0.0370920 -0.4473288
v 1.2705780 -0.0381688 -0.4266238
v 1.2622911 -0.0389692 -0.4318645
v 1.2718868 -0.0581620 -0.4258258
v 1.2636086 -0.0582399 -0.4310247
v 1.2582660 -0.0370753 -0.4980960
v 1.2595535 -0.0485552 -0.4652318
v 1.2622911 -0.0389692 -0.4318645
v 1.2595535 -0.0485552 -0.4652318
v 1.2636086 -0.0582399 -0.4310247
v 1.2622911 -0.0389692 -0.4318645
v 1.2619281 -0.0636835 -0.4635053
v 1.2595535 -0.0485552 -0.4652318
v 1.2601138 -0.0636805 -0.4986213
v 1.2595535 -0.0485552 -0.4652318
v 1.2582660 -0.0370753 -0.4980960
v 1.2601138 -0.0636805 -0.4986213
v 1.2636086 -0.0582399 -0.4310247
v 1.2595535 -0.0485552 -0.4652318
v 1.2619281 -0.0636835 -0.4635053
v 1.3128820 -0.0644842 -0.4399005
v 1.2636760 -0.0644842 -0.4634408
v 1.3181429 -0.0644842 -0.4486618
v 1.2729717 -0.0644842 -0.4302557
v 1.2620324 -0.0644842 -0.4987055
v 1.3167144 -0.0644842 -0.4993350
v 1.2661716 -0.0644842 -0.4345196
v 1.2617159 -0.0644842 -0.5692018
v 1.2701870 -0.0644842 -0.5767948
v 1.3027519 -0.0644842 -0.5762816
v 1.3097692 -0.0644842 -0.5693152
v 1.3128556 -0.0644842 -0.5611838
v 1.2597934 -0.0636804 -0.5699608
v 1.2617159 -0.0644842 -0.5692018
v 1.2601138 -0.0636805 -0.4986213
v 1.2620324 -0.0644842 -0.4987055
v 1.2601138 -0.0636805 -0.4986213
v 1.2620324 -0.0644842 -0.4987055
v 1.2619281 -0.0636835 -0.4635053
v 1.2636760 -0.0644842 -0.4634408
v 1.3128556 -0.0644842 -0.5611838
v 1.3146428 -0.0636803 -0.5615403
v 1.3167144 -0.0644842 -0.4993350
v 1.3185203 -0.0636803 -0.4993937
v 1.3167144 -0.0644842 -0.4993350
v 1.3185203 -0.0636803 -0.4993937
v 1.3181429 -0.0644842 -0.4486618
v 1.3199637 -0.0636802 -0.4481850
v 1.2619281 -0.0636835 -0.4635053
v 1.2636760 -0.0644842 -0.4634408
v 1.2642580 -0.0631376 -0.4331835
v 1.2661716 -0.0644842 -0.4345196
v 1.3181429 -0.0644842 -0.4486618
v 1.3199637 -0.0636802 -0.4481850
v 1.3128820 -0.0644842 -0.4399005
v 1.3140504 -0.0636791 -0.4383404
v 1.2642580 -0.0631376 -0.4331835
v 1.2661716 -0.0644842 -0.4345196
v 1.2725332 -0.0631508 -0.4280050
v 1.2729717 -0.0644842 -0.4302557
v 1.2725332 -0.0631508 -0.4280050
v 1.2729717 -0.0644842 -0.4302557
v 1.3140504 -0.0636791 -0.4383404
v 1.3128820 -0.0644842 -0.4399005
v 1.3118957 -0.0335401 -0.4987605
v 1.2631249 -0.0335401 -0.4981140
v 1.3133413 -0.0335401 -0.4485092
v 1.2669893 -0.0335401 -0.4342369
v 1.3091329 -0.0335401 -0.4415030
v 1.2714272 -0.0335401 -0.4316765
v 1.2618535 -0.0373224 -0.3975555
v 1.2750271 -0.0509453 -0.3691953
v 1.2769317 -0.0373224 -0.3726713
v 1.3244435 -0.0636800 -0.4254403
v 1.3205141 -0.0636800 -0.4414083
v 1.3230275 -0.0373224 -0.4243671
v 1.3190726 -0.0373224 -0.4404393
v 1.2954890 -0.0373224 -0.4431070
v 1.3082808 -0.0373224 -0.4433594
v 1.2970836 -0.0636800 -0.4440587
v 1.3097925 -0.0636800 -0.4443095
v 1.2618006 -0.0361191 -0.4218539
v 1.2604645 -0.0512204 -0.4223638
v 1.2618535 -0.0373224 -0.3975555
v 1.3061415 -0.0378426 -0.3818429
v 1.2865222 -0.0378426 -0.3709547
v 1.3076748 -0.0636800 -0.3830853
v 1.2856659 -0.0636810 -0.3684234
v 1.3230275 -0.0373224 -0.4243671
v 1.3261796 -0.0373224 -0.4092325
v 1.3244435 -0.0636800 -0.4254403
v 1.3275753 -0.0636800 -0.4104039
v 1.2667379 -0.0360884 -0.4351748
v 1.2954890 -0.0373224 -0.4431070
v 1.2685754 -0.0636800 -0.4362098
v 1.2970836 -0.0636800 -0.4440587
v 1.3230905 -0.0373224 -0.3965698
v 1.3061415 -0.0378426 -0.3818429
v 1.3245062 -0.0636800 -0.3978154
v 1.3076748 -0.0636800 -0.3830853
v 1.3074415 -0.0335401 -0.4381535
v 1.2954647 -0.0335401 -0.4378341
v 1.3142586 -0.0335401 -0.4363087
v 1.2703363 -0.0335401 -0.4308247
v 1.3179482 -0.0335401 -0.4219584
v 1.2671439 -0.0335401 -0.4207642
v 1.3205204 -0.0335401 -0.4090083
v 1.2666253 -0.0335401 -0.3995570
v 1.3042775 -0.0335401 -0.3869368
v 1.3181092 -0.0335401 -0.3991256
v 1.2806097 -0.0335401 -0.3770257
v 1.2851004 -0.0335401 -0.3762111
v 1.2769317 -0.0373224 -0.3726713
v 1.2750271 -0.0509453 -0.3691953
v 1.2865222 -0.0378426 -0.3709547
v 1.3082808 -0.0373224 -0.4433594
v 1.3190726 -0.0373224 -0.4404393
v 1.3097925 -0.0636800 -0.4443095
v 1.3205141 -0.0636800 -0.4414083
v 1.3261796 -0.0373224 -0.4092325
v 1.3230905 -0.0373224 -0.3965698
v 1.3275753 -0.0636800 -0.4104039
v 1.3245062 -0.0636800 -0.3978154
v 1.3179482 -0.0335401 -0.4219584
v 1.3230275 -0.0373224 -0.4243671
v 1.3142586 -0.0335401 -0.4363087
v 1.3190726 -0.0373224 -0.4404393
v 1.3230275 -0.0373224 -0.4243671
v 1.3179482 -0.0335401 -0.4219584
v 1.3261796 -0.0373224 -0.4092325
v 1.3205204 -0.0335401 -0.4090083
v 1.3261796 -0.0373224 -0.4092325
v 1.3205204 -0.0335401 -0.4090083
v 1.3230905 -0.0373224 -0.3965698
v 1.3181092 -0.0335401 -0.3991256
v 1.2618535 -0.0373224 -0.3975555
v 1.2666253 -0.0335401 -0.3995570
v 1.2618006 -0.0361191 -0.4218539
v 1.2671439 -0.0335401 -0.4207642
v 1.2666253 -0.0335401 -0.3995570
v 1.2618535 -0.0373224 -0.3975555
v 1.2806097 -0.0335401 -0.3770257
v 1.2769317 -0.0373224 -0.3726713
v 1.2618006 -0.0361191 -0.4218539
v 1.2671439 -0.0335401 -0.4207642
v 1.2667379 -0.0360884 -0.4351748
v 1.2703363 -0.0335401 -0.4308247
v 1.3074415 -0.0335401 -0.4381535
v 1.3082808 -0.0373224 -0.4433594
v 1.2954647 -0.0335401 -0.4378341
v 1.2954890 -0.0373224 -0.4431070
v 1.3082808 -0.0373224 -0.4433594
v 1.3074415 -0.0335401 -0.4381535
v 1.3190726 -0.0373224 -0.4404393
v 1.3142586 -0.0335401 -0.4363087
v 1.2954647 -0.0335401 -0.4378341
v 1.2954890 -0.0373224 -0.4431070
v 1.2703363 -0.0335401 -0.4308247
v 1.2667379 -0.0360884 -0.4351748
v 1.2806097 -0.0335401 -0.3770257
v 1.2769317 -0.0373224 -0.3726713
v 1.2851004 -0.0335401 -0.3762111
v 1.2865222 -0.0378426 -0.3709547
v 1.2851004 -0.0335401 -0.3762111
v 1.2865222 -0.0378426 -0.3709547
v 1.3042775 -0.0335401 -0.3869368
v 1.3061415 -0.0378426 -0.3818429
v 1.3042775 -0.0335401 -0.3869368
v 1.3061415 -0.0378426 -0.3818429
v 1.3181092 -0.0335401 -0.3991256
v 1.3230905 -0.0373224 -0.3965698
v 1.2618535 -0.0373224 -0.3975555
v 1.2604645 -0.0512204 -0.4223638
v 1.2636661 -0.0636800 -0.3988026
v 1.2614932 -0.0636800 -0.4229771
v 1.2750271 -0.0509453 -0.3691953
v 1.2618535 -0.0373224 -0.3975555
v 1.2761332 -0.0636800 -0.3700039
v 1.2636661 -0.0636800 -0.3988026
v 1.2865222 -0.0378426 -0.3709547
v 1.2750271 -0.0509453 -0.3691953
v 1.2856659 -0.0636810 -0.3684234
v 1.2761332 -0.0636800 -0.3700039
v 1.2667379 -0.0360884 -0.4351748
v 1.2604645 -0.0512204 -0.4223638
v 1.2618006 -0.0361191 -0.4218539
v 1.2604645 -0.0512204 -0.4223638
v 1.2682185 -0.0637595 -0.4355350
v 1.2614932 -0.0636800 -0.4229771
v 1.2604645 -0.0512204 -0.4223638
v 1.2685754 -0.0636800 -0.4362098
v 1.2667379 -0.0360884 -0.4351748
v 1.2775220 -0.0644842 -0.3715982
v 1.2655399 -0.0644842 -0.3992641
v 1.2852165 -0.0644842 -0.3702024
v 1.2634365 -0.0644842 -0.4226640
v 1.3065631 -0.0644842 -0.3844943
v 1.2699152 -0.0644842 -0.4347689
v 1.2974175 -0.0644842 -0.4423409
v 1.3096058 -0.0644842 -0.4425814
v 1.3226929 -0.0644842 -0.4250854
v 1.3257214 -0.0644842 -0.4104057
v 1.3228860 -0.0644842 -0.3987759
v 1.3189543 -0.0644842 -0.4400518
v 1.3244435 -0.0636800 -0.4254403
v 1.3226929 -0.0644842 -0.4250854
v 1.3205141 -0.0636800 -0.4414083
v 1.3189543 -0.0644842 -0.4400518
v 1.3226929 -0.0644842 -0.4250854
v 1.3244435 -0.0636800 -0.4254403
v 1.3257214 -0.0644842 -0.4104057
v 1.3275753 -0.0636800 -0.4104039
v 1.3257214 -0.0644842 -0.4104057
v 1.3275753 -0.0636800 -0.4104039
v 1.3228860 -0.0644842 -0.3987759
v 1.3245062 -0.0636800 -0.3978154
v 1.2655399 -0.0644842 -0.3992641
v 1.2636661 -0.0636800 -0.3988026
v 1.2634365 -0.0644842 -0.4226640
v 1.2614932 -0.0636800 -0.4229771
v 1.2636661 -0.0636800 -0.3988026
v 1.2655399 -0.0644842 -0.3992641
v 1.2761332 -0.0636800 -0.3700039
v 1.2775220 -0.0644842 -0.3715982
v 1.2634365 -0.0644842 -0.4226640
v 1.2614932 -0.0636800 -0.4229771
v 1.2699152 -0.0644842 -0.4347689
v 1.2682185 -0.0637595 -0.4355350
v 1.3205141 -0.0636800 -0.4414083
v 1.3189543 -0.0644842 -0.4400518
v 1.3097925 -0.0636800 -0.4443095
v 1.3096058 -0.0644842 -0.4425814
v 1.3097925 -0.0636800 -0.4443095
v 1.3096058 -0.0644842 -0.4425814
v 1.2970836 -0.0636800 -0.4440587
v 1.2974175 -0.0644842 -0.4423409
v 1.2970836 -0.0636800 -0.4440587
v 1.2974175 -0.0644842 -0.4423409
v 1.2685754 -0.0636800 -0.4362098
v 1.2699152 -0.0644842 -0.4347689
v 1.2761332 -0.0636800 -0.3700039
v 1.2775220 -0.0644842 -0.3715982
v 1.2856659 -0.0636810 -0.3684234
v 1.2852165 -0.0644842 -0.3702024
v 1.2856659 -0.0636810 -0.3684234
v 1.2852165 -0.0644842 -0.3702024
v 1.3076748 -0.0636800 -0.3830853
v 1.3065631 -0.0644842 -0.3844943
v 1.3076748 -0.0636800 -0.3830853
v 1.3065631 -0.0644842 -0.3844943
v 1.3245062 -0.0636800 -0.3978154
v 1.3228860 -0.0644842 -0.3987759
v 1.2685754 -0.0636800 -0.4362098
v 1.2699152 -0.0644842 -0.4347689
v 1.2682185 -0.0637595 -0.4355350
v 1.2844210 -0.0636800 -0.3579134
v 1.2893339 -0.0636800 -0.3500185
v 1.2827504 -0.0374755 -0.3564054
v 1.2882258 -0.0490436 -0.3489640
v 1.3261732 -0.0374755 -0.3961982
v 1.3365713 -0.0374755 -0.3950940
v 1.3275633 -0.0636800 -0.3974492
v 1.3378943 -0.0636800 -0.3963520
v 1.3365713 -0.0374755 -0.3950940
v 1.3541147 -0.0374755 -0.3809256
v 1.3378943 -0.0636800 -0.3963520
v 1.3568071 -0.0636800 -0.3829220
v 1.2818905 -0.0374755 -0.3641850
v 1.3261732 -0.0374755 -0.3961982
v 1.2835667 -0.0636800 -0.3656427
v 1.3275633 -0.0636800 -0.3974492
v 1.3511783 -0.0374755 -0.3304216
v 1.3528915 -0.0443907 -0.3290539
v 1.3577308 -0.0374755 -0.3716154
v 1.3607527 -0.0644842 -0.3763427
v 1.3568071 -0.0636800 -0.3829220
v 1.3577308 -0.0374755 -0.3716154
v 1.3541147 -0.0374755 -0.3809256
v 1.2827504 -0.0374755 -0.3564054
v 1.2818905 -0.0374755 -0.3641850
v 1.2844210 -0.0636800 -0.3579134
v 1.2835667 -0.0636800 -0.3656427
v 1.3511783 -0.0374755 -0.3304216
v 1.3443741 -0.0367481 -0.3260610
v 1.3528915 -0.0443907 -0.3290539
v 1.3457510 -0.0449204 -0.3247541
v 1.2879267 -0.0335401 -0.3585469
v 1.3104127 -0.0335401 -0.3421744
v 1.2875709 -0.0335401 -0.3617658
v 1.3329354 -0.0335401 -0.3907624
v 1.3518232 -0.0335401 -0.3653922
v 1.3430826 -0.0335401 -0.3315486
v 1.3277651 -0.0335401 -0.3905486
v 1.3492738 -0.0335401 -0.3776420
v 1.3458296 -0.0335401 -0.3333021
v 1.3068131 -0.0367481 -0.3381359
v 1.3104127 -0.0335401 -0.3421744
v 1.2827504 -0.0374755 -0.3564054
v 1.2879267 -0.0335401 -0.3585469
v 1.2827504 -0.0374755 -0.3564054
v 1.2879267 -0.0335401 -0.3585469
v 1.2818905 -0.0374755 -0.3641850
v 1.2875709 -0.0335401 -0.3617658
v 1.3277651 -0.0335401 -0.3905486
v 1.3261732 -0.0374755 -0.3961982
v 1.2875709 -0.0335401 -0.3617658
v 1.2818905 -0.0374755 -0.3641850
v 1.3261732 -0.0374755 -0.3961982
v 1.3277651 -0.0335401 -0.3905486
v 1.3365713 -0.0374755 -0.3950940
v 1.3329354 -0.0335401 -0.3907624
v 1.3365713 -0.0374755 -0.3950940
v 1.3329354 -0.0335401 -0.3907624
v 1.3541147 -0.0374755 -0.3809256
v 1.3492738 -0.0335401 -0.3776420
v 1.3541147 -0.0374755 -0.3809256
v 1.3492738 -0.0335401 -0.3776420
v 1.3577308 -0.0374755 -0.3716154
v 1.3518232 -0.0335401 -0.3653922
v 1.3104127 -0.0335401 -0.3421744
v 1.3068131 -0.0367481 -0.3381359
v 1.3430826 -0.0335401 -0.3315486
v 1.3443741 -0.0367481 -0.3260610
v 1.3577308 -0.0374755 -0.3716154
v 1.3518232 -0.0335401 -0.3653922
v 1.3511783 -0.0374755 -0.3304216
v 1.3458296 -0.0335401 -0.3333021
v 1.3430826 -0.0335401 -0.3315486
v 1.3443741 -0.0367481 -0.3260610
v 1.3458296 -0.0335401 -0.3333021
v 1.3511783 -0.0374755 -0.3304216
v 1.2827504 -0.0374755 -0.3564054
v 1.2882258 -0.0490436 -0.3489640
v 1.3068131 -0.0367481 -0.3381359
v 1.3443741 -0.0367481 -0.3260610
v 1.3245685 -0.0445914 -0.3261218
v 1.3457510 -0.0449204 -0.3247541
v 1.3254936 -0.0636800 -0.3272746
v 1.3467715 -0.0636800 -0.3261369
v 1.3528915 -0.0443907 -0.3290539
v 1.3457510 -0.0449204 -0.3247541
v 1.3559509 -0.0636800 -0.3313796
v 1.3467715 -0.0636800 -0.3261369
v 1.3577308 -0.0374755 -0.3716154
v 1.3528915 -0.0443907 -0.3290539
v 1.3607527 -0.0644842 -0.3763427
v 1.3559509 -0.0636800 -0.3313796
v 1.2855655 -0.0644842 -0.3648923
v 1.3281384 -0.0644842 -0.3956697
v 1.2862688 -0.0644842 -0.3585298
v 1.2907244 -0.0644842 -0.3513698
v 1.3315731 -0.0644842 -0.3294121
v 1.3371762 -0.0644842 -0.3947098
v 1.3552871 -0.0644842 -0.3819270
v 1.3585933 -0.0644842 -0.3759553
v 1.3463388 -0.0644842 -0.3280048
v 1.3543982 -0.0644842 -0.3327545
v 1.2907244 -0.0644842 -0.3513698
v 1.2893339 -0.0636800 -0.3500185
v 1.2862688 -0.0644842 -0.3585298
v 1.2844210 -0.0636800 -0.3579134
v 1.2893339 -0.0636800 -0.3500185
v 1.2907244 -0.0644842 -0.3513698
v 1.3254936 -0.0636800 -0.3272746
v 1.3315731 -0.0644842 -0.3294121
v 1.2862688 -0.0644842 -0.3585298
v 1.2844210 -0.0636800 -0.3579134
v 1.2855655 -0.0644842 -0.3648923
v 1.2835667 -0.0636800 -0.3656427
v 1.3281384 -0.0644842 -0.3956697
v 1.3275633 -0.0636800 -0.3974492
v 1.3371762 -0.0644842 -0.3947098
v 1.3378943 -0.0636800 -0.3963520
v 1.3275633 -0.0636800 -0.3974492
v 1.3281384 -0.0644842 -0.3956697
v 1.2835667 -0.0636800 -0.3656427
v 1.2855655 -0.0644842 -0.3648923
v 1.3371762 -0.0644842 -0.3947098
v 1.3378943 -0.0636800 -0.3963520
v 1.3552871 -0.0644842 -0.3819270
v 1.3568071 -0.0636800 -0.3829220
v 1.3552871 -0.0644842 -0.3819270
v 1.3568071 -0.0636800 -0.3829220
v 1.3585933 -0.0644842 -0.3759553
v 1.3607527 -0.0644842 -0.3763427
v 1.3254936 -0.0636800 -0.3272746
v 1.3315731 -0.0644842 -0.3294121
v 1.3467715 -0.0636800 -0.3261369
v 1.3463388 -0.0644842 -0.3280048
v 1.3585933 -0.0644842 -0.3759553
v 1.3607527 -0.0644842 -0.3763427
v 1.3543982 -0.0644842 -0.3327545
v 1.3559509 -0.0636800 -0.3313796
v 1.3467715 -0.0636800 -0.3261369
v 1.3463388 -0.0644842 -0.3280048
v 1.3559509 -0.0636800 -0.3313796
v 1.3543982 -0.0644842 -0.3327545
v 1.3068131 -0.0367481 -0.3381359
v 1.3118221 -0.0420975 -0.3333422
v 1.3443741 -0.0367481 -0.3260610
v 1.3245685 -0.0445914 -0.3261218
v 1.2893339 -0.0636800 -0.3500185
v 1.3254936 -0.0636800 -0.3272746
v 1.2882258 -0.0490436 -0.3489640
v 1.3245685 -0.0445914 -0.3261218
v 1.3118221 -0.0420975 -0.3333422
v 1.3068131 -0.0367481 -0.3381359
v 1.4076844 -0.0374755 -0.3165054
v 1.4083010 -0.0374755 -0.3739927
v 1.4085287 -0.0631440 -0.3181379
v 1.4091372 -0.0631439 -0.3753486
v 1.4146505 -0.0374755 -0.3794273
v 1.4261270 -0.0374755 -0.3806005
v 1.4154070 -0.0631441 -0.3807526
v 1.4267982 -0.0631443 -0.3819167
v 1.4083010 -0.0374755 -0.3739927
v 1.4146505 -0.0374755 -0.3794273
v 1.4091372 -0.0631439 -0.3753486
v 1.4154070 -0.0631441 -0.3807526
v 1.4872790 -0.0374755 -0.3090677
v 1.4350442 -0.0374755 -0.3090677
v 1.4876204 -0.0631445 -0.3107472
v 1.4357161 -0.0631446 -0.3107472
v 1.4115833 -0.0374755 -0.3119806
v 1.4076844 -0.0374755 -0.3165054
v 1.4124029 -0.0631447 -0.3136417
v 1.4085287 -0.0631440 -0.3181379
v 1.4939276 -0.0374755 -0.3730104
v 1.4937213 -0.0374755 -0.3119526
v 1.4942273 -0.0631439 -0.3743793
v 1.4940222 -0.0631438 -0.3136139
v 1.4937213 -0.0374755 -0.3119526
v 1.4872790 -0.0374755 -0.3090677
v 1.4940222 -0.0631438 -0.3136139
v 1.4876204 -0.0631445 -0.3107472
v 1.4879294 -0.0374755 -0.3795875
v 1.4939276 -0.0374755 -0.3730104
v 1.4882671 -0.0631443 -0.3809149
v 1.4942273 -0.0631439 -0.3743793
v 1.4882671 -0.0631443 -0.3809149
v 1.4267982 -0.0631443 -0.3819167
v 1.4879294 -0.0374755 -0.3795875
v 1.4261270 -0.0374755 -0.3806005
v 1.4124029 -0.0631447 -0.3136417
v 1.4357161 -0.0631446 -0.3107472
v 1.4115833 -0.0374755 -0.3119806
v 1.4350442 -0.0374755 -0.3090677
v 1.4276525 -0.0335401 -0.3751580
v 1.4156195 -0.0335401 -0.3164632
v 1.4349742 -0.0335401 -0.3142016
v 1.4136543 -0.0335401 -0.3191866
v 1.4156195 -0.0335401 -0.3164632
v 1.4141496 -0.0335401 -0.3703451
v 1.4276525 -0.0335401 -0.3751580
v 1.4141496 -0.0335401 -0.3703451
v 1.4276525 -0.0335401 -0.3751580
v 1.4174780 -0.0335401 -0.3745283
v 1.4878735 -0.0335401 -0.3710076
v 1.4849262 -0.0335401 -0.3742388
v 1.4349742 -0.0335401 -0.3142016
v 1.4876892 -0.0335401 -0.3150412
v 1.4858038 -0.0335401 -0.3141966
v 1.4141496 -0.0335401 -0.3703451
v 1.4083010 -0.0374755 -0.3739927
v 1.4136543 -0.0335401 -0.3191866
v 1.4076844 -0.0374755 -0.3165054
v 1.4083010 -0.0374755 -0.3739927
v 1.4141496 -0.0335401 -0.3703451
v 1.4146505 -0.0374755 -0.3794273
v 1.4174780 -0.0335401 -0.3745283
v 1.4136543 -0.0335401 -0.3191866
v 1.4076844 -0.0374755 -0.3165054
v 1.4156195 -0.0335401 -0.3164632
v 1.4115833 -0.0374755 -0.3119806
v 1.4146505 -0.0374755 -0.3794273
v 1.4174780 -0.0335401 -0.3745283
v 1.4261270 -0.0374755 -0.3806005
v 1.4276525 -0.0335401 -0.3751580
v 1.4261270 -0.0374755 -0.3806005
v 1.4276525 -0.0335401 -0.3751580
v 1.4879294 -0.0374755 -0.3795875
v 1.4849262 -0.0335401 -0.3742388
v 1.4156195 -0.0335401 -0.3164632
v 1.4115833 -0.0374755 -0.3119806
v 1.4349742 -0.0335401 -0.3142016
v 1.4350442 -0.0374755 -0.3090677
v 1.4349742 -0.0335401 -0.3142016
v 1.4350442 -0.0374755 -0.3090677
v 1.4858038 -0.0335401 -0.3141966
v 1.4872790 -0.0374755 -0.3090677
v 1.4876892 -0.0335401 -0.3150412
v 1.4937213 -0.0374755 -0.3119526
v 1.4878735 -0.0335401 -0.3710076
v 1.4939276 -0.0374755 -0.3730104
v 1.4937213 -0.0374755 -0.3119526
v 1.4876892 -0.0335401 -0.3150412
v 1.4872790 -0.0374755 -0.3090677
v 1.4858038 -0.0335401 -0.3141966
v 1.4878735 -0.0335401 -0.3710076
v 1.4939276 -0.0374755 -0.3730104
v 1.4849262 -0.0335401 -0.3742388
v 1.4879294 -0.0374755 -0.3795875
v 1.4868405 -0.0644842 -0.3137919
v 1.4359888 -0.0644842 -0.3137919
v 1.4907065 -0.0644842 -0.3155229
v 1.4142787 -0.0644842 -0.3164873
v 1.4269997 -0.0644842 -0.3790431
v 1.4908987 -0.0644842 -0.3734258
v 1.4119335 -0.0644842 -0.3192090
v 1.4169702 -0.0644842 -0.3780181
v 1.4866624 -0.0644842 -0.3780710
v 1.4125096 -0.0644842 -0.3741719
v 1.4125096 -0.0644842 -0.3741719
v 1.4091372 -0.0631439 -0.3753486
v 1.4169702 -0.0644842 -0.3780181
v 1.4154070 -0.0631441 -0.3807526
v 1.4091372 -0.0631439 -0.3753486
v 1.4125096 -0.0644842 -0.3741719
v 1.4085287 -0.0631440 -0.3181379
v 1.4119335 -0.0644842 -0.3192090
v 1.4085287 -0.0631440 -0.3181379
v 1.4119335 -0.0644842 -0.3192090
v 1.4124029 -0.0631447 -0.3136417
v 1.4142787 -0.0644842 -0.3164873
v 1.4169702 -0.0644842 -0.3780181
v 1.4154070 -0.0631441 -0.3807526
v 1.4269997 -0.0644842 -0.3790431
v 1.4267982 -0.0631443 -0.3819167
v 1.4269997 -0.0644842 -0.3790431
v 1.4267982 -0.0631443 -0.3819167
v 1.4866624 -0.0644842 -0.3780710
v 1.4882671 -0.0631443 -0.3809149
v 1.4124029 -0.0631447 -0.3136417
v 1.4142787 -0.0644842 -0.3164873
v 1.4357161 -0.0631446 -0.3107472
v 1.4359888 -0.0644842 -0.3137919
v 1.4357161 -0.0631446 -0.3107472
v 1.4359888 -0.0644842 -0.3137919
v 1.4876204 -0.0631445 -0.3107472
v 1.4868405 -0.0644842 -0.3137919
v 1.4907065 -0.0644842 -0.3155229
v 1.4940222 -0.0631438 -0.3136139
v 1.4868405 -0.0644842 -0.3137919
v 1.4876204 -0.0631445 -0.3107472
v 1.4940222 -0.0631438 -0.3136139
v 1.4907065 -0.0644842 -0.3155229
v 1.4942273 -0.0631439 -0.3743793
v 1.4908987 -0.0644842 -0.3734258
v 1.4942273 -0.0631439 -0.3743793
v 1.4908987 -0.0644842 -0.3734258
v 1.4882671 -0.0631443 -0.3809149
v 1.4866624 -0.0644842 -0.3780710
v 1.5652940 -0.0631443 -0.3812398
v 1.5025820 -0.0631443 -0.3812398
v 1.5654456 -0.0374755 -0.3799145
v 1.5023358 -0.0374755 -0.3799145
v 1.4939276 -0.0374755 -0.3734262
v 1.5023358 -0.0374755 -0.3799145
v 1.4942273 -0.0631438 -0.3747925
v 1.5025820 -0.0631443 -0.3812398
v 1.5654456 -0.0374755 -0.3799145
v 1.5807266 -0.0374755 -0.3761348
v 1.5652940 -0.0631443 -0.3812398
v 1.5804785 -0.0631441 -0.3774840
v 1.5807266 -0.0374755 -0.3761348
v 1.5889972 -0.0374755 -0.3670121
v 1.5804785 -0.0631441 -0.3774840
v 1.5886969 -0.0631438 -0.3684188
v 1.5889972 -0.0374755 -0.3670121
v 1.5896168 -0.0374755 -0.3139931
v 1.5886969 -0.0631438 -0.3684188
v 1.5893122 -0.0631439 -0.3156415
v 1.5896168 -0.0374755 -0.3139931
v 1.5813149 -0.0374755 -0.3090677
v 1.5893122 -0.0631439 -0.3156415
v 1.5810631 -0.0631446 -0.3107472
v 1.4939276 -0.0374755 -0.3139659
v 1.4939276 -0.0374755 -0.3734262
v 1.4942273 -0.0631439 -0.3156145
v 1.4942273 -0.0631438 -0.3747925
v 1.5013329 -0.0374755 -0.3090677
v 1.4939276 -0.0374755 -0.3139659
v 1.5015859 -0.0631446 -0.3107472
v 1.4942273 -0.0631439 -0.3156145
v 1.5045700 -0.0335401 -0.3744711
v 1.5023358 -0.0374755 -0.3799145
v 1.4999112 -0.0335401 -0.3708762
v 1.4939276 -0.0374755 -0.3734262
v 1.5023358 -0.0374755 -0.3799145
v 1.5045700 -0.0335401 -0.3744711
v 1.5654456 -0.0374755 -0.3799145
v 1.5646338 -0.0335401 -0.3744711
v 1.5654456 -0.0374755 -0.3799145
v 1.5646338 -0.0335401 -0.3744711
v 1.5807266 -0.0374755 -0.3761348
v 1.5772641 -0.0335401 -0.3713472
v 1.4999112 -0.0335401 -0.3708762
v 1.4939276 -0.0374755 -0.3734262
v 1.4999112 -0.0335401 -0.3164458
v 1.4939276 -0.0374755 -0.3139659
v 1.5807266 -0.0374755 -0.3761348
v 1.5772641 -0.0335401 -0.3713472
v 1.5889972 -0.0374755 -0.3670121
v 1.5830437 -0.0335401 -0.3649718
v 1.5889972 -0.0374755 -0.3670121
v 1.5830437 -0.0335401 -0.3649718
v 1.5896168 -0.0374755 -0.3139931
v 1.5835879 -0.0335401 -0.3166180
v 1.5896168 -0.0374755 -0.3139931
v 1.5835879 -0.0335401 -0.3166180
v 1.5813149 -0.0374755 -0.3090677
v 1.5795063 -0.0335401 -0.3141966
v 1.5202120 -0.0374755 -0.3090677
v 1.5212966 -0.0346278 -0.3141966
v 1.5013329 -0.0374755 -0.3090677
v 1.5033116 -0.0335401 -0.3141966
v 1.5013329 -0.0374755 -0.3090677
v 1.5033116 -0.0335401 -0.3141966
v 1.4939276 -0.0374755 -0.3139659
v 1.4999112 -0.0335401 -0.3164458
v 1.5015859 -0.0631446 -0.3107472
v 1.5203459 -0.0631446 -0.3107472
v 1.5013329 -0.0374755 -0.3090677
v 1.5202120 -0.0374755 -0.3090677
v 1.5579857 -0.0631446 -0.3107472
v 1.5580908 -0.0374755 -0.3090677
v 1.5810631 -0.0631446 -0.3107472
v 1.5813149 -0.0374755 -0.3090677
v 1.5813149 -0.0374755 -0.3090677
v 1.5795063 -0.0335401 -0.3141966
v 1.5580908 -0.0374755 -0.3090677
v 1.5573820 -0.0346278 -0.3141966
v 1.5580908 -0.0374755 -0.3090677
v 1.5573820 -0.0346278 -0.3141966
v 1.5202120 -0.0374755 -0.3090677
v 1.5212966 -0.0346278 -0.3141966
v 1.5795063 -0.0335401 -0.3141966
v 1.5830437 -0.0335401 -0.3649718
v 1.5573820 -0.0346278 -0.3141966
v 1.5772641 -0.0335401 -0.3713472
v 1.5045700 -0.0335401 -0.3744711
v 1.5646338 -0.0335401 -0.3744711
v 1.5033116 -0.0335401 -0.3141966
v 1.5212966 -0.0346278 -0.3141966
v 1.4999112 -0.0335401 -0.3164458
v 1.5045700 -0.0335401 -0.3744711
v 1.4999112 -0.0335401 -0.3708762
v 1.5573820 -0.0346278 -0.3141966
v 1.5795063 -0.0335401 -0.3141966
v 1.5835879 -0.0335401 -0.3166180
v 1.5830437 -0.0335401 -0.3649718
v 1.5859277 -0.0644842 -0.3172914
v 1.5800295 -0.0644842 -0.3137919
v 1.5853547 -0.0644842 -0.3674489
v 1.5579796 -0.0644842 -0.3137919
v 1.5785261 -0.0644842 -0.3749810
v 1.5203539 -0.0644842 -0.3137919
v 1.5648254 -0.0644842 -0.3783698
v 1.5027147 -0.0644842 -0.3137919
v 1.5038521 -0.0644842 -0.3783698
v 1.4975866 -0.0644842 -0.3735346
v 1.4975866 -0.0644842 -0.3171838
v 1.5038521 -0.0644842 -0.3783698
v 1.5025820 -0.0631443 -0.3812398
v 1.5648254 -0.0644842 -0.3783698
v 1.5652940 -0.0631443 -0.3812398
v 1.5025820 -0.0631443 -0.3812398
v 1.5038521 -0.0644842 -0.3783698
v 1.4942273 -0.0631438 -0.3747925
v 1.4975866 -0.0644842 -0.3735346
v 1.5648254 -0.0644842 -0.3783698
v 1.5652940 -0.0631443 -0.3812398
v 1.5785261 -0.0644842 -0.3749810
v 1.5804785 -0.0631441 -0.3774840
v 1.5027147 -0.0644842 -0.3137919
v 1.5015859 -0.0631446 -0.3107472
v 1.4975866 -0.0644842 -0.3171838
v 1.4942273 -0.0631439 -0.3156145
v 1.4942273 -0.0631438 -0.3747925
v 1.4975866 -0.0644842 -0.3735346
v 1.4942273 -0.0631439 -0.3156145
v 1.4975866 -0.0644842 -0.3171838
v 1.5785261 -0.0644842 -0.3749810
v 1.5804785 -0.0631441 -0.3774840
v 1.5853547 -0.0644842 -0.3674489
v 1.5886969 -0.0631438 -0.3684188
v 1.5853547 -0.0644842 -0.3674489
v 1.5886969 -0.0631438 -0.3684188
v 1.5859277 -0.0644842 -0.3172914
v 1.5893122 -0.0631439 -0.3156415
v 1.5859277 -0.0644842 -0.3172914
v 1.5893122 -0.0631439 -0.3156415
v 1.5800295 -0.0644842 -0.3137919
v 1.5810631 -0.0631446 -0.3107472
v 1.5015859 -0.0631446 -0.3107472
v 1.5027147 -0.0644842 -0.3137919
v 1.5203459 -0.0631446 -0.3107472
v 1.5203539 -0.0644842 -0.3137919
v 1.5579857 -0.0631446 -0.3107472
v 1.5579796 -0.0644842 -0.3137919
v 1.5810631 -0.0631446 -0.3107472
v 1.5800295 -0.0644842 -0.3137919
v 1.7642453 -0.0631443 -0.6392766
v 1.7638836 -0.0631442 -0.5847709
v 1.7656756 -0.0370920 -0.6388371
v 1.7653114 -0.0370920 -0.5839816
v 1.8129911 -0.0581620 -0.5761967
v 1.8124120 -0.0626229 -0.5781362
v 1.8212697 -0.0582399 -0.5813954
v 1.8206899 -0.0626011 -0.5833088
v 1.7712636 -0.0370920 -0.5740724
v 1.7697977 -0.0631424 -0.5749248
v 1.8129911 -0.0581620 -0.5761967
v 1.8124120 -0.0626229 -0.5781362
v 1.8129911 -0.0581620 -0.5761967
v 1.8132921 -0.0370920 -0.5724509
v 1.7712636 -0.0370920 -0.5740724
v 1.7653114 -0.0370920 -0.5839816
v 1.7638836 -0.0631442 -0.5847709
v 1.7712636 -0.0370920 -0.5740724
v 1.7697977 -0.0631424 -0.5749248
v 1.7704806 -0.0335401 -0.5851664
v 1.8178944 -0.0335401 -0.5846496
v 1.7708368 -0.0335401 -0.6387303
v 1.8197417 -0.0335401 -0.6380838
v 1.8197417 -0.0335401 -0.6380838
v 1.8178944 -0.0335401 -0.5846496
v 1.8245995 -0.0370920 -0.6380596
v 1.8226804 -0.0370920 -0.5822265
v 1.7656756 -0.0370920 -0.6388371
v 1.7653114 -0.0370920 -0.5839816
v 1.7708368 -0.0335401 -0.6387303
v 1.7704806 -0.0335401 -0.5851664
v 1.8123948 -0.0335401 -0.5775355
v 1.7746893 -0.0335401 -0.5781601
v 1.8132921 -0.0370920 -0.5724509
v 1.7712636 -0.0370920 -0.5740724
v 1.8132921 -0.0370920 -0.5724509
v 1.8226804 -0.0370920 -0.5822265
v 1.8123948 -0.0335401 -0.5775355
v 1.8178944 -0.0335401 -0.5846496
v 1.7746893 -0.0335401 -0.5781601
v 1.7704806 -0.0335401 -0.5851664
v 1.7712636 -0.0370920 -0.5740724
v 1.7653114 -0.0370920 -0.5839816
v 1.8132921 -0.0370920 -0.5724509
v 1.8129911 -0.0581620 -0.5761967
v 1.8226804 -0.0370920 -0.5822265
v 1.8212697 -0.0582399 -0.5813954
v 1.8253279 -0.0485552 -0.6156251
v 1.8245995 -0.0370920 -0.6380596
v 1.8226804 -0.0370920 -0.5822265
v 1.8212697 -0.0582399 -0.5813954
v 1.8253279 -0.0485552 -0.6156251
v 1.8226804 -0.0370920 -0.5822265
v 1.8223236 -0.0631446 -0.6139218
v 1.8227934 -0.0631446 -0.6385040
v 1.8253279 -0.0485552 -0.6156251
v 1.8245995 -0.0370920 -0.6380596
v 1.8206899 -0.0626011 -0.5833088
v 1.8223236 -0.0631446 -0.6139218
v 1.8212697 -0.0582399 -0.5813954
v 1.8253279 -0.0485552 -0.6156251
v 1.8116806 -0.0644842 -0.5818845
v 1.8214496 -0.0644842 -0.6138643
v 1.8175001 -0.0644842 -0.5855329
v 1.8214496 -0.0644842 -0.6138643
v 1.8116806 -0.0644842 -0.5818845
v 1.7669008 -0.0644842 -0.5855909
v 1.7717445 -0.0644842 -0.5775222
v 1.7672576 -0.0644842 -0.6392469
v 1.7669008 -0.0644842 -0.5855909
v 1.8214496 -0.0644842 -0.6138643
v 1.8195943 -0.0644842 -0.6385724
v 1.8227934 -0.0631446 -0.6385040
v 1.8214496 -0.0644842 -0.6138643
v 1.8223236 -0.0631446 -0.6139218
v 1.7642453 -0.0631443 -0.6392766
v 1.7672576 -0.0644842 -0.6392469
v 1.7638836 -0.0631442 -0.5847709
v 1.7669008 -0.0644842 -0.5855909
v 1.8214496 -0.0644842 -0.6138643
v 1.8223236 -0.0631446 -0.6139218
v 1.8175001 -0.0644842 -0.5855329
v 1.8206899 -0.0626011 -0.5833088
v 1.7638836 -0.0631442 -0.5847709
v 1.7669008 -0.0644842 -0.5855909
v 1.7697977 -0.0631424 -0.5749248
v 1.7717445 -0.0644842 -0.5775222
v 1.8175001 -0.0644842 -0.5855329
v 1.8206899 -0.0626011 -0.5833088
v 1.8116806 -0.0644842 -0.5818845
v 1.8124120 -0.0626229 -0.5781362
v 1.8116806 -0.0644842 -0.5818845
v 1.8124120 -0.0626229 -0.5781362
v 1.7717445 -0.0644842 -0.5775222
v 1.7697977 -0.0631424 -0.5749248
v 1.8123948 -0.0335401 -0.5775355
v 1.8178944 -0.0335401 -0.5846496
v 1.7746893 -0.0335401 -0.5781601
v 1.7704806 -0.0335401 -0.5851664
v 1.8051744 -0.0509453 -0.3677755
v 1.8199346 -0.0373224 -0.3981087
v 1.8032626 -0.0373224 -0.3712476
v 1.7640230 -0.0631445 -0.4466086
v 1.7608712 -0.0631444 -0.4322875
v 1.7654429 -0.0373224 -0.4456949
v 1.7622715 -0.0373224 -0.4312824
v 1.7893168 -0.0373224 -0.4505755
v 1.7877452 -0.0631439 -0.4514584
v 1.7765249 -0.0373224 -0.4508280
v 1.7750344 -0.0631442 -0.4517092
v 1.8210363 -0.0512204 -0.4289837
v 1.8196404 -0.0373224 -0.4285265
v 1.8199346 -0.0373224 -0.3981087
v 1.7781211 -0.0634336 -0.3796677
v 1.7945259 -0.0631440 -0.3678511
v 1.7941384 -0.0527963 -0.3675199
v 1.7622715 -0.0373224 -0.4312824
v 1.7608712 -0.0631444 -0.4322875
v 1.7588691 -0.0373224 -0.4068935
v 1.7574910 -0.0631443 -0.4080532
v 1.8147027 -0.0373224 -0.4418456
v 1.8129703 -0.0631438 -0.4427837
v 1.7893168 -0.0373224 -0.4505755
v 1.7877452 -0.0631439 -0.4514584
v 1.7619582 -0.0373224 -0.3942307
v 1.7605605 -0.0631439 -0.3947714
v 1.7782353 -0.0373224 -0.3801850
v 1.7767067 -0.0631448 -0.3807358
v 1.7669413 -0.0335401 -0.3967851
v 1.7800796 -0.0335401 -0.3852960
v 1.7645302 -0.0335401 -0.4066677
v 1.7893420 -0.0335401 -0.4453074
v 1.7950921 -0.0335401 -0.3747865
v 1.7673522 -0.0335401 -0.4288780
v 1.7773657 -0.0335401 -0.4456267
v 1.7702577 -0.0335401 -0.4415677
v 1.8151621 -0.0335401 -0.4001106
v 1.8111604 -0.0335401 -0.4374676
v 1.7995833 -0.0335401 -0.3756011
v 1.8143527 -0.0335401 -0.4274071
v 1.8051744 -0.0509453 -0.3677755
v 1.8032626 -0.0373224 -0.3712476
v 1.7936944 -0.0373224 -0.3695119
v 1.7765249 -0.0373224 -0.4508280
v 1.7750344 -0.0631442 -0.4517092
v 1.7654429 -0.0373224 -0.4456949
v 1.7640230 -0.0631445 -0.4466086
v 1.7588691 -0.0373224 -0.4068935
v 1.7574910 -0.0631443 -0.4080532
v 1.7619582 -0.0373224 -0.3942307
v 1.7605605 -0.0631439 -0.3947714
v 1.7673522 -0.0335401 -0.4288780
v 1.7702577 -0.0335401 -0.4415677
v 1.7622715 -0.0373224 -0.4312824
v 1.7654429 -0.0373224 -0.4456949
v 1.7622715 -0.0373224 -0.4312824
v 1.7588691 -0.0373224 -0.4068935
v 1.7673522 -0.0335401 -0.4288780
v 1.7645302 -0.0335401 -0.4066677
v 1.7588691 -0.0373224 -0.4068935
v 1.7619582 -0.0373224 -0.3942307
v 1.7645302 -0.0335401 -0.4066677
v 1.7669413 -0.0335401 -0.3967851
v 1.8199346 -0.0373224 -0.3981087
v 1.8196404 -0.0373224 -0.4285265
v 1.8151621 -0.0335401 -0.4001106
v 1.8143527 -0.0335401 -0.4274071
v 1.8151621 -0.0335401 -0.4001106
v 1.7995833 -0.0335401 -0.3756011
v 1.8199346 -0.0373224 -0.3981087
v 1.8032626 -0.0373224 -0.3712476
v 1.8196404 -0.0373224 -0.4285265
v 1.8147027 -0.0373224 -0.4418456
v 1.8143527 -0.0335401 -0.4274071
v 1.8111604 -0.0335401 -0.4374676
v 1.7773657 -0.0335401 -0.4456267
v 1.7893420 -0.0335401 -0.4453074
v 1.7765249 -0.0373224 -0.4508280
v 1.7893168 -0.0373224 -0.4505755
v 1.7765249 -0.0373224 -0.4508280
v 1.7654429 -0.0373224 -0.4456949
v 1.7773657 -0.0335401 -0.4456267
v 1.7702577 -0.0335401 -0.4415677
v 1.7893420 -0.0335401 -0.4453074
v 1.8111604 -0.0335401 -0.4374676
v 1.7893168 -0.0373224 -0.4505755
v 1.8147027 -0.0373224 -0.4418456
v 1.7995833 -0.0335401 -0.3756011
v 1.7950921 -0.0335401 -0.3747865
v 1.8032626 -0.0373224 -0.3712476
v 1.7936944 -0.0373224 -0.3695119
v 1.7950921 -0.0335401 -0.3747865
v 1.7800796 -0.0335401 -0.3852960
v 1.7936944 -0.0373224 -0.3695119
v 1.7782353 -0.0373224 -0.3801850
v 1.7800796 -0.0335401 -0.3852960
v 1.7669413 -0.0335401 -0.3967851
v 1.7782353 -0.0373224 -0.3801850
v 1.7619582 -0.0373224 -0.3942307
v 1.8199346 -0.0373224 -0.3981087
v 1.8181689 -0.0631448 -0.3993241
v 1.8210363 -0.0512204 -0.4289837
v 1.8200537 -0.0631444 -0.4295491
v 1.8051744 -0.0509453 -0.3677755
v 1.8041205 -0.0631475 -0.3700630
v 1.8199346 -0.0373224 -0.3981087
v 1.8181689 -0.0631448 -0.3993241
v 1.7941384 -0.0527963 -0.3675199
v 1.7945259 -0.0631440 -0.3678511
v 1.8051744 -0.0509453 -0.3677755
v 1.8041205 -0.0631475 -0.3700630
v 1.8200537 -0.0631444 -0.4295491
v 1.8129703 -0.0631438 -0.4427837
v 1.8210363 -0.0512204 -0.4289837
v 1.8147027 -0.0373224 -0.4418456
v 1.8196404 -0.0373224 -0.4285265
v 1.8210363 -0.0512204 -0.4289837
v 1.8147027 -0.0373224 -0.4418456
v 1.7941384 -0.0527963 -0.3675199
v 1.8051744 -0.0509453 -0.3677755
v 1.7936944 -0.0373224 -0.3695119
v 1.7767067 -0.0631448 -0.3807358
v 1.7936944 -0.0373224 -0.3695119
v 1.7782353 -0.0373224 -0.3801850
v 1.7936944 -0.0373224 -0.3695119
v 1.7767067 -0.0631448 -0.3807358
v 1.7941384 -0.0527963 -0.3675199
v 1.7781211 -0.0634336 -0.3796677
v 1.8150123 -0.0644842 -0.4001224
v 1.8018685 -0.0644842 -0.3729067
v 1.7785983 -0.0644842 -0.3830765
v 1.7953433 -0.0644842 -0.3710314
v 1.7785983 -0.0644842 -0.3830765
v 1.7632762 -0.0644842 -0.3964013
v 1.8150123 -0.0644842 -0.4001224
v 1.7605531 -0.0644842 -0.4082641
v 1.8168117 -0.0644842 -0.4289835
v 1.7638424 -0.0644842 -0.4318487
v 1.8106685 -0.0644842 -0.4404618
v 1.7666582 -0.0644842 -0.4446432
v 1.7870819 -0.0644842 -0.4485731
v 1.7756308 -0.0644842 -0.4487991
v 1.7638424 -0.0644842 -0.4318487
v 1.7608712 -0.0631444 -0.4322875
v 1.7666582 -0.0644842 -0.4446432
v 1.7640230 -0.0631445 -0.4466086
v 1.7608712 -0.0631444 -0.4322875
v 1.7638424 -0.0644842 -0.4318487
v 1.7574910 -0.0631443 -0.4080532
v 1.7605531 -0.0644842 -0.4082641
v 1.7574910 -0.0631443 -0.4080532
v 1.7605531 -0.0644842 -0.4082641
v 1.7605605 -0.0631439 -0.3947714
v 1.7632762 -0.0644842 -0.3964013
v 1.8150123 -0.0644842 -0.4001224
v 1.8181689 -0.0631448 -0.3993241
v 1.8018685 -0.0644842 -0.3729067
v 1.8041205 -0.0631475 -0.3700630
v 1.8181689 -0.0631448 -0.3993241
v 1.8150123 -0.0644842 -0.4001224
v 1.8200537 -0.0631444 -0.4295491
v 1.8168117 -0.0644842 -0.4289835
v 1.8200537 -0.0631444 -0.4295491
v 1.8168117 -0.0644842 -0.4289835
v 1.8129703 -0.0631438 -0.4427837
v 1.8106685 -0.0644842 -0.4404618
v 1.7666582 -0.0644842 -0.4446432
v 1.7640230 -0.0631445 -0.4466086
v 1.7756308 -0.0644842 -0.4487991
v 1.7750344 -0.0631442 -0.4517092
v 1.7756308 -0.0644842 -0.4487991
v 1.7750344 -0.0631442 -0.4517092
v 1.7870819 -0.0644842 -0.4485731
v 1.7877452 -0.0631439 -0.4514584
v 1.7870819 -0.0644842 -0.4485731
v 1.7877452 -0.0631439 -0.4514584
v 1.8106685 -0.0644842 -0.4404618
v 1.8129703 -0.0631438 -0.4427837
v 1.8018685 -0.0644842 -0.3729067
v 1.8041205 -0.0631475 -0.3700630
v 1.7953433 -0.0644842 -0.3710314
v 1.7945259 -0.0631440 -0.3678511
v 1.7953433 -0.0644842 -0.3710314
v 1.7945259 -0.0631440 -0.3678511
v 1.7785983 -0.0644842 -0.3830765
v 1.7781211 -0.0634336 -0.3796677
v 1.7785983 -0.0644842 -0.3830765
v 1.7767067 -0.0631448 -0.3807358
v 1.7632762 -0.0644842 -0.3964013
v 1.7605605 -0.0631439 -0.3947714
v 1.7767067 -0.0631448 -0.3807358
v 1.7785983 -0.0644842 -0.3830765
v 1.7781211 -0.0634336 -0.3796677
v 1.7893831 -0.0374755 -0.3470522
v 1.7878177 -0.0631450 -0.3485850
v 1.7969137 -0.0374755 -0.3560536
v 1.7953003 -0.0631449 -0.3575296
v 1.7549006 -0.0374755 -0.3984077
v 1.7535532 -0.0631439 -0.3996162
v 1.7432535 -0.0374755 -0.3966235
v 1.7419798 -0.0631445 -0.3978434
v 1.7432535 -0.0374755 -0.3966235
v 1.7419798 -0.0631445 -0.3978434
v 1.7262456 -0.0374755 -0.3839847
v 1.7250787 -0.0631446 -0.3852844
v 1.7749742 -0.0631449 -0.3380020
v 1.7878177 -0.0631450 -0.3485850
v 1.7764586 -0.0374755 -0.3364019
v 1.7893831 -0.0374755 -0.3470522
v 1.7977734 -0.0374755 -0.3638332
v 1.7961552 -0.0631438 -0.3652600
v 1.7549006 -0.0374755 -0.3984077
v 1.7535532 -0.0631439 -0.3996162
v 1.7222488 -0.0374755 -0.3750144
v 1.7215272 -0.0631441 -0.3763707
v 1.7283613 -0.0388891 -0.3288387
v 1.7268143 -0.0631440 -0.3304864
v 1.7250787 -0.0631446 -0.3852844
v 1.7215272 -0.0631441 -0.3763707
v 1.7262456 -0.0374755 -0.3839847
v 1.7222488 -0.0374755 -0.3750144
v 1.7969137 -0.0374755 -0.3560536
v 1.7953003 -0.0631449 -0.3575296
v 1.7977734 -0.0374755 -0.3638332
v 1.7961552 -0.0631438 -0.3652600
v 1.7283613 -0.0388891 -0.3288387
v 1.7268143 -0.0631440 -0.3304864
v 1.7352660 -0.0388891 -0.3245103
v 1.7340421 -0.0631449 -0.3261855
v 1.7533075 -0.0335401 -0.3927594
v 1.7468879 -0.0335401 -0.3922930
v 1.7920908 -0.0335401 -0.3614138
v 1.7310850 -0.0335401 -0.3807032
v 1.7860852 -0.0335401 -0.3510480
v 1.7917353 -0.0335401 -0.3581949
v 1.7290712 -0.0335401 -0.3687935
v 1.7578650 -0.0335401 -0.3344447
v 1.7338326 -0.0349537 -0.3317182
v 1.7365791 -0.0349537 -0.3299646
v 1.7578650 -0.0335401 -0.3344447
v 1.7617089 -0.0374755 -0.3304244
v 1.7764586 -0.0374755 -0.3364019
v 1.7893831 -0.0374755 -0.3470522
v 1.7969137 -0.0374755 -0.3560536
v 1.7860852 -0.0335401 -0.3510480
v 1.7917353 -0.0335401 -0.3581949
v 1.7969137 -0.0374755 -0.3560536
v 1.7977734 -0.0374755 -0.3638332
v 1.7917353 -0.0335401 -0.3581949
v 1.7920908 -0.0335401 -0.3614138
v 1.7533075 -0.0335401 -0.3927594
v 1.7920908 -0.0335401 -0.3614138
v 1.7549006 -0.0374755 -0.3984077
v 1.7977734 -0.0374755 -0.3638332
v 1.7549006 -0.0374755 -0.3984077
v 1.7432535 -0.0374755 -0.3966235
v 1.7533075 -0.0335401 -0.3927594
v 1.7468879 -0.0335401 -0.3922930
v 1.7432535 -0.0374755 -0.3966235
v 1.7262456 -0.0374755 -0.3839847
v 1.7468879 -0.0335401 -0.3922930
v 1.7310850 -0.0335401 -0.3807032
v 1.7262456 -0.0374755 -0.3839847
v 1.7222488 -0.0374755 -0.3750144
v 1.7310850 -0.0335401 -0.3807032
v 1.7290712 -0.0335401 -0.3687935
v 1.7578650 -0.0335401 -0.3344447
v 1.7365791 -0.0349537 -0.3299646
v 1.7617089 -0.0374755 -0.3304244
v 1.7352660 -0.0388891 -0.3245103
v 1.7222488 -0.0374755 -0.3750144
v 1.7283613 -0.0388891 -0.3288387
v 1.7290712 -0.0335401 -0.3687935
v 1.7338326 -0.0349537 -0.3317182
v 1.7365791 -0.0349537 -0.3299646
v 1.7338326 -0.0349537 -0.3317182
v 1.7352660 -0.0388891 -0.3245103
v 1.7283613 -0.0388891 -0.3288387
v 1.7764586 -0.0374755 -0.3364019
v 1.7617089 -0.0374755 -0.3304244
v 1.7612415 -0.0491417 -0.3309752
v 1.7357524 -0.0633971 -0.3265893
v 1.7749742 -0.0631449 -0.3380020
v 1.7612415 -0.0491417 -0.3309752
v 1.7764586 -0.0374755 -0.3364019
v 1.7764586 -0.0374755 -0.3364019
v 1.7893831 -0.0374755 -0.3470522
v 1.7860852 -0.0335401 -0.3510480
v 1.7578650 -0.0335401 -0.3344447
v 1.7764586 -0.0374755 -0.3364019
v 1.7860852 -0.0335401 -0.3510480
v 1.7612415 -0.0491417 -0.3309752
v 1.7617089 -0.0374755 -0.3304244
v 1.7352660 -0.0388891 -0.3245103
v 1.7340421 -0.0631449 -0.3261855
v 1.7357524 -0.0633971 -0.3265893
v 1.7352660 -0.0388891 -0.3245103
v 1.7612415 -0.0491417 -0.3309752
v 1.7922241 -0.0644842 -0.3587791
v 1.7854852 -0.0644842 -0.3507239
v 1.7928125 -0.0644842 -0.3641013
v 1.7525613 -0.0644842 -0.3965616
v 1.7733609 -0.0644842 -0.3407335
v 1.7431823 -0.0644842 -0.3951249
v 1.7344763 -0.0644842 -0.3295081
v 1.7276587 -0.0644842 -0.3835894
v 1.7296651 -0.0644842 -0.3322666
v 1.7246095 -0.0644842 -0.3761383
v 1.7854852 -0.0644842 -0.3507239
v 1.7878177 -0.0631450 -0.3485850
v 1.7733609 -0.0644842 -0.3407335
v 1.7749742 -0.0631449 -0.3380020
v 1.7878177 -0.0631450 -0.3485850
v 1.7854852 -0.0644842 -0.3507239
v 1.7953003 -0.0631449 -0.3575296
v 1.7922241 -0.0644842 -0.3587791
v 1.7953003 -0.0631449 -0.3575296
v 1.7922241 -0.0644842 -0.3587791
v 1.7961552 -0.0631438 -0.3652600
v 1.7928125 -0.0644842 -0.3641013
v 1.7525613 -0.0644842 -0.3965616
v 1.7535532 -0.0631439 -0.3996162
v 1.7928125 -0.0644842 -0.3641013
v 1.7961552 -0.0631438 -0.3652600
v 1.7535532 -0.0631439 -0.3996162
v 1.7525613 -0.0644842 -0.3965616
v 1.7419798 -0.0631445 -0.3978434
v 1.7431823 -0.0644842 -0.3951249
v 1.7419798 -0.0631445 -0.3978434
v 1.7431823 -0.0644842 -0.3951249
v 1.7250787 -0.0631446 -0.3852844
v 1.7276587 -0.0644842 -0.3835894
v 1.7250787 -0.0631446 -0.3852844
v 1.7276587 -0.0644842 -0.3835894
v 1.7215272 -0.0631441 -0.3763707
v 1.7246095 -0.0644842 -0.3761383
v 1.7215272 -0.0631441 -0.3763707
v 1.7246095 -0.0644842 -0.3761383
v 1.7268143 -0.0631440 -0.3304864
v 1.7296651 -0.0644842 -0.3322666
v 1.7733609 -0.0644842 -0.3407335
v 1.7749742 -0.0631449 -0.3380020
v 1.7344763 -0.0644842 -0.3295081
v 1.7357524 -0.0633971 -0.3265893
v 1.7344763 -0.0644842 -0.3295081
v 1.7340421 -0.0631449 -0.3261855
v 1.7296651 -0.0644842 -0.3322666
v 1.7268143 -0.0631440 -0.3304864
v 1.7340421 -0.0631449 -0.3261855
v 1.7344763 -0.0644842 -0.3295081
v 1.7357524 -0.0633971 -0.3265893
v 1.6741036 -0.0385540 -0.3165054
v 1.6732671 -0.0631440 -0.3181353
v 1.6728299 -0.0374755 -0.3740686
v 1.6720002 -0.0631439 -0.3754307
v 1.6601909 -0.0374755 -0.3789236
v 1.6594411 -0.0631442 -0.3802552
v 1.6467438 -0.0374755 -0.3803452
v 1.6460787 -0.0631443 -0.3816678
v 1.6728299 -0.0374755 -0.3740686
v 1.6720002 -0.0631439 -0.3754307
v 1.6601909 -0.0374755 -0.3789236
v 1.6594411 -0.0631442 -0.3802552
v 1.5945090 -0.0374755 -0.3090677
v 1.5941743 -0.0631445 -0.3107472
v 1.6550617 -0.0379438 -0.3090677
v 1.6543450 -0.0631446 -0.3107461
v 1.6702044 -0.0385540 -0.3119806
v 1.6693931 -0.0631447 -0.3136390
v 1.6741036 -0.0385540 -0.3165054
v 1.6732671 -0.0631440 -0.3181353
v 1.5878604 -0.0374755 -0.3730104
v 1.5875668 -0.0631439 -0.3743793
v 1.5880667 -0.0374755 -0.3119526
v 1.5877720 -0.0631438 -0.3136139
v 1.5880667 -0.0374755 -0.3119526
v 1.5877720 -0.0631438 -0.3136139
v 1.5945090 -0.0374755 -0.3090677
v 1.5941743 -0.0631445 -0.3107472
v 1.5938587 -0.0374755 -0.3795875
v 1.5935277 -0.0631443 -0.3809149
v 1.5878604 -0.0374755 -0.3730104
v 1.5875668 -0.0631439 -0.3743793
v 1.6460787 -0.0631443 -0.3816678
v 1.5935277 -0.0631443 -0.3809149
v 1.6467438 -0.0374755 -0.3803452
v 1.5938587 -0.0374755 -0.3795875
v 1.6543450 -0.0631446 -0.3107461
v 1.6693931 -0.0631447 -0.3136390
v 1.6550617 -0.0379438 -0.3090677
v 1.6702044 -0.0385540 -0.3119806
v 1.6468132 -0.0335401 -0.3749020
v 1.6551372 -0.0340084 -0.3142016
v 1.6586771 -0.0335401 -0.3736100
v 1.6669802 -0.0335401 -0.3704203
v 1.6468132 -0.0335401 -0.3749020
v 1.5959836 -0.0335401 -0.3141966
v 1.6551372 -0.0340084 -0.3142016
v 1.5940976 -0.0335401 -0.3150412
v 1.5959836 -0.0335401 -0.3141966
v 1.5968612 -0.0335401 -0.3742388
v 1.6468132 -0.0335401 -0.3749020
v 1.5939139 -0.0335401 -0.3710076
v 1.5940976 -0.0335401 -0.3150412
v 1.5968612 -0.0335401 -0.3742388
v 1.6669802 -0.0335401 -0.3704203
v 1.6681329 -0.0346185 -0.3191866
v 1.6728299 -0.0374755 -0.3740686
v 1.6741036 -0.0385540 -0.3165054
v 1.6728299 -0.0374755 -0.3740686
v 1.6601909 -0.0374755 -0.3789236
v 1.6669802 -0.0335401 -0.3704203
v 1.6586771 -0.0335401 -0.3736100
v 1.6681329 -0.0346185 -0.3191866
v 1.6661677 -0.0346185 -0.3164632
v 1.6741036 -0.0385540 -0.3165054
v 1.6702044 -0.0385540 -0.3119806
v 1.6601909 -0.0374755 -0.3789236
v 1.6467438 -0.0374755 -0.3803452
v 1.6586771 -0.0335401 -0.3736100
v 1.6468132 -0.0335401 -0.3749020
v 1.6467438 -0.0374755 -0.3803452
v 1.5938587 -0.0374755 -0.3795875
v 1.6468132 -0.0335401 -0.3749020
v 1.5968612 -0.0335401 -0.3742388
v 1.6661677 -0.0346185 -0.3164632
v 1.6551372 -0.0340084 -0.3142016
v 1.6702044 -0.0385540 -0.3119806
v 1.6550617 -0.0379438 -0.3090677
v 1.6551372 -0.0340084 -0.3142016
v 1.5959836 -0.0335401 -0.3141966
v 1.6550617 -0.0379438 -0.3090677
v 1.5945090 -0.0374755 -0.3090677
v 1.5940976 -0.0335401 -0.3150412
v 1.5939139 -0.0335401 -0.3710076
v 1.5880667 -0.0374755 -0.3119526
v 1.5878604 -0.0374755 -0.3730104
v 1.5880667 -0.0374755 -0.3119526
v 1.5945090 -0.0374755 -0.3090677
v 1.5940976 -0.0335401 -0.3150412
v 1.5959836 -0.0335401 -0.3141966
v 1.5939139 -0.0335401 -0.3710076
v 1.5968612 -0.0335401 -0.3742388
v 1.5878604 -0.0374755 -0.3730104
v 1.5938587 -0.0374755 -0.3795875
v 1.6669802 -0.0335401 -0.3704203
v 1.6551372 -0.0340084 -0.3142016
v 1.6681329 -0.0346185 -0.3191866
v 1.6661677 -0.0346185 -0.3164632
v 1.6686672 -0.0644842 -0.3735572
v 1.6458674 -0.0644842 -0.3787947
v 1.6585131 -0.0644842 -0.3774580
v 1.6698458 -0.0644842 -0.3191911
v 1.6674291 -0.0644842 -0.3163861
v 1.5951299 -0.0644842 -0.3780678
v 1.5908961 -0.0644842 -0.3734258
v 1.6539427 -0.0644842 -0.3137919
v 1.5910883 -0.0644842 -0.3155229
v 1.5949543 -0.0644842 -0.3137919
v 1.6686672 -0.0644842 -0.3735572
v 1.6720002 -0.0631439 -0.3754307
v 1.6698458 -0.0644842 -0.3191911
v 1.6732671 -0.0631440 -0.3181353
v 1.6720002 -0.0631439 -0.3754307
v 1.6686672 -0.0644842 -0.3735572
v 1.6594411 -0.0631442 -0.3802552
v 1.6585131 -0.0644842 -0.3774580
v 1.6698458 -0.0644842 -0.3191911
v 1.6732671 -0.0631440 -0.3181353
v 1.6674291 -0.0644842 -0.3163861
v 1.6693931 -0.0631447 -0.3136390
v 1.6594411 -0.0631442 -0.3802552
v 1.6585131 -0.0644842 -0.3774580
v 1.6460787 -0.0631443 -0.3816678
v 1.6458674 -0.0644842 -0.3787947
v 1.6460787 -0.0631443 -0.3816678
v 1.6458674 -0.0644842 -0.3787947
v 1.5935277 -0.0631443 -0.3809149
v 1.5951299 -0.0644842 -0.3780678
v 1.6674291 -0.0644842 -0.3163861
v 1.6693931 -0.0631447 -0.3136390
v 1.6539427 -0.0644842 -0.3137919
v 1.6543450 -0.0631446 -0.3107461
v 1.6539427 -0.0644842 -0.3137919
v 1.6543450 -0.0631446 -0.3107461
v 1.5949543 -0.0644842 -0.3137919
v 1.5941743 -0.0631445 -0.3107472
v 1.5910883 -0.0644842 -0.3155229
v 1.5877720 -0.0631438 -0.3136139
v 1.5908961 -0.0644842 -0.3734258
v 1.5875668 -0.0631439 -0.3743793
v 1.5877720 -0.0631438 -0.3136139
v 1.5910883 -0.0644842 -0.3155229
v 1.5941743 -0.0631445 -0.3107472
v 1.5949543 -0.0644842 -0.3137919
v 1.5908961 -0.0644842 -0.3734258
v 1.5875668 -0.0631439 -0.3743793
v 1.5951299 -0.0644842 -0.3780678
v 1.5935277 -0.0631443 -0.3809149
v 1.3208742 -0.0370383 -0.4359531
v 1.3185430 -0.0370383 -0.5985022
v 1.3208742 -0.0644842 -0.4359531
v 1.3185430 -0.0644842 -0.5985022
v 1.3513983 -0.0370383 -0.3846336
v 1.3293004 -0.0370383 -0.4044434
v 1.3513983 -0.0644842 -0.3846336
v 1.3293004 -0.0644842 -0.4044434
v 1.7587666 -0.0370383 -0.4069642
v 1.7202185 -0.0370383 -0.3843671
v 1.7587666 -0.0644842 -0.4069642
v 1.7202185 -0.0644842 -0.3843671
v 1.7202185 -0.0370383 -0.3843671
v 1.6594061 -0.0370383 -0.3812628
v 1.7202185 -0.0644842 -0.3843671
v 1.6594061 -0.0644842 -0.3812628
v 1.3261592 -0.0335401 -0.4368786
v 1.3208742 -0.0370383 -0.4359531
v 1.3341459 -0.0335401 -0.4064717
v 1.3293004 -0.0370383 -0.4044434
v 1.3208742 -0.0370383 -0.4359531
v 1.3261592 -0.0335401 -0.4368786
v 1.3185430 -0.0370383 -0.5985022
v 1.3234899 -0.0335401 -0.5985022
v 1.7584847 -0.0335401 -0.4451170
v 1.7633726 -0.0370383 -0.4437865
v 1.7597602 -0.0335401 -0.5985022
v 1.7647151 -0.0370383 -0.5985022
v 1.7587666 -0.0370383 -0.4069642
v 1.7539462 -0.0335401 -0.4096251
v 1.7202185 -0.0370383 -0.3843671
v 1.7187065 -0.0335401 -0.3890436
v 1.7202185 -0.0370383 -0.3843671
v 1.7187065 -0.0335401 -0.3890436
v 1.6594061 -0.0370383 -0.3812628
v 1.6594061 -0.0335401 -0.3859615
v 1.3293004 -0.0644842 -0.4044434
v 1.3293004 -0.0370383 -0.4044434
v 1.3208742 -0.0644842 -0.4359531
v 1.3208742 -0.0370383 -0.4359531
v 1.3341459 -0.0335401 -0.4064717
v 1.3293004 -0.0370383 -0.4044434
v 1.3536261 -0.0335401 -0.3892511
v 1.3513983 -0.0370383 -0.3846336
v 1.7647151 -0.0644842 -0.5985022
v 1.7647151 -0.0370383 -0.5985022
v 1.7633726 -0.0644842 -0.4437865
v 1.7633726 -0.0370383 -0.4437865
v 1.4869056 -0.0370383 -0.3808625
v 1.4363751 -0.0370383 -0.3817198
v 1.4869056 -0.0644842 -0.3808625
v 1.3938867 -0.0644842 -0.3826588
v 1.4363751 -0.0644842 -0.3817198
v 1.3938867 -0.0370383 -0.3826588
v 1.3950006 -0.0335401 -0.3873174
v 1.3938867 -0.0370383 -0.3826588
v 1.4363751 -0.0335401 -0.3864194
v 1.4363751 -0.0370383 -0.3817198
v 1.4869056 -0.0335401 -0.3855701
v 1.4869056 -0.0370383 -0.3808625
v 1.6594061 -0.0644842 -0.3812628
v 1.6594061 -0.0370383 -0.3812628
v 1.5972198 -0.0644842 -0.3808314
v 1.5972198 -0.0370383 -0.3808314
v 1.4869056 -0.0335401 -0.3855701
v 1.4869056 -0.0370383 -0.3808625
v 1.5420624 -0.0335401 -0.3857566
v 1.5420624 -0.0370383 -0.3810410
v 1.5972198 -0.0335401 -0.3855386
v 1.5972198 -0.0370383 -0.3808314
v 1.6594061 -0.0370383 -0.3812628
v 1.6594061 -0.0335401 -0.3859615
v 1.5972198 -0.0335401 -0.3855386
v 1.4869056 -0.0644842 -0.3808625
v 1.5420624 -0.0644842 -0.3810410
v 1.4869056 -0.0370383 -0.3808625
v 1.5420624 -0.0370383 -0.3810410
v 1.5972198 -0.0644842 -0.3808314
v 1.5972198 -0.0370383 -0.3808314
v 1.3536261 -0.0335401 -0.3892511
v 1.3513983 -0.0370383 -0.3846336
v 1.3950006 -0.0335401 -0.3873174
v 1.3938867 -0.0370383 -0.3826588
v 1.3938867 -0.0644842 -0.3826588
v 1.3938867 -0.0370383 -0.3826588
v 1.3513983 -0.0644842 -0.3846336
v 1.3513983 -0.0370383 -0.3846336
v 1.3261592 -0.0335401 -0.4368786
v 1.3765909 -0.0335401 -0.4342189
v 1.3234899 -0.0335401 -0.5985022
v 1.3765909 -0.0335401 -0.6046412
v 1.7539462 -0.0335401 -0.4096251
v 1.7587666 -0.0370383 -0.4069642
v 1.7584847 -0.0335401 -0.4451170
v 1.7633726 -0.0370383 -0.4437865
v 1.7633726 -0.0644842 -0.4437865
v 1.7633726 -0.0370383 -0.4437865
v 1.7587666 -0.0644842 -0.4069642
v 1.7587666 -0.0370383 -0.4069642
v 1.3261592 -0.0335401 -0.4368786
v 1.3341459 -0.0335401 -0.4064717
v 1.3765909 -0.0335401 -0.4342189
v 1.3950006 -0.0335401 -0.3873174
v 1.3536261 -0.0335401 -0.3892511
v 1.4317482 -0.0335401 -0.4342189
v 1.4363751 -0.0335401 -0.3864194
v 1.4869056 -0.0335401 -0.4342189
v 1.4869056 -0.0335401 -0.3855701
v 1.4869056 -0.0335401 -0.5655822
v 1.5420624 -0.0335401 -0.4342189
v 1.5420624 -0.0335401 -0.3857566
v 1.5420624 -0.0335401 -0.5631922
v 1.5972198 -0.0335401 -0.4342189
v 1.5972198 -0.0335401 -0.3855386
v 1.5972198 -0.0335401 -0.5666030
v 1.6523773 -0.0335401 -0.4342189
v 1.6594061 -0.0335401 -0.3859615
v 1.7075341 -0.0335401 -0.4342189
v 1.7187065 -0.0335401 -0.3890436
v 1.7584847 -0.0335401 -0.4451170
v 1.7539462 -0.0335401 -0.4096251
v 1.2911302 0.0243851 -0.5736334
v 1.2911201 0.0243851 -0.4138334
v 1.2970097 0.0276363 -0.5736361
v 1.2971186 0.0276363 -0.4148526
v 1.7299912 0.0276363 -0.4119236
v 1.7878214 0.0276363 -0.4239255
v 1.7299912 0.0276363 -0.5736286
v 1.7866336 0.0276363 -0.5736611
v 1.7878214 0.0276363 -0.4239255
v 1.7933689 0.0243851 -0.4224603
v 1.7866336 0.0276363 -0.5736611
v 1.7922020 0.0243851 -0.5736571
v 1.7922020 -0.0011223 -0.5736571
v 1.7922020 0.0243851 -0.5736571
v 1.7933689 -0.0011223 -0.4224603
v 1.7933689 0.0243851 -0.4224603
v 1.7881413 0.0243851 -0.3819083
v 1.7881413 -0.0011223 -0.3819083
v 1.7881413 0.0243851 -0.3819083
v 1.7443878 -0.0011223 -0.3570223
v 1.7881413 -0.0011223 -0.3819083
v 1.7443878 0.0243851 -0.3570223
v 1.6753638 0.0243851 -0.3536036
v 1.6753638 -0.0011223 -0.3536036
v 1.5421754 0.0243851 -0.3533593
v 1.5421754 -0.0011223 -0.3533593
v 1.4099342 0.0243851 -0.3541068
v 1.4099342 -0.0011223 -0.3541068
v 1.3257658 0.0243851 -0.3573158
v 1.3257658 -0.0011223 -0.3573158
v 1.2911302 -0.0011223 -0.5736334
v 1.2911201 -0.0011223 -0.4138334
v 1.2911302 0.0243851 -0.5736334
v 1.3006840 -0.0011223 -0.3791321
v 1.2911201 0.0243851 -0.4138334
v 1.3006840 0.0243851 -0.3791321
v 1.3257658 -0.0011223 -0.3573158
v 1.3257658 0.0243851 -0.3573158
v 1.7933689 0.0243851 -0.4224603
v 1.7878214 0.0276363 -0.4239255
v 1.7881413 0.0243851 -0.3819083
v 1.7826694 0.0276363 -0.3848387
v 1.7299912 0.0276363 -0.4119236
v 1.7426719 0.0276363 -0.3621724
v 1.7881413 0.0243851 -0.3819083
v 1.6753638 0.0276363 -0.3587782
v 1.6673855 0.0276363 -0.4119236
v 1.7299912 0.0276363 -0.5736286
v 1.6673855 0.0276363 -0.5736286
v 1.7443878 0.0243851 -0.3570223
v 1.6753638 0.0243851 -0.3536036
v 1.7443878 0.0243851 -0.3570223
v 1.5421754 0.0276363 -0.3585525
v 1.5421754 0.0243851 -0.3533593
v 1.6753638 0.0243851 -0.3536036
v 1.5421754 0.0276363 -0.4119236
v 1.5421754 0.0276363 -0.5736208
v 1.4099342 0.0276363 -0.3592824
v 1.4169653 0.0276363 -0.4119236
v 1.4099342 0.0243851 -0.3541068
v 1.4169653 0.0276363 -0.5736286
v 1.3282944 0.0276363 -0.3624010
v 1.3257658 0.0243851 -0.3573158
v 1.4099342 0.0243851 -0.3541068
v 1.3543602 0.0276363 -0.4119236
v 1.3543602 0.0276363 -0.5736286
v 1.3006840 0.0243851 -0.3791321
v 1.3257658 0.0243851 -0.3573158
v 1.3061838 0.0276363 -0.3813659
v 1.2971186 0.0276363 -0.4148526
v 1.3006840 0.0243851 -0.3791321
v 1.2911201 0.0243851 -0.4138334
v 1.3543602 0.0276363 -0.4119236
v 1.3543602 0.0276363 -0.5736286
v 1.2971186 0.0276363 -0.4148526
v 1.2970097 0.0276363 -0.5736361
vt 0.3160192 0.4056308
vt 0.3042231 0.4056308
vt 0.3042231 0.5943692
vt 0.3160192 0.5943692
vt 0.4339808 0.5943692
vt 0.4339808 0.4056308
vt 0.4457770 0.4056308
vt 0.4457770 0.5943692
vt 0.5559601 0.5527927
vt 0.3166206 0.5583513
vt 0.5559601 0.5947153
vt 0.3166213 0.6000034
vt 0.8080730 0.4361938
vt 0.5687379 0.4296376
vt 0.8080730 0.6199229
vt 0.5687379 0.6121809
vt 0.5687344 0.3767024
vt 0.5687379 0.4296376
vt 0.8080730 0.3829139
vt 0.8080730 0.4361938
vt 0.2812766 0.7803795
vt 0.2221425 0.6331081
vt 0.2083229 0.6286188
vt 0.2726049 0.9074373
vt 0.3145275 0.8543720
vt 0.2519461 0.8923804
vt 0.2900851 0.8454324
vt 0.3145275 0.8543720
vt 0.3139322 0.8010920
vt 0.2900851 0.8454324
vt 0.2812766 0.7803795
vt 0.3139322 0.8010920
vt 0.2469524 0.6173629
vt 0.2812766 0.7803795
vt 0.2221425 0.6331081
vt 0.4795032 0.6229285
vt 0.5573450 0.6811025
vt 0.5192167 0.6328392
vt 0.5687337 0.3239791
vt 0.5605800 0.3310210
vt 0.5687344 0.3767024
vt 0.5605800 0.3792843
vt 0.5687344 0.3767024
vt 0.5605800 0.3792843
vt 0.5687379 0.4296376
vt 0.5605800 0.4277301
vt 0.5687379 0.4296376
vt 0.5605800 0.4277301
vt 0.5687379 0.6121809
vt 0.5605800 0.6053132
vt 0.6600002 0.6389122
vt 0.8276640 0.6389128
vt 0.6554547 0.4126089
vt 0.8242080 0.4126089
vt 0.1032966 0.8947683
vt 0.3296021 0.8982569
vt 0.1032966 0.6121501
vt 0.3296027 0.6174641
vt 0.0801551 0.1148241
vt 0.0850774 0.3411250
vt 0.1385036 0.1148241
vt 0.1430491 0.3411273
vt 0.3878580 0.3827728
vt 0.3951119 0.6090744
vt 0.5864043 0.3827728
vt 0.5923759 0.6090738
vt 0.3568850 0.3827728
vt 0.3643391 0.6090785
vt 0.3878580 0.3827728
vt 0.3951119 0.6090744
vt 0.1516952 0.3750578
vt 0.1456152 0.6013598
vt 0.3521544 0.3750578
vt 0.3447800 0.6013591
vt 0.1032966 0.9188201
vt 0.3295981 0.9221532
vt 0.1032966 0.8947683
vt 0.3296021 0.8982569
vt 0.8242080 0.4126089
vt 0.8276640 0.6389128
vt 0.8447137 0.4126089
vt 0.8480369 0.6389108
vt 0.7677461 0.6497012
vt 0.5891275 0.7123969
vt 0.7796084 0.6543767
vt 0.7748168 0.9205447
vt 0.7818565 0.9116276
vt 0.5806550 0.7530439
vt 0.5812492 0.9130833
vt 0.5932207 0.9221532
vt 0.6521525 0.3894670
vt 0.6115058 0.3894670
vt 0.6554547 0.4126089
vt 0.5971062 0.4126089
vt 0.6554547 0.4126089
vt 0.8242080 0.4126089
vt 0.6521525 0.3894670
vt 0.8121920 0.3894670
vt 0.1246277 0.3750578
vt 0.1516952 0.3750578
vt 0.1481605 0.3519160
vt 0.1601320 0.3519160
vt 0.5652614 0.3596309
vt 0.3866427 0.3596309
vt 0.5864043 0.3827728
vt 0.3878580 0.3827728
vt 0.3866427 0.3596309
vt 0.3747804 0.3596309
vt 0.3878580 0.3827728
vt 0.3568850 0.3827728
vt 0.0801551 0.6291267
vt 0.0801551 0.8863775
vt 0.1032966 0.6121501
vt 0.1032966 0.8947683
vt 0.0801551 0.8863775
vt 0.0801551 0.8952953
vt 0.1032966 0.8947683
vt 0.1032966 0.9188201
vt 0.3417281 0.3519160
vt 0.1601320 0.3519160
vt 0.3521544 0.3750578
vt 0.1516952 0.3750578
vt 0.3497477 0.6290404
vt 0.3432521 0.9018742
vt 0.5634663 0.6897007
vt 0.3730226 0.6198651
vt 0.3580964 0.9206771
vt 0.5745025 0.7426443
vt 0.5726719 0.9056521
vt 0.5508907 0.9221532
vt 0.1439565 0.3488387
vt 0.1430491 0.3411273
vt 0.0910128 0.3488387
vt 0.0850774 0.3411250
vt 0.6600002 0.6389122
vt 0.6609076 0.6466236
vt 0.8276640 0.6389128
vt 0.8239152 0.6466236
vt 0.1187229 0.6013618
vt 0.1261928 0.6090726
vt 0.1456152 0.6013598
vt 0.1479740 0.6090726
vt 0.3643391 0.6090785
vt 0.3721831 0.6167876
vt 0.3951119 0.6090744
vt 0.3954580 0.6167876
vt 0.3373117 0.6229446
vt 0.3296027 0.6174641
vt 0.3373117 0.8957788
vt 0.3296021 0.8982569
vt 0.3373117 0.8957788
vt 0.3296021 0.8982569
vt 0.3373117 0.9145813
vt 0.3295981 0.9221532
vt 0.5859017 0.6167876
vt 0.5923759 0.6090738
vt 0.3954580 0.6167876
vt 0.3951119 0.6090744
vt 0.3407684 0.6090726
vt 0.3447800 0.6013591
vt 0.1479740 0.6090726
vt 0.1456152 0.6013598
vt 0.1687858 0.3759372
vt 0.1760200 0.6014123
vt 0.3550780 0.3759372
vt 0.3611085 0.6014116
vt 0.2858158 0.6605721
vt 0.0603397 0.6635393
vt 0.2858158 0.7121220
vt 0.0603390 0.7147561
vt 0.2858158 0.6121223
vt 0.0603413 0.6154022
vt 0.2858158 0.6605721
vt 0.0603397 0.6635393
vt 0.3373368 0.9131443
vt 0.5628155 0.9144851
vt 0.3373368 0.7493558
vt 0.5628155 0.7517546
vt 0.1491183 0.3759372
vt 0.1564792 0.6014161
vt 0.1687858 0.3759372
vt 0.1760200 0.6014123
vt 0.0871482 0.1166947
vt 0.0810602 0.3421692
vt 0.2884870 0.1166947
vt 0.2810982 0.3421688
vt 0.3373368 0.9378414
vt 0.5628116 0.9390228
vt 0.3373368 0.9131443
vt 0.5628155 0.9144851
vt 0.2858158 0.9148515
vt 0.0603390 0.9161763
vt 0.2858158 0.9378465
vt 0.0603413 0.9390226
vt 0.0603390 0.7147561
vt 0.0603390 0.9161763
vt 0.2858158 0.7121220
vt 0.2858158 0.9148515
vt 0.5628155 0.7517546
vt 0.5628162 0.6261873
vt 0.3373368 0.7493558
vt 0.3373368 0.6229720
vt 0.3852392 0.3398518
vt 0.3713746 0.3716824
vt 0.5440194 0.3354335
vt 0.5558566 0.3429673
vt 0.3657592 0.4171617
vt 0.5698953 0.4536331
vt 0.5699169 0.6120121
vt 0.3729931 0.6086493
vt 0.5662461 0.6192421
vt 0.3870375 0.6199464
vt 0.3392231 0.3528799
vt 0.1804429 0.3528799
vt 0.3550780 0.3759372
vt 0.1687858 0.3759372
vt 0.2858158 0.6121223
vt 0.2858158 0.6605721
vt 0.3088731 0.6345426
vt 0.3088731 0.6663733
vt 0.1804429 0.3528799
vt 0.1686056 0.3528799
vt 0.1687858 0.3759372
vt 0.1491183 0.3759372
vt 0.2858158 0.6605721
vt 0.2858158 0.7121220
vt 0.3088731 0.6663733
vt 0.3088731 0.7118526
vt 0.2858158 0.7121220
vt 0.2858158 0.9148515
vt 0.3088731 0.7118526
vt 0.3088731 0.9033401
vt 0.3142799 0.6384446
vt 0.3142799 0.7491103
vt 0.3373368 0.6229720
vt 0.3373368 0.7493558
vt 0.3142799 0.7491103
vt 0.3142799 0.9074895
vt 0.3373368 0.7493558
vt 0.3373368 0.9131443
vt 0.2750621 0.0936373
vt 0.0958535 0.0936373
vt 0.2884870 0.1166947
vt 0.0871482 0.1166947
vt 0.3373368 0.9378414
vt 0.3373368 0.9131443
vt 0.3142799 0.9147188
vt 0.3142799 0.9074895
vt 0.0958535 0.0936373
vt 0.0818090 0.0936373
vt 0.0871482 0.1166947
vt 0.0585598 0.1166947
vt 0.7831271 0.6307250
vt 0.6056709 0.6260741
vt 0.8076162 0.7228164
vt 0.8016851 0.6733310
vt 0.5908310 0.6373518
vt 0.8001804 0.9200854
vt 0.5745676 0.7592163
vt 0.7766372 0.9390224
vt 0.5745676 0.9195611
vt 0.5840644 0.9382654
vt 0.3562216 0.6090971
vt 0.3611085 0.6014116
vt 0.1787654 0.6090971
vt 0.1760200 0.6014123
vt 0.0603413 0.6154022
vt 0.0526559 0.6230689
vt 0.0603397 0.6635393
vt 0.0526559 0.6656749
vt 0.1787654 0.6090971
vt 0.1760200 0.6014123
vt 0.1639255 0.6090971
vt 0.1564792 0.6014161
vt 0.0603397 0.6635393
vt 0.0526559 0.6656749
vt 0.0603390 0.7147561
vt 0.0526559 0.7151604
vt 0.0603390 0.7147561
vt 0.0526559 0.7151604
vt 0.0603390 0.9161763
vt 0.0526559 0.9124294
vt 0.5704970 0.6304822
vt 0.5628162 0.6261873
vt 0.5704970 0.7523466
vt 0.5628155 0.7517546
vt 0.5704970 0.7523466
vt 0.5628155 0.7517546
vt 0.5704970 0.9126914
vt 0.5628155 0.9144851
vt 0.2761194 0.3498546
vt 0.2810982 0.3421688
vt 0.0835470 0.3498546
vt 0.0810602 0.3421692
vt 0.5628116 0.9390228
vt 0.5704970 0.9313958
vt 0.5628155 0.9144851
vt 0.5704970 0.9126914
vt 0.0835470 0.3498546
vt 0.0810602 0.3421692
vt 0.0600037 0.3498546
vt 0.0526562 0.3421716
vt 0.3882823 0.6318015
vt 0.3882823 0.8732194
vt 0.6147481 0.6311776
vt 0.6147481 0.8741654
vt 0.1406202 0.5630354
vt 0.1406202 0.8780255
vt 0.3670880 0.5640545
vt 0.3670880 0.8770090
vt 0.6147481 0.9065374
vt 0.6147481 0.8741654
vt 0.3882850 0.9053828
vt 0.3882823 0.8732194
vt 0.6147481 0.6311776
vt 0.6147481 0.5723410
vt 0.3882823 0.6318015
vt 0.3882833 0.5733449
vt 0.6147481 0.5723410
vt 0.6147481 0.5404974
vt 0.3882833 0.5733449
vt 0.3882850 0.5417070
vt 0.6403604 0.3032197
vt 0.4732326 0.3032197
vt 0.6466445 0.5296829
vt 0.4805964 0.5296834
vt 0.1406202 0.5310730
vt 0.1406202 0.5630354
vt 0.3670840 0.5322978
vt 0.3670880 0.5640545
vt 0.4684752 0.2937952
vt 0.2732268 0.2937952
vt 0.4611107 0.5202587
vt 0.2671233 0.5202584
vt 0.1406202 0.8780255
vt 0.1406202 0.9065369
vt 0.3670880 0.8770090
vt 0.3670840 0.9053372
vt 0.7324421 0.2189978
vt 0.8897737 0.2326181
vt 0.8792028 0.2169042
vt 0.7046096 0.2412522
vt 0.8897737 0.5330322
vt 0.6909710 0.2898809
vt 0.6909710 0.5211423
vt 0.8799551 0.5461237
vt 0.7066664 0.5390790
vt 0.6379066 0.8655607
vt 0.6147481 0.8741654
vt 0.6379066 0.8834972
vt 0.6147481 0.9065374
vt 0.6147481 0.8741654
vt 0.6379066 0.8655607
vt 0.6147481 0.6311776
vt 0.6379066 0.6342995
vt 0.6147481 0.6311776
vt 0.6379066 0.6342995
vt 0.6147481 0.5723410
vt 0.6379066 0.5856705
vt 0.2843599 0.2706368
vt 0.2732268 0.2937952
vt 0.4576486 0.2706368
vt 0.4684752 0.2937952
vt 0.6801869 0.3032197
vt 0.6592855 0.2800613
vt 0.6403604 0.3032197
vt 0.6314534 0.2800613
vt 0.6403604 0.3032197
vt 0.6314534 0.2800613
vt 0.4732326 0.3032197
vt 0.4846926 0.2800613
vt 0.1406202 0.5310730
vt 0.1174621 0.5542825
vt 0.1406202 0.5630354
vt 0.1174621 0.5699964
vt 0.1406202 0.5630354
vt 0.1174621 0.5699964
vt 0.1406202 0.8780255
vt 0.1174621 0.8704104
vt 0.1406202 0.8780255
vt 0.1174621 0.8704104
vt 0.1406202 0.9065369
vt 0.1174621 0.8835020
vt 0.6612278 0.5492190
vt 0.6435176 0.5755445
vt 0.8204134 0.5514899
vt 0.6435176 0.8835024
vt 0.8559670 0.5799173
vt 0.6607938 0.9065372
vt 0.8714000 0.8723478
vt 0.8714000 0.6349454
vt 0.8473707 0.8998101
vt 0.3805655 0.8702871
vt 0.3882823 0.8732194
vt 0.3805655 0.6328846
vt 0.3882823 0.6318015
vt 0.3882823 0.8732194
vt 0.3805655 0.8702871
vt 0.3882850 0.9053828
vt 0.3805655 0.8977494
vt 0.3805655 0.6328846
vt 0.3882823 0.6318015
vt 0.3805655 0.5778564
vt 0.3882833 0.5733449
vt 0.3670880 0.5640545
vt 0.3748032 0.5664433
vt 0.3670840 0.5322978
vt 0.3748032 0.5401178
vt 0.3748032 0.5664433
vt 0.3670880 0.5640545
vt 0.3748032 0.8744012
vt 0.3670880 0.8770090
vt 0.3748032 0.8744012
vt 0.3670880 0.8770090
vt 0.3748032 0.8974361
vt 0.3670840 0.9053372
vt 0.2671233 0.5202584
vt 0.2705274 0.5279778
vt 0.4611107 0.5202587
vt 0.4571047 0.5279778
vt 0.6796576 0.5374024
vt 0.6862139 0.5296845
vt 0.6441040 0.5374024
vt 0.6466445 0.5296829
vt 0.6441040 0.5374024
vt 0.6466445 0.5296829
vt 0.4849184 0.5374024
vt 0.4805964 0.5296834
vt 1.2531170 -0.0484470
vt 1.2511760 -0.2720300
vt 1.0013720 -0.0484470
vt 1.0010370 -0.2720300
vt 0.7373528 0.4851475
vt 0.7373530 0.6997790
vt 0.9609340 0.4856889
vt 0.9609340 0.7016978
vt 1.0013720 -0.0484470
vt 1.0010370 -0.2720300
vt 0.9635200 -0.0484470
vt 0.9634264 -0.2720230
vt 0.7232947 0.3869011
vt 0.7160633 0.1633244
vt 0.5721969 0.3869011
vt 0.5659285 0.1633244
vt 0.9609340 0.4178563
vt 0.7373575 0.4177477
vt 0.9609340 0.4473405
vt 0.7373540 0.4470438
vt 0.7635129 0.3869011
vt 0.7232947 0.3869011
vt 0.7432712 0.4078031
vt 0.7160184 0.4078031
vt 1.0103970 -0.0275450
vt 1.2530110 -0.0275450
vt 1.0013720 -0.0484470
vt 1.2531170 -0.0484470
vt 0.7232947 0.3869011
vt 0.5721969 0.3869011
vt 0.7160184 0.4078031
vt 0.5846907 0.4078031
vt 0.5606830 0.4078031
vt 0.5846907 0.4078031
vt 0.5422372 0.3869011
vt 0.5721969 0.3869011
vt 0.9609340 0.4856889
vt 0.9609340 0.7016978
vt 0.9818358 0.4921597
vt 0.9818358 0.7021639
vt 0.9818358 0.4921597
vt 0.9818358 0.4581998
vt 0.9609340 0.4856889
vt 0.9609340 0.4473405
vt 0.7373540 0.4470438
vt 0.7373528 0.4851475
vt 0.9609340 0.4473405
vt 0.9609340 0.4856889
vt 0.2861325 0.7128750
vt 0.2927255 0.9252207
vt 0.5037319 0.7099305
vt 0.3048041 0.9586363
vt 0.5006841 0.9541663
vt 0.3288073 0.9822588
vt 0.4685167 0.9844418
vt 0.7560248 0.1633178
vt 0.7427972 0.1504588
vt 0.7160633 0.1633244
vt 0.7106298 0.1504588
vt 1.0066420 -0.2848890
vt 1.0010370 -0.2720300
vt 1.2508780 -0.2848890
vt 1.2511760 -0.2720300
vt 0.7244915 0.4875633
vt 0.7373528 0.4851475
vt 0.7244915 0.4541478
vt 0.7373540 0.4470438
vt 0.7373528 0.4851475
vt 0.7244915 0.4875633
vt 0.7373530 0.6997790
vt 0.7244915 0.6999090
vt 0.7160633 0.1633244
vt 0.7106298 0.1504588
vt 0.5659285 0.1633244
vt 0.5709203 0.1504588
vt 0.7373575 0.4177477
vt 0.7244915 0.4305252
vt 0.7373540 0.4470438
vt 0.7244915 0.4541478
vt 1.6710910 0.5789444
vt 1.6694830 0.4476167
vt 1.6454410 0.6061972
vt 1.6156540 0.4124727
vt 1.6496140 0.4236089
vt 1.4028270 0.6093824
vt 1.4056500 0.4060534
vt 1.0384040 0.7460423
vt 1.3537550 0.7460423
vt 1.0405630 0.5226291
vt 1.3539020 0.5226299
vt 0.7390692 -0.0048510
vt 0.7390689 0.2730085
vt 0.9624790 -0.0069870
vt 0.9624790 0.2726548
vt 0.8876687 0.5225877
vt 0.7541210 0.5278428
vt 0.8950124 0.6761604
vt 0.7457503 0.5696726
vt 0.7390695 -0.2282750
vt 0.7390692 -0.0048510
vt 0.9624790 -0.2318450
vt 0.9624790 -0.0069870
vt 0.7230707 0.5704203
vt 0.7457503 0.5696726
vt 0.7315567 0.5276320
vt 0.7541210 0.5278428
vt 0.9471683 -0.5182820
vt 0.7745404 -0.5232630
vt 0.9495640 -0.4754930
vt 0.7805758 -0.2998710
vt 0.9551840 -0.2998710
vt 0.9495640 -0.4754930
vt 0.7805758 -0.2998710
vt 0.9624790 -0.2318450
vt 0.9624790 -0.2750730
vt 0.7390695 -0.2282750
vt 0.7390870 -0.2712270
vt 1.3537550 0.7460423
vt 1.3915780 0.7460423
vt 1.3539020 0.5226299
vt 1.3914840 0.5226363
vt 0.7283387 -0.5214590
vt 0.5773566 -0.5214590
vt 0.7211128 -0.2980530
vt 0.5710931 -0.2980530
vt 0.9624790 0.3404353
vt 0.9624790 0.3109738
vt 0.7390735 0.3403567
vt 0.7390702 0.3110833
vt 1.2978210 -0.1233570
vt 1.2962140 0.0078703
vt 1.3176740 -0.1473460
vt 1.3218440 0.0351022
vt 1.3516080 -0.1584740
vt 1.6281090 0.0338036
vt 1.6252880 -0.1716100
vt 1.9067640 0.0177488
vt 1.8445030 -0.1748200
vt 1.9179330 -0.0006880
vt 1.8750670 -0.1573360
vt 0.7685262 -0.5214590
vt 0.7482998 -0.5423450
vt 0.7283387 -0.5214590
vt 0.7210680 -0.5423450
vt 1.3447540 0.7669282
vt 1.3537550 0.7460423
vt 1.0384890 0.7669283
vt 1.0384040 0.7460423
vt 1.0384890 0.7669283
vt 1.0384040 0.7460423
vt 0.7598339 0.7669283
vt 0.7492749 0.7460423
vt 0.7283387 -0.5214590
vt 0.7210680 -0.5423450
vt 0.5773566 -0.5214590
vt 0.5898409 -0.5423450
vt 0.5658512 -0.5423450
vt 0.5474195 -0.5214590
vt 0.5898409 -0.5423450
vt 0.5773566 -0.5214590
vt 0.9624790 0.2726548
vt 0.9833651 0.2662061
vt 0.9624790 -0.0069870
vt 0.9833651 -0.0074740
vt 0.9624790 -0.0069870
vt 0.9833651 -0.0074740
vt 0.9624790 -0.2318450
vt 0.9833651 -0.2266890
vt 0.9514502 -0.2789850
vt 0.9551840 -0.2998710
vt 0.7948020 -0.2789850
vt 0.7805758 -0.2998710
vt 0.9551840 -0.2998710
vt 0.9514502 -0.2789850
vt 0.9897735 -0.2998710
vt 0.9698871 -0.2789850
vt 0.9833651 -0.2572520
vt 0.9624790 -0.2750730
vt 0.9833651 -0.2266890
vt 0.9624790 -0.2318450
vt 0.7264953 0.7460423
vt 0.7492749 0.7460423
vt 0.7230707 0.5704203
vt 0.7457503 0.5696726
vt 1.0384040 0.7460423
vt 0.8950124 0.6761604
vt 0.7492749 0.7460423
vt 0.8950124 0.6761604
vt 0.7457503 0.5696726
vt 0.7492749 0.7460423
vt 1.0405630 0.5226291
vt 0.8876687 0.5225877
vt 1.0384040 0.7460423
vt 0.8950124 0.6761604
vt 0.9833651 0.2662061
vt 0.9624790 0.2726548
vt 0.9833651 0.3001403
vt 0.9624790 0.3109738
vt 0.7390689 0.2730085
vt 0.7390702 0.3110833
vt 0.9624790 0.2726548
vt 0.9624790 0.3109738
vt 0.4830249 0.3245201
vt 0.4959818 0.2011552
vt 0.4588481 0.3404352
vt 0.2772523 0.2643056
vt 0.5000842 0.0471804
vt 0.2973475 0.2994556
vt 0.2804180 0.0446958
vt 0.3057519 -0.2644070
vt 0.5013894 -0.2600270
vt 0.4693394 -0.2901920
vt 0.2936447 -0.2309120
vt 0.3297370 -0.2880110
vt 0.7477334 -0.2851970
vt 0.7610437 -0.2980460
vt 0.7156835 -0.2851970
vt 0.7211128 -0.2980530
vt 1.3539020 0.5226299
vt 1.3483780 0.5097805
vt 1.0405630 0.5226291
vt 1.0411700 0.5097806
vt 1.0405630 0.5226291
vt 1.0411700 0.5097806
vt 0.8876687 0.5225877
vt 0.8871957 0.5097806
vt 0.7390689 0.2730085
vt 0.7262174 0.2704791
vt 0.7390702 0.3110833
vt 0.7262174 0.3039739
vt 0.7262174 0.2704791
vt 0.7390689 0.2730085
vt 0.7262174 -0.0051290
vt 0.7390692 -0.0048510
vt 0.7262174 -0.0051290
vt 0.7390692 -0.0048510
vt 0.7262174 -0.2247380
vt 0.7390695 -0.2282750
vt 0.8876687 0.5225877
vt 0.8871957 0.5097806
vt 0.7541210 0.5278428
vt 0.7638308 0.5097806
vt 0.7262174 -0.2247380
vt 0.7390695 -0.2282750
vt 0.7262174 -0.2598880
vt 0.7390870 -0.2712270
vt 0.9815578 -0.5180710
vt 0.9683095 -0.5361330
vt 0.9471683 -0.5182820
vt 0.9441327 -0.5361330
vt 0.9471683 -0.5182820
vt 0.9441327 -0.5361330
vt 0.7745404 -0.5232630
vt 0.7826322 -0.5361330
vt 0.7156835 -0.2851970
vt 0.7211128 -0.2980530
vt 0.5760811 -0.2851970
vt 0.5710931 -0.2980530
vt 0.7262174 0.3275781
vt 0.7390735 0.3403567
vt 0.7262174 0.3039739
vt 0.7390702 0.3110833
vt 0.8725493 0.4399381
vt 0.7737214 0.5671672
vt 0.8725493 0.5515735
vt 0.1193733 0.8484728
vt 0.1193719 0.9101473
vt 0.3477327 0.8440003
vt 0.3477327 0.9060683
vt 0.5079779 0.3255921
vt 0.4510961 0.3255921
vt 0.5013182 0.5539464
vt 0.4447966 0.5539479
vt 0.8725493 0.3240887
vt 0.7704577 0.3219718
vt 0.8725493 0.4399381
vt 0.3477327 0.6163515
vt 0.3477327 0.5675005
vt 0.1193787 0.6218791
vt 0.1193692 0.5564895
vt 0.3477327 0.8440003
vt 0.3477327 0.7334189
vt 0.1193733 0.8484728
vt 0.1193743 0.7385929
vt 0.6261119 0.3255921
vt 0.5079779 0.3255921
vt 0.6187026 0.5539554
vt 0.5013182 0.5539464
vt 0.3477327 0.6766116
vt 0.3477327 0.6163515
vt 0.1193784 0.6821110
vt 0.1193787 0.6218791
vt 0.7000791 0.9101470
vt 0.7534802 0.8953255
vt 0.6709535 0.9018712
vt 0.8700162 0.8120527
vt 0.6454732 0.7467260
vt 0.6601399 0.8475339
vt 0.8563765 0.8571862
vt 0.6557747 0.7023906
vt 0.8722320 0.7102185
vt 0.7113652 0.6536012
vt 0.8124843 0.6091383
vt 0.7932981 0.6054838
vt 0.3859720 0.5533264
vt 0.3941204 0.4544985
vt 0.3450922 0.5533264
vt 0.4510961 0.3255921
vt 0.4049895 0.3255921
vt 0.4447966 0.5539479
vt 0.3989820 0.5539527
vt 0.3477327 0.7334189
vt 0.3477327 0.6766116
vt 0.1193743 0.7385929
vt 0.1193784 0.6821110
vt 0.3706046 0.8332175
vt 0.3477327 0.8440003
vt 0.3706046 0.8875548
vt 0.3477327 0.9060683
vt 0.3477327 0.8440003
vt 0.3706046 0.8332175
vt 0.3477327 0.7334189
vt 0.3706046 0.7324097
vt 0.3477327 0.7334189
vt 0.3706046 0.7324097
vt 0.3477327 0.6766116
vt 0.3706046 0.6880741
vt 0.8725493 0.4399381
vt 0.8954209 0.4309585
vt 0.8725493 0.3240887
vt 0.8954209 0.3291244
vt 0.8954209 0.4309585
vt 0.8725493 0.4399381
vt 0.8954209 0.5320388
vt 0.8725493 0.5515735
vt 0.8725493 0.3240887
vt 0.8954209 0.3291244
vt 0.8725493 0.2643363
vt 0.8954209 0.2839909
vt 0.4546808 0.3027204
vt 0.4510961 0.3255921
vt 0.5080819 0.3027202
vt 0.5079779 0.3255921
vt 0.4510961 0.3255921
vt 0.4546808 0.3027204
vt 0.4049895 0.3255921
vt 0.4255552 0.3027202
vt 0.5080819 0.3027202
vt 0.5079779 0.3255921
vt 0.6109782 0.3027202
vt 0.6261119 0.3255921
vt 0.8124843 0.6091383
vt 0.8282013 0.5896035
vt 0.7932981 0.6054838
vt 0.7873214 0.5818169
vt 0.7932981 0.6054838
vt 0.7873214 0.5818169
vt 0.7113652 0.6536012
vt 0.7034925 0.6306679
vt 0.7113652 0.6536012
vt 0.7034925 0.6306679
vt 0.6557747 0.7023906
vt 0.6344934 0.6909276
vt 0.8725493 0.4399381
vt 0.7704577 0.3219718
vt 0.6441859 0.4344695
vt 0.6441885 0.3193543
vt 0.7737214 0.5671672
vt 0.8725493 0.4399381
vt 0.6441824 0.5636820
vt 0.6441859 0.4344695
vt 0.3450922 0.5533264
vt 0.3941204 0.4544985
vt 0.3485991 0.3249629
vt 0.3895950 0.3249595
vt 0.8725493 0.2643363
vt 0.7704577 0.3219718
vt 0.8725493 0.3240887
vt 0.7704577 0.3219718
vt 0.6427444 0.2649812
vt 0.6441885 0.3193543
vt 0.7704577 0.3219718
vt 0.8725493 0.2643363
vt 0.6441859 0.2599813
vt 0.5420455 0.9101473
vt 0.5698563 0.9048500
vt 0.4528407 0.8474348
vt 0.6196198 0.7841998
vt 0.3881525 0.7904841
vt 0.6284344 0.6749225
vt 0.3765802 0.7406420
vt 0.6022696 0.6235895
vt 0.3931801 0.6335661
vt 0.4904568 0.5837119
vt 0.4034657 0.5801434
vt 0.4380047 0.5703300
vt 0.1193733 0.8484728
vt 0.1061577 0.8464681
vt 0.1193719 0.9101473
vt 0.1061577 0.8998908
vt 0.1061577 0.8464681
vt 0.1193733 0.8484728
vt 0.1061577 0.7393922
vt 0.1193743 0.7385929
vt 0.1061577 0.7393922
vt 0.1193743 0.7385929
vt 0.1061577 0.6895502
vt 0.1193784 0.6821110
vt 0.6309739 0.4310263
vt 0.6441859 0.4344695
vt 0.6309739 0.3217490
vt 0.6441885 0.3193543
vt 0.6441859 0.4344695
vt 0.6309739 0.4310263
vt 0.6441824 0.5636820
vt 0.6309739 0.5516765
vt 0.6309739 0.3217490
vt 0.6441885 0.3193543
vt 0.6309739 0.2704159
vt 0.6427444 0.2649812
vt 0.3989820 0.5539527
vt 0.4100781 0.5671672
vt 0.4447966 0.5539479
vt 0.4446171 0.5671672
vt 0.4447966 0.5539479
vt 0.4446171 0.5671672
vt 0.5013182 0.5539464
vt 0.4970692 0.5671672
vt 0.5013182 0.5539464
vt 0.4970692 0.5671672
vt 0.6187026 0.5539554
vt 0.6088820 0.5671672
vt 0.3895950 0.3249595
vt 0.3796376 0.3117510
vt 0.3485991 0.3249629
vt 0.3518268 0.3117510
vt 0.3485991 0.3249629
vt 0.3518268 0.3117510
vt 0.2548015 0.3249724
vt 0.2626221 0.3117510
vt 0.2548015 0.3249724
vt 0.2626221 0.3117510
vt 0.1863568 0.3249717
vt 0.1979339 0.3117510
vt 0.1814952 0.5508105
vt 0.1710602 0.5409900
vt 0.1764950 0.5533267
vt 0.3333687 0.5575672
vt 0.3333687 0.6007416
vt 0.5679921 0.5507133
vt 0.5679914 0.5936092
vt 0.6270391 0.7435093
vt 0.6270391 0.6987214
vt 0.3924229 0.7375487
vt 0.3924188 0.6930501
vt 0.6270391 0.6987214
vt 0.6270391 0.6231569
vt 0.3924188 0.6930501
vt 0.3924188 0.6179742
vt 0.5679921 0.5507133
vt 0.5679914 0.4492759
vt 0.3333687 0.5575672
vt 0.3333687 0.4554700
vt 0.6270391 0.9286790
vt 0.6270391 0.7435093
vt 0.3924232 0.9215230
vt 0.3924229 0.7375487
vt 0.3282840 0.5525297
vt 0.3282840 0.3586605
vt 0.0936665 0.5589058
vt 0.0936672 0.3662888
vt 0.0936665 0.5589058
vt 0.0936638 0.6007417
vt 0.3282840 0.5525297
vt 0.3282840 0.5946378
vt 0.5679914 0.4492759
vt 0.5679893 0.3305796
vt 0.3333687 0.4554700
vt 0.3333687 0.3360020
vt 0.0998275 0.0931628
vt 0.0646419 0.0931628
vt 0.0929504 0.3277853
vt 0.0579929 0.3277787
vt 0.3282840 0.3586605
vt 0.3282840 0.3390841
vt 0.0936672 0.3662888
vt 0.0936638 0.3468387
vt 0.3530851 0.7496327
vt 0.3180033 0.7109410
vt 0.3546179 0.7641913
vt 0.2135637 0.6457969
vt 0.0944174 0.8447517
vt 0.1647917 0.9040937
vt 0.1870611 0.9031267
vt 0.1163082 0.6287183
vt 0.0834363 0.7893488
vt 0.1044765 0.6366491
vt 0.3180033 0.7109410
vt 0.3322129 0.6928769
vt 0.2135637 0.6457969
vt 0.2301157 0.6276153
vt 0.3322129 0.6928769
vt 0.3180033 0.7109410
vt 0.3753874 0.7399530
vt 0.3530851 0.7496327
vt 0.3753874 0.7399530
vt 0.3530851 0.7496327
vt 0.3790908 0.7751386
vt 0.3546179 0.7641913
vt 0.1870611 0.9031267
vt 0.1939211 0.9286790
vt 0.3546179 0.7641913
vt 0.3790908 0.7751386
vt 0.1939211 0.9286790
vt 0.1870611 0.9031267
vt 0.1491332 0.9236841
vt 0.1647917 0.9040937
vt 0.1491332 0.9236841
vt 0.1647917 0.9040937
vt 0.0735687 0.8596033
vt 0.0944174 0.8447517
vt 0.0735687 0.8596033
vt 0.0944174 0.8447517
vt 0.0579933 0.8174949
vt 0.0834363 0.7893488
vt 0.2135637 0.6457969
vt 0.2301157 0.6276153
vt 0.1163082 0.6287183
vt 0.1106481 0.6040497
vt 0.0579933 0.8174949
vt 0.0834363 0.7893488
vt 0.0814438 0.6236264
vt 0.1044765 0.6366491
vt 0.1163082 0.6287183
vt 0.1106481 0.6040497
vt 0.1044765 0.6366491
vt 0.0814438 0.6236264
vt 0.7054254 0.3090173
vt 0.6667374 0.3133314
vt 0.8400956 0.5287440
vt 0.8834463 0.4566299
vt 0.7408354 0.5921918
vt 0.5951396 0.3740491
vt 0.8804920 0.4846971
vt 0.6269001 0.6146661
vt 0.5810673 0.4120938
vt 0.6036885 0.5991070
vt 0.5679921 0.5507133
vt 0.5759823 0.5452923
vt 0.5679914 0.4492759
vt 0.5759823 0.4460320
vt 0.1333024 0.3357761
vt 0.1397226 0.3277858
vt 0.0892558 0.3357761
vt 0.0929504 0.3277853
vt 0.0892558 0.3357761
vt 0.0929504 0.3277853
vt 0.0611883 0.3357761
vt 0.0579929 0.3277787
vt 0.3844258 0.7348563
vt 0.3924229 0.7375487
vt 0.3844258 0.6961683
vt 0.3924188 0.6930501
vt 0.3924229 0.7375487
vt 0.3844258 0.7348563
vt 0.3924232 0.9215230
vt 0.3844258 0.9128772
vt 0.3844258 0.6961683
vt 0.3924188 0.6930501
vt 0.3844258 0.6245705
vt 0.3924188 0.6179742
vt 0.0856708 0.5962074
vt 0.0936638 0.6007417
vt 0.0856708 0.5581628
vt 0.0936665 0.5589058
vt 0.5679914 0.4492759
vt 0.5759823 0.4460320
vt 0.5679893 0.3305796
vt 0.5759823 0.3320971
vt 0.0856708 0.5581628
vt 0.0936665 0.5589058
vt 0.0856708 0.3711494
vt 0.0936672 0.3662888
vt 0.5679893 0.3305796
vt 0.5759823 0.3320971
vt 0.5679860 0.3015642
vt 0.5759823 0.3088851
vt 0.4037580 0.8736147
vt 0.5733173 0.8736137
vt 0.4072177 0.6462634
vt 0.5778799 0.6462634
vt 0.1430246 0.6449175
vt 0.1430246 0.8601184
vt 0.3703769 0.6414392
vt 0.3703783 0.8552505
vt 0.6264223 0.6462634
vt 0.5778799 0.6462634
vt 0.6215464 0.8736124
vt 0.5733173 0.8736137
vt 0.8175793 0.3850165
vt 0.6194466 0.3850165
vt 0.8102144 0.6123669
vt 0.6133610 0.6123656
vt 0.1430246 0.8601184
vt 0.1430246 0.8813612
vt 0.3703783 0.8552505
vt 0.3703750 0.8763556
vt 0.5758317 0.3794338
vt 0.3662544 0.3794338
vt 0.5818866 0.6067834
vt 0.3736633 0.6067827
vt 0.1430246 0.6207536
vt 0.1430246 0.6449175
vt 0.3703736 0.6174315
vt 0.3703769 0.6414392
vt 0.4072177 0.6462634
vt 0.3866171 0.6462634
vt 0.4037580 0.8736147
vt 0.3832897 0.8736129
vt 0.3252628 0.1551793
vt 0.3323351 0.3604272
vt 0.3323351 0.1641377
vt 0.1346307 0.1559046
vt 0.1226036 0.1650171
vt 0.3224403 0.3685630
vt 0.1441985 0.3505682
vt 0.1197759 0.3167517
vt 0.5710236 0.6230143
vt 0.5778799 0.6462634
vt 0.6048394 0.6230143
vt 0.6264223 0.6462634
vt 0.5778799 0.6462634
vt 0.5710236 0.6230143
vt 0.4072177 0.6462634
vt 0.4192883 0.6230143
vt 0.6030242 0.3794338
vt 0.5793884 0.3561848
vt 0.5758317 0.3794338
vt 0.5673614 0.3561848
vt 0.6327991 0.3617675
vt 0.6194466 0.3850165
vt 0.8110410 0.3617675
vt 0.8175793 0.3850165
vt 0.8110410 0.3617675
vt 0.8175793 0.3850165
vt 0.8209357 0.3617675
vt 0.8434147 0.3850165
vt 0.1197759 0.8496333
vt 0.1430246 0.8601184
vt 0.1197759 0.6533438
vt 0.1430246 0.6449175
vt 0.1197759 0.6533438
vt 0.1430246 0.6449175
vt 0.1197759 0.6443854
vt 0.1430246 0.6207536
vt 0.3767292 0.3561848
vt 0.3662544 0.3794338
vt 0.5673614 0.3561848
vt 0.5758317 0.3794338
vt 0.3368060 0.3722318
vt 0.1349897 0.3714635
vt 0.3587559 0.3888608
vt 0.1200463 0.3903918
vt 0.3305255 0.5953350
vt 0.3617968 0.5520368
vt 0.1200463 0.5978048
vt 0.1403897 0.6145320
vt 0.5707211 0.8813614
vt 0.5733173 0.8736137
vt 0.4075453 0.8813614
vt 0.4037580 0.8736147
vt 0.5733173 0.8736137
vt 0.5707211 0.8813614
vt 0.6215464 0.8736124
vt 0.6140195 0.8813614
vt 0.6014260 0.6145319
vt 0.6089040 0.6067852
vt 0.5794761 0.6145319
vt 0.5818866 0.6067834
vt 0.8278763 0.6201146
vt 0.8358824 0.6123697
vt 0.8075328 0.6201146
vt 0.8102144 0.6123669
vt 0.3703783 0.8552505
vt 0.3781230 0.8514241
vt 0.3703769 0.6414392
vt 0.3781230 0.6440108
vt 0.3703769 0.6414392
vt 0.3781230 0.6440108
vt 0.3703736 0.6174315
vt 0.3781230 0.6250829
vt 0.6133610 0.6123656
vt 0.6173971 0.6201146
vt 0.8102144 0.6123669
vt 0.8075328 0.6201146
vt 0.3736633 0.6067827
vt 0.3776597 0.6145319
vt 0.5818866 0.6067834
vt 0.5794761 0.6145319
vt 0.3168187 0.3650477
vt 0.1262385 0.3650477
vt 0.3095547 0.5906209
vt 0.1202050 0.5906203
vt 0.2905100 0.8770692
vt 0.2905100 0.8254973
vt 0.0649357 0.8741270
vt 0.0649351 0.8228883
vt 0.3506493 0.1020430
vt 0.3021781 0.1020430
vt 0.3473942 0.3276157
vt 0.2992359 0.3276172
vt 0.5730364 0.3403808
vt 0.5730364 0.5322893
vt 0.7986133 0.3389481
vt 0.7986133 0.5296169
vt 0.3364950 0.3650477
vt 0.3168187 0.3650477
vt 0.3291030 0.5906249
vt 0.3095547 0.5906209
vt 0.2586751 0.1057172
vt 0.0572486 0.1057172
vt 0.2647657 0.3312897
vt 0.0646406 0.3312895
vt 0.5730364 0.3156730
vt 0.5730364 0.3403808
vt 0.7986094 0.3143998
vt 0.7986133 0.3389481
vt 0.2905100 0.6254838
vt 0.2905100 0.6024792
vt 0.0649351 0.6241670
vt 0.0649377 0.6013107
vt 0.0649351 0.6241670
vt 0.0649351 0.8228883
vt 0.2905100 0.6254838
vt 0.2905100 0.8254973
vt 0.7986140 0.6092579
vt 0.7986133 0.5296169
vt 0.5730364 0.6124483
vt 0.5730364 0.5322893
vt 0.5236565 0.6124489
vt 0.5354989 0.6049125
vt 0.3605971 0.6080294
vt 0.5453335 0.5405086
vt 0.3411086 0.5306858
vt 0.3467264 0.5761843
vt 0.5453552 0.3539941
vt 0.3483456 0.3419212
vt 0.5416828 0.3467610
vt 0.3623962 0.3306192
vt 0.1421000 0.3419803
vt 0.1262385 0.3650477
vt 0.3051594 0.3419803
vt 0.3168187 0.3650477
vt 0.2905100 0.9255404
vt 0.3135774 0.9031074
vt 0.2905100 0.8770692
vt 0.3135774 0.8712627
vt 0.3051594 0.3419803
vt 0.3168187 0.3650477
vt 0.3170018 0.3419803
vt 0.3364950 0.3650477
vt 0.2905100 0.8770692
vt 0.3135774 0.8712627
vt 0.2905100 0.8254973
vt 0.3135774 0.8257638
vt 0.2905100 0.8254973
vt 0.3135774 0.8257638
vt 0.2905100 0.6254838
vt 0.3135774 0.6369995
vt 0.5499694 0.5969663
vt 0.5730364 0.6124483
vt 0.5499694 0.5325624
vt 0.5730364 0.5322893
vt 0.5499694 0.5325624
vt 0.5730364 0.5322893
vt 0.5499694 0.3460479
vt 0.5730364 0.3403808
vt 0.0706790 0.0826499
vt 0.0572486 0.1057172
vt 0.2499659 0.0826499
vt 0.2586751 0.1057172
vt 0.5730364 0.3156730
vt 0.5499694 0.3388149
vt 0.5730364 0.3403808
vt 0.5499694 0.3460479
vt 0.2499659 0.0826499
vt 0.2586751 0.1057172
vt 0.2640168 0.0826499
vt 0.2872756 0.1057172
vt 0.5455065 0.8782617
vt 0.5514399 0.8287566
vt 0.5269418 0.9208832
vt 0.5440029 0.6341877
vt 0.3302954 0.9141911
vt 0.3452300 0.9255404
vt 0.5207094 0.6154509
vt 0.3182901 0.8382169
vt 0.3182901 0.6500344
vt 0.3279697 0.6309704
vt 0.0572486 0.9146130
vt 0.0649374 0.9222854
vt 0.0572486 0.8719915
vt 0.0649357 0.8741270
vt 0.1202050 0.5906203
vt 0.1250927 0.5983090
vt 0.3095547 0.5906209
vt 0.3068048 0.5983090
vt 0.3095547 0.5906209
vt 0.3068048 0.5983090
vt 0.3291030 0.5906249
vt 0.3217392 0.5983090
vt 0.0572486 0.8719915
vt 0.0649357 0.8741270
vt 0.0572486 0.8224864
vt 0.0649351 0.8228883
vt 0.0572486 0.8224864
vt 0.0649351 0.8228883
vt 0.0572486 0.6279175
vt 0.0649351 0.6241670
vt 0.7986140 0.6092579
vt 0.8062983 0.6048961
vt 0.7986133 0.5296169
vt 0.8062983 0.5289222
vt 0.7986133 0.5296169
vt 0.8062983 0.5289222
vt 0.7986133 0.3389481
vt 0.8062983 0.3407393
vt 0.8062983 0.3216756
vt 0.7986094 0.3143998
vt 0.8062983 0.3407393
vt 0.7986133 0.3389481
vt 0.0646406 0.3312895
vt 0.0698001 0.3389786
vt 0.2647657 0.3312897
vt 0.2625398 0.3389786
vt 0.2647657 0.3312897
vt 0.2625398 0.3389786
vt 0.2931820 0.3312923
vt 0.2858334 0.3389786
vt 1.3355740 0.0924828
vt 1.3355740 0.2590240
vt 1.5678850 0.0924828
vt 1.5678850 0.2590240
vt 1.3355740 1.5978639
vt 1.3355740 1.7248943
vt 1.5678850 1.5978639
vt 1.5678850 1.7248943
vt 1.8072080 0.0812446
vt 1.8072080 -0.0668430
vt 1.5748970 0.0812446
vt 1.5748970 -0.0668430
vt 1.8072080 -0.6887440
vt 1.8072080 -0.9310660
vt 1.5748970 -0.6887440
vt 1.5748970 -0.9310660
vt -0.9441020 0.0289104
vt -0.8545443 -0.0529920
vt -0.8631352 -0.0729660
vt -0.8631352 -0.0729660
vt -0.8545443 -0.0529920
vt -0.6965941 -0.0900660
vt -0.6922992 -0.0699770
vt 0.6422458 -0.0857220
vt 0.6343827 -0.0657270
vt 0.7692764 0.0299985
vt 0.7495803 0.0395628
vt 0.7692764 0.0299985
vt 0.7495803 0.0395628
vt 0.7841941 0.1780865
vt 0.7639689 0.1780865
vt 1.5748970 -0.4989420
vt 1.8072080 -0.4989420
vt 1.5748970 -0.6887440
vt 1.8072080 -0.6887440
vt 0.7919902 1.0423092
vt 0.8121964 1.0423092
vt 0.7967607 0.7999871
vt 0.8169592 0.7999871
vt 1.5678850 0.4191294
vt 1.3355740 0.4191294
vt 1.5678850 0.6252713
vt 1.3355740 0.6252713
vt 1.5678850 1.3289988
vt 1.3355740 1.3289988
vt 1.5678850 1.5978639
vt 1.3355740 1.5978639
vt 0.3733806 -0.1018350
vt 0.3733804 -0.0816310
vt 0.6422458 -0.0857220
vt 0.6343827 -0.0657270
vt 1.5748970 -0.0668430
vt 1.8072080 -0.0668430
vt 1.5748970 -0.3008280
vt 1.8072080 -0.3008280
vt 0.7841941 0.1780865
vt 0.7639689 0.1780865
vt 0.8015088 0.4120708
vt 0.7812940 0.4120707
vt 0.7827821 1.2763195
vt 0.8029958 1.2763195
vt 0.7919902 1.0423092
vt 0.8121964 1.0423092
vt 1.5748970 -0.9310660
vt 1.8072080 -0.9310660
vt 1.5748970 -1.1650770
vt 1.8072080 -1.1650770
vt 1.5748970 -0.3008280
vt 1.8072080 -0.3008280
vt 1.5748970 -0.4989420
vt 1.8072080 -0.4989420
vt 0.7967607 0.7999871
vt 0.8169592 0.7999871
vt 0.7901363 0.6101850
vt 0.8103428 0.6101850
vt 0.7812940 0.4120707
vt 0.8015088 0.4120708
vt -0.3303469 -0.1024580
vt -0.3303468 -0.0822560
vt -0.1053295 -0.1037610
vt -0.1053295 -0.0835620
vt 1.5678850 0.6252713
vt 1.3355740 0.6252713
vt 1.5678850 0.8502887
vt 1.3355740 0.8502887
vt 1.5678850 1.3289988
vt 1.5678850 1.0753062
vt 1.3355740 1.3289988
vt 1.5678850 0.8502887
vt 1.3355740 1.0753062
vt 1.3355740 0.8502887
vt 0.3733804 -0.0816310
vt 0.3733806 -0.1018350
vt 0.1196879 -0.0814880
vt 0.1196879 -0.1016880
vt -0.1053295 -0.0835620
vt -0.1053295 -0.1037610
vt -0.3303468 -0.0822560
vt -0.3303469 -0.1024580
vt -0.5364888 -0.0765140
vt -0.5364888 -0.0967170
vt -0.5364888 -0.0967170
vt -0.6922992 -0.0699770
vt -0.6965941 -0.0900660
vt 1.5678850 0.2590240
vt 1.3355740 0.2590240
vt 1.5678850 0.4191294
vt 1.3355740 0.4191294
vt -0.7803816 0.5749697
vt -0.5553643 0.5749697
vt -0.7803816 0.3499523
vt -0.3303468 0.5749698
vt -0.5553643 0.3499523
vt -0.3303468 0.7999871
vt -0.5553643 0.7999871
vt -0.5553643 0.1249349
vt -0.7803816 0.2374436
vt -0.1053294 0.5749697
vt -0.3303468 0.3499523
vt -0.1053294 0.7999871
vt -0.3303468 1.0250044
vt -0.1053294 1.0250044
vt -0.3303468 0.1249349
vt -0.5459265 0.0242103
vt -0.6678729 0.1249349
vt -0.7803816 0.1249349
vt -0.1053294 0.3499523
vt 0.1196879 0.5749697
vt 0.1196879 0.7999871
vt 0.1196879 1.0250044
vt -0.1053294 0.1249350
vt -0.3303468 0.0213395
vt -0.5364888 -0.0765140
vt -0.6922992 -0.0699770
vt -0.8545443 -0.0529920
vt -0.9441020 0.0289104
vt 0.1196879 0.3499523
vt 0.3447050 0.5749698
vt 0.3447050 0.7999871
vt 0.3447050 1.0250044
vt 0.1196879 1.2500218
vt -0.3303468 -0.0822560
vt -0.1053294 0.0206865
vt 0.1196879 0.1249349
vt 0.3447050 0.3499523
vt 0.5697222 0.5749697
vt 0.5697222 0.7999871
vt 0.5697222 0.9124957
vt 0.5697222 1.0250044
vt 0.3447050 1.2500218
vt -0.1053295 -0.0835620
vt 0.1196879 0.0217237
vt 0.3447051 0.1249349
vt 0.5697223 0.3499523
vt 0.6799293 0.5925773
vt 0.6832415 0.7999871
vt 0.5697222 1.2500219
vt 0.7967607 0.7999871
vt 0.7919902 1.0423092
vt 0.1196879 -0.0814880
vt 0.3590427 0.0216519
vt 0.4572136 0.1249349
vt 0.5697223 0.2374437
vt 0.6755081 0.3810115
vt 0.7901363 0.6101850
vt 0.7827821 1.2763195
vt 0.3733804 -0.0816310
vt 0.5697222 0.1249350
vt 0.7812940 0.4120707
vt 0.6343827 -0.0657270
vt 0.7495803 0.0395628
vt 0.7639689 0.1780865
vt 2.0618340 0.6586975
vt 2.0995900 0.6521471
vt 2.0620880 0.4240434
vt 2.0995900 0.4240474
vt 0.9236887 -0.0831450
vt 1.0660080 -0.0831450
vt 0.9310933 -0.3112450
vt 1.0724840 -0.3112450
vt 1.2595980 0.5788674
vt 1.2666750 0.5448073
vt 1.0314990 0.5788829
vt 1.0314970 0.5450525
vt 0.8833598 -0.0765950
vt 0.9037640 -0.0623000
vt 0.9236887 -0.0831450
vt 0.9309425 -0.0623000
vt 0.9236887 -0.0831450
vt 0.9309425 -0.0623000
vt 1.0660080 -0.0831450
vt 1.0535400 -0.0623000
vt 2.0243060 0.1537433
vt 2.0351220 0.1719501
vt 2.0487720 0.1270099
vt 2.0691820 0.1394776
vt 1.2804430 0.5001237
vt 1.2666750 0.5065562
vt 1.2804430 0.5339910
vt 1.2666750 0.5448073
vt 1.0314960 0.5070580
vt 1.0314970 0.5450525
vt 1.2666750 0.5065562
vt 1.2666750 0.5448073
vt 0.8992181 -0.3189430
vt 0.8912464 -0.3112490
vt 0.9343426 -0.3189430
vt 0.9310933 -0.3112450
vt 1.0314960 0.5070580
vt 1.0238000 0.5055056
vt 1.0314970 0.5450525
vt 1.0238000 0.5409085
vt 0.9343426 -0.3189430
vt 0.9310933 -0.3112450
vt 1.0693680 -0.3189430
vt 1.0724840 -0.3112450
vt 1.0238000 0.5712389
vt 1.0314990 0.5788829
vt 1.0238000 0.5409085
vt 1.0314970 0.5450525
vt 2.0487720 0.1270099
vt 2.0503760 0.0044123
vt 2.0243060 0.1537433
vt 2.0247960 -0.0227660
vt 1.9904390 0.1648495
vt 1.7492020 0.6522454
vt 2.0618340 0.6586975
vt 1.7514880 0.4240428
vt 2.0620880 0.4240434
vt 1.0314960 0.2364829
vt 1.0314960 0.5070580
vt 1.2629720 0.2341858
vt 1.2666750 0.5065562
vt 1.4665850 0.4292399
vt 1.4571850 0.4761233
vt 1.5986000 0.4240137
vt 1.0314960 0.0135298
vt 1.0314960 0.2364829
vt 1.2595980 0.0098022
vt 1.2629720 0.2341858
vt 1.4345510 0.4768694
vt 1.4571850 0.4761233
vt 1.4440390 0.4291132
vt 1.4665850 0.4292399
vt 1.1210540 -0.0500760
vt 1.2931990 -0.0450180
vt 1.1183740 -0.0978320
vt 1.2870100 -0.2731100
vt 1.1129480 -0.2667910
vt 1.1183740 -0.0978320
vt 1.2870100 -0.2731100
vt 1.2595980 0.0098022
vt 1.2595980 -0.0333410
vt 1.0314960 0.0135298
vt 1.0315070 -0.0293320
vt 2.0618340 0.6586975
vt 2.0995900 0.6521471
vt 2.0620880 0.4240434
vt 2.0995900 0.4240474
vt 0.9236887 -0.0831450
vt 1.0660080 -0.0831450
vt 0.9310933 -0.3112450
vt 1.0724840 -0.3112450
vt 1.2595980 0.5788674
vt 1.2666750 0.5448073
vt 1.0314990 0.5788829
vt 1.0314970 0.5450525
vt 0.8833598 -0.0765950
vt 0.9037640 -0.0623000
vt 0.9236887 -0.0831450
vt 0.9309425 -0.0623000
vt 2.0528500 0.6729921
vt 2.0618340 0.6586975
vt 1.7492800 0.6729920
vt 1.7492020 0.6522454
vt 1.7492800 0.6729920
vt 1.7492020 0.6522454
vt 1.4711710 0.6729921
vt 1.4608420 0.6411308
vt 0.9236887 -0.0831450
vt 0.9309425 -0.0623000
vt 1.0660080 -0.0831450
vt 1.0535400 -0.0623000
vt 2.0243060 0.1537433
vt 2.0351220 0.1719501
vt 2.0487720 0.1270099
vt 2.0691820 0.1394776
vt 1.2666750 0.5065562
vt 1.2804430 0.5001237
vt 1.2629720 0.2341858
vt 1.2804430 0.2337263
vt 1.2629720 0.2341858
vt 1.2804430 0.2337263
vt 1.2595980 0.0098022
vt 1.2804430 0.0149412
vt 1.1164690 -0.2939540
vt 1.1129480 -0.2667910
vt 1.2728090 -0.2939540
vt 1.2870100 -0.2731100
vt 1.1129480 -0.2667910
vt 1.1164690 -0.2939540
vt 1.0785870 -0.2620930
vt 1.0980670 -0.2939540
vt 1.2804430 -0.0155630
vt 1.2595980 -0.0333410
vt 1.2804430 0.0149412
vt 1.2595980 0.0098022
vt 1.4380250 0.6458284
vt 1.4608420 0.6411308
vt 1.4345510 0.4768694
vt 1.4571850 0.4761233
vt 1.7492020 0.6522454
vt 1.6061170 0.5824021
vt 1.4608420 0.6411308
vt 1.6061170 0.5824021
vt 1.4571850 0.4761233
vt 1.4608420 0.6411308
vt 1.5986000 0.4240137
vt 1.6061170 0.5824021
vt 1.7514880 0.4240428
vt 1.2804430 0.5001237
vt 1.2666750 0.5065562
vt 1.2804430 0.5339910
vt 1.2666750 0.5448073
vt 1.0314960 0.5070580
vt 1.0314970 0.5450525
vt 1.2666750 0.5065562
vt 1.2666750 0.5448073
vt 1.6061170 0.5824021
vt 1.7492020 0.6522454
vt 1.7514880 0.4240428
vt 1.4571850 0.4761233
vt 1.6061170 0.5824021
vt 1.5986000 0.4240137
vt 0.5743724 0.0853608
vt 0.6129154 -0.0591210
vt 0.5847200 -0.0405570
vt 0.5743724 0.0853608
vt 0.7783971 -0.0171290
vt 0.6129154 -0.0591210
vt 0.5743724 0.0853608
vt 0.8002105 0.0210155
vt 0.7783971 -0.0171290
vt 0.5743724 0.0853608
vt 0.7942876 0.2416375
vt 0.8002105 0.0210155
vt 0.7654907 0.5463185
vt 0.5675574 0.2388964
vt 0.7363945 0.5766490
vt 0.7782876 0.5109155
vt 0.5662448 0.5458245
vt 0.6013694 0.5788828
vt 0.7942876 0.2416375
vt 0.5743724 0.0853608
vt 0.8992181 -0.3189430
vt 0.8912464 -0.3112490
vt 0.9343426 -0.3189430
vt 0.9310933 -0.3112450
vt 2.0620880 0.4240434
vt 2.0587830 0.4163489
vt 1.7514880 0.4240428
vt 1.7518550 0.4163489
vt 1.7514880 0.4240428
vt 1.7518550 0.4163489
vt 1.5986000 0.4240137
vt 1.5983190 0.4163489
vt 1.0314960 0.5070580
vt 1.0238000 0.5055056
vt 1.0314970 0.5450525
vt 1.0238000 0.5409085
vt 1.0238000 0.5055056
vt 1.0314960 0.5070580
vt 1.0238000 0.2362274
vt 1.0314960 0.2364829
vt 1.0238000 0.2362274
vt 1.0314960 0.2364829
vt 1.0238000 0.0156054
vt 1.0314960 0.0135298
vt 1.5986000 0.4240137
vt 1.5983190 0.4163489
vt 1.4665850 0.4292399
vt 1.4724020 0.4163489
vt 1.0238000 0.0156054
vt 1.0314960 0.0135298
vt 1.0238000 -0.0225390
vt 1.0315070 -0.0293320
vt 1.0867420 -0.0502020
vt 1.0946770 -0.0373110
vt 1.1210540 -0.0500760
vt 1.1228730 -0.0373110
vt 1.1210540 -0.0500760
vt 1.1228730 -0.0373110
vt 1.2931990 -0.0450180
vt 1.2883540 -0.0373110
vt 0.9343426 -0.3189430
vt 0.9310933 -0.3112450
vt 1.0693680 -0.3189430
vt 1.0724840 -0.3112450
vt 1.0238000 0.5712389
vt 1.0314990 0.5788829
vt 1.0238000 0.5409085
vt 1.0314970 0.5450525
vt 2.0487720 0.1270099
vt 2.0503760 0.0044123
vt 2.0243060 0.1537433
vt 2.0247960 -0.0227660
vt 1.9904390 0.1648495
vt 1.7240410 0.1807505
vt 1.7212260 -0.0214700
vt 1.7212260 -0.0214700
vt 1.5052560 0.1867447
vt 1.4431170 -0.0054470
vt 1.4747520 0.1692948
vt 1.4319700 0.0129544
vt 1.6175940 0.4173912
vt 1.6155410 0.1897151
vt 1.3321510 0.4173912
vt 1.3319610 0.1897154
vt 0.5125992 0.4603714
vt 0.5125992 0.7048156
vt 0.7402730 0.4607973
vt 0.7402730 0.7068459
vt 1.7818100 0.1896859
vt 1.9167060 0.2416980
vt 1.9073610 0.1949024
vt 0.5125992 0.7048156
vt 0.5125992 0.9526313
vt 0.7402730 0.7068459
vt 0.7402730 0.9562894
vt 1.9463780 0.2424427
vt 1.9367200 0.1947660
vt 1.9167060 0.2416980
vt 1.9073610 0.1949024
vt 0.9929136 0.3848299
vt 0.9990911 0.1571667
vt 0.8245942 0.2098815
vt 0.8272700 0.1622047
vt 0.8245942 0.2098815
vt 0.8189754 0.3848299
vt 0.9929136 0.3848299
vt 0.7402730 0.9562894
vt 0.5125992 0.9526313
vt 0.7402730 0.9993514
vt 0.5126097 0.9954123
vt 1.3321510 0.4173912
vt 1.3319610 0.1897154
vt 1.3028820 0.4173912
vt 1.3028820 0.1897197
vt 0.5851464 0.1584914
vt 0.5925821 0.3861630
vt 0.7531325 0.1584914
vt 0.7594724 0.3861630
vt 0.7402730 0.3978636
vt 0.5126019 0.3978481
vt 0.7402730 0.4226252
vt 0.5125992 0.4224483
vt 1.1879100 0.8390464
vt 1.2030980 0.8583540
vt 1.1863100 0.6907290
vt 1.2369020 0.8694392
vt 1.2034270 0.6704854
vt 1.4769920 0.8764058
vt 1.4798020 0.6717795
vt 1.7760240 0.7061389
vt 1.7512760 0.8621860
vt 1.7208290 0.8796031
vt 1.7648980 0.6877723
vt 0.5519933 0.1584914
vt 0.5851464 0.1584914
vt 0.5721394 0.1376857
vt 0.5923829 0.1376857
vt 1.3411210 0.4381971
vt 1.6174960 0.4381971
vt 1.3321510 0.4173912
vt 1.6175940 0.4173912
vt 1.6174960 0.4381971
vt 1.9025920 0.4381971
vt 1.6175940 0.4173912
vt 1.9131190 0.4173912
vt 0.5851464 0.1584914
vt 0.7531325 0.1584914
vt 0.5923829 0.1376857
vt 0.7407004 0.1376857
vt 0.7600079 0.1376857
vt 0.7407004 0.1376857
vt 0.7783675 0.1584914
vt 0.7531325 0.1584914
vt 0.7402730 0.4607973
vt 0.7402730 0.7068459
vt 0.7610789 0.4672271
vt 0.7610789 0.7073170
vt 0.7402730 0.7068459
vt 0.7402730 0.9562894
vt 0.7610789 0.9511542
vt 0.8226923 0.4056358
vt 0.9787394 0.4056358
vt 0.8189754 0.3848299
vt 0.9929136 0.3848299
vt 0.8189754 0.3848299
vt 0.7845178 0.3848299
vt 0.8226923 0.4056358
vt 0.8043257 0.4056358
vt 0.7610789 0.9816006
vt 0.7610789 0.9511542
vt 0.7402730 0.9993514
vt 0.7402730 0.9562894
vt 1.9358110 0.4173912
vt 1.9463780 0.2424427
vt 1.9131190 0.4173912
vt 1.9167060 0.2416980
vt 1.7742110 0.3477774
vt 1.6175940 0.4173912
vt 1.9131190 0.4173912
vt 1.9167060 0.2416980
vt 1.7742110 0.3477774
vt 1.9131190 0.4173912
vt 1.6155410 0.1897151
vt 1.7742110 0.3477774
vt 1.7818100 0.1896859
vt 0.7610789 0.4672271
vt 0.7610789 0.4334231
vt 0.7402730 0.4607973
vt 0.7402730 0.4226252
vt 0.5125992 0.4224483
vt 0.5125992 0.4603714
vt 0.7402730 0.4226252
vt 0.7402730 0.4607973
vt 1.6175940 0.4173912
vt 1.7742110 0.3477774
vt 1.6155410 0.1897151
vt 1.7742110 0.3477774
vt 1.9167060 0.2416980
vt 1.7818100 0.1896859
vt 0.4766023 0.9746152
vt 0.4981746 0.9368939
vt 0.3115755 0.9993513
vt 0.2830494 0.9805681
vt 0.4949968 0.6913552
vt 0.2659296 0.6942164
vt 0.2713899 0.8612111
vt 0.2927109 0.3896203
vt 0.4751374 0.4130831
vt 0.4878291 0.4481946
vt 0.2646215 0.4144193
vt 0.4535189 0.3918700
vt 0.5596452 0.3861671
vt 0.5676039 0.3938471
vt 0.5925821 0.3861630
vt 0.5956933 0.3938471
vt 1.3354060 0.1820356
vt 1.3319610 0.1897154
vt 1.6152030 0.1820356
vt 1.6155410 0.1897151
vt 1.6152030 0.1820356
vt 1.6155410 0.1897151
vt 1.7821980 0.1820356
vt 1.7818100 0.1896859
vt 0.5049174 0.4618124
vt 0.5125992 0.4603714
vt 0.5049174 0.4267009
vt 0.5125992 0.4224483
vt 0.5125992 0.4603714
vt 0.5049174 0.4618124
vt 0.5125992 0.7048156
vt 0.5049174 0.7049732
vt 0.5125992 0.7048156
vt 0.5049174 0.7049732
vt 0.5125992 0.9526313
vt 0.5049174 0.9505118
vt 1.7821980 0.1820356
vt 1.7818100 0.1896859
vt 1.9015550 0.1820356
vt 1.9073610 0.1949024
vt 0.5125992 0.9526313
vt 0.5049174 0.9505118
vt 0.5126097 0.9954123
vt 0.5049174 0.9882332
vt 0.8009313 0.1494743
vt 0.7930218 0.1623412
vt 0.8294574 0.1494743
vt 0.8272700 0.1622047
vt 0.8294574 0.1494743
vt 0.8272700 0.1622047
vt 0.9944842 0.1494743
vt 0.9990911 0.1571667
vt 0.5925821 0.3861630
vt 0.5956933 0.3938471
vt 0.7594724 0.3861630
vt 0.7565013 0.3938471
vt 0.5126019 0.3978481
vt 0.5049174 0.4054880
vt 0.5125992 0.4224483
vt 0.5049174 0.4267009
vt 0.7689778 0.1106774
vt 0.8673091 0.2530122
vt 0.8673095 0.1260285
vt 0.0830931 0.5062560
vt 0.0830938 0.5816008
vt 0.3155662 0.5105217
vt 0.3155662 0.5863578
vt 0.2737515 0.2384890
vt 0.2805564 0.4709578
vt 0.3301551 0.2384890
vt 0.3365944 0.4709594
vt 0.7657309 0.4131310
vt 0.8673091 0.4110217
vt 0.8673091 0.2530122
vt 0.3155662 0.8201613
vt 0.0830972 0.8142822
vt 0.3155662 0.8899134
vt 0.0830938 0.9007343
vt 0.3155662 0.5863578
vt 0.0830938 0.5816008
vt 0.3155662 0.6754379
vt 0.0830945 0.6701026
vt 0.1550333 0.2384890
vt 0.1626083 0.4709628
vt 0.2737515 0.2384890
vt 0.2805564 0.4709578
vt 0.3155662 0.7473184
vt 0.0830972 0.7415524
vt 0.3155662 0.8201613
vt 0.0830972 0.8142822
vt 0.4729245 0.1416620
vt 0.3897634 0.2581533
vt 0.4920146 0.1380258
vt 0.3800708 0.4022446
vt 0.3914046 0.4604498
vt 0.4949627 0.4894361
vt 0.5672954 0.2070628
vt 0.6219285 0.3279808
vt 0.5989973 0.4073231
vt 0.5479034 0.4949811
vt 0.6157770 0.2684998
vt 0.5697110 0.4754771
vt 0.1011420 0.3805184
vt 0.1093397 0.4788498
vt 0.1500137 0.4788498
vt 0.6348367 0.4158492
vt 0.6348353 0.4949815
vt 0.7657309 0.4131310
vt 0.3155662 0.4862243
vt 0.0830958 0.4821156
vt 0.3155662 0.5105217
vt 0.0830931 0.5062560
vt 0.3155662 0.6754379
vt 0.0830945 0.6701026
vt 0.3155662 0.7473184
vt 0.0830972 0.7415524
vt 0.3383229 0.5971066
vt 0.3383229 0.5289526
vt 0.3155662 0.5863578
vt 0.3155662 0.5105217
vt 0.3155662 0.5863578
vt 0.3155662 0.6754379
vt 0.3383229 0.5971066
vt 0.3383229 0.6764489
vt 0.3155662 0.6754379
vt 0.3155662 0.7473184
vt 0.3383229 0.6764489
vt 0.3383229 0.7359300
vt 0.8673091 0.2530122
vt 0.8673091 0.4110217
vt 0.8900660 0.2619183
vt 0.8900660 0.4060096
vt 0.8900660 0.2619183
vt 0.8900660 0.1454270
vt 0.8673091 0.2530122
vt 0.8673095 0.1260285
vt 0.8673091 0.4110217
vt 0.8673091 0.4837629
vt 0.8900660 0.4060096
vt 0.8900660 0.4642145
vt 0.3265863 0.2157322
vt 0.2736456 0.2157320
vt 0.3301551 0.2384890
vt 0.2737515 0.2384890
vt 0.3301551 0.2384890
vt 0.3688631 0.2384890
vt 0.3265863 0.2157322
vt 0.3483940 0.2157320
vt 0.2736456 0.2157320
vt 0.1700875 0.2157320
vt 0.2737515 0.2384890
vt 0.1550333 0.2384890
vt 0.4729245 0.1416620
vt 0.4920146 0.1380258
vt 0.4572664 0.1222638
vt 0.4979404 0.1145163
vt 0.4920146 0.1380258
vt 0.5672954 0.2070628
vt 0.4979404 0.1145163
vt 0.5751121 0.1842684
vt 0.3383229 0.7973670
vt 0.3383229 0.7359300
vt 0.3155662 0.8201613
vt 0.3155662 0.7473184
vt 0.8673091 0.2530122
vt 0.6348349 0.2588641
vt 0.7657309 0.4131310
vt 0.6348367 0.4158492
vt 0.7689778 0.1106774
vt 0.6348330 0.1145110
vt 0.8673091 0.2530122
vt 0.6348349 0.2588641
vt 0.1500137 0.4788498
vt 0.1462306 0.2463773
vt 0.1011420 0.3805184
vt 0.1057052 0.2463733
vt 0.7657309 0.4131310
vt 0.8673091 0.4837629
vt 0.8673091 0.4110217
vt 0.6348353 0.4949815
vt 0.8673091 0.4837629
vt 0.7657309 0.4131310
vt 0.5563626 0.8168916
vt 0.3654199 0.7548462
vt 0.4718576 0.9007343
vt 0.6159209 0.7462195
vt 0.4395340 0.8945774
vt 0.6244044 0.6787000
vt 0.3448308 0.6013008
vt 0.3705537 0.5277731
vt 0.5997387 0.5921602
vt 0.4839736 0.5031428
vt 0.5706442 0.5195953
vt 0.5366349 0.4982469
vt 0.0752047 0.5839962
vt 0.0830938 0.5816008
vt 0.0752047 0.5114315
vt 0.0830931 0.5062560
vt 0.0830938 0.5816008
vt 0.0752047 0.5839962
vt 0.0830945 0.6701026
vt 0.0752047 0.6705360
vt 0.0830945 0.6701026
vt 0.0752047 0.6705360
vt 0.0830972 0.7415524
vt 0.0752047 0.7380557
vt 0.6269479 0.2615126
vt 0.6348349 0.2588641
vt 0.6269479 0.1217813
vt 0.6348330 0.1145110
vt 0.6348349 0.2588641
vt 0.6269479 0.2615126
vt 0.6348367 0.4158492
vt 0.6269479 0.4150579
vt 0.6348367 0.4158492
vt 0.6269479 0.4150579
vt 0.6348353 0.4949815
vt 0.6269479 0.4885857
vt 0.3688908 0.4788502
vt 0.3750514 0.4709615
vt 0.3348815 0.4788502
vt 0.3365944 0.4709594
vt 0.3348815 0.4788502
vt 0.3365944 0.4709594
vt 0.2822202 0.4788502
vt 0.2805564 0.4709578
vt 0.2822202 0.4788502
vt 0.2805564 0.4709578
vt 0.1688002 0.4788502
vt 0.1626083 0.4709628
vt 0.1111709 0.2384883
vt 0.1057052 0.2463733
vt 0.1434945 0.2384883
vt 0.1462306 0.2463773
vt 0.0752047 0.8925703
vt 0.0830938 0.9007343
vt 0.0752047 0.8087277
vt 0.0830972 0.8142822
vt 0.0752047 0.8087277
vt 0.0830972 0.8142822
vt 0.0752047 0.7380557
vt 0.0830972 0.7415524
vt 0.1378072 0.6000035
vt 0.1445669 0.3606606
vt 0.1092381 0.6000035
vt 0.1161821 0.3606626
vt 0.5559601 0.5053821
vt 0.3166248 0.5112466
vt 0.5559601 0.5527927
vt 0.3166206 0.5583513
vt 0.1966284 0.3606613
vt 0.1445669 0.3606606
vt 0.1900811 0.6000035
vt 0.1378072 0.6000035
vt 0.5559601 0.3444822
vt 0.3166248 0.3513857
vt 0.5559601 0.5053821
vt 0.3166248 0.5112466
vt 0.2639740 0.3606620
vt 0.1966284 0.3606613
vt 0.2579646 0.6000035
vt 0.1900811 0.6000035
vt 0.0895648 0.1020106
vt 0.0967083 0.3413513
vt 0.1251262 0.1020106
vt 0.1320402 0.3413458
vt 0.2980588 0.6000035
vt 0.3038473 0.3606675
vt 0.2579646 0.6000035
vt 0.2639740 0.3606620
vt 0.2249707 0.8920878
vt 0.2519461 0.8923804
vt 0.0854656 0.7278638
vt 0.1058774 0.6848164
vt 0.2900851 0.8454324
vt 0.0829158 0.7131504
vt 0.1604494 0.6454558
vt 0.1058774 0.6848164
vt 0.1604494 0.6454558
vt 0.0867008 0.6712761
vt 0.1389748 0.6324087
vt 0.0867008 0.6712761
vt 0.0581318 0.7101039
vt 0.1058774 0.6848164
vt 0.0829158 0.7131504
vt 0.0581318 0.7101039
vt 0.0642944 0.7456650
vt 0.0829158 0.7131504
vt 0.0854656 0.7278638
vt 0.2249707 0.8920878
vt 0.0854656 0.7278638
vt 0.2251943 0.9192688
vt 0.0642944 0.7456650
vt 0.2251943 0.9192688
vt 0.2726049 0.9074373
vt 0.2249707 0.8920878
vt 0.2519461 0.8923804
vt 0.1604494 0.6454558
vt 0.2083229 0.6286188
vt 0.1389748 0.6324087
vt 0.2068582 0.6030089
vt 0.2083229 0.6286188
vt 0.2221425 0.6331081
vt 0.2068582 0.6030089
vt 0.2469524 0.6173629
vt 0.3245988 0.7900624
vt 0.3194839 0.8195793
vt 0.3451792 0.8545005
vt 0.5568041 0.7295483
vt 0.3956255 0.8918900
vt 0.4923998 0.9071316
vt 0.4591290 0.9192688
vt 0.1507459 0.3525096
vt 0.1445669 0.3606606
vt 0.2011922 0.3525096
vt 0.1966284 0.3606613
vt 0.0581318 0.3413529
vt 0.0640645 0.3495041
vt 0.0967083 0.3413513
vt 0.0989857 0.3495041
vt 0.0967083 0.3413513
vt 0.0989857 0.3495041
vt 0.1320402 0.3413458
vt 0.1285026 0.3495041
vt 0.2956365 0.3495041
vt 0.3045224 0.3413460
vt 0.1285026 0.3495041
vt 0.1320402 0.3413458
vt 0.3166248 0.5112466
vt 0.3084669 0.5141513
vt 0.3166206 0.5583513
vt 0.3084669 0.5538648
vt 0.2011922 0.3525096
vt 0.1966284 0.3606613
vt 0.2646957 0.3525096
vt 0.2639740 0.3606620
vt 0.2646957 0.3525096
vt 0.2639740 0.3606620
vt 0.2979665 0.3525096
vt 0.3038473 0.3606675
vt 1.0630650 0.0576261
vt 1.0630650 -0.0355200
vt 0.8307543 0.0576261
vt 0.8307543 -0.0355200
vt -0.9639366 0.0201799
vt 0.8307543 0.4495173
vt 1.0630650 0.4495173
vt 0.8307543 0.2289324
vt 1.0630650 0.2289324
vt -1.0241930 0.4120706
vt -1.0039840 0.4120708
vt -1.0075670 0.1914861
vt -0.9873520 0.1914860
vt 0.8307543 0.6476312
vt 0.8307543 0.8374337
vt 1.0630650 0.6476312
vt 1.0630650 0.8374337
vt 1.0630650 1.0797557
vt 0.8307543 1.0797557
vt -1.0074140 0.6101851
vt -1.0276180 0.6101850
vt -1.0064070 0.7999871
vt -1.0266070 0.7999871
vt -1.0050360 1.0423091
vt -1.0252270 1.0423091
vt 0.8307543 0.2289324
vt 1.0630650 0.2289324
vt 0.8307543 0.0576261
vt 1.0630650 0.0576261
vt -1.0075670 0.1914861
vt -0.9873520 0.1914860
vt -0.9639366 0.0201799
vt -0.9441020 0.0289104
vt 0.8307543 1.3137660
vt 1.0630650 1.3137660
vt 0.8307543 1.0797557
vt 1.0630650 1.0797557
vt -1.0171920 1.2763195
vt -0.9970109 1.2763195
vt -1.0252270 1.0423091
vt -1.0050360 1.0423091
vt -1.0276180 0.6101850
vt -1.0074140 0.6101851
vt -1.0241930 0.4120706
vt -1.0039840 0.4120708
vt 0.8307543 0.6476312
vt 1.0630650 0.6476312
vt 0.8307543 0.4495173
vt 1.0630650 0.4495173
vt -0.9970109 1.2763195
vt -0.7803816 1.2500218
vt -1.0050360 1.0423091
vt -0.7803815 1.0250044
vt -0.5553643 1.2500218
vt -1.0064070 0.7999871
vt -0.8933944 0.7999871
vt -0.7803816 0.9124957
vt -0.5553643 1.0250044
vt -0.3303468 1.2500219
vt -0.8938976 0.5925774
vt -1.0074140 0.6101851
vt -0.7803816 0.7999871
vt -0.1053294 1.2500219
vt -0.8921826 0.3810115
vt -1.0039840 0.4120708
vt -0.9873520 0.1914860
vt 1.2531170 -0.0484470
vt 1.2511760 -0.2720300
vt 1.0013720 -0.0484470
vt 1.0010370 -0.2720300
vt 0.7373528 0.4851475
vt 0.7373530 0.6997790
vt 0.9609340 0.4856889
vt 0.9609340 0.7016978
vt 0.7373530 0.6997790
vt 0.7373536 0.9377354
vt 0.9609340 0.7016978
vt 0.9609340 0.9411812
vt 1.5832450 -0.2242030
vt 1.5747780 -0.2670230
vt 1.5605490 -0.2249510
vt 1.5521960 -0.2668130
vt 0.7755497 0.1774390
vt 0.7694557 0.4010021
vt 0.9446242 0.3531957
vt 0.9422162 0.3960152
vt 0.9446242 0.3531957
vt 0.9502907 0.1774390
vt 0.7755497 0.1774390
vt 0.9609340 0.9411812
vt 0.7373536 0.9377354
vt 0.9609340 0.9844419
vt 0.7373710 0.9807207
vt 1.0013720 -0.0484470
vt 1.0010370 -0.2720300
vt 0.9635200 -0.0484470
vt 0.9634264 -0.2720230
vt 0.7232947 0.3869011
vt 0.7160633 0.1633244
vt 0.5721969 0.3869011
vt 0.5659285 0.1633244
vt 0.9609340 0.4178563
vt 0.7373575 0.4177477
vt 0.9609340 0.4473405
vt 0.7373540 0.4470438
vt 0.7635129 0.3869011
vt 0.7232947 0.3869011
vt 0.7432712 0.4078031
vt 0.7160184 0.4078031
vt 1.0103970 -0.0275450
vt 1.2530110 -0.0275450
vt 1.0013720 -0.0484470
vt 1.2531170 -0.0484470
vt 1.2530110 -0.0275450
vt 1.5463420 -0.0275450
vt 1.2531170 -0.0484470
vt 1.5569210 -0.0484470
vt 0.7232947 0.3869011
vt 0.5721969 0.3869011
vt 0.7160184 0.4078031
vt 0.5846907 0.4078031
vt 0.5606830 0.4078031
vt 0.5846907 0.4078031
vt 0.5422372 0.3869011
vt 0.5721969 0.3869011
vt 0.9609340 0.4856889
vt 0.9609340 0.7016978
vt 0.9818358 0.4921597
vt 0.9818358 0.7021639
vt 0.9609340 0.7016978
vt 0.9609340 0.9411812
vt 0.9818358 0.7021639
vt 0.9818358 0.9360087
vt 0.9465593 0.1565372
vt 0.7897921 0.1565372
vt 0.9502907 0.1774390
vt 0.7755497 0.1774390
vt 0.9502907 0.1774390
vt 0.9849076 0.1774390
vt 0.9465593 0.1565372
vt 0.9650107 0.1565372
vt 0.9818358 0.9665960
vt 0.9818358 0.9360087
vt 0.9609340 0.9844419
vt 0.9609340 0.9411812
vt 1.5797180 -0.0484470
vt 1.5832450 -0.2242030
vt 1.5569210 -0.0484470
vt 1.5605490 -0.2249510
vt 1.4111120 -0.1183820
vt 1.2531170 -0.0484470
vt 1.5569210 -0.0484470
vt 1.5605490 -0.2249510
vt 1.4111120 -0.1183820
vt 1.5569210 -0.0484470
vt 1.4185490 -0.2720300
vt 1.2511760 -0.2720300
vt 1.4111120 -0.1183820
vt 1.2531170 -0.0484470
vt 1.5521960 -0.2668130
vt 1.4185490 -0.2720300
vt 1.5605490 -0.2249510
vt 1.4111120 -0.1183820
vt 0.9818358 0.4921597
vt 0.9818358 0.4581998
vt 0.9609340 0.4856889
vt 0.9609340 0.4473405
vt 0.7373540 0.4470438
vt 0.7373528 0.4851475
vt 0.9609340 0.4473405
vt 0.9609340 0.4856889
vt 0.3047889 0.4434032
vt 0.2846507 0.4786286
vt 0.4664139 0.4023950
vt 0.5037319 0.7099305
vt 0.5070296 0.5420092
vt 0.2861325 0.7128750
vt 0.4906095 0.4183226
vt 0.2927255 0.9252207
vt 0.5006841 0.9541663
vt 0.3048041 0.9586363
vt 0.4685167 0.9844418
vt 0.3288073 0.9822588
vt 0.7560248 0.1633178
vt 0.7427972 0.1504588
vt 0.7160633 0.1633244
vt 0.7106298 0.1504588
vt 1.0066420 -0.2848890
vt 1.0010370 -0.2720300
vt 1.2508780 -0.2848890
vt 1.2511760 -0.2720300
vt 1.2508780 -0.2848890
vt 1.2511760 -0.2720300
vt 1.4187990 -0.2848890
vt 1.4185490 -0.2720300
vt 0.7244915 0.4875633
vt 0.7373528 0.4851475
vt 0.7244915 0.4541478
vt 0.7373540 0.4470438
vt 0.7373528 0.4851475
vt 0.7244915 0.4875633
vt 0.7373530 0.6997790
vt 0.7244915 0.6999090
vt 0.7373530 0.6997790
vt 0.7244915 0.6999090
vt 0.7373536 0.9377354
vt 0.7244915 0.9341553
vt 1.4187990 -0.2848890
vt 1.4185490 -0.2720300
vt 1.5424860 -0.2848890
vt 1.5521960 -0.2668130
vt 0.7373536 0.9377354
vt 0.7244915 0.9341553
vt 0.7373710 0.9807207
vt 0.7244915 0.9693807
vt 0.9633709 0.4138815
vt 0.9766327 0.3958059
vt 0.9391752 0.4138815
vt 0.9422162 0.3960152
vt 0.9391752 0.4138815
vt 0.9422162 0.3960152
vt 0.7775503 0.4138815
vt 0.7694557 0.4010021
vt 0.7160633 0.1633244
vt 0.7106298 0.1504588
vt 0.5659285 0.1633244
vt 0.5709203 0.1504588
vt 0.7373575 0.4177477
vt 0.7244915 0.4305252
vt 0.7373540 0.4470438
vt 0.7244915 0.4541478
vt 1.6710910 0.5789444
vt 1.6694830 0.4476167
vt 1.6454410 0.6061972
vt 1.6496140 0.4236089
vt 1.6156540 0.4124727
vt 1.4028270 0.6093824
vt 1.4056500 0.4060534
vt 1.1094960 0.5972884
vt 1.1718050 0.4045719
vt 1.1412180 0.4220697
vt 1.0983180 0.5788370
vt 1.7492020 0.6522454
vt 2.0618340 0.6586975
vt 1.7514880 0.4240428
vt 2.0620880 0.4240434
vt 1.0314960 0.2364829
vt 1.0314960 0.5070580
vt 1.2629720 0.2341858
vt 1.2666750 0.5065562
vt 1.4665850 0.4292399
vt 1.4571850 0.4761233
vt 1.5986000 0.4240137
vt 1.0314960 0.0135298
vt 1.0314960 0.2364829
vt 1.2595980 0.0098022
vt 1.2629720 0.2341858
vt 1.4345510 0.4768694
vt 1.4571850 0.4761233
vt 1.4440390 0.4291132
vt 1.4665850 0.4292399
vt 1.1210540 -0.0500760
vt 1.2931990 -0.0450180
vt 1.1183740 -0.0978320
vt 1.2870100 -0.2731100
vt 1.1129480 -0.2667910
vt 1.1183740 -0.0978320
vt 1.2870100 -0.2731100
vt 1.2595980 0.0098022
vt 1.2595980 -0.0333410
vt 1.0314960 0.0135298
vt 1.0315070 -0.0293320
vt 2.0528500 0.6729921
vt 2.0618340 0.6586975
vt 1.7492800 0.6729920
vt 1.7492020 0.6522454
vt 1.7492800 0.6729920
vt 1.7492020 0.6522454
vt 1.4711710 0.6729921
vt 1.4608420 0.6411308
vt 1.2666750 0.5065562
vt 1.2804430 0.5001237
vt 1.2629720 0.2341858
vt 1.2804430 0.2337263
vt 1.2629720 0.2341858
vt 1.2804430 0.2337263
vt 1.2595980 0.0098022
vt 1.2804430 0.0149412
vt 1.1164690 -0.2939540
vt 1.1129480 -0.2667910
vt 1.2728090 -0.2939540
vt 1.2870100 -0.2731100
vt 1.1129480 -0.2667910
vt 1.1164690 -0.2939540
vt 1.0785870 -0.2620930
vt 1.0980670 -0.2939540
vt 1.2804430 -0.0155630
vt 1.2595980 -0.0333410
vt 1.2804430 0.0149412
vt 1.2595980 0.0098022
vt 1.4380250 0.6458284
vt 1.4608420 0.6411308
vt 1.4345510 0.4768694
vt 1.4571850 0.4761233
vt 1.7492020 0.6522454
vt 1.6061170 0.5824021
vt 1.4608420 0.6411308
vt 1.6061170 0.5824021
vt 1.4571850 0.4761233
vt 1.4608420 0.6411308
vt 1.5986000 0.4240137
vt 1.6061170 0.5824021
vt 1.7514880 0.4240428
vt 1.6061170 0.5824021
vt 1.7492020 0.6522454
vt 1.7514880 0.4240428
vt 1.4571850 0.4761233
vt 1.6061170 0.5824021
vt 1.5986000 0.4240137
vt 0.7783971 -0.0171290
vt 0.5743724 0.0853608
vt 0.8002105 0.0210155
vt 0.6129154 -0.0591210
vt 0.5675574 0.2388964
vt 0.7942876 0.2416375
vt 0.5847200 -0.0405570
vt 0.5662448 0.5458245
vt 0.6013694 0.5788828
vt 0.7363945 0.5766490
vt 0.7654907 0.5463185
vt 0.7782876 0.5109155
vt 2.0620880 0.4240434
vt 2.0587830 0.4163489
vt 1.7514880 0.4240428
vt 1.7518550 0.4163489
vt 1.7514880 0.4240428
vt 1.7518550 0.4163489
vt 1.5986000 0.4240137
vt 1.5983190 0.4163489
vt 1.0238000 0.5055056
vt 1.0314960 0.5070580
vt 1.0238000 0.2362274
vt 1.0314960 0.2364829
vt 1.0238000 0.2362274
vt 1.0314960 0.2364829
vt 1.0238000 0.0156054
vt 1.0314960 0.0135298
vt 1.5986000 0.4240137
vt 1.5983190 0.4163489
vt 1.4665850 0.4292399
vt 1.4724020 0.4163489
vt 1.0238000 0.0156054
vt 1.0314960 0.0135298
vt 1.0238000 -0.0225390
vt 1.0315070 -0.0293320
vt 1.0867420 -0.0502020
vt 1.0946770 -0.0373110
vt 1.1210540 -0.0500760
vt 1.1228730 -0.0373110
vt 1.1210540 -0.0500760
vt 1.1228730 -0.0373110
vt 1.2931990 -0.0450180
vt 1.2883540 -0.0373110
vt 1.7240410 0.1807505
vt 1.7212260 -0.0214700
vt 1.5052560 0.1867447
vt 1.4431170 -0.0054470
vt 1.4747520 0.1692948
vt 1.4319700 0.0129544
vt 0.5596278 0.4684290
vt 0.4609595 0.5954531
vt 0.5596281 0.5798843
vt 0.0670989 0.8539107
vt 0.0670989 0.9254307
vt 0.3003637 0.8491039
vt 0.3003637 0.9210905
vt 0.2069614 0.5726185
vt 0.2615254 0.5726185
vt 0.2137633 0.3393534
vt 0.2679732 0.3393534
vt 0.5668926 0.3595976
vt 0.4577016 0.3573139
vt 0.5596278 0.4684290
vt 0.2972233 0.6586399
vt 0.2972233 0.6098725
vt 0.0670986 0.6642048
vt 0.0670881 0.5985343
vt 0.3003637 0.8491039
vt 0.3003637 0.7813169
vt 0.0670989 0.8539107
vt 0.0670989 0.7865633
vt 0.0843230 0.5800686
vt 0.2069614 0.5726185
vt 0.0921613 0.3393534
vt 0.2137633 0.3393534
vt 0.3003637 0.7246009
vt 0.2972233 0.6586399
vt 0.0670989 0.7301804
vt 0.0670986 0.6642048
vt 0.7613013 0.2971867
vt 0.7102142 0.2986170
vt 0.7903802 0.3054490
vt 0.6030286 0.3300120
vt 0.8061178 0.3697240
vt 0.5894113 0.3750725
vt 0.8170897 0.4277267
vt 0.5871990 0.4700584
vt 0.7478057 0.5265843
vt 0.8068049 0.4719906
vt 0.6468499 0.5709754
vt 0.6660051 0.5746240
vt 0.0673032 0.0871667
vt 0.0591787 0.1858354
vt 0.1082113 0.0903077
vt 0.2615254 0.5726185
vt 0.3075572 0.5726185
vt 0.2679732 0.3393534
vt 0.3137068 0.3393534
vt 0.3003637 0.7813169
vt 0.3003637 0.7246009
vt 0.0670989 0.7865633
vt 0.0670989 0.7301804
vt 0.3231986 0.8383152
vt 0.3003637 0.8491039
vt 0.3231986 0.9025902
vt 0.3003637 0.9210905
vt 0.3003637 0.8491039
vt 0.3231986 0.8383152
vt 0.3003637 0.7813169
vt 0.3231986 0.7803126
vt 0.3003637 0.7813169
vt 0.3231986 0.7803126
vt 0.3003637 0.7246009
vt 0.3231986 0.7360487
vt 0.5596278 0.4684290
vt 0.5824628 0.4594641
vt 0.5668926 0.3595976
vt 0.5824628 0.3644783
vt 0.5824628 0.4594641
vt 0.5596278 0.4684290
vt 0.5824628 0.5603811
vt 0.5596281 0.5798843
vt 0.5668926 0.3595976
vt 0.5824628 0.3644783
vt 0.5670781 0.2999336
vt 0.5824628 0.3194177
vt 0.2579450 0.5954531
vt 0.2615254 0.5726185
vt 0.2068579 0.5954531
vt 0.2069614 0.5726185
vt 0.2615254 0.5726185
vt 0.2579450 0.5954531
vt 0.3075572 0.5726185
vt 0.2870240 0.5954531
vt 0.2068579 0.5954531
vt 0.2069614 0.5726185
vt 0.0996723 0.5954531
vt 0.0843230 0.5800686
vt 0.6468499 0.5709754
vt 0.6311613 0.5904785
vt 0.6660051 0.5746240
vt 0.6720695 0.5981667
vt 0.6660051 0.5746240
vt 0.6720695 0.5981667
vt 0.7478057 0.5265843
vt 0.7557563 0.5493994
vt 0.7478057 0.5265843
vt 0.7557563 0.5493994
vt 0.8068049 0.4719906
vt 0.8280523 0.4834383
vt 0.5596278 0.4684290
vt 0.4577016 0.3573139
vt 0.3263629 0.4628432
vt 0.3263629 0.3545668
vt 0.4609595 0.5954531
vt 0.5596278 0.4684290
vt 0.3263627 0.5918313
vt 0.3263629 0.4628432
vt 0.1082113 0.0903077
vt 0.0591787 0.1858354
vt 0.1045589 0.3204425
vt 0.0638966 0.3204322
vt 0.5670781 0.2999336
vt 0.4577016 0.3573139
vt 0.5668926 0.3595976
vt 0.4577016 0.3573139
vt 0.3255797 0.2983203
vt 0.3263629 0.3545668
vt 0.4577016 0.3573139
vt 0.3263629 0.2952981
vt 0.5670781 0.2999336
vt 0.3887150 0.6074995
vt 0.3376049 0.7314141
vt 0.4215359 0.6012480
vt 0.3286330 0.8362209
vt 0.5125904 0.6652606
vt 0.3562681 0.8904386
vt 0.4735793 0.9243532
vt 0.5255690 0.9254307
vt 0.5813925 0.8470666
vt 0.5943105 0.7813172
vt 0.5822163 0.7292277
vt 0.5654453 0.9141002
vt 0.0670989 0.8539107
vt 0.0591787 0.8523214
vt 0.0670989 0.9254307
vt 0.0591787 0.9193547
vt 0.0591787 0.8523214
vt 0.0670989 0.8539107
vt 0.0591787 0.7865717
vt 0.0670989 0.7865633
vt 0.0591787 0.7865717
vt 0.0670989 0.7865633
vt 0.0591787 0.7344823
vt 0.0670989 0.7301804
vt 0.3184429 0.4607762
vt 0.3263629 0.4628432
vt 0.3184429 0.3559694
vt 0.3263629 0.3545668
vt 0.3263629 0.4628432
vt 0.3184429 0.4607762
vt 0.3263627 0.5918313
vt 0.3184429 0.5846908
vt 0.3184429 0.3559694
vt 0.3263629 0.3545668
vt 0.3184429 0.3017517
vt 0.3255797 0.2983203
vt 0.3137068 0.3393534
vt 0.3070533 0.3314332
vt 0.2679732 0.3393534
vt 0.2671769 0.3314332
vt 0.2679732 0.3393534
vt 0.2671769 0.3314332
vt 0.2137633 0.3393534
vt 0.2151872 0.3314332
vt 0.2137633 0.3393534
vt 0.2151872 0.3314332
vt 0.0921613 0.3393534
vt 0.0978760 0.3314332
vt 0.0638966 0.3204322
vt 0.0698210 0.3283520
vt 0.1045589 0.3204425
vt 0.1026419 0.3283520
vt 0.1045589 0.3204425
vt 0.1026419 0.3283520
vt 0.1984383 0.3204322
vt 0.1936964 0.3283520
vt 0.1984383 0.3204322
vt 0.1936964 0.3283520
vt 0.2702331 0.3204320
vt 0.2633223 0.3283520
vt 0.3263629 0.2952981
vt 0.3184429 0.3017517
vt 0.3255797 0.2983203
vt 0.3565724 0.2953584
vt 0.3565724 0.3165117
vt 0.5911019 0.2881651
vt 0.5151743 0.3117405
vt 0.6003264 0.4742558
vt 0.6003264 0.5190275
vt 0.8348565 0.4802415
vt 0.8348565 0.5247237
vt 0.6003264 0.5190275
vt 0.6003264 0.5945638
vt 0.8348565 0.5247237
vt 0.8348565 0.6061563
vt 0.6003264 0.2835879
vt 0.6003264 0.4742558
vt 0.8348558 0.2908052
vt 0.8348565 0.4802415
vt 0.3393537 0.3659829
vt 0.2972116 0.3597989
vt 0.3393537 0.5522263
vt 0.0968297 0.5735995
vt 0.1048242 0.6033452
vt 0.3393537 0.5522263
vt 0.3393537 0.5943192
vt 0.1067824 0.0947181
vt 0.0716099 0.0947181
vt 0.0999645 0.3292476
vt 0.0650194 0.3292475
vt 0.3393537 0.3659829
vt 0.3437869 0.3462680
vt 0.2972116 0.3597989
vt 0.2939836 0.3403591
vt 0.2118932 0.6324522
vt 0.1378706 0.7292702
vt 0.2264464 0.6309203
vt 0.3575445 0.8262463
vt 0.2428422 0.9075714
vt 0.0898296 0.8699377
vt 0.3565778 0.8039846
vt 0.2982250 0.8965947
vt 0.0977578 0.8817650
vt 0.1196119 0.7137715
vt 0.1378706 0.7292702
vt 0.2022112 0.6101643
vt 0.2118932 0.6324522
vt 0.2022112 0.6101643
vt 0.2118932 0.6324522
vt 0.2373838 0.6064622
vt 0.2264464 0.6309203
vt 0.3565778 0.8039846
vt 0.3821207 0.7971303
vt 0.2264464 0.6309203
vt 0.2373838 0.6064622
vt 0.3821207 0.7971303
vt 0.3565778 0.8039846
vt 0.3771280 0.8419017
vt 0.3575445 0.8262463
vt 0.3771280 0.8419017
vt 0.3575445 0.8262463
vt 0.3130707 0.9174380
vt 0.2982250 0.8965947
vt 0.3130707 0.9174380
vt 0.2982250 0.8965947
vt 0.2709778 0.9330078
vt 0.2428422 0.9075714
vt 0.1378706 0.7292702
vt 0.1196119 0.7137715
vt 0.0898296 0.8699377
vt 0.0650195 0.8754981
vt 0.2709778 0.9330078
vt 0.2428422 0.9075714
vt 0.0847344 0.9047949
vt 0.0977578 0.8817650
vt 0.0898296 0.8699377
vt 0.0650195 0.8754981
vt 0.0977578 0.8817650
vt 0.0847344 0.9047949
vt 0.5911019 0.2881651
vt 0.5151743 0.3117405
vt 0.5955352 0.3917723
vt 0.5955352 0.5534988
vt 0.5406483 0.4682214
vt 0.5457318 0.5594271
vt 0.3565724 0.4722047
vt 0.3565724 0.5638212
vt 0.2972116 0.3597989
vt 0.2939836 0.3403591
vt 0.1048242 0.3703141
vt 0.1048242 0.3466114
vt 0.3393537 0.5522263
vt 0.2972116 0.3597989
vt 0.0968297 0.5735995
vt 0.1048242 0.3703141
vt 0.5269885 0.6092734
vt 0.3878396 0.7925803
vt 0.5557546 0.6123018
vt 0.5881262 0.6314862
vt 0.6874002 0.8073691
vt 0.3921794 0.8314943
vt 0.4499721 0.9094747
vt 0.4769718 0.9237097
vt 0.6937630 0.8709457
vt 0.6722885 0.9056469
vt 0.1295492 0.3372421
vt 0.1356586 0.3292476
vt 0.0971775 0.3372421
vt 0.0999645 0.3292476
vt 0.5942358 0.6254992
vt 0.5881262 0.6314862
vt 0.6998385 0.7811923
vt 0.6874002 0.8073691
vt 0.0971775 0.3372421
vt 0.0999645 0.3292476
vt 0.0684116 0.3372421
vt 0.0650194 0.3292475
vt 0.8428506 0.4827182
vt 0.8348565 0.4802415
vt 0.8428506 0.5216319
vt 0.8348565 0.5247237
vt 0.8348565 0.4802415
vt 0.8428506 0.4827182
vt 0.8348558 0.2908052
vt 0.8428506 0.2994109
vt 0.8428506 0.5216319
vt 0.8348565 0.5247237
vt 0.8428506 0.5996122
vt 0.8348565 0.6061563
vt 0.4499721 0.9094747
vt 0.4454739 0.9160191
vt 0.4769718 0.9237097
vt 0.4752197 0.9330078
vt 0.3565724 0.4722047
vt 0.3485783 0.4983815
vt 0.3565724 0.5638212
vt 0.3485783 0.5619581
vt 0.4769718 0.9237097
vt 0.4752197 0.9330078
vt 0.6722885 0.9056469
vt 0.6785049 0.9123326
vt 0.3565724 0.5638212
vt 0.3485783 0.5619581
vt 0.3565724 0.6033452
vt 0.3485783 0.5966594
vt 0.5955352 0.3917723
vt 0.5717286 0.4249312
vt 0.5955352 0.5534988
vt 0.5406483 0.4682214
vt 0.3565724 0.3165117
vt 0.3565724 0.4722047
vt 0.5151743 0.3117405
vt 0.5406483 0.4682214
vt 0.5717286 0.4249312
vt 0.5955352 0.3917723
vt 0.6537063 0.3461401
vt 0.4670400 0.3461401
vt 0.6465780 0.5674964
vt 0.4611198 0.5674955
vt 0.1498848 0.5944033
vt 0.1498848 0.6385965
vt 0.3712420 0.5973160
vt 0.3712440 0.6411823
vt 0.4670400 0.3461401
vt 0.4433103 0.3461401
vt 0.4611198 0.5674955
vt 0.4375238 0.5674969
vt 0.6234385 0.8748757
vt 0.6234385 0.6737273
vt 0.4020770 0.8761923
vt 0.4020767 0.6763133
vt 0.6734636 0.3461401
vt 0.6537063 0.3461401
vt 0.6662102 0.5675027
vt 0.6465780 0.5674964
vt 0.3983698 0.3359311
vt 0.1961137 0.3359311
vt 0.4043470 0.5572861
vt 0.2033674 0.5572856
vt 0.6234385 0.8996853
vt 0.6234385 0.8748757
vt 0.4020840 0.9008454
vt 0.4020770 0.8761923
vt 0.1498848 0.8765912
vt 0.1498848 0.8996906
vt 0.3712446 0.8778913
vt 0.3712400 0.9008451
vt 0.3712446 0.8778913
vt 0.3712440 0.6411823
vt 0.1498848 0.8765912
vt 0.1498848 0.6385965
vt 0.4020757 0.5865377
vt 0.4020767 0.6763133
vt 0.6234385 0.5833809
vt 0.6234385 0.6737273
vt 1.1718540 0.4935830
vt 1.2181900 0.3016447
vt 1.1436580 0.2917699
vt 1.2257590 0.3135359
vt 1.2181900 0.3016447
vt 1.2238510 0.4725682
vt 1.1718540 0.4935830
vt 1.2238510 0.4725682
vt 1.1718540 0.4935830
vt 1.2110340 0.4908336
vt 0.9399492 0.4754609
vt 0.9512978 0.4895697
vt 1.1436580 0.2917699
vt 0.9406569 0.2954353
vt 0.9479195 0.2917479
vt 0.4829669 0.3229777
vt 0.4670400 0.3461401
vt 0.6419992 0.3229777
vt 0.6537063 0.3461401
vt 0.4670400 0.3461401
vt 0.4829669 0.3229777
vt 0.4433103 0.3461401
vt 0.4647015 0.3229777
vt 0.6419992 0.3229777
vt 0.6537063 0.3461401
vt 0.6538904 0.3229777
vt 0.6734636 0.3461401
vt 0.1498848 0.5944033
vt 0.1267228 0.6052910
vt 0.1498848 0.6385965
vt 0.1267228 0.6444709
vt 0.1498848 0.6385965
vt 0.1267228 0.6444709
vt 0.1498848 0.8765912
vt 0.1267228 0.8650270
vt 0.6466008 0.5989241
vt 0.6234385 0.5833809
vt 0.6466008 0.6734565
vt 0.6234385 0.6737273
vt 0.6466008 0.6734565
vt 0.6234385 0.6737273
vt 0.6466008 0.8691951
vt 0.6234385 0.8748757
vt 0.2095995 0.3127687
vt 0.1961137 0.3359311
vt 0.3896251 0.3127687
vt 0.3983698 0.3359311
vt 0.6234385 0.8996853
vt 0.6466008 0.8764577
vt 0.6234385 0.8748757
vt 0.6466008 0.8691951
vt 0.3896251 0.3127687
vt 0.3983698 0.3359311
vt 0.4037339 0.3127687
vt 0.4270884 0.3359311
vt 0.8721284 0.8852178
vt 0.8721284 0.6893936
vt 0.8645698 0.9001043
vt 0.8603585 0.6057894
vt 0.6515618 0.6547755
vt 0.6760892 0.9008454
vt 0.8484749 0.5967586
vt 0.6560372 0.6161541
vt 0.6558064 0.8845305
vt 0.6728310 0.5989772
vt 0.3841076 0.5861586
vt 0.3712407 0.5731716
vt 0.3841076 0.6033355
vt 0.3712420 0.5973160
vt 0.4611198 0.5674955
vt 0.4662576 0.5803626
vt 0.6465780 0.5674964
vt 0.6419013 0.5803626
vt 0.6465780 0.5674964
vt 0.6419013 0.5803626
vt 0.6662102 0.5675027
vt 0.6537851 0.5803626
vt 0.3841076 0.6033355
vt 0.3712420 0.5973160
vt 0.3841076 0.6419569
vt 0.3712440 0.6411823
vt 0.3841076 0.6419569
vt 0.3712440 0.6411823
vt 0.3841076 0.8717123
vt 0.3712446 0.8778913
vt 0.4020757 0.5865377
vt 0.3892160 0.5937607
vt 0.4020767 0.6763133
vt 0.3892160 0.6773649
vt 0.4020767 0.6763133
vt 0.3892160 0.6773649
vt 0.4020770 0.8761923
vt 0.3892160 0.8731892
vt 0.3892160 0.8880756
vt 0.4020840 0.9008454
vt 0.3892160 0.8731892
vt 0.4020770 0.8761923
vt 0.2033674 0.5572856
vt 0.2117030 0.5701536
vt 0.4043470 0.5572861
vt 0.4001835 0.5701536
vt 0.4043470 0.5572861
vt 0.4001835 0.5701536
vt 0.4328844 0.5572902
vt 0.4204664 0.5701536
vt 0.6259723 0.8176658
vt 0.6259723 0.5753163
vt 0.4038293 0.8182520
vt 0.4038293 0.5743622
vt 0.4038293 0.5418698
vt 0.4038293 0.5743622
vt 0.6259684 0.5430282
vt 0.6259723 0.5753163
vt 0.4038293 0.8182520
vt 0.4038293 0.8773074
vt 0.6259723 0.8176658
vt 0.6259710 0.8763480
vt 0.4038293 0.8773074
vt 0.4038293 0.9092686
vt 0.6259710 0.8763480
vt 0.6259684 0.9081081
vt 0.6333999 0.3037426
vt 0.4656516 0.3037426
vt 0.6395641 0.5258811
vt 0.4728748 0.5258816
vt 0.3512031 0.9092687
vt 0.3512031 0.8771875
vt 0.1290641 0.9080927
vt 0.1290574 0.8762145
vt 0.4609249 0.3013492
vt 0.2649520 0.3013492
vt 0.4537009 0.5234882
vt 0.2589652 0.5234875
vt 0.3512031 0.5680943
vt 0.3512031 0.5394764
vt 0.1290574 0.5690722
vt 0.1290641 0.5406350
vt 0.3805852 0.5829960
vt 0.4038293 0.5743622
vt 0.3805852 0.5649927
vt 0.4038293 0.5418698
vt 0.4038293 0.5743622
vt 0.3805852 0.5829960
vt 0.4038293 0.8182520
vt 0.3805852 0.8151159
vt 0.4038293 0.8182520
vt 0.3805852 0.8151159
vt 0.4038293 0.8773074
vt 0.3805852 0.8639250
vt 0.2761260 0.2781047
vt 0.2649520 0.3013492
vt 0.4500584 0.2781047
vt 0.4609249 0.3013492
vt 0.6733742 0.3037426
vt 0.6523952 0.2804982
vt 0.6333999 0.3037426
vt 0.6244595 0.2804982
vt 0.6333999 0.3037426
vt 0.6244595 0.2804982
vt 0.4656516 0.3037426
vt 0.4771539 0.2804982
vt 0.3512031 0.9092687
vt 0.3744475 0.8859701
vt 0.3512031 0.8771875
vt 0.3744475 0.8701982
vt 0.3512031 0.6410534
vt 0.3680233 0.6452449
vt 0.3512031 0.5680943
vt 0.3744475 0.5757402
vt 0.3512031 0.5680943
vt 0.3744475 0.5757402
vt 0.3512031 0.5394764
vt 0.3744475 0.5625994
vt 0.1290574 0.5690722
vt 0.1290577 0.6415712
vt 0.3512031 0.5680943
vt 0.3512031 0.6410534
vt 0.1290577 0.7870311
vt 0.3512031 0.7874373
vt 0.1290574 0.8762145
vt 0.3512031 0.8771875
vt 0.3512031 0.8771875
vt 0.3744475 0.8701982
vt 0.3512031 0.7874373
vt 0.3680233 0.7846978
vt 0.3512031 0.7874373
vt 0.3680233 0.7846978
vt 0.3512031 0.6410534
vt 0.3680233 0.6452449
vt 0.9349311 0.4105071
vt 0.9212605 0.5684228
vt 1.0204320 0.4105071
vt 0.9435971 0.5963584
vt 1.2245270 0.6100475
vt 0.9924068 0.6100475
vt 1.2293890 0.4105071
vt 1.1598840 0.4105071
vt 1.2425300 0.4203622
vt 1.2245270 0.6100475
vt 1.2425300 0.5942949
vt 1.0204320 0.4105071
vt 0.9349311 0.4105071
vt 0.9191592 0.4211172
vt 0.9212605 0.5684228
vt 0.8479321 0.9092687
vt 0.8632669 0.8864746
vt 0.6927232 0.9070545
vt 0.8632669 0.8012636
vt 0.6597186 0.8806654
vt 0.8632669 0.6558573
vt 0.6448691 0.8277180
vt 0.8632669 0.5876898
vt 0.6448691 0.5920861
vt 0.6660565 0.5678720
vt 0.8484038 0.5678720
vt 0.6388816 0.5802230
vt 0.6259723 0.5753163
vt 0.6388816 0.8158556
vt 0.6259723 0.8176658
vt 0.6259723 0.5753163
vt 0.6388816 0.5802230
vt 0.6259684 0.5430282
vt 0.6388816 0.5560097
vt 0.6388816 0.8158556
vt 0.6259723 0.8176658
vt 0.6388816 0.8688027
vt 0.6259710 0.8763480
vt 0.1161511 0.5734338
vt 0.1290574 0.5690722
vt 0.1161511 0.5536160
vt 0.1290641 0.5406350
vt 0.2589652 0.5234875
vt 0.2644770 0.5364011
vt 0.4537009 0.5234882
vt 0.4468243 0.5364011
vt 0.6683183 0.5387946
vt 0.6792860 0.5258837
vt 0.6353137 0.5387946
vt 0.6395641 0.5258811
vt 0.6353137 0.5387946
vt 0.6395641 0.5258811
vt 0.4801048 0.5387946
vt 0.4728748 0.5258816
vt 0.1161511 0.8950127
vt 0.1290641 0.9080927
vt 0.1161511 0.8722185
vt 0.1290574 0.8762145
vt 0.1290574 0.5690722
vt 0.1161511 0.5734338
vt 0.1290577 0.6415712
vt 0.1161511 0.6416012
vt 0.1290577 0.7870311
vt 0.1161511 0.7870076
vt 0.1290574 0.8762145
vt 0.1161511 0.8722185
vt 0.7373530 0.6997790
vt 0.7373536 0.9377354
vt 0.9609340 0.7016978
vt 0.9609340 0.9411812
vt 1.5832450 -0.2242030
vt 1.5747780 -0.2670230
vt 1.5605490 -0.2249510
vt 1.5521960 -0.2668130
vt 0.7755497 0.1774390
vt 0.7694557 0.4010021
vt 0.9446242 0.3531957
vt 0.9422162 0.3960152
vt 0.9446242 0.3531957
vt 0.9502907 0.1774390
vt 0.7755497 0.1774390
vt 0.9609340 0.9411812
vt 0.7373536 0.9377354
vt 0.9609340 0.9844419
vt 0.7373710 0.9807207
vt 1.1718050 0.4045719
vt 1.1094960 0.5972884
vt 1.4056500 0.4060534
vt 1.4028270 0.6093824
vt 1.2530110 -0.0275450
vt 1.5463420 -0.0275450
vt 1.2531170 -0.0484470
vt 1.5569210 -0.0484470
vt 0.9609340 0.7016978
vt 0.9609340 0.9411812
vt 0.9818358 0.7021639
vt 0.9818358 0.9360087
vt 0.9465593 0.1565372
vt 0.7897921 0.1565372
vt 0.9502907 0.1774390
vt 0.7755497 0.1774390
vt 0.9502907 0.1774390
vt 0.9849076 0.1774390
vt 0.9465593 0.1565372
vt 0.9650107 0.1565372
vt 0.9818358 0.9665960
vt 0.9818358 0.9360087
vt 0.9609340 0.9844419
vt 0.9609340 0.9411812
vt 1.5797180 -0.0484470
vt 1.5832450 -0.2242030
vt 1.5569210 -0.0484470
vt 1.5605490 -0.2249510
vt 1.4111120 -0.1183820
vt 1.2531170 -0.0484470
vt 1.5569210 -0.0484470
vt 1.5605490 -0.2249510
vt 1.4111120 -0.1183820
vt 1.5569210 -0.0484470
vt 1.4185490 -0.2720300
vt 1.2511760 -0.2720300
vt 1.4111120 -0.1183820
vt 1.2531170 -0.0484470
vt 1.5521960 -0.2668130
vt 1.4185490 -0.2720300
vt 1.5605490 -0.2249510
vt 1.4111120 -0.1183820
vt 0.4664139 0.4023950
vt 0.5070296 0.5420092
vt 0.4906095 0.4183226
vt 0.5070296 0.5420092
vt 0.4664139 0.4023950
vt 0.2846507 0.4786286
vt 0.3047889 0.4434032
vt 0.2861325 0.7128750
vt 0.2846507 0.4786286
vt 0.5070296 0.5420092
vt 1.2508780 -0.2848890
vt 1.2511760 -0.2720300
vt 1.4187990 -0.2848890
vt 1.4185490 -0.2720300
vt 0.7373530 0.6997790
vt 0.7244915 0.6999090
vt 0.7373536 0.9377354
vt 0.7244915 0.9341553
vt 1.4187990 -0.2848890
vt 1.4185490 -0.2720300
vt 1.5424860 -0.2848890
vt 1.5521960 -0.2668130
vt 0.7373536 0.9377354
vt 0.7244915 0.9341553
vt 0.7373710 0.9807207
vt 0.7244915 0.9693807
vt 0.9633709 0.4138815
vt 0.9766327 0.3958059
vt 0.9391752 0.4138815
vt 0.9422162 0.3960152
vt 0.9391752 0.4138815
vt 0.9422162 0.3960152
vt 0.7775503 0.4138815
vt 0.7694557 0.4010021
vt 1.0983180 0.5788370
vt 1.1094960 0.5972884
vt 1.1412180 0.4220697
vt 1.1718050 0.4045719
vt 0.7734774 0.2388670
vt 0.8719212 0.3744191
vt 0.8719215 0.2543832
vt 0.1197503 0.5670209
vt 0.1197516 0.6310188
vt 0.3472235 0.5711044
vt 0.3472235 0.6355105
vt 0.5183925 0.5469835
vt 0.5117050 0.3195164
vt 0.4639530 0.5469835
vt 0.4576102 0.3195137
vt 0.7702271 0.5123922
vt 0.8719212 0.5103490
vt 0.8719212 0.3744191
vt 0.1169102 0.8630735
vt 0.1197548 0.9158795
vt 0.2269056 0.9173593
vt 0.3472235 0.6355105
vt 0.1197516 0.6310188
vt 0.3472235 0.7444990
vt 0.1197527 0.7393165
vt 0.6264301 0.5469835
vt 0.6190580 0.3195170
vt 0.5183925 0.5469835
vt 0.5117050 0.3195164
vt 0.3472235 0.8010859
vt 0.1197567 0.7955787
vt 0.3472235 0.8638528
vt 0.1197478 0.8583002
vt 0.6414817 0.7954813
vt 0.6973972 0.8468240
vt 0.6312202 0.7513181
vt 0.7368165 0.5786471
vt 0.7612878 0.8937882
vt 0.6432310 0.6520656
vt 0.6858457 0.5772196
vt 0.6555967 0.5953586
vt 0.8467005 0.7806207
vt 0.8296700 0.6136807
vt 0.7803994 0.8901478
vt 0.8432562 0.6586392
vt 0.4058911 0.4216703
vt 0.3977551 0.3232262
vt 0.3570346 0.3232264
vt 0.4639530 0.5469835
vt 0.4576102 0.3195137
vt 0.4167895 0.5469835
vt 0.4107460 0.3195103
vt 0.3472235 0.7444990
vt 0.1197527 0.7393165
vt 0.3472235 0.8010859
vt 0.1197567 0.7955787
vt 0.3700065 0.6462549
vt 0.3700065 0.5895477
vt 0.3472235 0.6355105
vt 0.3472235 0.5711044
vt 0.3472235 0.6355105
vt 0.3472235 0.7444990
vt 0.3700065 0.6462549
vt 0.3700065 0.7455076
vt 0.3472235 0.7444990
vt 0.3472235 0.8010859
vt 0.3700065 0.7455076
vt 0.3700065 0.7896706
vt 0.8719212 0.3744191
vt 0.8719212 0.5103490
vt 0.8947042 0.3833651
vt 0.8947042 0.5053466
vt 0.8947042 0.3833651
vt 0.8947042 0.2738380
vt 0.8719212 0.3744191
vt 0.8719215 0.2543832
vt 0.8719212 0.5103490
vt 0.8719212 0.5698691
vt 0.8947042 0.5053466
vt 0.8947042 0.5503050
vt 0.4675303 0.5697662
vt 0.5185012 0.5697662
vt 0.4639530 0.5469835
vt 0.5183925 0.5469835
vt 0.4639530 0.5469835
vt 0.4167895 0.5469835
vt 0.4675303 0.5697662
vt 0.4372814 0.5697662
vt 0.5185012 0.5697662
vt 0.6113546 0.5697662
vt 0.5183925 0.5469835
vt 0.6264301 0.5469835
vt 0.7803994 0.8901478
vt 0.7612878 0.8937882
vt 0.7960597 0.9096025
vt 0.7553391 0.9173589
vt 0.7612878 0.8937882
vt 0.6973972 0.8468240
vt 0.7553391 0.9173589
vt 0.6895477 0.8696634
vt 0.6973972 0.8468240
vt 0.6414817 0.7954813
vt 0.6895477 0.8696634
vt 0.6202763 0.8068966
vt 0.8719212 0.3744191
vt 0.6444452 0.3798506
vt 0.7702271 0.5123922
vt 0.6444486 0.5149188
vt 0.7734774 0.2388670
vt 0.6444182 0.2490897
vt 0.8719212 0.3744191
vt 0.6444452 0.3798506
vt 0.3589236 0.4435444
vt 0.3605727 0.5506952
vt 0.4058911 0.4216703
vt 0.4014066 0.5507295
vt 0.6444486 0.5149188
vt 0.6444547 0.5740614
vt 0.7702271 0.5123922
vt 0.8719212 0.5698691
vt 0.8719212 0.5103490
vt 0.7702271 0.5123922
vt 0.8719212 0.5698691
vt 0.3589236 0.4435444
vt 0.4058911 0.4216703
vt 0.3570346 0.3232264
vt 0.1197478 0.8583002
vt 0.3472237 0.9115483
vt 0.3472235 0.8638528
vt 0.3472237 0.9115483
vt 0.1197478 0.8583002
vt 0.2269056 0.9173593
vt 0.1169102 0.8630735
vt 0.6068438 0.6998344
vt 0.5509063 0.5782139
vt 0.4518731 0.6267518
vt 0.5231361 0.5729244
vt 0.4518731 0.6267518
vt 0.3866654 0.6862970
vt 0.6068438 0.6998344
vt 0.3750750 0.7362180
vt 0.6145030 0.8288080
vt 0.3890760 0.8416120
vt 0.5883580 0.8801019
vt 0.4010581 0.8987875
vt 0.4879773 0.9163493
vt 0.4392429 0.9173593
vt 0.1065874 0.6329798
vt 0.1197516 0.6310188
vt 0.1065874 0.5758043
vt 0.1197503 0.5670209
vt 0.1197516 0.6310188
vt 0.1065874 0.6329798
vt 0.1197527 0.7393165
vt 0.1065874 0.7383738
vt 0.1197527 0.7393165
vt 0.1065874 0.7383738
vt 0.1197567 0.7955787
vt 0.1065874 0.7882948
vt 0.6312851 0.3834177
vt 0.6444452 0.3798506
vt 0.6312851 0.2617972
vt 0.6444182 0.2490897
vt 0.6444452 0.3798506
vt 0.6312851 0.3834177
vt 0.6444486 0.5149188
vt 0.6312851 0.5123911
vt 0.6444486 0.5149188
vt 0.6312851 0.5123911
vt 0.6444547 0.5740614
vt 0.6312851 0.5636852
vt 0.4219619 0.3063470
vt 0.4107460 0.3195103
vt 0.4601467 0.3063470
vt 0.4576102 0.3195137
vt 0.4601467 0.3063470
vt 0.4576102 0.3195137
vt 0.5088811 0.3063470
vt 0.5117050 0.3195164
vt 0.5088811 0.3063470
vt 0.5117050 0.3195164
vt 0.6092618 0.3063470
vt 0.6190580 0.3195170
vt 0.3918209 0.5638627
vt 0.4014066 0.5507295
vt 0.3640507 0.5638627
vt 0.3605727 0.5506952
vt 0.3640507 0.5638627
vt 0.3605727 0.5506952
vt 0.2927877 0.5638627
vt 0.2907580 0.5535399
vt 0.4518731 0.6267518
vt 0.4438221 0.6162916
vt 0.3866654 0.6862970
vt 0.3751070 0.6790131
vt 0.1197478 0.8583002
vt 0.1065874 0.8478400
vt 0.1169102 0.8630735
vt 0.0927921 -0.0374370
vt 0.0898586 0.1909713
vt 0.1335274 -0.0350140
vt 0.1265583 0.1948087
vt 0.3794523 0.7459688
vt 0.6092735 0.7401503
vt 0.3794523 0.6956838
vt 0.6092803 0.6901823
vt 0.3794523 0.6956838
vt 0.6092803 0.6901823
vt 0.3794523 0.6222539
vt 0.6092803 0.6172158
vt 0.0381883 0.1895454
vt 0.0898586 0.1909713
vt 0.0445954 -0.0402980
vt 0.0927921 -0.0374370
vt 0.3794523 0.9310660
vt 0.6092728 0.9240785
vt 0.3794523 0.7459688
vt 0.6092735 0.7401503
vt 0.5716304 0.3638282
vt 0.3418069 0.3576798
vt 0.5716304 0.5731611
vt 0.3418085 0.5656912
vt 0.3418023 0.3172705
vt 0.3418069 0.3576798
vt 0.5716304 0.3231623
vt 0.5716304 0.3638282
vt 0.1335274 -0.0350140
vt 0.1265583 0.1948087
vt 0.1687327 -0.0329200
vt 0.1615418 0.1968793
vt 0.5716304 0.5731611
vt 0.3418085 0.5656912
vt 0.5716304 0.5927832
vt 0.3417991 0.5851893
vt 0.1814091 0.6216655
vt 0.1536911 0.6237804
vt 0.3488505 0.7637677
vt 0.0854652 0.6763219
vt 0.3229215 0.8107597
vt 0.3473148 0.7783604
vt 0.0767708 0.7303128
vt 0.2010839 0.8860294
vt 0.0973263 0.8983901
vt 0.1091856 0.9063394
vt 0.2010839 0.8860294
vt 0.2176812 0.9042554
vt 0.2813595 0.8771566
vt 0.3371603 0.8288749
vt 0.3696713 0.7880675
vt 0.3229215 0.8107597
vt 0.3473148 0.7783604
vt 0.3696713 0.7880675
vt 0.3733841 0.7528000
vt 0.3473148 0.7783604
vt 0.3488505 0.7637677
vt 0.1814091 0.6216655
vt 0.3488505 0.7637677
vt 0.1882872 0.5960600
vt 0.3733841 0.7528000
vt 0.1882872 0.5960600
vt 0.1380022 0.6041483
vt 0.1814091 0.6216655
vt 0.1536911 0.6237804
vt 0.1380022 0.6041483
vt 0.0645720 0.6614448
vt 0.1536911 0.6237804
vt 0.0854652 0.6763219
vt 0.0645720 0.6614448
vt 0.0512717 0.7021108
vt 0.0854652 0.6763219
vt 0.0767708 0.7303128
vt 0.2010839 0.8860294
vt 0.1091856 0.9063394
vt 0.2176812 0.9042554
vt 0.1035154 0.9310660
vt 0.0512717 0.7021108
vt 0.0742429 0.9114436
vt 0.0767708 0.7303128
vt 0.0973263 0.8983901
vt 0.1091856 0.9063394
vt 0.0973263 0.8983901
vt 0.1035154 0.9310660
vt 0.0742429 0.9114436
vt 0.0445954 -0.0402980
vt -0.0190830 -0.0402920
vt -0.0211026 0.0370178
vt -0.1311483 0.1920533
vt 0.0381883 0.1895454
vt -0.0211026 0.0370178
vt 0.0445954 -0.0402980
vt 0.2813595 0.8771566
vt 0.3371603 0.8288749
vt 0.3229215 0.8107597
vt 0.2010839 0.8860294
vt 0.2813595 0.8771566
vt 0.3229215 0.8107597
vt -0.0211026 0.0370178
vt -0.0190830 -0.0402920
vt -0.1332488 -0.0402920
vt -0.1385326 0.1895390
vt -0.1311483 0.1920533
vt -0.1332488 -0.0402920
vt -0.0211026 0.0370178
vt 0.8664666 0.4426554
vt 0.8373735 0.4061381
vt 0.8690065 0.4667827
vt 0.6952279 0.6139383
vt 0.7850291 0.3608474
vt 0.6547350 0.6074251
vt 0.6171486 0.3099582
vt 0.5877152 0.5551302
vt 0.5984923 0.3224639
vt 0.5766670 0.5213513
vt 0.0892670 0.2045955
vt 0.0898586 0.1909713
vt 0.0312225 0.2028886
vt 0.0381883 0.1895454
vt 0.0898586 0.1909713
vt 0.0892670 0.2045955
vt 0.1265583 0.1948087
vt 0.1314199 0.2084710
vt 0.1265583 0.1948087
vt 0.1314199 0.2084710
vt 0.1615418 0.1968793
vt 0.1555047 0.2099038
vt 0.6226333 0.7358673
vt 0.6092735 0.7401503
vt 0.6226333 0.9096460
vt 0.6092728 0.9240785
vt 0.6092735 0.7401503
vt 0.6226333 0.7358673
vt 0.6092803 0.6901823
vt 0.6226333 0.6953744
vt 0.6092803 0.6901823
vt 0.6226333 0.6953744
vt 0.6092803 0.6172158
vt 0.6226333 0.6283543
vt 0.3418023 0.3172705
vt 0.3284497 0.3249544
vt 0.3418069 0.3576798
vt 0.3284497 0.3587332
vt 0.3418069 0.3576798
vt 0.3284497 0.3587332
vt 0.3418085 0.5656912
vt 0.3284497 0.5576207
vt 0.0312225 0.2028886
vt 0.0381883 0.1895454
vt -0.1366581 0.2028885
vt -0.1311483 0.1920533
vt -0.1366581 0.2028885
vt -0.1385326 0.1895390
vt -0.1553143 0.2028885
vt -0.1676200 0.1895298
vt -0.1385326 0.1895390
vt -0.1366581 0.2028885
vt -0.1311483 0.1920533
vt 0.4739464 0.3590429
vt 0.4810529 0.5737380
vt 0.6606706 0.3527050
vt 0.6666099 0.5737365
vt 0.1456947 0.8579628
vt 0.3667291 0.8550793
vt 0.1456947 0.8062540
vt 0.3667305 0.8036970
vt 0.1456947 0.9065623
vt 0.3667265 0.9033726
vt 0.1456947 0.8579628
vt 0.3667291 0.8550793
vt 0.6189653 0.6154928
vt 0.3979273 0.6142044
vt 0.6162135 0.8483342
vt 0.3979267 0.8455774
vt 0.4542182 0.3590429
vt 0.4614491 0.5737449
vt 0.4739464 0.3590429
vt 0.4810529 0.5737380
vt 0.2476431 0.3418220
vt 0.2416748 0.5628536
vt 0.4496040 0.3418220
vt 0.4423608 0.5628531
vt 0.6189653 0.5907193
vt 0.3979342 0.5895873
vt 0.6189653 0.6154928
vt 0.3979273 0.6142044
vt 0.1456947 0.6028973
vt 0.3667311 0.6016241
vt 0.1456947 0.5798310
vt 0.3667265 0.5787046
vt 0.3667305 0.8036970
vt 0.3667311 0.6016241
vt 0.1456947 0.8062540
vt 0.1456947 0.6028973
vt 0.3979267 0.8455774
vt 0.3979257 0.9034411
vt 0.6162135 0.8483342
vt 0.6126275 0.9065620
vt 0.7932044 0.4240922
vt 0.7611969 0.2236899
vt 0.7475849 0.4184591
vt 0.7156556 0.4045520
vt 0.7932044 0.4240922
vt 0.9886570 0.2236679
vt 0.7611969 0.2236899
vt 0.9959090 0.2273500
vt 0.9886570 0.2236679
vt 0.9852836 0.4212008
vt 0.7932044 0.4240922
vt 0.9966156 0.4071125
vt 0.9959090 0.2273500
vt 0.9852836 0.4212008
vt 0.6447645 0.3295765
vt 0.4856366 0.3359144
vt 0.6606706 0.3527050
vt 0.4739464 0.3590429
vt 0.1456947 0.9065623
vt 0.1456947 0.8579628
vt 0.1225665 0.8840700
vt 0.1225665 0.8521404
vt 0.4856366 0.3359144
vt 0.4737628 0.3359144
vt 0.4739464 0.3590429
vt 0.4542182 0.3590429
vt 0.1456947 0.8579628
vt 0.1456947 0.8062540
vt 0.1225665 0.8521404
vt 0.1225665 0.8065212
vt 0.1456947 0.8062540
vt 0.1456947 0.6028973
vt 0.1225665 0.8065212
vt 0.1225665 0.6144420
vt 0.6357561 0.8910389
vt 0.6393417 0.8486229
vt 0.6126275 0.9065620
vt 0.6162135 0.8483342
vt 0.6393417 0.8486229
vt 0.6420939 0.6211628
vt 0.6162135 0.8483342
vt 0.6189653 0.6154928
vt 0.4361378 0.3186934
vt 0.2563752 0.3186934
vt 0.4496040 0.3418220
vt 0.2476431 0.3418220
vt 0.6189653 0.5907193
vt 0.6189653 0.6154928
vt 0.6420939 0.6139108
vt 0.6420939 0.6211628
vt 0.2563752 0.3186934
vt 0.2422870 0.3186934
vt 0.2476431 0.3418220
vt 0.2189667 0.3418220
vt 0.7156556 0.4045520
vt 0.7611969 0.2236899
vt 0.7112240 0.2454240
vt 0.7187808 0.2335502
vt 0.6702927 0.9020302
vt 0.6474571 0.8143582
vt 0.6532854 0.8629833
vt 0.8430779 0.9065620
vt 0.8553079 0.8972682
vt 0.6506264 0.6192585
vt 0.6708661 0.6029789
vt 0.8666189 0.8454095
vt 0.8590716 0.6037186
vt 0.8666189 0.6185833
vt 0.6584415 0.5865854
vt 0.6666099 0.5737365
vt 0.4856564 0.5865854
vt 0.4810529 0.5737380
vt 0.3667265 0.9033726
vt 0.3795754 0.8905573
vt 0.3667291 0.8550793
vt 0.3795754 0.8515097
vt 0.4856564 0.5865854
vt 0.4810529 0.5737380
vt 0.4734263 0.5865854
vt 0.4614491 0.5737449
vt 0.3667291 0.8550793
vt 0.3795754 0.8515097
vt 0.3667305 0.8036970
vt 0.3795754 0.8028846
vt 0.3667305 0.8036970
vt 0.3795754 0.8028846
vt 0.3667311 0.6016241
vt 0.3795754 0.6077849
vt 0.3850850 0.8958892
vt 0.3979257 0.9034411
vt 0.3850850 0.8440306
vt 0.3979267 0.8455774
vt 0.3850850 0.8440306
vt 0.3979267 0.8455774
vt 0.3850850 0.6172044
vt 0.3979273 0.6142044
vt 0.4340375 0.5757023
vt 0.4423608 0.5628531
vt 0.2458320 0.5757023
vt 0.2416748 0.5628536
vt 0.3979342 0.5895873
vt 0.3850850 0.6023397
vt 0.3979273 0.6142044
vt 0.3850850 0.6172044
vt 0.2458320 0.5757023
vt 0.2416748 0.5628536
vt 0.2255925 0.5757023
vt 0.2131793 0.5628577
vt 1.0630650 1.5050572
vt 1.0630650 1.3137660
vt 0.8307543 1.5050572
vt 0.8307543 1.3137660
vt 1.0630650 1.7248942
vt 1.0630650 1.6400350
vt 0.8307543 1.7248942
vt 0.8307543 1.6400350
vt 1.3154750 1.7248942
vt 1.3154750 1.5676334
vt 1.0831640 1.7248942
vt 1.0831640 1.5676334
vt 1.3154750 1.5676334
vt 1.3154750 1.3195460
vt 1.0831640 1.5676334
vt 1.0831640 1.3195460
vt -0.9861211 1.4636462
vt -1.0076810 1.4676107
vt -0.9535391 1.5939000
vt -0.9733064 1.6025883
vt -1.0076810 1.4676107
vt -0.9861211 1.4636462
vt -1.0171920 1.2763195
vt -0.9970109 1.2763195
vt 0.7775774 1.4283555
vt 0.7975174 1.4340545
vt 0.7827821 1.2763195
vt 0.8029958 1.2763195
vt 0.7787286 1.5917900
vt 0.7590619 1.5803914
vt 0.6214681 1.6885891
vt 0.6153010 1.6685567
vt 0.6214681 1.6885891
vt 0.6153010 1.6685567
vt 0.3733807 1.7018871
vt 0.3733807 1.6817591
vt 0.8307543 1.6400350
vt 1.0630650 1.6400350
vt 0.8307543 1.5050572
vt 1.0630650 1.5050572
vt -0.9535391 1.5939000
vt -0.9733064 1.6025883
vt -0.8740683 1.6676679
vt -0.8831570 1.6874475
vt 1.5748970 -1.1650770
vt 1.8072080 -1.1650770
vt 1.5748970 -1.3228120
vt 1.8072080 -1.3228120
vt 1.3154750 0.6158186
vt 1.3154750 0.4096769
vt 1.0831640 0.6158186
vt 1.0831640 0.2363428
vt 1.0831640 0.4096769
vt 1.3154750 0.2363428
vt -0.7052783 1.6759509
vt -0.7098228 1.6959069
vt -0.5364888 1.6797980
vt -0.5364888 1.6999294
vt -0.3303468 1.6834360
vt -0.3303468 1.7036018
vt 1.0831640 1.3195460
vt 1.3154750 1.3195460
vt 1.0831640 1.0658534
vt 1.3154750 1.0658534
vt -0.3303468 1.6834360
vt -0.3303468 1.7036018
vt -0.1053295 1.6826371
vt -0.1053295 1.7028372
vt 0.1196879 1.6835711
vt 0.1196879 1.7037350
vt 0.3733807 1.7018871
vt 0.3733807 1.6817591
vt 0.1196879 1.6835711
vt 1.0831640 0.6158186
vt 1.0831640 0.8408359
vt 1.3154750 0.6158186
vt 1.3154750 0.8408359
vt 1.0831640 1.0658534
vt 1.3154750 1.0658534
vt -0.8740683 1.6676679
vt -0.8831570 1.6874475
vt -0.7052783 1.6759509
vt -0.7098228 1.6959069
vt 1.0831640 0.2363428
vt 1.3154750 0.2363428
vt 1.0831640 0.0630085
vt 1.3154750 0.0630085
vt -0.9861211 1.4636462
vt -0.7803816 1.4750391
vt -0.9970109 1.2763195
vt -0.7803816 1.2500218
vt 0.7590619 1.5803914
vt 0.7787286 1.5917900
vt 0.7775774 1.4283555
vt 0.7975174 1.4340545
vt 1.5748970 -1.3228120
vt 1.8072080 -1.3228120
vt 1.5748970 -1.4805470
vt 1.8072080 -1.4805470
vt -0.9861211 1.4636462
vt -0.9535391 1.5939000
vt -0.7803816 1.4750391
vt -0.7052783 1.6759509
vt -0.8740683 1.6676679
vt -0.5553643 1.4750391
vt -0.5364888 1.6797980
vt -0.3303468 1.4750391
vt -0.3303468 1.6834360
vt -0.3303468 1.3015935
vt -0.1053294 1.4750391
vt -0.1053295 1.6826371
vt -0.1053294 1.3047491
vt 0.1196880 1.4750391
vt 0.1196879 1.6835711
vt 0.1196879 1.3002456
vt 0.3447050 1.4750391
vt 0.3733807 1.6817591
vt 0.5697223 1.4750391
vt 0.6153010 1.6685567
vt 0.7775774 1.4283555
vt 0.7590619 1.5803914
vt -1.0076510 1.0509424
vt -1.0076810 1.4676107
vt -0.9865127 1.0502296
vt -0.9861211 1.4636462
vt 0.5697223 1.4750391
vt 0.7775774 1.4283555
vt 0.5697223 1.0493469
vt 0.7733096 1.0454711
vt 0.7775774 1.4283555
vt 0.7975174 1.4340545
vt 0.7733096 1.0454711
vt 0.7933181 1.0469557
vt 1.5748980 -0.9222770
vt 1.8072070 -0.9222770
vt 1.5748970 -1.3228120
vt 1.8072080 -1.3228120
vt 1.8072080 -1.4805470
vt 1.5748970 -1.4805470
vt 1.3154750 1.7248942
vt 1.0831640 1.5676334
vt 1.0831640 1.7248942
vt 1.3154750 1.5676334
vt 1.3154750 1.3195460
vt 1.0831640 1.3195460
vt 1.3154750 0.8408359
vt 1.0831640 0.8408359
vt 1.3154750 0.4096769
vt 1.0831640 0.4096769
vt 1.3154750 0.0630085
vt 1.0831640 0.0630085
vt 0.8307555 1.0790467
vt 0.8307543 1.5050572
vt 1.0630640 1.0790467
vt 0.8307543 1.6400350
vt 1.0630650 1.5050572
vt 1.0630650 1.6400350
vt 0.8307543 1.7248942
vt 1.0630650 1.7248942
vt 0.7975174 1.4340545
vt 0.7775774 1.4283555
vt 0.7787286 1.5917900
vt 0.7590619 1.5803914
vt 0.5697223 1.4750391
vt 0.6153010 1.6685567
vt 0.7787286 1.5917900
vt 0.3733807 1.6817591
vt 0.3447050 1.4750391
vt 0.5697223 1.0493469
vt 0.3447049 1.0505240
vt 0.6214681 1.6885891
vt 0.3733807 1.7018871
vt 0.6214681 1.6885891
vt -0.1053295 1.6826371
vt -0.1053295 1.7028372
vt 0.3733807 1.7018871
vt -0.1053294 1.4750391
vt -0.1053294 1.0503151
vt -0.5364888 1.6797980
vt -0.5553643 1.4750391
vt -0.5364888 1.6999294
vt -0.5553643 1.0507901
vt -0.8740683 1.6676679
vt -0.8831570 1.6874475
vt -0.5364888 1.6999294
vt -0.7803816 1.4750391
vt -0.7803817 1.0508983
vt -0.9733064 1.6025883
vt -0.8831570 1.6874475
vt -0.9535391 1.5939000
vt -0.9861211 1.4636462
vt -0.9733064 1.6025883
vt -1.0076810 1.4676107
vt -0.7803816 1.4750391
vt -0.7803817 1.0508983
vt -0.9861211 1.4636462
vt -0.9865127 1.0502296
vn 0.0000000 0.0000000 1.0000000
vn 0.0000000 0.0000000 1.0000000
vn 0.0000000 0.0000000 1.0000000
vn 0.0000000 0.0000000 1.0000000
vn 0.0000000 0.0000000 1.0000000
vn 0.0000000 0.0000000 1.0000000
vn 0.0000000 0.0000000 1.0000000
vn 0.0000000 0.0000000 1.0000000
vn 0.7680165 0.0685729 0.6367483
vn 0.7680165 0.0685729 0.6367483
vn 0.7680165 0.0685729 0.6367483
vn 0.7680165 0.0685729 0.6367483
vn 0.9333905 0.0234815 -0.3580932
vn 0.9333905 0.0234815 -0.3580932
vn 0.9333905 0.0234815 -0.3580932
vn 0.9333905 0.0234815 -0.3580932
vn 0.9989156 0.0450491 -0.0117519
vn 0.9989156 0.0450491 -0.0117519
vn 0.9989156 0.0450491 -0.0117519
vn 0.9989156 0.0450491 -0.0117519
vn 0.0000000 1.0000000 0.0000000
vn 0.0000000 1.0000000 0.0000000
vn 0.0000000 1.0000000 0.0000000
vn 0.4403561 0.8180838 0.3698991
vn 0.4403561 0.8180838 0.3698991
vn 0.4403561 0.8180838 0.3698991
vn 0.4403561 0.8180838 0.3698991
vn 0.5336736 0.8444945 -0.0449615
vn 0.5336736 0.8444945 -0.0449615
vn 0.5336736 0.8444945 -0.0449615
vn 0.5336736 0.8444945 -0.0449615
vn 0.5170431 0.8304026 -0.2076006
vn 0.5170431 0.8304026 -0.2076006
vn 0.5170431 0.8304026 -0.2076006
vn 0.5170431 0.8304026 -0.2076006
vn 0.0000000 -1.0000000 0.0000000
vn 0.0000000 -1.0000000 0.0000000
vn 0.0000000 -1.0000000 0.0000000
vn 0.3188792 -0.9096861 0.2660587
vn 0.3188792 -0.9096861 0.2660587
vn 0.3188792 -0.9096861 0.2660587
vn 0.3188792 -0.9096861 0.2660587
vn 0.4052270 -0.9142077 -0.0039152
vn 0.4052270 -0.9142077 -0.0039152
vn 0.4052270 -0.9142077 -0.0039152
vn 0.4052270 -0.9142077 -0.0039152
vn 0.3795897 -0.9137543 -0.1447919
vn 0.3795897 -0.9137543 -0.1447919
vn 0.3795897 -0.9137543 -0.1447919
vn 0.3795897 -0.9137543 -0.1447919
vn 0.0097897 0.0528646 0.9985537
vn 0.0097897 0.0528646 0.9985537
vn 0.0097897 0.0528646 0.9985537
vn 0.0097897 0.0528646 0.9985537
vn -0.0234708 -0.0665007 -0.9975103
vn -0.0234708 -0.0665007 -0.9975103
vn -0.0234708 -0.0665007 -0.9975103
vn -0.0234708 -0.0665007 -0.9975103
vn -0.1936766 0.0430392 0.9801209
vn -0.1936766 0.0430392 0.9801209
vn -0.1936766 0.0430392 0.9801209
vn -0.1936766 0.0430392 0.9801209
vn -0.9327354 -0.0234650 0.3597973
vn -0.9327354 -0.0234650 0.3597973
vn -0.9327354 -0.0234650 0.3597973
vn -0.9327354 -0.0234650 0.3597973
vn -0.9216498 -0.0704446 -0.3815747
vn -0.9216498 -0.0704446 -0.3815747
vn -0.9216498 -0.0704446 -0.3815747
vn -0.9216498 -0.0704446 -0.3815747
vn 0.9995388 0.0293407 -0.0078242
vn 0.9995388 0.0293407 -0.0078242
vn 0.9995388 0.0293407 -0.0078242
vn 0.9995388 0.0293407 -0.0078242
vn 0.6009198 -0.0332757 -0.7986164
vn 0.6009198 -0.0332757 -0.7986164
vn 0.6009198 -0.0332757 -0.7986164
vn 0.6009198 -0.0332757 -0.7986164
vn 0.7807546 0.0567466 0.6222556
vn 0.7807546 0.0567466 0.6222556
vn 0.7807546 0.0567466 0.6222556
vn 0.7807546 0.0567466 0.6222556
vn 0.0000000 1.0000000 0.0000000
vn 0.0000000 1.0000000 0.0000000
vn 0.0000000 1.0000000 0.0000000
vn 0.0000000 1.0000000 0.0000000
vn 0.0000000 1.0000000 0.0000000
vn 0.0000000 1.0000000 0.0000000
vn 0.0000000 1.0000000 0.0000000
vn 0.0000000 1.0000000 0.0000000
vn -0.1134866 0.8100598 0.5752599
vn -0.1134866 0.8100598 0.5752599
vn -0.1134866 0.8100598 0.5752599
vn -0.1134866 0.8100598 0.5752599
vn 0.0039154 0.8163644 0.5775239
vn 0.0039154 0.8163644 0.5775239
vn 0.0039154 0.8163644 0.5775239
vn 0.0039154 0.8163644 0.5775239
vn 0.4481366 0.8199530 0.3561610
vn 0.4481366 0.8199530 0.3561610
vn 0.4481366 0.8199530 0.3561610
vn 0.4481366 0.8199530 0.3561610
vn -0.5592170 0.8016747 0.2111729
vn -0.5592170 0.8016747 0.2111729
vn -0.5592170 0.8016747 0.2111729
vn -0.5592170 0.8016747 0.2111729
vn -0.5483065 0.8048356 -0.2271556
vn -0.5483065 0.8048356 -0.2271556
vn -0.5483065 0.8048356 -0.2271556
vn -0.5483065 0.8048356 -0.2271556
vn -0.0097887 0.7615646 -0.6480151
vn -0.0097887 0.7615646 -0.6480151
vn -0.0097887 0.7615646 -0.6480151
vn -0.0097887 0.7615646 -0.6480151
vn 0.3578897 0.8037852 -0.4752307
vn 0.3578897 0.8037852 -0.4752307
vn 0.3578897 0.8037852 -0.4752307
vn 0.3578897 0.8037852 -0.4752307
vn 0.5717429 0.8204118 -0.0058741
vn 0.5717429 0.8204118 -0.0058741
vn 0.5717429 0.8204118 -0.0058741
vn 0.5717429 0.8204118 -0.0058741
vn 0.0000000 -1.0000000 0.0000000
vn 0.0000000 -1.0000000 0.0000000
vn 0.0000000 -1.0000000 0.0000000
vn 0.0000000 -1.0000000 0.0000000
vn 0.0000000 -1.0000000 0.0000000
vn 0.0000000 -1.0000000 0.0000000
vn 0.0000000 -1.0000000 0.0000000
vn 0.0000000 -1.0000000 0.0000000
vn -0.0821195 -0.9072247 0.4125527
vn -0.0821195 -0.9072247 0.4125527
vn -0.0821195 -0.9072247 0.4125527
vn -0.0821195 -0.9072247 0.4125527
vn 0.0039146 -0.9062262 0.4227751
vn 0.0039146 -0.9062262 0.4227751
vn 0.0039146 -0.9062262 0.4227751
vn 0.0039146 -0.9062262 0.4227751
vn 0.3232121 -0.9108704 0.2566108
vn 0.3232121 -0.9108704 0.2566108
vn 0.3232121 -0.9108704 0.2566108
vn 0.3232121 -0.9108704 0.2566108
vn -0.3581316 -0.9217486 -0.1487323
vn -0.3581316 -0.9217486 -0.1487323
vn -0.3581316 -0.9217486 -0.1487323
vn -0.3581316 -0.9217486 -0.1487323
vn -0.0097779 -0.9152136 -0.4028504
vn -0.0097779 -0.9152136 -0.4028504
vn -0.0097779 -0.9152136 -0.4028504
vn -0.0097779 -0.9152136 -0.4028504
vn 0.2425801 -0.9155446 -0.3208318
vn 0.2425801 -0.9155446 -0.3208318
vn 0.2425801 -0.9155446 -0.3208318
vn 0.2425801 -0.9155446 -0.3208318
vn -0.3699409 -0.9180016 0.1428872
vn -0.3699409 -0.9180016 0.1428872
vn -0.3699409 -0.9180016 0.1428872
vn -0.3699409 -0.9180016 0.1428872
vn 0.4028666 -0.9152504 -0.0039113
vn 0.4028666 -0.9152504 -0.0039113
vn 0.4028666 -0.9152504 -0.0039113
vn 0.4028666 -0.9152504 -0.0039113
vn -0.9991948 -0.0293306 0.0273752
vn -0.9991948 -0.0293306 0.0273752
vn -0.9991948 -0.0293306 0.0273752
vn -0.9991948 -0.0293306 0.0273752
vn -0.1135209 0.0489315 0.9923299
vn -0.1135209 0.0489315 0.9923299
vn -0.1135209 0.0489315 0.9923299
vn -0.1135209 0.0489315 0.9923299
vn -0.3832388 0.0371507 0.9229018
vn -0.3832388 0.0371507 0.9229018
vn -0.3832388 0.0371507 0.9229018
vn -0.3832388 0.0371507 0.9229018
vn 0.0000000 -0.0645708 -0.9979131
vn 0.0000000 -0.0645708 -0.9979131
vn 0.0000000 -0.0645708 -0.9979131
vn 0.0000000 -0.0645708 -0.9979131
vn -0.7804812 -0.0625950 -0.6220377
vn -0.7804812 -0.0625950 -0.6220377
vn -0.7804812 -0.0625950 -0.6220377
vn -0.7804812 -0.0625950 -0.6220377
vn 0.9999445 0.0097842 -0.0039137
vn 0.9999445 0.0097842 -0.0039137
vn 0.9999445 0.0097842 -0.0039137
vn 0.9999445 0.0097842 -0.0039137
vn 0.4347980 -0.0528808 -0.8989741
vn 0.4347980 -0.0528808 -0.8989741
vn 0.4347980 -0.0528808 -0.8989741
vn 0.4347980 -0.0528808 -0.8989741
vn 0.7636423 0.0430773 0.6442008
vn 0.7636423 0.0430773 0.6442008
vn 0.7636423 0.0430773 0.6442008
vn 0.7636423 0.0430773 0.6442008
vn 0.0352229 0.0528343 0.9979819
vn 0.0352229 0.0528343 0.9979819
vn 0.0352229 0.0528343 0.9979819
vn 0.0352229 0.0528343 0.9979819
vn -0.1251880 -0.0684622 -0.9897681
vn -0.1251880 -0.0684622 -0.9897681
vn -0.1251880 -0.0684622 -0.9897681
vn -0.1251880 -0.0684622 -0.9897681
vn 0.0000000 1.0000000 0.0000000
vn 0.0000000 1.0000000 0.0000000
vn 0.0000000 1.0000000 0.0000000
vn 0.0000000 1.0000000 0.0000000
vn 0.0000000 1.0000000 0.0000000
vn 0.0000000 1.0000000 0.0000000
vn 0.0000000 1.0000000 0.0000000
vn 0.0000000 1.0000000 0.0000000
vn 0.0000000 1.0000000 0.0000000
vn 0.0000000 1.0000000 0.0000000
vn -0.5832015 0.8121767 0.0156564
vn -0.5832015 0.8121767 0.0156564
vn -0.5832015 0.8121767 0.0156564
vn -0.5832015 0.8121767 0.0156564
vn -0.2249503 0.8098211 0.5418369
vn -0.2249503 0.8098211 0.5418369
vn -0.2249503 0.8098211 0.5418369
vn -0.2249503 0.8098211 0.5418369
vn -0.4462865 0.8299363 -0.3347149
vn -0.4462865 0.8299363 -0.3347149
vn -0.4462865 0.8299363 -0.3347149
vn -0.4462865 0.8299363 -0.3347149
vn -0.0685618 0.8090298 0.5837551
vn -0.0685618 0.8090298 0.5837551
vn -0.0685618 0.8090298 0.5837551
vn -0.0685618 0.8090298 0.5837551
vn 0.0215348 0.8104912 0.5853548
vn 0.0215348 0.8104912 0.5853548
vn 0.0215348 0.8104912 0.5853548
vn 0.0215348 0.8104912 0.5853548
vn -0.0763506 0.7850410 -0.6147204
vn -0.0763506 0.7850410 -0.6147204
vn -0.0763506 0.7850410 -0.6147204
vn -0.0763506 0.7850410 -0.6147204
vn 0.0000000 0.7931333 -0.6090481
vn 0.0000000 0.7931333 -0.6090481
vn 0.0000000 0.7931333 -0.6090481
vn 0.0000000 0.7931333 -0.6090481
vn 0.5752984 0.8179412 -0.0019568
vn 0.5752984 0.8179412 -0.0019568
vn 0.5752984 0.8179412 -0.0019568
vn 0.5752984 0.8179412 -0.0019568
vn 0.2622168 0.7983916 -0.5420453
vn 0.2622168 0.7983916 -0.5420453
vn 0.2622168 0.7983916 -0.5420453
vn 0.2622168 0.7983916 -0.5420453
vn 0.4407412 0.8168404 0.3721815
vn 0.4407412 0.8168404 0.3721815
vn 0.4407412 0.8168404 0.3721815
vn 0.4407412 0.8168404 0.3721815
vn 0.0000000 -1.0000000 0.0000000
vn 0.0000000 -1.0000000 0.0000000
vn 0.0000000 -1.0000000 0.0000000
vn 0.0000000 -1.0000000 0.0000000
vn 0.0000000 -1.0000000 0.0000000
vn 0.0000000 -1.0000000 0.0000000
vn 0.0000000 -1.0000000 0.0000000
vn 0.0000000 -1.0000000 0.0000000
vn 0.0000000 -1.0000000 0.0000000
vn 0.0000000 -1.0000000 0.0000000
vn -0.3931838 -0.9193850 0.0117368
vn -0.3931838 -0.9193850 0.0117368
vn -0.3931838 -0.9193850 0.0117368
vn -0.3931838 -0.9193850 0.0117368
vn -0.1605595 -0.9085316 0.3857343
vn -0.1605595 -0.9085316 0.3857343
vn -0.1605595 -0.9085316 0.3857343
vn -0.1605595 -0.9085316 0.3857343
vn -0.3072095 -0.9196718 -0.2445936
vn -0.3072095 -0.9196718 -0.2445936
vn -0.3072095 -0.9196718 -0.2445936
vn -0.3072095 -0.9196718 -0.2445936
vn -0.0470009 -0.9067265 0.4190918
vn -0.0470009 -0.9067265 0.4190918
vn -0.0470009 -0.9067265 0.4190918
vn -0.0470009 -0.9067265 0.4190918
vn 0.0156565 -0.9061220 0.4227265
vn 0.0156565 -0.9061220 0.4227265
vn 0.0156565 -0.9061220 0.4227265
vn 0.0156565 -0.9061220 0.4227265
vn -0.0508616 -0.9155095 -0.3990682
vn -0.0508616 -0.9155095 -0.3990682
vn -0.0508616 -0.9155095 -0.3990682
vn -0.0508616 -0.9155095 -0.3990682
vn 0.0000000 -0.9152574 -0.4028697
vn 0.0000000 -0.9152574 -0.4028697
vn 0.0000000 -0.9152574 -0.4028697
vn 0.0000000 -0.9152574 -0.4028697
vn 0.3988683 -0.9170061 -0.0019552
vn 0.3988683 -0.9170061 -0.0019552
vn 0.3988683 -0.9170061 -0.0019552
vn 0.3988683 -0.9170061 -0.0019552
vn 0.1741520 -0.9157654 -0.3620012
vn 0.1741520 -0.9157654 -0.3620012
vn 0.1741520 -0.9157654 -0.3620012
vn 0.1741520 -0.9157654 -0.3620012
vn 0.3147962 -0.9111491 0.2659147
vn 0.3147962 -0.9111491 0.2659147
vn 0.3147962 -0.9111491 0.2659147
vn 0.3147962 -0.9111491 0.2659147
vn 0.0000000 0.0509143 0.9987030
vn 0.0000000 0.0509143 0.9987030
vn 0.0000000 0.0509143 0.9987030
vn 0.0000000 0.0509143 0.9987030
vn 0.0000000 -0.0645708 -0.9979131
vn 0.0000000 -0.0645708 -0.9979131
vn 0.0000000 -0.0645708 -0.9979131
vn 0.0000000 -0.0645708 -0.9979131
vn 0.6402148 0.0332833 0.7674746
vn 0.6402148 0.0332833 0.7674746
vn 0.6402148 0.0332833 0.7674746
vn 0.6402148 0.0332833 0.7674746
vn -0.2583284 0.0489258 0.9648175
vn -0.2583284 0.0489258 0.9648175
vn -0.2583284 0.0489258 0.9648175
vn -0.2583284 0.0489258 0.9648175
vn -0.7658412 0.0274214 0.6424448
vn -0.7658412 0.0274214 0.6424448
vn -0.7658412 0.0274214 0.6424448
vn -0.7658412 0.0274214 0.6424448
vn -0.9998296 -0.0097831 0.0156529
vn -0.9998296 -0.0097831 0.0156529
vn -0.9998296 -0.0097831 0.0156529
vn -0.9998296 -0.0097831 0.0156529
vn -0.5386702 -0.0607228 -0.8403256
vn -0.5386702 -0.0607228 -0.8403256
vn -0.5386702 -0.0607228 -0.8403256
vn -0.5386702 -0.0607228 -0.8403256
vn 0.9992789 -0.0078221 0.0371552
vn 0.9992789 -0.0078221 0.0371552
vn 0.9992789 -0.0078221 0.0371552
vn 0.9992789 -0.0078221 0.0371552
vn 0.5796783 -0.0587512 -0.8127246
vn 0.5796783 -0.0587512 -0.8127246
vn 0.5796783 -0.0587512 -0.8127246
vn 0.5796783 -0.0587512 -0.8127246
vn 0.0000000 1.0000000 0.0000000
vn 0.0000000 1.0000000 0.0000000
vn 0.0000000 1.0000000 0.0000000
vn 0.0000000 1.0000000 0.0000000
vn 0.0000000 1.0000000 0.0000000
vn 0.0000000 1.0000000 0.0000000
vn 0.0000000 1.0000000 0.0000000
vn 0.0000000 1.0000000 0.0000000
vn 0.0000000 1.0000000 0.0000000
vn 0.3718065 0.8140604 0.4461677
vn 0.3718065 0.8140604 0.4461677
vn 0.3718065 0.8140604 0.4461677
vn 0.3718065 0.8140604 0.4461677
vn 0.0000000 0.8106792 0.5854906
vn 0.0000000 0.8106792 0.5854906
vn 0.0000000 0.8106792 0.5854906
vn 0.0000000 0.8106792 0.5854906
vn -0.1507643 0.8106031 0.5658558
vn -0.1507643 0.8106031 0.5658558
vn -0.1507643 0.8106031 0.5658558
vn -0.1507643 0.8106031 0.5658558
vn 0.5786716 0.8152232 0.0234597
vn 0.5786716 0.8152232 0.0234597
vn 0.5786716 0.8152232 0.0234597
vn 0.5786716 0.8152232 0.0234597
vn -0.4445983 0.8147705 0.3721308
vn -0.4445983 0.8147705 0.3721308
vn -0.4445983 0.8147705 0.3721308
vn -0.4445983 0.8147705 0.3721308
vn -0.5788132 0.8154226 0.0078218
vn -0.5788132 0.8154226 0.0078218
vn -0.5788132 0.8154226 0.0078218
vn -0.5788132 0.8154226 0.0078218
vn -0.3248657 0.7984650 -0.5068687
vn -0.3248657 0.7984650 -0.5068687
vn -0.3248657 0.7984650 -0.5068687
vn -0.3248657 0.7984650 -0.5068687
vn 0.0000000 0.7931333 -0.6090481
vn 0.0000000 0.7931333 -0.6090481
vn 0.0000000 0.7931333 -0.6090481
vn 0.0000000 0.7931333 -0.6090481
vn 0.3481074 0.7998647 -0.4889149
vn 0.3481074 0.7998647 -0.4889149
vn 0.3481074 0.7998647 -0.4889149
vn 0.3481074 0.7998647 -0.4889149
vn 0.0000000 -1.0000000 0.0000000
vn 0.0000000 -1.0000000 0.0000000
vn 0.0000000 -1.0000000 0.0000000
vn 0.0000000 -1.0000000 0.0000000
vn 0.0000000 -1.0000000 0.0000000
vn 0.0000000 -1.0000000 0.0000000
vn 0.0000000 -1.0000000 0.0000000
vn 0.0000000 -1.0000000 0.0000000
vn 0.0000000 -1.0000000 0.0000000
vn 0.0000000 -0.9062331 0.4227783
vn 0.0000000 -0.9062331 0.4227783
vn 0.0000000 -0.9062331 0.4227783
vn 0.0000000 -0.9062331 0.4227783
vn 0.2644042 -0.9107253 0.3172850
vn 0.2644042 -0.9107253 0.3172850
vn 0.2644042 -0.9107253 0.3172850
vn 0.2644042 -0.9107253 0.3172850
vn -0.1096629 -0.9066779 0.4073196
vn -0.1096629 -0.9066779 0.4073196
vn -0.1096629 -0.9066779 0.4073196
vn -0.1096629 -0.9066779 0.4073196
vn -0.2150485 -0.9168887 -0.3362577
vn -0.2150485 -0.9168887 -0.3362577
vn -0.2150485 -0.9168887 -0.3362577
vn -0.2150485 -0.9168887 -0.3362577
vn 0.0000000 -0.9152574 -0.4028697
vn 0.0000000 -0.9152574 -0.4028697
vn 0.0000000 -0.9152574 -0.4028697
vn 0.0000000 -0.9152574 -0.4028697
vn 0.2307784 -0.9172464 -0.3246543
vn 0.2307784 -0.9172464 -0.3246543
vn 0.2307784 -0.9172464 -0.3246543
vn 0.2307784 -0.9172464 -0.3246543
vn 0.3955245 -0.9183218 0.0156643
vn 0.3955245 -0.9183218 0.0156643
vn 0.3955245 -0.9183218 0.0156643
vn 0.3955245 -0.9183218 0.0156643
vn -0.3133570 -0.9126524 0.2624365
vn -0.3133570 -0.9126524 0.2624365
vn -0.3133570 -0.9126524 0.2624365
vn -0.3133570 -0.9126524 0.2624365
vn -0.3955662 -0.9184187 0.0058747
vn -0.3955662 -0.9184187 0.0058747
vn -0.3955662 -0.9184187 0.0058747
vn -0.3955662 -0.9184187 0.0058747
vn 0.9975599 -0.0684600 -0.0136920
vn 0.9975599 -0.0684600 -0.0136920
vn 0.9975599 -0.0684600 -0.0136920
vn 0.9975599 -0.0684600 -0.0136920
vn -0.9979437 0.0547891 -0.0332648
vn -0.9979437 0.0547891 -0.0332648
vn -0.9979437 0.0547891 -0.0332648
vn -0.9979437 0.0547891 -0.0332648
vn 0.6672628 -0.0430492 -0.7435773
vn 0.6672628 -0.0430492 -0.7435773
vn 0.6672628 -0.0430492 -0.7435773
vn 0.6672628 -0.0430492 -0.7435773
vn -0.0156536 0.0019567 -0.9998756
vn -0.0156536 0.0019567 -0.9998756
vn -0.0156536 0.0019567 -0.9998756
vn -0.0156536 0.0019567 -0.9998756
vn -0.6826479 0.0410762 -0.7295921
vn -0.6826479 0.0410762 -0.7295921
vn -0.6826479 0.0410762 -0.7295921
vn -0.6826479 0.0410762 -0.7295921
vn 0.3974758 0.8027835 -0.4444679
vn 0.3974758 0.8027835 -0.4444679
vn 0.3974758 0.8027835 -0.4444679
vn 0.3974758 0.8027835 -0.4444679
vn 0.5889678 0.8081186 -0.0078268
vn 0.5889678 0.8081186 -0.0078268
vn 0.5889678 0.8081186 -0.0078268
vn 0.5889678 0.8081186 -0.0078268
vn -0.0078275 0.8023176 -0.5968461
vn -0.0078275 0.8023176 -0.5968461
vn -0.0078275 0.8023176 -0.5968461
vn -0.0078275 0.8023176 -0.5968461
vn -0.3733753 0.8229896 -0.4281109
vn -0.3733753 0.8229896 -0.4281109
vn -0.3733753 0.8229896 -0.4281109
vn -0.3733753 0.8229896 -0.4281109
vn -0.5671879 0.8234003 -0.0176024
vn -0.5671879 0.8234003 -0.0176024
vn -0.5671879 0.8234003 -0.0176024
vn -0.5671879 0.8234003 -0.0176024
vn -0.5337868 0.8231658 -0.1935711
vn -0.5337868 0.8231658 -0.1935711
vn -0.5337868 0.8231658 -0.1935711
vn -0.5337868 0.8231658 -0.1935711
vn -0.9336462 0.0528479 -0.3542766
vn -0.9336462 0.0528479 -0.3542766
vn -0.9336462 0.0528479 -0.3542766
vn -0.9336462 0.0528479 -0.3542766
vn 0.0000000 -1.0000000 0.0000000
vn 0.0000000 -1.0000000 0.0000000
vn 0.0000000 -1.0000000 0.0000000
vn 0.0000000 -1.0000000 0.0000000
vn 0.0000000 -1.0000000 0.0000000
vn 0.0000000 -1.0000000 0.0000000
vn 0.0000000 -1.0000000 0.0000000
vn 0.2659209 -0.9170359 -0.2972057
vn 0.2659209 -0.9170359 -0.2972057
vn 0.2659209 -0.9170359 -0.2972057
vn 0.2659209 -0.9170359 -0.2972057
vn 0.3858601 -0.9225386 -0.0058760
vn 0.3858601 -0.9225386 -0.0058760
vn 0.3858601 -0.9225386 -0.0058760
vn 0.3858601 -0.9225386 -0.0058760
vn -0.3819442 -0.9127487 -0.1449429
vn -0.3819442 -0.9127487 -0.1449429
vn -0.3819442 -0.9127487 -0.1449429
vn -0.3819442 -0.9127487 -0.1449429
vn -0.4068262 -0.9134030 -0.0136913
vn -0.4068262 -0.9134030 -0.0136913
vn -0.4068262 -0.9134030 -0.0136913
vn -0.4068262 -0.9134030 -0.0136913
vn -0.0058702 -0.9098811 -0.4148275
vn -0.0058702 -0.9098811 -0.4148275
vn -0.0058702 -0.9098811 -0.4148275
vn -0.0058702 -0.9098811 -0.4148275
vn -0.2820403 -0.9107550 -0.3016265
vn -0.2820403 -0.9107550 -0.3016265
vn -0.2820403 -0.9107550 -0.3016265
vn -0.2820403 -0.9107550 -0.3016265
vn 0.0000000 1.0000000 0.0000000
vn 0.0000000 1.0000000 0.0000000
vn 0.0000000 1.0000000 0.0000000
vn 0.0000000 1.0000000 0.0000000
vn 0.0000000 1.0000000 0.0000000
vn 0.0000000 1.0000000 0.0000000
vn 0.0000000 1.0000000 0.0000000
vn 0.9976458 -0.0684659 -0.0039123
vn 0.9976458 -0.0684659 -0.0039123
vn 0.9976458 -0.0684659 -0.0039123
vn 0.9976458 -0.0684659 -0.0039123
vn -0.9972051 0.0547485 0.0508379
vn -0.9972051 0.0547485 0.0508379
vn -0.9972051 0.0547485 0.0508379
vn -0.9972051 0.0547485 0.0508379
vn 0.9806822 -0.1859577 -0.0606809
vn 0.9806822 -0.1859577 -0.0606809
vn 0.9806822 -0.1859577 -0.0606809
vn 0.9806822 -0.1859577 -0.0606809
vn -0.9983738 0.0548127 0.0156608
vn -0.9983738 0.0548127 0.0156608
vn -0.9983738 0.0548127 0.0156608
vn -0.9983738 0.0548127 0.0156608
vn 0.4849257 -0.4028011 -0.7762721
vn 0.4849257 -0.4028011 -0.7762721
vn 0.4849257 -0.4028011 -0.7762721
vn 0.4849257 -0.4028011 -0.7762721
vn -0.2758471 -0.0704291 -0.9586178
vn -0.2758471 -0.0704291 -0.9586178
vn -0.2758471 -0.0704291 -0.9586178
vn -0.2758471 -0.0704291 -0.9586178
vn -0.2486404 0.0528606 -0.9671524
vn -0.2486404 0.0528606 -0.9671524
vn -0.2486404 0.0528606 -0.9671524
vn -0.8569001 0.0313023 -0.5145313
vn -0.8569001 0.0313023 -0.5145313
vn -0.8569001 0.0313023 -0.5145313
vn -0.8569001 0.0313023 -0.5145313
vn 0.6672053 -0.0450021 0.7435132
vn 0.6672053 -0.0450021 0.7435132
vn 0.6672053 -0.0450021 0.7435132
vn 0.6672053 -0.0450021 0.7435132
vn -0.0156537 0.0000000 0.9998775
vn -0.0156537 0.0000000 0.9998775
vn -0.0156537 0.0000000 0.9998775
vn -0.0156537 0.0000000 0.9998775
vn -0.6827014 0.0391233 0.7296493
vn -0.6827014 0.0391233 0.7296493
vn -0.6827014 0.0391233 0.7296493
vn -0.6827014 0.0391233 0.7296493
vn 0.0000000 1.0000000 0.0000000
vn 0.0000000 1.0000000 0.0000000
vn 0.0000000 1.0000000 0.0000000
vn 0.0000000 1.0000000 0.0000000
vn 0.0000000 1.0000000 0.0000000
vn 0.0000000 1.0000000 0.0000000
vn 0.0000000 1.0000000 0.0000000
vn 0.0000000 1.0000000 0.0000000
vn 0.0000000 1.0000000 0.0000000
vn 0.0000000 1.0000000 0.0000000
vn 0.0000000 1.0000000 0.0000000
vn 0.3974758 0.8027835 0.4444679
vn 0.3974758 0.8027835 0.4444679
vn 0.3974758 0.8027835 0.4444679
vn 0.3974758 0.8027835 0.4444679
vn 0.5902605 0.8072105 -0.0019545
vn 0.5902605 0.8072105 -0.0019545
vn 0.5902605 0.8072105 -0.0019545
vn 0.5902605 0.8072105 -0.0019545
vn 0.5873406 0.8085722 -0.0352404
vn 0.5873406 0.8085722 -0.0352404
vn 0.5873406 0.8085722 -0.0352404
vn 0.5873406 0.8085722 -0.0352404
vn -0.0078275 0.8023176 0.5968461
vn -0.0078275 0.8023176 0.5968461
vn -0.0078275 0.8023176 0.5968461
vn -0.0078275 0.8023176 0.5968461
vn -0.3733753 0.8229896 0.4281109
vn -0.3733753 0.8229896 0.4281109
vn -0.3733753 0.8229896 0.4281109
vn -0.3733753 0.8229896 0.4281109
vn -0.5657029 0.8240863 0.0293617
vn -0.5657029 0.8240863 0.0293617
vn -0.5657029 0.8240863 0.0293617
vn -0.5657029 0.8240863 0.0293617
vn -0.5672584 0.8235027 0.0078243
vn -0.5672584 0.8235027 0.0078243
vn -0.5672584 0.8235027 0.0078243
vn -0.5672584 0.8235027 0.0078243
vn -0.1507701 0.8008439 -0.5795839
vn -0.1507701 0.8008439 -0.5795839
vn -0.1507701 0.8008439 -0.5795839
vn -0.1507701 0.8008439 -0.5795839
vn 0.3149811 0.7962565 -0.5164906
vn 0.3149811 0.7962565 -0.5164906
vn 0.3149811 0.7962565 -0.5164906
vn 0.3149811 0.7962565 -0.5164906
vn -0.4929516 0.8176736 -0.2973359
vn -0.4929516 0.8176736 -0.2973359
vn -0.4929516 0.8176736 -0.2973359
vn -0.4929516 0.8176736 -0.2973359
vn 0.5319302 -0.0019556 -0.8467860
vn 0.5319302 -0.0019556 -0.8467860
vn 0.5319302 -0.0019556 -0.8467860
vn 0.5319302 -0.0019556 -0.8467860
vn 0.9965442 0.0587354 -0.0587354
vn 0.9965442 0.0587354 -0.0587354
vn 0.9965442 0.0587354 -0.0587354
vn 0.9930225 -0.0626760 -0.0998898
vn 0.9930225 -0.0626760 -0.0998898
vn 0.9930225 -0.0626760 -0.0998898
vn 0.9926799 -0.1155190 -0.0352431
vn 0.9926799 -0.1155190 -0.0352431
vn 0.9926799 -0.1155190 -0.0352431
vn 0.9926799 -0.1155190 -0.0352431
vn -0.5337868 0.8231658 0.1935711
vn -0.5337868 0.8231658 0.1935711
vn -0.5337868 0.8231658 0.1935711
vn -0.5337868 0.8231658 0.1935711
vn -0.9336462 0.0528479 0.3542766
vn -0.9336462 0.0528479 0.3542766
vn -0.9336462 0.0528479 0.3542766
vn -0.9336462 0.0528479 0.3542766
vn 0.0000000 -1.0000000 0.0000000
vn 0.0000000 -1.0000000 0.0000000
vn 0.0000000 -1.0000000 0.0000000
vn 0.0000000 -1.0000000 0.0000000
vn 0.0000000 -1.0000000 0.0000000
vn 0.0000000 -1.0000000 0.0000000
vn 0.0000000 -1.0000000 0.0000000
vn 0.0000000 -1.0000000 0.0000000
vn 0.0000000 -1.0000000 0.0000000
vn 0.0000000 -1.0000000 0.0000000
vn 0.0000000 -1.0000000 0.0000000
vn 0.0000000 -1.0000000 0.0000000
vn 0.2659209 -0.9170359 0.2972057
vn 0.2659209 -0.9170359 0.2972057
vn 0.2659209 -0.9170359 0.2972057
vn 0.2659209 -0.9170359 0.2972057
vn 0.3858660 -0.9225527 -0.0019587
vn 0.3858660 -0.9225527 -0.0019587
vn 0.3858660 -0.9225527 -0.0019587
vn 0.3858660 -0.9225527 -0.0019587
vn 0.4796799 -0.8771290 -0.0234945
vn 0.4796799 -0.8771290 -0.0234945
vn 0.4796799 -0.8771290 -0.0234945
vn 0.4796799 -0.8771290 -0.0234945
vn -0.3812625 -0.9130747 0.1446842
vn -0.3812625 -0.9130747 0.1446842
vn -0.3812625 -0.9130747 0.1446842
vn -0.3812625 -0.9130747 0.1446842
vn -0.4051525 -0.9140396 0.0195726
vn -0.4051525 -0.9140396 0.0195726
vn -0.4051525 -0.9140396 0.0195726
vn -0.4051525 -0.9140396 0.0195726
vn -0.4068573 -0.9134729 0.0058681
vn -0.4068573 -0.9134729 0.0058681
vn -0.4068573 -0.9134729 0.0058681
vn -0.4068573 -0.9134729 0.0058681
vn 0.5344052 -0.8436947 -0.0508957
vn 0.5344052 -0.8436947 -0.0508957
vn 0.5344052 -0.8436947 -0.0508957
vn 0.5344052 -0.8436947 -0.0508957
vn -0.3482693 -0.9137176 -0.2093529
vn -0.3482693 -0.9137176 -0.2093529
vn -0.3482693 -0.9137176 -0.2093529
vn -0.3482693 -0.9137176 -0.2093529
vn 0.2464031 -0.8858781 -0.3930718
vn 0.2464031 -0.8858781 -0.3930718
vn 0.2464031 -0.8858781 -0.3930718
vn 0.2464031 -0.8858781 -0.3930718
vn -0.1017247 -0.8959593 -0.4323297
vn -0.1017247 -0.8959593 -0.4323297
vn -0.1017247 -0.8959593 -0.4323297
vn -0.1017247 -0.8959593 -0.4323297
vn -0.0058702 -0.9098811 0.4148275
vn -0.0058702 -0.9098811 0.4148275
vn -0.0058702 -0.9098811 0.4148275
vn -0.0058702 -0.9098811 0.4148275
vn -0.2820403 -0.9107550 0.3016265
vn -0.2820403 -0.9107550 0.3016265
vn -0.2820403 -0.9107550 0.3016265
vn -0.2820403 -0.9107550 0.3016265
vn 0.8292234 0.2444644 -0.5026189
vn 0.8292234 0.2444644 -0.5026189
vn 0.8292234 0.2444644 -0.5026189
vn -0.9783968 0.0606606 0.1976362
vn -0.9783968 0.0606606 0.1976362
vn -0.9783968 0.0606606 0.1976362
vn -0.9783968 0.0606606 0.1976362
vn 0.2369558 0.0195831 0.9713230
vn 0.2369558 0.0195831 0.9713230
vn 0.2369558 0.0195831 0.9713230
vn 0.2369558 0.0195831 0.9713230
vn 0.9949983 0.0998916 0.0000000
vn 0.9949983 0.0998916 0.0000000
vn 0.9949983 0.0998916 0.0000000
vn -0.5220453 0.0273732 -0.8524784
vn -0.5220453 0.0273732 -0.8524784
vn -0.5220453 0.0273732 -0.8524784
vn -0.5220453 0.0273732 -0.8524784
vn -0.9852655 0.0587633 0.1606199
vn -0.9852655 0.0587633 0.1606199
vn -0.9852655 0.0587633 0.1606199
vn -0.9852655 0.0587633 0.1606199
vn 0.3208902 0.0136965 0.9470174
vn 0.3208902 0.0136965 0.9470174
vn 0.3208902 0.0136965 0.9470174
vn 0.3208902 0.0136965 0.9470174
vn -0.6405697 0.0000000 -0.7679001
vn -0.6405697 0.0000000 -0.7679001
vn -0.6405697 0.0000000 -0.7679001
vn -0.6405697 0.0000000 -0.7679001
vn 0.0000000 1.0000000 0.0000000
vn 0.0000000 1.0000000 0.0000000
vn 0.0000000 1.0000000 0.0000000
vn 0.0000000 1.0000000 0.0000000
vn 0.0000000 1.0000000 0.0000000
vn 0.0000000 1.0000000 0.0000000
vn 0.0000000 1.0000000 0.0000000
vn 0.0000000 1.0000000 0.0000000
vn 0.0000000 1.0000000 0.0000000
vn 0.0000000 1.0000000 0.0000000
vn 0.0000000 1.0000000 0.0000000
vn 0.0000000 1.0000000 0.0000000
vn 0.1720980 0.2659697 -0.9484948
vn 0.1720980 0.2659697 -0.9484948
vn 0.1720980 0.2659697 -0.9484948
vn -0.2601535 0.0489010 0.9643282
vn -0.2601535 0.0489010 0.9643282
vn -0.2601535 0.0489010 0.9643282
vn -0.2601535 0.0489010 0.9643282
vn -0.9706885 0.0410977 -0.2368010
vn -0.9706885 0.0410977 -0.2368010
vn -0.9706885 0.0410977 -0.2368010
vn -0.9706885 0.0410977 -0.2368010
vn -0.5556241 0.8236540 0.1134725
vn -0.5556241 0.8236540 0.1134725
vn -0.5556241 0.8236540 0.1134725
vn -0.5556241 0.8236540 0.1134725
vn -0.5597501 0.8239679 0.0880726
vn -0.5597501 0.8239679 0.0880726
vn -0.5597501 0.8239679 0.0880726
vn -0.5597501 0.8239679 0.0880726
vn -0.5536793 0.8217149 -0.1349961
vn -0.5536793 0.8217149 -0.1349961
vn -0.5536793 0.8217149 -0.1349961
vn -0.5536793 0.8217149 -0.1349961
vn 0.6012423 0.7990451 0.0058753
vn 0.6012423 0.7990451 0.0058753
vn 0.6012423 0.7990451 0.0058753
vn 0.6012423 0.7990451 0.0058753
vn 0.4971065 0.8122015 -0.3053095
vn 0.4971065 0.8122015 -0.3053095
vn 0.4971065 0.8122015 -0.3053095
vn 0.4971065 0.8122015 -0.3053095
vn 0.5636839 0.8024666 0.1957236
vn 0.5636839 0.8024666 0.1957236
vn 0.5636839 0.8024666 0.1957236
vn 0.5636839 0.8024666 0.1957236
vn 0.1486415 0.7960142 0.5867427
vn 0.1486415 0.7960142 0.5867427
vn 0.1486415 0.7960142 0.5867427
vn 0.1486415 0.7960142 0.5867427
vn -0.1526770 0.8103624 0.5656877
vn -0.1526770 0.8103624 0.5656877
vn -0.1526770 0.8103624 0.5656877
vn -0.1526770 0.8103624 0.5656877
vn 0.1939619 0.8052356 0.5603342
vn 0.1939619 0.8052356 0.5603342
vn 0.1939619 0.8052356 0.5603342
vn 0.1939619 0.8052356 0.5603342
vn 0.1075547 0.7939492 -0.5983951
vn 0.1075547 0.7939492 -0.5983951
vn 0.1075547 0.7939492 -0.5983951
vn 0.1075547 0.7939492 -0.5983951
vn -0.2817637 0.8159408 -0.5048266
vn -0.2817637 0.8159408 -0.5048266
vn -0.2817637 0.8159408 -0.5048266
vn -0.2817637 0.8159408 -0.5048266
vn -0.3798479 0.8047291 -0.4562090
vn -0.3798479 0.8047291 -0.4562090
vn -0.3798479 0.8047291 -0.4562090
vn -0.3798479 0.8047291 -0.4562090
vn 0.9931730 -0.0763979 -0.0881515
vn 0.9931730 -0.0763979 -0.0881515
vn 0.9931730 -0.0763979 -0.0881515
vn 0.9931730 -0.0763979 -0.0881515
vn 0.9166784 -0.0881421 -0.3897842
vn 0.9166784 -0.0881421 -0.3897842
vn 0.9166784 -0.0881421 -0.3897842
vn 0.9166784 -0.0881421 -0.3897842
vn 0.0156698 0.0430919 -0.9989482
vn 0.0156698 0.0430919 -0.9989482
vn 0.0156698 0.0430919 -0.9989482
vn 0.0156698 0.0430919 -0.9989482
vn 0.9320424 0.1057359 0.3465787
vn 0.9320424 0.1057359 0.3465787
vn 0.9320424 0.1057359 0.3465787
vn 0.8804829 -0.0489157 0.4715476
vn 0.8804829 -0.0489157 0.4715476
vn 0.8804829 -0.0489157 0.4715476
vn 0.8804829 -0.0489157 0.4715476
vn 0.8804829 -0.0489157 0.4715476
vn 0.8804829 -0.0489157 0.4715476
vn 0.0000000 -1.0000000 0.0000000
vn 0.0000000 -1.0000000 0.0000000
vn 0.0000000 -1.0000000 0.0000000
vn 0.0000000 -1.0000000 0.0000000
vn 0.0000000 -1.0000000 0.0000000
vn 0.0000000 -1.0000000 0.0000000
vn 0.0000000 -1.0000000 0.0000000
vn 0.0000000 -1.0000000 0.0000000
vn 0.0000000 -1.0000000 0.0000000
vn 0.0000000 -1.0000000 0.0000000
vn 0.0000000 -1.0000000 0.0000000
vn 0.0000000 -1.0000000 0.0000000
vn -0.3990148 -0.9134309 0.0801942
vn -0.3990148 -0.9134309 0.0801942
vn -0.3990148 -0.9134309 0.0801942
vn -0.3990148 -0.9134309 0.0801942
vn -0.4027511 -0.9130328 0.0645184
vn -0.4027511 -0.9130328 0.0645184
vn -0.4027511 -0.9130328 0.0645184
vn -0.4027511 -0.9130328 0.0645184
vn -0.3935198 -0.9142971 -0.0959327
vn -0.3935198 -0.9142971 -0.0959327
vn -0.3935198 -0.9142971 -0.0959327
vn -0.3935198 -0.9142971 -0.0959327
vn 0.3856530 -0.9220435 -0.0332797
vn 0.3856530 -0.9220435 -0.0332797
vn 0.3856530 -0.9220435 -0.0332797
vn 0.3856530 -0.9220435 -0.0332797
vn 0.3545028 -0.9224908 -0.1527692
vn 0.3545028 -0.9224908 -0.1527692
vn 0.3545028 -0.9224908 -0.1527692
vn 0.3545028 -0.9224908 -0.1527692
vn 0.3325543 -0.9272397 0.1721457
vn 0.3325543 -0.9272397 0.1721457
vn 0.3325543 -0.9272397 0.1721457
vn 0.3325543 -0.9272397 0.1721457
vn -0.1096629 -0.9066779 0.4073196
vn -0.1096629 -0.9066779 0.4073196
vn -0.1096629 -0.9066779 0.4073196
vn -0.1096629 -0.9066779 0.4073196
vn 0.0977626 -0.9091921 0.4047372
vn 0.0977626 -0.9091921 0.4047372
vn 0.0977626 -0.9091921 0.4047372
vn 0.0977626 -0.9091921 0.4047372
vn 0.1330395 -0.9097557 0.3932493
vn 0.1330395 -0.9097557 0.3932493
vn 0.1330395 -0.9097557 0.3932493
vn 0.1330395 -0.9097557 0.3932493
vn 0.0684370 -0.9092338 -0.4106217
vn 0.0684370 -0.9092338 -0.4106217
vn 0.0684370 -0.9092338 -0.4106217
vn 0.0684370 -0.9092338 -0.4106217
vn -0.2290642 -0.9103832 -0.3445752
vn -0.2290642 -0.9103832 -0.3445752
vn -0.2290642 -0.9103832 -0.3445752
vn -0.2290642 -0.9103832 -0.3445752
vn -0.2621280 -0.9135358 -0.3110325
vn -0.2621280 -0.9135358 -0.3110325
vn -0.2621280 -0.9135358 -0.3110325
vn -0.2621280 -0.9135358 -0.3110325
vn 0.2719355 -0.9253632 0.2641100
vn 0.2719355 -0.9253632 0.2641100
vn 0.2719355 -0.9253632 0.2641100
vn 0.7180443 -0.0860870 -0.6906529
vn 0.7180443 -0.0860870 -0.6906529
vn 0.7180443 -0.0860870 -0.6906529
vn 0.7180443 -0.0860870 -0.6906529
vn -0.1057616 0.0528808 0.9929844
vn -0.1057616 0.0528808 0.9929844
vn -0.1057616 0.0528808 0.9929844
vn -0.1057616 0.0528808 0.9929844
vn -0.6260877 0.0684783 0.7767400
vn -0.6260877 0.0684783 0.7767400
vn -0.6260877 0.0684783 0.7767400
vn -0.6260877 0.0684783 0.7767400
vn 0.5184987 -0.0821771 -0.8511205
vn 0.5184987 -0.0821771 -0.8511205
vn 0.5184987 -0.0821771 -0.8511205
vn 0.5184987 -0.0821771 -0.8511205
vn 0.6201469 0.0039126 0.7844760
vn 0.6201469 0.0039126 0.7844760
vn 0.6201469 0.0039126 0.7844760
vn 0.6201469 0.0039126 0.7844760
vn -0.9914416 0.0371546 -0.1251524
vn -0.9914416 0.0371546 -0.1251524
vn -0.9914416 0.0371546 -0.1251524
vn -0.9914416 0.0371546 -0.1251524
vn -0.9301022 0.0607014 0.3622503
vn -0.9301022 0.0607014 0.3622503
vn -0.9301022 0.0607014 0.3622503
vn -0.9301022 0.0607014 0.3622503
vn 0.1839231 -0.0723953 -0.9802710
vn 0.1839231 -0.0723953 -0.9802710
vn 0.1839231 -0.0723953 -0.9802710
vn 0.1839231 -0.0723953 -0.9802710
vn 0.9916236 -0.0684553 -0.1095284
vn 0.9916236 -0.0684553 -0.1095284
vn 0.9916236 -0.0684553 -0.1095284
vn 0.9916236 -0.0684553 -0.1095284
vn -0.5376562 -0.0293267 -0.8426540
vn -0.5376562 -0.0293267 -0.8426540
vn -0.5376562 -0.0293267 -0.8426540
vn -0.5376562 -0.0293267 -0.8426540
vn 0.0000000 1.0000000 0.0000000
vn 0.0000000 1.0000000 0.0000000
vn 0.0000000 1.0000000 0.0000000
vn 0.0000000 1.0000000 0.0000000
vn 0.0000000 1.0000000 0.0000000
vn 0.0000000 1.0000000 0.0000000
vn 0.0000000 1.0000000 0.0000000
vn 0.0000000 1.0000000 0.0000000
vn 0.0000000 1.0000000 0.0000000
vn 0.0000000 1.0000000 0.0000000
vn 0.3070808 0.8019307 -0.5124534
vn 0.3070808 0.8019307 -0.5124534
vn 0.3070808 0.8019307 -0.5124534
vn 0.3070808 0.8019307 -0.5124534
vn 0.4363549 0.7963967 -0.4187442
vn 0.4363549 0.7963967 -0.4187442
vn 0.4363549 0.7963967 -0.4187442
vn 0.4363549 0.7963967 -0.4187442
vn 0.5874082 0.8067072 -0.0646149
vn 0.5874082 0.8067072 -0.0646149
vn 0.5874082 0.8067072 -0.0646149
vn 0.5874082 0.8067072 -0.0646149
vn 0.3635977 0.8092979 0.4613389
vn 0.3635977 0.8092979 0.4613389
vn 0.3635977 0.8092979 0.4613389
vn 0.3635977 0.8092979 0.4613389
vn -0.0352110 0.7883358 0.6142368
vn -0.0352110 0.7883358 0.6142368
vn -0.0352110 0.7883358 0.6142368
vn -0.0352110 0.7883358 0.6142368
vn -0.3598854 0.8195216 0.4459449
vn -0.3598854 0.8195216 0.4459449
vn -0.3598854 0.8195216 0.4459449
vn -0.3598854 0.8195216 0.4459449
vn -0.4988286 0.8548553 0.1428019
vn -0.4988286 0.8548553 0.1428019
vn -0.4988286 0.8548553 0.1428019
vn -0.4988286 0.8548553 0.1428019
vn 0.1095313 0.7784552 -0.6180699
vn 0.1095313 0.7784552 -0.6180699
vn 0.1095313 0.7784552 -0.6180699
vn 0.1095313 0.7784552 -0.6180699
vn -0.5868336 0.8059182 -0.0782445
vn -0.5868336 0.8059182 -0.0782445
vn -0.5868336 0.8059182 -0.0782445
vn -0.5868336 0.8059182 -0.0782445
vn -0.3209860 0.8024651 -0.5030086
vn -0.3209860 0.8024651 -0.5030086
vn -0.3209860 0.8024651 -0.5030086
vn -0.3209860 0.8024651 -0.5030086
vn 0.0000000 -1.0000000 0.0000000
vn 0.0000000 -1.0000000 0.0000000
vn 0.0000000 -1.0000000 0.0000000
vn 0.0000000 -1.0000000 0.0000000
vn 0.0000000 -1.0000000 0.0000000
vn 0.0000000 -1.0000000 0.0000000
vn 0.0000000 -1.0000000 0.0000000
vn 0.0000000 -1.0000000 0.0000000
vn 0.0000000 -1.0000000 0.0000000
vn 0.0000000 -1.0000000 0.0000000
vn 0.2055606 -0.9181705 -0.3386854
vn 0.2055606 -0.9181705 -0.3386854
vn 0.2055606 -0.9181705 -0.3386854
vn 0.2055606 -0.9181705 -0.3386854
vn 0.2818889 -0.9200541 -0.2721011
vn 0.2818889 -0.9200541 -0.2721011
vn 0.2818889 -0.9200541 -0.2721011
vn 0.2818889 -0.9200541 -0.2721011
vn 0.3838410 -0.9223935 -0.0430842
vn 0.3838410 -0.9223935 -0.0430842
vn 0.3838410 -0.9223935 -0.0430842
vn 0.3838410 -0.9223935 -0.0430842
vn -0.0450096 -0.9060631 0.4207420
vn -0.0450096 -0.9060631 0.4207420
vn -0.0450096 -0.9060631 0.4207420
vn -0.0450096 -0.9060631 0.4207420
vn 0.2526533 -0.9126857 0.3212026
vn 0.2526533 -0.9126857 0.3212026
vn 0.2526533 -0.9126857 0.3212026
vn 0.2526533 -0.9126857 0.3212026
vn -0.2640418 -0.9075214 0.3266295
vn -0.2640418 -0.9075214 0.3266295
vn -0.2640418 -0.9075214 0.3266295
vn -0.2640418 -0.9075214 0.3266295
vn -0.3817246 -0.9122239 0.1487747
vn -0.3817246 -0.9122239 0.1487747
vn -0.3817246 -0.9122239 0.1487747
vn -0.3817246 -0.9122239 0.1487747
vn 0.0743999 -0.9162935 -0.3935363
vn 0.0743999 -0.9162935 -0.3935363
vn 0.0743999 -0.9162935 -0.3935363
vn 0.0743999 -0.9162935 -0.3935363
vn -0.4014287 -0.9144741 -0.0509129
vn -0.4014287 -0.9144741 -0.0509129
vn -0.4014287 -0.9144741 -0.0509129
vn -0.4014287 -0.9144741 -0.0509129
vn -0.2174023 -0.9146565 -0.3407928
vn -0.2174023 -0.9146565 -0.3407928
vn -0.2174023 -0.9146565 -0.3407928
vn -0.2174023 -0.9146565 -0.3407928
vn -0.0176214 0.0509064 0.9985480
vn -0.0176214 0.0509064 0.9985480
vn -0.0176214 0.0509064 0.9985480
vn -0.0176214 0.0509064 0.9985480
vn 0.0000000 -0.0645708 -0.9979131
vn 0.0000000 -0.0645708 -0.9979131
vn 0.0000000 -0.0645708 -0.9979131
vn 0.0000000 -0.0645708 -0.9979131
vn 0.5671879 0.0176024 0.8234003
vn 0.5671879 0.0176024 0.8234003
vn 0.5671879 0.0176024 0.8234003
vn 0.5671879 0.0176024 0.8234003
vn 0.9936365 -0.0391195 0.1056227
vn 0.9936365 -0.0391195 0.1056227
vn 0.9936365 -0.0391195 0.1056227
vn 0.9936365 -0.0391195 0.1056227
vn 0.7549697 -0.0762793 -0.6513081
vn 0.7549697 -0.0762793 -0.6513081
vn 0.7549697 -0.0762793 -0.6513081
vn 0.7549697 -0.0762793 -0.6513081
vn -0.9995025 0.0312956 0.0039119
vn -0.9995025 0.0312956 0.0039119
vn -0.9995025 0.0312956 0.0039119
vn -0.9995025 0.0312956 0.0039119
vn -0.6009198 -0.0332757 -0.7986164
vn -0.6009198 -0.0332757 -0.7986164
vn -0.6009198 -0.0332757 -0.7986164
vn -0.6009198 -0.0332757 -0.7986164
vn -0.7807546 0.0567466 0.6222556
vn -0.7807546 0.0567466 0.6222556
vn -0.7807546 0.0567466 0.6222556
vn -0.7807546 0.0567466 0.6222556
vn 0.0000000 1.0000000 0.0000000
vn 0.0000000 1.0000000 0.0000000
vn 0.0000000 1.0000000 0.0000000
vn 0.0000000 1.0000000 0.0000000
vn 0.0000000 1.0000000 0.0000000
vn 0.0000000 1.0000000 0.0000000
vn 0.0000000 1.0000000 0.0000000
vn 0.0000000 1.0000000 0.0000000
vn 0.3325638 0.8098908 0.4831958
vn 0.3325638 0.8098908 0.4831958
vn 0.3325638 0.8098908 0.4831958
vn 0.3325638 0.8098908 0.4831958
vn -0.0097903 0.8106404 0.5854625
vn -0.0097903 0.8106404 0.5854625
vn -0.0097903 0.8106404 0.5854625
vn -0.0097903 0.8106404 0.5854625
vn -0.4481366 0.8199530 0.3561610
vn -0.4481366 0.8199530 0.3561610
vn -0.4481366 0.8199530 0.3561610
vn -0.4481366 0.8199530 0.3561610
vn 0.5809086 0.8117073 0.0606336
vn 0.5809086 0.8117073 0.0606336
vn 0.5809086 0.8117073 0.0606336
vn 0.5809086 0.8117073 0.0606336
vn 0.4540256 0.8004159 -0.3914014
vn 0.4540256 0.8004159 -0.3914014
vn 0.4540256 0.8004159 -0.3914014
vn 0.4540256 0.8004159 -0.3914014
vn 0.0000000 0.7931333 -0.6090481
vn 0.0000000 0.7931333 -0.6090481
vn 0.0000000 0.7931333 -0.6090481
vn 0.0000000 0.7931333 -0.6090481
vn -0.3578897 0.8037852 -0.4752307
vn -0.3578897 0.8037852 -0.4752307
vn -0.3578897 0.8037852 -0.4752307
vn -0.3578897 0.8037852 -0.4752307
vn -0.5717517 0.8204244 0.0019581
vn -0.5717517 0.8204244 0.0019581
vn -0.5717517 0.8204244 0.0019581
vn -0.5717517 0.8204244 0.0019581
vn 0.0000000 -1.0000000 0.0000000
vn 0.0000000 -1.0000000 0.0000000
vn 0.0000000 -1.0000000 0.0000000
vn 0.0000000 -1.0000000 0.0000000
vn 0.0000000 -1.0000000 0.0000000
vn 0.0000000 -1.0000000 0.0000000
vn 0.0000000 -1.0000000 0.0000000
vn 0.0000000 -1.0000000 0.0000000
vn -0.0078290 -0.9062054 0.4227654
vn -0.0078290 -0.9062054 0.4227654
vn -0.0078290 -0.9062054 0.4227654
vn -0.0078290 -0.9062054 0.4227654
vn 0.2328210 -0.9117192 0.3384708
vn 0.2328210 -0.9117192 0.3384708
vn 0.2328210 -0.9117192 0.3384708
vn 0.2328210 -0.9117192 0.3384708
vn -0.3232121 -0.9108704 0.2566108
vn -0.3232121 -0.9108704 0.2566108
vn -0.3232121 -0.9108704 0.2566108
vn -0.3232121 -0.9108704 0.2566108
vn 0.2974309 -0.9196877 -0.2563385
vn 0.2974309 -0.9196877 -0.2563385
vn 0.2974309 -0.9196877 -0.2563385
vn 0.2974309 -0.9196877 -0.2563385
vn 0.0000000 -0.9152574 -0.4028697
vn 0.0000000 -0.9152574 -0.4028697
vn 0.0000000 -0.9152574 -0.4028697
vn 0.0000000 -0.9152574 -0.4028697
vn -0.2425801 -0.9155446 -0.3208318
vn -0.2425801 -0.9155446 -0.3208318
vn -0.2425801 -0.9155446 -0.3208318
vn -0.2425801 -0.9155446 -0.3208318
vn 0.3895660 -0.9200806 0.0411100
vn 0.3895660 -0.9200806 0.0411100
vn 0.3895660 -0.9200806 0.0411100
vn 0.3895660 -0.9200806 0.0411100
vn -0.4028689 -0.9152556 0.0019557
vn -0.4028689 -0.9152556 0.0019557
vn -0.4028689 -0.9152556 0.0019557
vn -0.4028689 -0.9152556 0.0019557
vn 0.9991948 -0.0293306 0.0273752
vn 0.9991948 -0.0293306 0.0273752
vn 0.9991948 -0.0293306 0.0273752
vn 0.9991948 -0.0293306 0.0273752
vn 0.1135209 0.0489315 0.9923299
vn 0.1135209 0.0489315 0.9923299
vn 0.1135209 0.0489315 0.9923299
vn 0.1135209 0.0489315 0.9923299
vn 0.3832388 0.0371507 0.9229018
vn 0.3832388 0.0371507 0.9229018
vn 0.3832388 0.0371507 0.9229018
vn 0.3832388 0.0371507 0.9229018
vn 0.0000000 -0.0645708 -0.9979131
vn 0.0000000 -0.0645708 -0.9979131
vn 0.0000000 -0.0645708 -0.9979131
vn 0.0000000 -0.0645708 -0.9979131
vn 0.7804812 -0.0625950 -0.6220377
vn 0.7804812 -0.0625950 -0.6220377
vn 0.7804812 -0.0625950 -0.6220377
vn 0.7804812 -0.0625950 -0.6220377
vn -0.9964334 0.0058729 -0.0841781
vn -0.9964334 0.0058729 -0.0841781
vn -0.9964334 0.0058729 -0.0841781
vn -0.9964334 0.0058729 -0.0841781
vn -0.4347980 -0.0528808 -0.8989741
vn -0.4347980 -0.0528808 -0.8989741
vn -0.4347980 -0.0528808 -0.8989741
vn -0.4347980 -0.0528808 -0.8989741
vn -0.7636423 0.0430773 0.6442008
vn -0.7636423 0.0430773 0.6442008
vn -0.7636423 0.0430773 0.6442008
vn -0.7636423 0.0430773 0.6442008
vn -0.0371771 0.0528306 0.9979112
vn -0.0371771 0.0528306 0.9979112
vn -0.0371771 0.0528306 0.9979112
vn -0.0371771 0.0528306 0.9979112
vn 0.1487576 -0.0685068 -0.9864978
vn 0.1487576 -0.0685068 -0.9864978
vn 0.1487576 -0.0685068 -0.9864978
vn 0.1487576 -0.0685068 -0.9864978
vn 0.0000000 1.0000000 0.0000000
vn 0.0000000 1.0000000 0.0000000
vn 0.0000000 1.0000000 0.0000000
vn 0.0000000 1.0000000 0.0000000
vn 0.0000000 1.0000000 0.0000000
vn 0.0000000 1.0000000 0.0000000
vn 0.0000000 1.0000000 0.0000000
vn 0.0000000 1.0000000 0.0000000
vn 0.0000000 1.0000000 0.0000000
vn 0.0000000 1.0000000 0.0000000
vn 0.5832015 0.8121767 0.0156564
vn 0.5832015 0.8121767 0.0156564
vn 0.5832015 0.8121767 0.0156564
vn 0.5832015 0.8121767 0.0156564
vn 0.2251887 0.8106792 0.5404528
vn 0.2251887 0.8106792 0.5404528
vn 0.2251887 0.8106792 0.5404528
vn 0.2251887 0.8106792 0.5404528
vn 0.4462865 0.8299363 -0.3347149
vn 0.4462865 0.8299363 -0.3347149
vn 0.4462865 0.8299363 -0.3347149
vn 0.4462865 0.8299363 -0.3347149
vn 0.0685618 0.8090298 0.5837551
vn 0.0685618 0.8090298 0.5837551
vn 0.0685618 0.8090298 0.5837551
vn 0.0685618 0.8090298 0.5837551
vn -0.0215348 0.8104912 0.5853548
vn -0.0215348 0.8104912 0.5853548
vn -0.0215348 0.8104912 0.5853548
vn -0.0215348 0.8104912 0.5853548
vn 0.0900294 0.7867786 -0.6106342
vn 0.0900294 0.7867786 -0.6106342
vn 0.0900294 0.7867786 -0.6106342
vn 0.0900294 0.7867786 -0.6106342
vn 0.0000000 0.7931333 -0.6090481
vn 0.0000000 0.7931333 -0.6090481
vn 0.0000000 0.7931333 -0.6090481
vn 0.0000000 0.7931333 -0.6090481
vn -0.5710133 0.8193648 -0.0508436
vn -0.5710133 0.8193648 -0.0508436
vn -0.5710133 0.8193648 -0.0508436
vn -0.5710133 0.8193648 -0.0508436
vn -0.2622168 0.7983916 -0.5420453
vn -0.2622168 0.7983916 -0.5420453
vn -0.2622168 0.7983916 -0.5420453
vn -0.2622168 0.7983916 -0.5420453
vn -0.4407412 0.8168404 0.3721815
vn -0.4407412 0.8168404 0.3721815
vn -0.4407412 0.8168404 0.3721815
vn -0.4407412 0.8168404 0.3721815
vn 0.0000000 -1.0000000 0.0000000
vn 0.0000000 -1.0000000 0.0000000
vn 0.0000000 -1.0000000 0.0000000
vn 0.0000000 -1.0000000 0.0000000
vn 0.0000000 -1.0000000 0.0000000
vn 0.0000000 -1.0000000 0.0000000
vn 0.0000000 -1.0000000 0.0000000
vn 0.0000000 -1.0000000 0.0000000
vn 0.0000000 -1.0000000 0.0000000
vn 0.0000000 -1.0000000 0.0000000
vn 0.1605595 -0.9085316 0.3857343
vn 0.1605595 -0.9085316 0.3857343
vn 0.1605595 -0.9085316 0.3857343
vn 0.1605595 -0.9085316 0.3857343
vn 0.3931921 -0.9194043 0.0097809
vn 0.3931921 -0.9194043 0.0097809
vn 0.3931921 -0.9194043 0.0097809
vn 0.3931921 -0.9194043 0.0097809
vn 0.3072095 -0.9196718 -0.2445936
vn 0.3072095 -0.9196718 -0.2445936
vn 0.3072095 -0.9196718 -0.2445936
vn 0.3072095 -0.9196718 -0.2445936
vn 0.0470009 -0.9067265 0.4190918
vn 0.0470009 -0.9067265 0.4190918
vn 0.0470009 -0.9067265 0.4190918
vn 0.0470009 -0.9067265 0.4190918
vn -0.0156565 -0.9061220 0.4227265
vn -0.0156565 -0.9061220 0.4227265
vn -0.0156565 -0.9061220 0.4227265
vn -0.0156565 -0.9061220 0.4227265
vn 0.0606569 -0.9157233 -0.3972048
vn 0.0606569 -0.9157233 -0.3972048
vn 0.0606569 -0.9157233 -0.3972048
vn 0.0606569 -0.9157233 -0.3972048
vn 0.0000000 -0.9152574 -0.4028697
vn 0.0000000 -0.9152574 -0.4028697
vn 0.0000000 -0.9152574 -0.4028697
vn 0.0000000 -0.9152574 -0.4028697
vn -0.1741520 -0.9157654 -0.3620012
vn -0.1741520 -0.9157654 -0.3620012
vn -0.1741520 -0.9157654 -0.3620012
vn -0.1741520 -0.9157654 -0.3620012
vn -0.3970034 -0.9172148 -0.0332466
vn -0.3970034 -0.9172148 -0.0332466
vn -0.3970034 -0.9172148 -0.0332466
vn -0.3970034 -0.9172148 -0.0332466
vn -0.3147962 -0.9111491 0.2659147
vn -0.3147962 -0.9111491 0.2659147
vn -0.3147962 -0.9111491 0.2659147
vn -0.3147962 -0.9111491 0.2659147
vn -0.0977613 0.0000000 -0.9952099
vn -0.0977613 0.0000000 -0.9952099
vn -0.0977613 0.0000000 -0.9952099
vn -0.0977613 0.0000000 -0.9952099
vn 0.6554518 0.0000000 -0.7552370
vn 0.6554518 0.0000000 -0.7552370
vn 0.6554518 0.0000000 -0.7552370
vn 0.6554518 0.0000000 -0.7552370
vn 0.9943977 0.0000000 -0.1057036
vn 0.9943977 0.0000000 -0.1057036
vn 0.9943977 0.0000000 -0.1057036
vn 0.9943977 0.0000000 -0.1057036
vn 0.9997684 0.0000000 0.0215214
vn 0.9997684 0.0000000 0.0215214
vn 0.9997684 0.0000000 0.0215214
vn 0.9997684 0.0000000 0.0215214
vn -0.3876775 0.8086404 -0.4425006
vn -0.3876775 0.8086404 -0.4425006
vn -0.3876775 0.8086404 -0.4425006
vn -0.0587366 0.8086079 -0.5854086
vn -0.0587366 0.8086079 -0.5854086
vn -0.0587366 0.8086079 -0.5854086
vn -0.0587366 0.8086079 -0.5854086
vn 0.3850669 0.8092268 -0.4437065
vn 0.3850669 0.8092268 -0.4437065
vn 0.3850669 0.8092268 -0.4437065
vn 0.3850669 0.8092268 -0.4437065
vn 0.5716169 0.8182734 -0.0606853
vn 0.5716169 0.8182734 -0.0606853
vn 0.5716169 0.8182734 -0.0606853
vn 0.5716169 0.8182734 -0.0606853
vn 0.9993095 0.0000000 -0.0371563
vn 0.9993095 0.0000000 -0.0371563
vn 0.9993095 0.0000000 -0.0371563
vn 0.9993095 0.0000000 -0.0371563
vn 0.5774885 0.8163143 0.0117455
vn 0.5788210 0.8154336 0.0058664
vn 0.5788210 0.8154336 0.0058664
vn 0.5788210 0.8154336 0.0058664
vn -0.0273870 0.0000000 -0.9996249
vn -0.0273870 0.0000000 -0.9996249
vn -0.0273870 0.0000000 -0.9996249
vn -0.0273870 0.0000000 -0.9996249
vn 0.0567710 0.0000000 -0.9983872
vn 0.0567710 0.0000000 -0.9983872
vn 0.0567710 0.0000000 -0.9983872
vn 0.0567710 0.0000000 -0.9983872
vn 0.0332746 0.8044624 -0.5930708
vn 0.0332746 0.8044624 -0.5930708
vn 0.0332746 0.8044624 -0.5930708
vn 0.0332746 0.8044624 -0.5930708
vn 0.9969264 0.0000000 -0.0783439
vn 0.9969264 0.0000000 -0.0783439
vn 0.9969264 0.0000000 -0.0783439
vn 0.9969264 0.0000000 -0.0783439
vn 0.5756368 0.8164645 -0.0450328
vn 0.5756368 0.8164645 -0.0450328
vn 0.5756368 0.8164645 -0.0450328
vn 0.5756368 0.8164645 -0.0450328
vn 0.5773690 0.8161454 0.0234862
vn 0.5773690 0.8161454 0.0234862
vn 0.5773690 0.8161454 0.0234862
vn 0.5773690 0.8161454 0.0234862
vn 0.9991566 0.0000000 0.0410612
vn 0.9991566 0.0000000 0.0410612
vn 0.9991566 0.0000000 0.0410612
vn 0.9991566 0.0000000 0.0410612
vn 0.9988946 0.0000000 -0.0470068
vn 0.9988946 0.0000000 -0.0470068
vn 0.9988946 0.0000000 -0.0470068
vn 0.9988946 0.0000000 -0.0470068
vn 0.5773945 0.8161814 -0.0215300
vn 0.5773945 0.8161814 -0.0215300
vn 0.5773945 0.8161814 -0.0215300
vn 0.5773945 0.8161814 -0.0215300
vn 0.5773115 0.8160642 -0.0273978
vn 0.5773115 0.8160642 -0.0273978
vn -0.0039184 0.8032733 -0.5955977
vn -0.0039184 0.8032733 -0.5955977
vn -0.0039184 0.8032733 -0.5955977
vn -0.0039184 0.8032733 -0.5955977
vn -0.0058707 0.0000000 -0.9999828
vn -0.0058707 0.0000000 -0.9999828
vn -0.0058707 0.0000000 -0.9999828
vn -0.0058707 0.0000000 -0.9999828
vn 0.0000000 0.0000000 -1.0000000
vn 0.0000000 0.0000000 -1.0000000
vn 0.0000000 0.0000000 -1.0000000
vn 0.0078275 0.0000000 -0.9999694
vn 0.0000000 0.0000000 -1.0000000
vn 0.0078275 0.0000000 -0.9999694
vn 0.0000000 0.8032795 -0.5956023
vn 0.0000000 0.8032795 -0.5956023
vn 0.0000000 0.8032795 -0.5956023
vn 0.0000000 0.8032795 -0.5956023
vn -0.0039184 0.8032733 -0.5955977
vn -0.0039184 0.8032733 -0.5955977
vn -0.0156718 0.8031808 -0.5955292
vn -0.0156718 0.8031808 -0.5955292
vn -0.0156718 0.8031808 -0.5955292
vn -0.0156718 0.8031808 -0.5955292
vn -0.0156718 0.8031808 -0.5955292
vn -0.0156718 0.8031808 -0.5955292
vn -0.0156718 0.8031808 -0.5955292
vn -0.0391090 0.0000000 -0.9992350
vn -0.0391090 0.0000000 -0.9992350
vn -0.0391090 0.0000000 -0.9992350
vn -0.0391090 0.0000000 -0.9992350
vn 0.0000000 1.0000000 0.0000000
vn 0.0000000 1.0000000 0.0000000
vn 0.0000000 1.0000000 0.0000000
vn 0.0000000 1.0000000 0.0000000
vn 0.0000000 1.0000000 0.0000000
vn 0.0000000 1.0000000 0.0000000
vn 0.0000000 1.0000000 0.0000000
vn 0.0000000 1.0000000 0.0000000
vn 0.0000000 1.0000000 0.0000000
vn 0.0000000 1.0000000 0.0000000
vn 0.0000000 1.0000000 0.0000000
vn 0.0000000 1.0000000 0.0000000
vn 0.0000000 1.0000000 0.0000000
vn 0.0000000 1.0000000 0.0000000
vn 0.0000000 1.0000000 0.0000000
vn 0.0000000 1.0000000 0.0000000
vn 0.0000000 1.0000000 0.0000000
vn 0.0000000 1.0000000 0.0000000
vn 0.0000000 1.0000000 0.0000000
vn 0.0000000 1.0000000 0.0000000
vn 0.0000000 1.0000000 0.0000000
vn 0.0000000 1.0000000 0.0000000
vn 0.0000000 1.0000000 0.0000000
vn 0.0000000 1.0000000 0.0000000
vn 0.0000000 1.0000000 0.0000000
vn 0.0000000 1.0000000 0.0000000
vn 0.0000000 1.0000000 0.0000000
vn 0.0000000 1.0000000 0.0000000
vn 0.0000000 1.0000000 0.0000000
vn 0.0000000 1.0000000 0.0000000
vn 0.0000000 1.0000000 0.0000000
vn 0.0000000 1.0000000 0.0000000
vn 0.0000000 1.0000000 0.0000000
vn 0.0000000 1.0000000 0.0000000
vn 0.0000000 1.0000000 0.0000000
vn 0.0000000 1.0000000 0.0000000
vn 0.0000000 1.0000000 0.0000000
vn 0.0000000 1.0000000 0.0000000
vn 0.0000000 1.0000000 0.0000000
vn 0.0000000 1.0000000 0.0000000
vn 0.0000000 1.0000000 0.0000000
vn 0.0000000 1.0000000 0.0000000
vn 0.0000000 1.0000000 0.0000000
vn 0.0000000 1.0000000 0.0000000
vn 0.0000000 1.0000000 0.0000000
vn 0.0000000 1.0000000 0.0000000
vn 0.0000000 1.0000000 0.0000000
vn 0.0000000 1.0000000 0.0000000
vn 0.0000000 1.0000000 0.0000000
vn 0.0000000 1.0000000 0.0000000
vn 0.0000000 1.0000000 0.0000000
vn 0.0000000 1.0000000 0.0000000
vn 0.0000000 1.0000000 0.0000000
vn 0.0000000 1.0000000 0.0000000
vn 0.0000000 1.0000000 0.0000000
vn 0.0000000 1.0000000 0.0000000
vn 0.0000000 1.0000000 0.0000000
vn 0.0000000 1.0000000 0.0000000
vn 0.0000000 1.0000000 0.0000000
vn 0.0000000 1.0000000 0.0000000
vn 0.0000000 1.0000000 0.0000000
vn 0.0000000 1.0000000 0.0000000
vn 0.0000000 1.0000000 0.0000000
vn 0.0000000 1.0000000 0.0000000
vn -0.6672053 -0.0450021 -0.7435132
vn -0.6672053 -0.0450021 -0.7435132
vn -0.6672053 -0.0450021 -0.7435132
vn -0.6672053 -0.0450021 -0.7435132
vn 0.0156536 0.0019567 -0.9998756
vn 0.0156536 0.0019567 -0.9998756
vn 0.0156536 0.0019567 -0.9998756
vn 0.0156536 0.0019567 -0.9998756
vn 0.7025844 0.0410983 -0.7104126
vn 0.7025844 0.0410983 -0.7104126
vn 0.7025844 0.0410983 -0.7104126
vn 0.7025844 0.0410983 -0.7104126
vn -0.3207226 0.8467860 -0.4243708
vn -0.3207226 0.8467860 -0.4243708
vn -0.3207226 0.8467860 -0.4243708
vn -0.3207226 0.8467860 -0.4243708
vn 0.0078275 0.8023176 -0.5968461
vn 0.0078275 0.8023176 -0.5968461
vn 0.0078275 0.8023176 -0.5968461
vn 0.0078275 0.8023176 -0.5968461
vn 0.3033942 0.8651628 -0.3993059
vn 0.3033942 0.8651628 -0.3993059
vn 0.3033942 0.8651628 -0.3993059
vn 0.3033942 0.8651628 -0.3993059
vn 0.3917617 0.9088871 -0.1429930
vn 0.3917617 0.9088871 -0.1429930
vn 0.3917617 0.9088871 -0.1429930
vn 0.3917617 0.9088871 -0.1429930
vn 0.9336462 0.0528479 -0.3542766
vn 0.9336462 0.0528479 -0.3542766
vn 0.9336462 0.0528479 -0.3542766
vn 0.9336462 0.0528479 -0.3542766
vn -0.2659209 -0.9170359 -0.2972057
vn -0.2659209 -0.9170359 -0.2972057
vn -0.2659209 -0.9170359 -0.2972057
vn -0.2659209 -0.9170359 -0.2972057
vn 0.3819442 -0.9127487 -0.1449429
vn 0.3819442 -0.9127487 -0.1449429
vn 0.3819442 -0.9127487 -0.1449429
vn 0.3819442 -0.9127487 -0.1449429
vn 0.0058702 -0.9098811 -0.4148275
vn 0.0058702 -0.9098811 -0.4148275
vn 0.0058702 -0.9098811 -0.4148275
vn 0.0058702 -0.9098811 -0.4148275
vn 0.2916940 -0.9103204 -0.2936518
vn 0.2916940 -0.9103204 -0.2936518
vn 0.2916940 -0.9103204 -0.2936518
vn 0.2916940 -0.9103204 -0.2936518
vn 0.0000000 1.0000000 0.0000000
vn 0.0000000 1.0000000 0.0000000
vn 0.0000000 1.0000000 0.0000000
vn 0.0000000 1.0000000 0.0000000
vn 0.0000000 1.0000000 0.0000000
vn -0.9976458 -0.0684659 0.0039123
vn -0.9976458 -0.0684659 0.0039123
vn -0.9976458 -0.0684659 0.0039123
vn -0.9976458 -0.0684659 0.0039123
vn 0.9965289 0.0548189 -0.0626501
vn 0.9965289 0.0548189 -0.0626501
vn 0.9965289 0.0548189 -0.0626501
vn 0.9965289 0.0548189 -0.0626501
vn -0.9908226 -0.0842003 -0.1057399
vn -0.9908226 -0.0842003 -0.1057399
vn -0.9908226 -0.0842003 -0.1057399
vn 0.9980067 0.0547925 -0.0313100
vn 0.9980067 0.0547925 -0.0313100
vn 0.9980067 0.0547925 -0.0313100
vn 0.9980067 0.0547925 -0.0313100
vn -0.4856624 -0.4034131 0.7754933
vn -0.4856624 -0.4034131 0.7754933
vn -0.4856624 -0.4034131 0.7754933
vn -0.4856624 -0.4034131 0.7754933
vn 0.2115152 -0.4014872 0.8911057
vn 0.2115152 -0.4014872 0.8911057
vn 0.2115152 -0.4014872 0.8911057
vn 0.2115152 -0.4014872 0.8911057
vn 0.0039106 0.0410609 0.9991490
vn 0.0039106 0.0410609 0.9991490
vn 0.0039106 0.0410609 0.9991490
vn 0.4796422 -0.2114341 0.8516097
vn 0.4796422 -0.2114341 0.8516097
vn 0.4796422 -0.2114341 0.8516097
vn 0.4796422 -0.2114341 0.8516097
vn -0.6672053 -0.0450021 -0.7435132
vn -0.6672053 -0.0450021 -0.7435132
vn -0.6672053 -0.0450021 -0.7435132
vn -0.6672053 -0.0450021 -0.7435132
vn 0.0156536 0.0019567 -0.9998756
vn 0.0156536 0.0019567 -0.9998756
vn 0.0156536 0.0019567 -0.9998756
vn 0.0156536 0.0019567 -0.9998756
vn 0.7025844 0.0410983 -0.7104126
vn 0.7025844 0.0410983 -0.7104126
vn 0.7025844 0.0410983 -0.7104126
vn 0.7025844 0.0410983 -0.7104126
vn -0.3207226 0.8467860 -0.4243708
vn -0.3207226 0.8467860 -0.4243708
vn -0.3207226 0.8467860 -0.4243708
vn -0.3207226 0.8467860 -0.4243708
vn -0.5222160 0.8527572 0.0097793
vn -0.5222160 0.8527572 0.0097793
vn -0.5222160 0.8527572 0.0097793
vn -0.5222160 0.8527572 0.0097793
vn -0.6822278 0.7310979 0.0078192
vn -0.6822278 0.7310979 0.0078192
vn -0.6822278 0.7310979 0.0078192
vn -0.6822278 0.7310979 0.0078192
vn 0.0078275 0.8023176 -0.5968461
vn 0.0078275 0.8023176 -0.5968461
vn 0.0078275 0.8023176 -0.5968461
vn 0.0078275 0.8023176 -0.5968461
vn 0.3033942 0.8651628 -0.3993059
vn 0.3033942 0.8651628 -0.3993059
vn 0.3033942 0.8651628 -0.3993059
vn 0.3033942 0.8651628 -0.3993059
vn 0.4595624 0.8878354 -0.0234670
vn 0.4595624 0.8878354 -0.0234670
vn 0.4595624 0.8878354 -0.0234670
vn 0.4595624 0.8878354 -0.0234670
vn 0.5364583 0.8438450 -0.0117473
vn 0.5364583 0.8438450 -0.0117473
vn 0.5364583 0.8438450 -0.0117473
vn 0.5364583 0.8438450 -0.0117473
vn -0.0136910 0.7432245 0.6689020
vn -0.0136910 0.7432245 0.6689020
vn -0.0136910 0.7432245 0.6689020
vn -0.0136910 0.7432245 0.6689020
vn -0.4514941 0.7427175 0.4944935
vn -0.4514941 0.7427175 0.4944935
vn -0.4514941 0.7427175 0.4944935
vn -0.4514941 0.7427175 0.4944935
vn 0.4929516 0.8176736 0.2973359
vn 0.4929516 0.8176736 0.2973359
vn 0.4929516 0.8176736 0.2973359
vn 0.4929516 0.8176736 0.2973359
vn -0.5328132 0.0000000 0.8462329
vn -0.5328132 0.0000000 0.8462329
vn -0.5328132 0.0000000 0.8462329
vn -0.5328132 0.0000000 0.8462329
vn -0.9893820 -0.1446923 -0.0136871
vn -0.9893820 -0.1446923 -0.0136871
vn -0.9893820 -0.1446923 -0.0136871
vn -0.9964067 -0.0704728 -0.0469818
vn -0.9964067 -0.0704728 -0.0469818
vn -0.9964067 -0.0704728 -0.0469818
vn -0.9869971 -0.1488329 0.0607082
vn -0.9869971 -0.1488329 0.0607082
vn -0.9869971 -0.1488329 0.0607082
vn 0.3917617 0.9088871 -0.1429930
vn 0.3917617 0.9088871 -0.1429930
vn 0.3917617 0.9088871 -0.1429930
vn 0.3917617 0.9088871 -0.1429930
vn 0.9336462 0.0528479 -0.3542766
vn 0.9336462 0.0528479 -0.3542766
vn 0.9336462 0.0528479 -0.3542766
vn 0.9336462 0.0528479 -0.3542766
vn -0.9973634 -0.0704021 0.0176005
vn -0.9973634 -0.0704021 0.0176005
vn -0.9973634 -0.0704021 0.0176005
vn -0.9827865 -0.1644504 -0.0841829
vn -0.9827865 -0.1644504 -0.0841829
vn -0.9827865 -0.1644504 -0.0841829
vn 0.0000000 -1.0000000 0.0000000
vn 0.0000000 -1.0000000 0.0000000
vn 0.0000000 -1.0000000 0.0000000
vn 0.0000000 -1.0000000 0.0000000
vn 0.0000000 -1.0000000 0.0000000
vn 0.0000000 -1.0000000 0.0000000
vn 0.0000000 -1.0000000 0.0000000
vn 0.0000000 -1.0000000 0.0000000
vn 0.0000000 -1.0000000 0.0000000
vn 0.0000000 -1.0000000 0.0000000
vn 0.0000000 -1.0000000 0.0000000
vn 0.0000000 -1.0000000 0.0000000
vn 0.0000000 -1.0000000 0.0000000
vn 0.0000000 -1.0000000 0.0000000
vn 0.0000000 -1.0000000 0.0000000
vn 0.0000000 -1.0000000 0.0000000
vn 0.0000000 -1.0000000 0.0000000
vn 0.0000000 -1.0000000 0.0000000
vn 0.0000000 -1.0000000 0.0000000
vn 0.0000000 -1.0000000 0.0000000
vn -0.2659209 -0.9170359 -0.2972057
vn -0.2659209 -0.9170359 -0.2972057
vn -0.2659209 -0.9170359 -0.2972057
vn -0.2659209 -0.9170359 -0.2972057
vn -0.3858660 -0.9225527 0.0019587
vn -0.3858660 -0.9225527 0.0019587
vn -0.3858660 -0.9225527 0.0019587
vn -0.3858660 -0.9225527 0.0019587
vn -0.4011189 -0.9157250 0.0234801
vn -0.4011189 -0.9157250 0.0234801
vn -0.4011189 -0.9157250 0.0234801
vn -0.4011189 -0.9157250 0.0234801
vn 0.3819442 -0.9127487 -0.1449429
vn 0.3819442 -0.9127487 -0.1449429
vn 0.3819442 -0.9127487 -0.1449429
vn 0.3819442 -0.9127487 -0.1449429
vn 0.4050990 -0.9139188 -0.0254410
vn 0.4050990 -0.9139188 -0.0254410
vn 0.4050990 -0.9139188 -0.0254410
vn 0.4050990 -0.9139188 -0.0254410
vn 0.4068262 -0.9134030 -0.0136913
vn 0.4068262 -0.9134030 -0.0136913
vn 0.4068262 -0.9134030 -0.0136913
vn 0.4068262 -0.9134030 -0.0136913
vn -0.5166063 -0.8551401 -0.0430505
vn -0.5166063 -0.8551401 -0.0430505
vn -0.5166063 -0.8551401 -0.0430505
vn -0.5166063 -0.8551401 -0.0430505
vn -0.0860913 -0.7161234 0.6926439
vn -0.0860913 -0.7161234 0.6926439
vn -0.0860913 -0.7161234 0.6926439
vn -0.0860913 -0.7161234 0.6926439
vn -0.2820462 -0.8480973 0.4485319
vn -0.2820462 -0.8480973 0.4485319
vn -0.2820462 -0.8480973 0.4485319
vn -0.2820462 -0.8480973 0.4485319
vn 0.1097101 -0.8757218 0.4701862
vn 0.1097101 -0.8757218 0.4701862
vn 0.1097101 -0.8757218 0.4701862
vn 0.1097101 -0.8757218 0.4701862
vn 0.0058702 -0.9098811 -0.4148275
vn 0.0058702 -0.9098811 -0.4148275
vn 0.0058702 -0.9098811 -0.4148275
vn 0.0058702 -0.9098811 -0.4148275
vn 0.2916940 -0.9103204 -0.2936518
vn 0.2916940 -0.9103204 -0.2936518
vn 0.2916940 -0.9103204 -0.2936518
vn 0.2916940 -0.9103204 -0.2936518
vn 0.0000000 1.0000000 0.0000000
vn 0.0000000 1.0000000 0.0000000
vn 0.0000000 1.0000000 0.0000000
vn 0.0000000 1.0000000 0.0000000
vn 0.0000000 1.0000000 0.0000000
vn 0.0000000 1.0000000 0.0000000
vn 0.0000000 1.0000000 0.0000000
vn 0.0000000 1.0000000 0.0000000
vn 0.0000000 1.0000000 0.0000000
vn 0.0000000 1.0000000 0.0000000
vn 0.0000000 1.0000000 0.0000000
vn 0.0000000 1.0000000 0.0000000
vn -0.9976362 -0.0684652 -0.0058684
vn -0.9976362 -0.0684652 -0.0058684
vn -0.9976362 -0.0684652 -0.0058684
vn -0.9976362 -0.0684652 -0.0058684
vn 0.9980067 0.0547925 0.0313100
vn 0.9980067 0.0547925 0.0313100
vn 0.9980067 0.0547925 0.0313100
vn 0.9980067 0.0547925 0.0313100
vn -0.9860446 -0.1565150 -0.0567367
vn -0.9860446 -0.1565150 -0.0567367
vn -0.9860446 -0.1565150 -0.0567367
vn 0.9984025 0.0548143 0.0137036
vn 0.9984025 0.0548143 0.0137036
vn 0.9984025 0.0548143 0.0137036
vn 0.9984025 0.0548143 0.0137036
vn -0.5829704 -0.3912553 -0.7120848
vn -0.5829704 -0.3912553 -0.7120848
vn -0.5829704 -0.3912553 -0.7120848
vn -0.5829704 -0.3912553 -0.7120848
vn 0.2209570 -0.0821256 -0.9718196
vn 0.2209570 -0.0821256 -0.9718196
vn 0.2209570 -0.0821256 -0.9718196
vn 0.2209570 -0.0821256 -0.9718196
vn 0.1564812 0.1232290 -0.9799634
vn 0.1564812 0.1232290 -0.9799634
vn 0.1564812 0.1232290 -0.9799634
vn 0.8569001 0.0313023 -0.5145313
vn 0.8569001 0.0313023 -0.5145313
vn 0.8569001 0.0313023 -0.5145313
vn 0.8569001 0.0313023 -0.5145313
vn -0.6432385 -0.0430129 0.7644567
vn -0.6432385 -0.0430129 0.7644567
vn -0.6432385 -0.0430129 0.7644567
vn -0.6432385 -0.0430129 0.7644567
vn 0.0136973 0.0000000 0.9999062
vn 0.0136973 0.0000000 0.9999062
vn 0.0136973 0.0000000 0.9999062
vn 0.0136973 0.0000000 0.9999062
vn 0.6827014 0.0391233 0.7296493
vn 0.6827014 0.0391233 0.7296493
vn 0.6827014 0.0391233 0.7296493
vn 0.6827014 0.0391233 0.7296493
vn 0.0000000 1.0000000 0.0000000
vn 0.0000000 1.0000000 0.0000000
vn 0.0000000 1.0000000 0.0000000
vn 0.0000000 1.0000000 0.0000000
vn 0.0000000 1.0000000 0.0000000
vn 0.0000000 1.0000000 0.0000000
vn 0.0000000 1.0000000 0.0000000
vn 0.0000000 1.0000000 0.0000000
vn 0.0000000 1.0000000 0.0000000
vn 0.0000000 1.0000000 0.0000000
vn 0.0000000 1.0000000 0.0000000
vn -0.3797642 0.8025942 0.4600236
vn -0.3797642 0.8025942 0.4600236
vn -0.3797642 0.8025942 0.4600236
vn -0.3797642 0.8025942 0.4600236
vn -0.5902605 0.8072105 -0.0019545
vn -0.5902605 0.8072105 -0.0019545
vn -0.5902605 0.8072105 -0.0019545
vn -0.5902605 0.8072105 -0.0019545
vn -0.5873406 0.8085722 -0.0352404
vn -0.5873406 0.8085722 -0.0352404
vn -0.5873406 0.8085722 -0.0352404
vn -0.5873406 0.8085722 -0.0352404
vn 0.0078275 0.8023176 0.5968461
vn 0.0078275 0.8023176 0.5968461
vn 0.0078275 0.8023176 0.5968461
vn 0.0078275 0.8023176 0.5968461
vn 0.3699757 0.8221682 0.4326170
vn 0.3699757 0.8221682 0.4326170
vn 0.3699757 0.8221682 0.4326170
vn 0.3699757 0.8221682 0.4326170
vn 0.5671879 0.8234003 0.0176024
vn 0.5671879 0.8234003 0.0176024
vn 0.5671879 0.8234003 0.0176024
vn 0.5671879 0.8234003 0.0176024
vn 0.5671879 0.8234003 0.0176024
vn 0.5671879 0.8234003 0.0176024
vn 0.5671879 0.8234003 0.0176024
vn 0.0920893 0.7994132 -0.5936819
vn 0.0920893 0.7994132 -0.5936819
vn 0.0920893 0.7994132 -0.5936819
vn 0.0920893 0.7994132 -0.5936819
vn -0.3149811 0.7962565 -0.5164906
vn -0.3149811 0.7962565 -0.5164906
vn -0.3149811 0.7962565 -0.5164906
vn -0.3149811 0.7962565 -0.5164906
vn 0.4929516 0.8176736 -0.2973359
vn 0.4929516 0.8176736 -0.2973359
vn 0.4929516 0.8176736 -0.2973359
vn 0.4929516 0.8176736 -0.2973359
vn -0.5875434 0.0235017 -0.8088513
vn -0.5875434 0.0235017 -0.8088513
vn -0.5875434 0.0235017 -0.8088513
vn -0.5875434 0.0235017 -0.8088513
vn -0.9960365 0.0684897 -0.0567486
vn -0.9960365 0.0684897 -0.0567486
vn -0.9960365 0.0684897 -0.0567486
vn -0.9926266 -0.0626510 -0.1037657
vn -0.9926266 -0.0626510 -0.1037657
vn -0.9926266 -0.0626510 -0.1037657
vn -0.9789067 -0.1938235 -0.0646078
vn -0.9789067 -0.1938235 -0.0646078
vn -0.9789067 -0.1938235 -0.0646078
vn 0.5337868 0.8231658 0.1935711
vn 0.5337868 0.8231658 0.1935711
vn 0.5337868 0.8231658 0.1935711
vn 0.5337868 0.8231658 0.1935711
vn 0.9336462 0.0528479 0.3542766
vn 0.9336462 0.0528479 0.3542766
vn 0.9336462 0.0528479 0.3542766
vn 0.9336462 0.0528479 0.3542766
vn -0.9976362 -0.0684652 -0.0058684
vn -0.9974244 -0.0704064 -0.0136901
vn -0.9976362 -0.0684652 -0.0058684
vn -0.9789067 -0.1938235 -0.0646078
vn -0.9789067 -0.1938235 -0.0646078
vn -0.9789067 -0.1938235 -0.0646078
vn 0.0000000 -1.0000000 0.0000000
vn 0.0000000 -1.0000000 0.0000000
vn 0.0000000 -1.0000000 0.0000000
vn 0.0000000 -1.0000000 0.0000000
vn 0.0000000 -1.0000000 0.0000000
vn 0.0000000 -1.0000000 0.0000000
vn 0.0000000 -1.0000000 0.0000000
vn 0.0000000 -1.0000000 0.0000000
vn 0.0000000 -1.0000000 0.0000000
vn 0.0000000 -1.0000000 0.0000000
vn 0.0000000 -1.0000000 0.0000000
vn 0.0000000 -1.0000000 0.0000000
vn -0.2566551 -0.9169053 0.3056351
vn -0.2566551 -0.9169053 0.3056351
vn -0.2566551 -0.9169053 0.3056351
vn -0.2566551 -0.9169053 0.3056351
vn -0.3858660 -0.9225527 -0.0019587
vn -0.3858660 -0.9225527 -0.0019587
vn -0.3858660 -0.9225527 -0.0019587
vn -0.3858660 -0.9225527 -0.0019587
vn -0.5229437 -0.8519869 -0.0254617
vn -0.5229437 -0.8519869 -0.0254617
vn -0.5229437 -0.8519869 -0.0254617
vn -0.5229437 -0.8519869 -0.0254617
vn 0.3819442 -0.9127487 0.1449429
vn 0.3819442 -0.9127487 0.1449429
vn 0.3819442 -0.9127487 0.1449429
vn 0.3819442 -0.9127487 0.1449429
vn 0.4068363 -0.9134257 0.0117357
vn 0.4068363 -0.9134257 0.0117357
vn 0.4068363 -0.9134257 0.0117357
vn 0.4068363 -0.9134257 0.0117357
vn 0.4068363 -0.9134257 0.0117357
vn 0.4068363 -0.9134257 0.0117357
vn 0.4068363 -0.9134257 0.0117357
vn 0.4068363 -0.9134257 0.0117357
vn -0.6179494 -0.7841699 -0.0567105
vn -0.6179494 -0.7841699 -0.0567105
vn -0.6179494 -0.7841699 -0.0567105
vn -0.6179494 -0.7841699 -0.0567105
vn 0.3482693 -0.9137176 -0.2093529
vn 0.3482693 -0.9137176 -0.2093529
vn 0.3482693 -0.9137176 -0.2093529
vn 0.3482693 -0.9137176 -0.2093529
vn -0.2565168 -0.9007461 -0.3505077
vn -0.2565168 -0.9007461 -0.3505077
vn -0.2565168 -0.9007461 -0.3505077
vn -0.2565168 -0.9007461 -0.3505077
vn 0.0547459 -0.9306803 -0.3617140
vn 0.0547459 -0.9306803 -0.3617140
vn 0.0547459 -0.9306803 -0.3617140
vn 0.0547459 -0.9306803 -0.3617140
vn 0.0058702 -0.9098811 0.4148275
vn 0.0058702 -0.9098811 0.4148275
vn 0.0058702 -0.9098811 0.4148275
vn 0.0058702 -0.9098811 0.4148275
vn 0.2820403 -0.9107550 0.3016265
vn 0.2820403 -0.9107550 0.3016265
vn 0.2820403 -0.9107550 0.3016265
vn 0.2820403 -0.9107550 0.3016265
vn -0.7829603 0.2544621 -0.5676462
vn -0.7829603 0.2544621 -0.5676462
vn -0.7829603 0.2544621 -0.5676462
vn 0.9196384 0.0645704 0.3874222
vn 0.9196384 0.0645704 0.3874222
vn 0.9196384 0.0645704 0.3874222
vn 0.9196384 0.0645704 0.3874222
vn -0.0880272 0.0293424 0.9956858
vn -0.0880272 0.0293424 0.9956858
vn -0.0880272 0.0293424 0.9956858
vn -0.0880272 0.0293424 0.9956858
vn -0.9923071 0.0959035 -0.0782885
vn -0.9923071 0.0959035 -0.0782885
vn -0.9923071 0.0959035 -0.0782885
vn 0.6708310 0.0234693 -0.7412388
vn 0.6708310 0.0234693 -0.7412388
vn 0.6708310 0.0234693 -0.7412388
vn 0.6708310 0.0234693 -0.7412388
vn 0.9563248 0.0625816 0.2855285
vn 0.9563248 0.0625816 0.2855285
vn 0.9563248 0.0625816 0.2855285
vn 0.9563248 0.0625816 0.2855285
vn -0.2307268 0.0488828 0.9717899
vn -0.2307268 0.0488828 0.9717899
vn -0.2307268 0.0488828 0.9717899
vn -0.2307268 0.0488828 0.9717899
vn 0.7479263 0.0078317 -0.6637356
vn 0.7479263 0.0078317 -0.6637356
vn 0.7479263 0.0078317 -0.6637356
vn 0.7479263 0.0078317 -0.6637356
vn 0.0000000 1.0000000 0.0000000
vn 0.0000000 1.0000000 0.0000000
vn 0.0000000 1.0000000 0.0000000
vn 0.0000000 1.0000000 0.0000000
vn 0.0000000 1.0000000 0.0000000
vn 0.0000000 1.0000000 0.0000000
vn 0.0000000 1.0000000 0.0000000
vn 0.0000000 1.0000000 0.0000000
vn 0.0000000 1.0000000 0.0000000
vn 0.0000000 1.0000000 0.0000000
vn 0.0000000 1.0000000 0.0000000
vn 0.0000000 1.0000000 0.0000000
vn -0.1721872 0.2641510 -0.9489867
vn -0.1721872 0.2641510 -0.9489867
vn -0.1721872 0.2641510 -0.9489867
vn -0.9360429 -0.0607057 0.3466100
vn -0.9360429 -0.0607057 0.3466100
vn -0.9360429 -0.0607057 0.3466100
vn 0.5124582 0.0586784 0.8567050
vn 0.5124582 0.0586784 0.8567050
vn 0.5124582 0.0586784 0.8567050
vn 0.5124582 0.0586784 0.8567050
vn 0.9903423 0.0450156 -0.1311323
vn 0.9903423 0.0450156 -0.1311323
vn 0.9903423 0.0450156 -0.1311323
vn 0.9903423 0.0450156 -0.1311323
vn 0.4987675 0.8391031 0.2171106
vn 0.4987675 0.8391031 0.2171106
vn 0.4987675 0.8391031 0.2171106
vn 0.4987675 0.8391031 0.2171106
vn 0.5414723 0.8249145 0.1622462
vn 0.5414723 0.8249145 0.1622462
vn 0.5414723 0.8249145 0.1622462
vn 0.5414723 0.8249145 0.1622462
vn 0.5677703 0.8203300 -0.0685240
vn 0.5677703 0.8203300 -0.0685240
vn 0.5677703 0.8203300 -0.0685240
vn 0.5677703 0.8203300 -0.0685240
vn -0.5984535 0.7998938 -0.0449818
vn -0.5984535 0.7998938 -0.0449818
vn -0.5984535 0.7998938 -0.0449818
vn -0.5984535 0.7998938 -0.0449818
vn -0.4676817 0.8140401 -0.3444016
vn -0.4676817 0.8140401 -0.3444016
vn -0.4676817 0.8140401 -0.3444016
vn -0.4676817 0.8140401 -0.3444016
vn -0.5907176 0.7941435 0.1427893
vn -0.5907176 0.7941435 0.1427893
vn -0.5907176 0.7941435 0.1427893
vn -0.5907176 0.7941435 0.1427893
vn -0.0547702 0.8078604 0.5868235
vn -0.0547702 0.8078604 0.5868235
vn -0.0547702 0.8078604 0.5868235
vn -0.0547702 0.8078604 0.5868235
vn 0.3228320 0.8217542 0.4695738
vn 0.3228320 0.8217542 0.4695738
vn 0.3228320 0.8217542 0.4695738
vn 0.3228320 0.8217542 0.4695738
vn -0.1525485 0.8038129 0.5749903
vn -0.1525485 0.8038129 0.5749903
vn -0.1525485 0.8038129 0.5749903
vn -0.1525485 0.8038129 0.5749903
vn -0.1075547 0.7939492 -0.5983951
vn -0.1075547 0.7939492 -0.5983951
vn -0.1075547 0.7939492 -0.5983951
vn -0.1075547 0.7939492 -0.5983951
vn 0.3968858 0.7957267 -0.4574939
vn 0.3968858 0.7957267 -0.4574939
vn 0.3968858 0.7957267 -0.4574939
vn 0.3968858 0.7957267 -0.4574939
vn 0.4521059 0.8024390 -0.3894765
vn 0.4521059 0.8024390 -0.3894765
vn 0.4521059 0.8024390 -0.3894765
vn 0.4521059 0.8024390 -0.3894765
vn -0.9866339 -0.0783043 -0.1429053
vn -0.9866339 -0.0783043 -0.1429053
vn -0.9866339 -0.0783043 -0.1429053
vn -0.9866339 -0.0783043 -0.1429053
vn -0.8729054 -0.0900306 -0.4795108
vn -0.8729054 -0.0900306 -0.4795108
vn -0.8729054 -0.0900306 -0.4795108
vn -0.8729054 -0.0900306 -0.4795108
vn -0.0195890 0.0391780 -0.9990402
vn -0.0195890 0.0391780 -0.9990402
vn -0.0195890 0.0391780 -0.9990402
vn -0.0195890 0.0391780 -0.9990402
vn -0.9598232 0.1055610 0.2599929
vn -0.9598232 0.1055610 0.2599929
vn -0.9598232 0.1055610 0.2599929
vn -0.9301396 -0.0274146 0.3661813
vn -0.9301396 -0.0274146 0.3661813
vn -0.9301396 -0.0274146 0.3661813
vn 0.0000000 -1.0000000 0.0000000
vn 0.0000000 -1.0000000 0.0000000
vn 0.0000000 -1.0000000 0.0000000
vn 0.0000000 -1.0000000 0.0000000
vn 0.0000000 -1.0000000 0.0000000
vn 0.0000000 -1.0000000 0.0000000
vn 0.0000000 -1.0000000 0.0000000
vn 0.0000000 -1.0000000 0.0000000
vn 0.0000000 -1.0000000 0.0000000
vn 0.0000000 -1.0000000 0.0000000
vn 0.0000000 -1.0000000 0.0000000
vn 0.0000000 -1.0000000 0.0000000
vn 0.3778029 -0.9122082 0.1585598
vn 0.3778029 -0.9122082 0.1585598
vn 0.3778029 -0.9122082 0.1585598
vn 0.3778029 -0.9122082 0.1585598
vn 0.3916632 -0.9125754 0.1174989
vn 0.3916632 -0.9125754 0.1174989
vn 0.3916632 -0.9125754 0.1174989
vn 0.3916632 -0.9125754 0.1174989
vn 0.4013879 -0.9143812 -0.0528657
vn 0.4013879 -0.9143812 -0.0528657
vn 0.4013879 -0.9143812 -0.0528657
vn 0.4013879 -0.9143812 -0.0528657
vn -0.3386394 -0.9219605 -0.1879155
vn -0.3386394 -0.9219605 -0.1879155
vn -0.3386394 -0.9219605 -0.1879155
vn -0.3386394 -0.9219605 -0.1879155
vn -0.3819896 -0.9226519 -0.0528909
vn -0.3819896 -0.9226519 -0.0528909
vn -0.3819896 -0.9226519 -0.0528909
vn -0.3819896 -0.9226519 -0.0528909
vn -0.3679878 -0.9199695 0.1350594
vn -0.3679878 -0.9199695 0.1350594
vn -0.3679878 -0.9199695 0.1350594
vn -0.3679878 -0.9199695 0.1350594
vn 0.2152102 -0.9077958 0.3599880
vn 0.2152102 -0.9077958 0.3599880
vn 0.2152102 -0.9077958 0.3599880
vn 0.2152102 -0.9077958 0.3599880
vn -0.0371888 -0.9081887 0.4169055
vn -0.0371888 -0.9081887 0.4169055
vn -0.0371888 -0.9081887 0.4169055
vn -0.0371888 -0.9081887 0.4169055
vn -0.0861544 -0.9065788 0.4131493
vn -0.0861544 -0.9065788 0.4131493
vn -0.0861544 -0.9065788 0.4131493
vn -0.0861544 -0.9065788 0.4131493
vn -0.0704392 -0.9098393 -0.4089385
vn -0.0704392 -0.9098393 -0.4089385
vn -0.0704392 -0.9098393 -0.4089385
vn -0.0704392 -0.9098393 -0.4089385
vn 0.2818679 -0.9121557 -0.2975272
vn 0.2818679 -0.9121557 -0.2975272
vn 0.2818679 -0.9121557 -0.2975272
vn 0.2818679 -0.9121557 -0.2975272
vn 0.3034651 -0.9143111 -0.2682241
vn 0.3034651 -0.9143111 -0.2682241
vn 0.3034651 -0.9143111 -0.2682241
vn 0.3034651 -0.9143111 -0.2682241
vn -0.7888642 -0.0841716 -0.6087761
vn -0.7888642 -0.0841716 -0.6087761
vn -0.7888642 -0.0841716 -0.6087761
vn -0.7888642 -0.0841716 -0.6087761
vn 0.2310441 0.0587400 0.9711685
vn 0.2310441 0.0587400 0.9711685
vn 0.2310441 0.0587400 0.9711685
vn 0.2310441 0.0587400 0.9711685
vn -0.5751003 -0.0841133 -0.8137473
vn -0.5751003 -0.0841133 -0.8137473
vn -0.5751003 -0.0841133 -0.8137473
vn -0.5751003 -0.0841133 -0.8137473
vn -0.7168263 -0.0039171 0.6972408
vn -0.7168263 -0.0039171 0.6972408
vn -0.7168263 -0.0039171 0.6972408
vn -0.7168263 -0.0039171 0.6972408
vn -0.3796209 -0.0802291 -0.9216568
vn -0.3796209 -0.0802291 -0.9216568
vn -0.3796209 -0.0802291 -0.9216568
vn -0.3796209 -0.0802291 -0.9216568
vn -0.9827846 -0.0489435 0.1781542
vn -0.9827846 -0.0489435 0.1781542
vn -0.9827846 -0.0489435 0.1781542
vn -0.9827846 -0.0489435 0.1781542
vn 0.3229445 -0.0450165 -0.9453467
vn 0.3229445 -0.0450165 -0.9453467
vn 0.3229445 -0.0450165 -0.9453467
vn 0.3229445 -0.0450165 -0.9453467
vn 0.0000000 1.0000000 0.0000000
vn 0.0000000 1.0000000 0.0000000
vn 0.0000000 1.0000000 0.0000000
vn 0.0000000 1.0000000 0.0000000
vn 0.0000000 1.0000000 0.0000000
vn 0.0000000 1.0000000 0.0000000
vn 0.0000000 1.0000000 0.0000000
vn -0.3539872 0.7862036 -0.5065342
vn -0.3539872 0.7862036 -0.5065342
vn -0.3539872 0.7862036 -0.5065342
vn -0.3539872 0.7862036 -0.5065342
vn -0.4797166 0.7871269 -0.3876895
vn -0.4797166 0.7871269 -0.3876895
vn -0.4797166 0.7871269 -0.3876895
vn -0.4797166 0.7871269 -0.3876895
vn -0.5770608 0.8098412 0.1056314
vn -0.5770608 0.8098412 0.1056314
vn -0.5770608 0.8098412 0.1056314
vn -0.5770608 0.8098412 0.1056314
vn -0.4478563 0.7901045 0.4185207
vn -0.4478563 0.7901045 0.4185207
vn -0.4478563 0.7901045 0.4185207
vn -0.4478563 0.7901045 0.4185207
vn 0.0918682 0.7779479 0.6215764
vn 0.0918682 0.7779479 0.6215764
vn 0.0918682 0.7779479 0.6215764
vn 0.0918682 0.7779479 0.6215764
vn -0.2249137 0.7764413 -0.5886873
vn -0.2249137 0.7764413 -0.5886873
vn -0.2249137 0.7764413 -0.5886873
vn -0.2249137 0.7764413 -0.5886873
vn 0.1936989 0.7904478 -0.5810965
vn 0.1936989 0.7904478 -0.5810965
vn 0.1936989 0.7904478 -0.5810965
vn 0.1936989 0.7904478 -0.5810965
vn 0.0000000 -1.0000000 0.0000000
vn 0.0000000 -1.0000000 0.0000000
vn 0.0000000 -1.0000000 0.0000000
vn 0.0000000 -1.0000000 0.0000000
vn 0.0000000 -1.0000000 0.0000000
vn 0.0000000 -1.0000000 0.0000000
vn 0.0000000 -1.0000000 0.0000000
vn -0.2268062 -0.9189561 -0.3226122
vn -0.2268062 -0.9189561 -0.3226122
vn -0.2268062 -0.9189561 -0.3226122
vn -0.2268062 -0.9189561 -0.3226122
vn -0.3088620 -0.9207212 -0.2384884
vn -0.3088620 -0.9207212 -0.2384884
vn -0.3088620 -0.9207212 -0.2384884
vn -0.3088620 -0.9207212 -0.2384884
vn -0.3832447 -0.9209606 0.0703919
vn -0.3832447 -0.9209606 0.0703919
vn -0.3832447 -0.9209606 0.0703919
vn -0.3832447 -0.9209606 0.0703919
vn -0.2898458 -0.9145811 0.2820122
vn -0.2898458 -0.9145811 0.2820122
vn -0.2898458 -0.9145811 0.2820122
vn -0.2898458 -0.9145811 0.2820122
vn 0.0978759 -0.9063304 0.4110786
vn 0.0978759 -0.9063304 0.4110786
vn 0.0978759 -0.9063304 0.4110786
vn 0.0978759 -0.9063304 0.4110786
vn -0.1506523 -0.9176097 -0.3678265
vn -0.1506523 -0.9176097 -0.3678265
vn -0.1506523 -0.9176097 -0.3678265
vn -0.1506523 -0.9176097 -0.3678265
vn 0.1312457 -0.9148021 -0.3819838
vn 0.1312457 -0.9148021 -0.3819838
vn 0.1312457 -0.9148021 -0.3819838
vn 0.1312457 -0.9148021 -0.3819838
vn -0.6607160 0.0000000 -0.7506360
vn -0.6607160 0.0000000 -0.7506360
vn -0.6607160 0.0000000 -0.7506360
vn -0.6607160 0.0000000 -0.7506360
vn -0.3876775 0.8086404 -0.4425006
vn -0.9969264 0.0000000 -0.0783439
vn -0.9969264 0.0000000 -0.0783439
vn -0.9969264 0.0000000 -0.0783439
vn -0.9969264 0.0000000 -0.0783439
vn -0.5756368 0.8164645 -0.0450328
vn -0.5756368 0.8164645 -0.0450328
vn -0.5756368 0.8164645 -0.0450328
vn -0.5756368 0.8164645 -0.0450328
vn -0.9999828 0.0000000 0.0058707
vn -0.9999828 0.0000000 0.0058707
vn -0.9999828 0.0000000 0.0058707
vn -0.9999828 0.0000000 0.0058707
vn -0.9999828 0.0000000 0.0058707
vn -0.9999828 0.0000000 0.0058707
vn -0.5775239 0.8163644 0.0039154
vn -0.5775239 0.8163644 0.0039154
vn -0.5775239 0.8163644 0.0039154
vn -0.5775239 0.8163644 0.0039154
vn -0.5775239 0.8163644 0.0039154
vn -0.5775239 0.8163644 0.0039154
vn -0.9661050 0.0000000 -0.2581495
vn -0.9661050 0.0000000 -0.2581495
vn -0.9661050 0.0000000 -0.2581495
vn -0.9661050 0.0000000 -0.2581495
vn -0.5519722 0.8201289 -0.1507158
vn -0.5519722 0.8201289 -0.1507158
vn -0.5519722 0.8201289 -0.1507158
vn -0.5519722 0.8201289 -0.1507158
vn -0.9993802 0.0000000 0.0352032
vn -0.9993802 0.0000000 0.0352032
vn -0.9993802 0.0000000 0.0352032
vn -0.9993802 0.0000000 0.0352032
vn -0.5773945 0.8161814 0.0215300
vn -0.5773945 0.8161814 0.0215300
vn -0.5773945 0.8161814 0.0215300
vn -0.5773945 0.8161814 0.0215300
vn -0.5775007 0.8163315 -0.0097881
vn -0.5775007 0.8163315 -0.0097881
vn -0.5775007 0.8163315 -0.0097881
vn -0.5775007 0.8163315 -0.0097881
vn -0.9998449 0.0000000 -0.0176098
vn -0.9998449 0.0000000 -0.0176098
vn -0.9998449 0.0000000 -0.0176098
vn -0.9998449 0.0000000 -0.0176098
vn 0.0000000 1.0000000 0.0000000
vn 0.0000000 1.0000000 0.0000000
vn 0.0000000 1.0000000 0.0000000
vn 0.0000000 1.0000000 0.0000000
vn 0.0000000 1.0000000 0.0000000
vn 0.0000000 1.0000000 0.0000000
vn 0.0000000 1.0000000 0.0000000
vn 0.0000000 1.0000000 0.0000000
vn 0.0000000 1.0000000 0.0000000
vn 0.0000000 1.0000000 0.0000000
vn 0.0000000 1.0000000 0.0000000
vn 0.0000000 1.0000000 0.0000000
vn 0.0000000 1.0000000 0.0000000
vn 0.0000000 1.0000000 0.0000000
vn 0.0000000 1.0000000 0.0000000
vn 0.0000000 1.0000000 0.0000000
vn 0.0000000 1.0000000 0.0000000
vn 0.9975599 -0.0684600 -0.0136920
vn 0.9975599 -0.0684600 -0.0136920
vn 0.9975599 -0.0684600 -0.0136920
vn 0.9975599 -0.0684600 -0.0136920
vn -0.9979437 0.0547891 -0.0332648
vn -0.9979437 0.0547891 -0.0332648
vn -0.9979437 0.0547891 -0.0332648
vn -0.9979437 0.0547891 -0.0332648
vn -0.9984791 0.0548185 -0.0058734
vn -0.9984791 0.0548185 -0.0058734
vn -0.9984791 0.0548185 -0.0058734
vn -0.9984791 0.0548185 -0.0058734
vn 0.4849257 -0.4028011 0.7762721
vn 0.4849257 -0.4028011 0.7762721
vn 0.4849257 -0.4028011 0.7762721
vn 0.4849257 -0.4028011 0.7762721
vn -0.2758846 -0.0684820 0.9587481
vn -0.2758846 -0.0684820 0.9587481
vn -0.2758846 -0.0684820 0.9587481
vn -0.2758846 -0.0684820 0.9587481
vn -0.2486404 0.0528606 0.9671524
vn -0.2486404 0.0528606 0.9671524
vn -0.2486404 0.0528606 0.9671524
vn -0.8569001 0.0313023 0.5145313
vn -0.8569001 0.0313023 0.5145313
vn -0.8569001 0.0313023 0.5145313
vn -0.8569001 0.0313023 0.5145313
vn 0.6672628 -0.0430492 -0.7435773
vn 0.6672628 -0.0430492 -0.7435773
vn 0.6672628 -0.0430492 -0.7435773
vn 0.6672628 -0.0430492 -0.7435773
vn -0.0156536 0.0019567 -0.9998756
vn -0.0156536 0.0019567 -0.9998756
vn -0.0156536 0.0019567 -0.9998756
vn -0.0156536 0.0019567 -0.9998756
vn -0.6826479 0.0410762 -0.7295921
vn -0.6826479 0.0410762 -0.7295921
vn -0.6826479 0.0410762 -0.7295921
vn -0.6826479 0.0410762 -0.7295921
vn 0.3974758 0.8027835 -0.4444679
vn 0.3974758 0.8027835 -0.4444679
vn 0.3974758 0.8027835 -0.4444679
vn 0.3974758 0.8027835 -0.4444679
vn 0.5889678 0.8081186 -0.0078268
vn 0.5889678 0.8081186 -0.0078268
vn 0.5889678 0.8081186 -0.0078268
vn 0.5889678 0.8081186 -0.0078268
vn 0.5887954 0.8078820 0.0254297
vn 0.5887954 0.8078820 0.0254297
vn 0.5887954 0.8078820 0.0254297
vn 0.5887954 0.8078820 0.0254297
vn -0.0078275 0.8023176 -0.5968461
vn -0.0078275 0.8023176 -0.5968461
vn -0.0078275 0.8023176 -0.5968461
vn -0.0078275 0.8023176 -0.5968461
vn -0.3733753 0.8229896 -0.4281109
vn -0.3733753 0.8229896 -0.4281109
vn -0.3733753 0.8229896 -0.4281109
vn -0.3733753 0.8229896 -0.4281109
vn -0.5671879 0.8234003 -0.0176024
vn -0.5671879 0.8234003 -0.0176024
vn -0.5671879 0.8234003 -0.0176024
vn -0.5671879 0.8234003 -0.0176024
vn -0.5672714 0.8235216 -0.0039122
vn -0.5672714 0.8235216 -0.0039122
vn -0.5672714 0.8235216 -0.0039122
vn -0.5672714 0.8235216 -0.0039122
vn -0.1507701 0.8008439 0.5795839
vn -0.1507701 0.8008439 0.5795839
vn -0.1507701 0.8008439 0.5795839
vn -0.1507701 0.8008439 0.5795839
vn 0.3149811 0.7962565 0.5164906
vn 0.3149811 0.7962565 0.5164906
vn 0.3149811 0.7962565 0.5164906
vn 0.3149811 0.7962565 0.5164906
vn -0.4929516 0.8176736 0.2973359
vn -0.4929516 0.8176736 0.2973359
vn -0.4929516 0.8176736 0.2973359
vn -0.4929516 0.8176736 0.2973359
vn 0.5319302 -0.0019556 0.8467860
vn 0.5319302 -0.0019556 0.8467860
vn 0.5319302 -0.0019556 0.8467860
vn 0.5319302 -0.0019556 0.8467860
vn 0.9934769 0.1056058 0.0430246
vn 0.9934769 0.1056058 0.0430246
vn 0.9934769 0.1056058 0.0430246
vn 0.9930225 -0.0626760 0.0998898
vn 0.9930225 -0.0626760 0.0998898
vn 0.9930225 -0.0626760 0.0998898
vn 0.9930530 -0.1175210 0.0058761
vn 0.9930530 -0.1175210 0.0058761
vn 0.9930530 -0.1175210 0.0058761
vn 0.9930530 -0.1175210 0.0058761
vn 0.9806822 -0.1859577 0.0606809
vn 0.9806822 -0.1859577 0.0606809
vn 0.9806822 -0.1859577 0.0606809
vn 0.9806822 -0.1859577 0.0606809
vn -0.5337868 0.8231658 -0.1935711
vn -0.5337868 0.8231658 -0.1935711
vn -0.5337868 0.8231658 -0.1935711
vn -0.5337868 0.8231658 -0.1935711
vn -0.9336462 0.0528479 -0.3542766
vn -0.9336462 0.0528479 -0.3542766
vn -0.9336462 0.0528479 -0.3542766
vn -0.9336462 0.0528479 -0.3542766
vn 0.0000000 -1.0000000 0.0000000
vn 0.0000000 -1.0000000 0.0000000
vn 0.0000000 -1.0000000 0.0000000
vn 0.0000000 -1.0000000 0.0000000
vn 0.0000000 -1.0000000 0.0000000
vn 0.0000000 -1.0000000 0.0000000
vn 0.0000000 -1.0000000 0.0000000
vn 0.0000000 -1.0000000 0.0000000
vn 0.0000000 -1.0000000 0.0000000
vn 0.0000000 -1.0000000 0.0000000
vn 0.0000000 -1.0000000 0.0000000
vn 0.0000000 -1.0000000 0.0000000
vn 0.2659209 -0.9170359 -0.2972057
vn 0.2659209 -0.9170359 -0.2972057
vn 0.2659209 -0.9170359 -0.2972057
vn 0.2659209 -0.9170359 -0.2972057
vn 0.3858601 -0.9225386 -0.0058760
vn 0.3858601 -0.9225386 -0.0058760
vn 0.3858601 -0.9225386 -0.0058760
vn 0.3858601 -0.9225386 -0.0058760
vn 0.5497148 -0.8353318 0.0058688
vn 0.5497148 -0.8353318 0.0058688
vn 0.5497148 -0.8353318 0.0058688
vn 0.5497148 -0.8353318 0.0058688
vn -0.3819442 -0.9127487 -0.1449429
vn -0.3819442 -0.9127487 -0.1449429
vn -0.3819442 -0.9127487 -0.1449429
vn -0.3819442 -0.9127487 -0.1449429
vn -0.4068262 -0.9134030 -0.0136913
vn -0.4068262 -0.9134030 -0.0136913
vn -0.4068262 -0.9134030 -0.0136913
vn -0.4068262 -0.9134030 -0.0136913
vn -0.4068635 -0.9134869 -0.0019561
vn -0.4068635 -0.9134869 -0.0019561
vn -0.4068635 -0.9134869 -0.0019561
vn -0.4068635 -0.9134869 -0.0019561
vn 0.5987479 -0.7983305 0.0645709
vn 0.5987479 -0.7983305 0.0645709
vn 0.5987479 -0.7983305 0.0645709
vn 0.5987479 -0.7983305 0.0645709
vn -0.3482693 -0.9137176 0.2093529
vn -0.3482693 -0.9137176 0.2093529
vn -0.3482693 -0.9137176 0.2093529
vn -0.3482693 -0.9137176 0.2093529
vn 0.2464031 -0.8858781 0.3930718
vn 0.2464031 -0.8858781 0.3930718
vn 0.2464031 -0.8858781 0.3930718
vn 0.2464031 -0.8858781 0.3930718
vn -0.1017247 -0.8959593 0.4323297
vn -0.1017247 -0.8959593 0.4323297
vn -0.1017247 -0.8959593 0.4323297
vn -0.1017247 -0.8959593 0.4323297
vn -0.0058702 -0.9098811 -0.4148275
vn -0.0058702 -0.9098811 -0.4148275
vn -0.0058702 -0.9098811 -0.4148275
vn -0.0058702 -0.9098811 -0.4148275
vn -0.2820403 -0.9107550 -0.3016265
vn -0.2820403 -0.9107550 -0.3016265
vn -0.2820403 -0.9107550 -0.3016265
vn -0.2820403 -0.9107550 -0.3016265
vn 0.0000000 1.0000000 0.0000000
vn 0.0000000 1.0000000 0.0000000
vn 0.0000000 1.0000000 0.0000000
vn 0.0000000 1.0000000 0.0000000
vn 0.0000000 1.0000000 0.0000000
vn 0.0000000 1.0000000 0.0000000
vn 0.0000000 1.0000000 0.0000000
vn 0.0000000 1.0000000 0.0000000
vn 0.0000000 1.0000000 0.0000000
vn 0.0000000 1.0000000 0.0000000
vn 0.0000000 1.0000000 0.0000000
vn -0.9976458 -0.0684659 0.0039123
vn -0.9976458 -0.0684659 0.0039123
vn -0.9976458 -0.0684659 0.0039123
vn -0.9976458 -0.0684659 0.0039123
vn 0.9965289 0.0548189 -0.0626501
vn 0.9965289 0.0548189 -0.0626501
vn 0.9965289 0.0548189 -0.0626501
vn 0.9965289 0.0548189 -0.0626501
vn -0.9832558 -0.1645289 0.0783471
vn -0.9832558 -0.1645289 0.0783471
vn -0.9832558 -0.1645289 0.0783471
vn 0.9981214 0.0547988 -0.0273994
vn 0.9981214 0.0547988 -0.0273994
vn 0.9981214 0.0547988 -0.0273994
vn 0.9981214 0.0547988 -0.0273994
vn -0.4856624 -0.4034131 0.7754933
vn -0.4856624 -0.4034131 0.7754933
vn -0.4856624 -0.4034131 0.7754933
vn -0.4856624 -0.4034131 0.7754933
vn 0.2739202 -0.0763063 0.9587205
vn 0.2739202 -0.0763063 0.9587205
vn 0.2739202 -0.0763063 0.9587205
vn 0.2739202 -0.0763063 0.9587205
vn 0.2467762 0.0548392 0.9675196
vn 0.2467762 0.0548392 0.9675196
vn 0.2467762 0.0548392 0.9675196
vn 0.8569509 0.0293476 0.5145618
vn 0.8569509 0.0293476 0.5145618
vn 0.8569509 0.0293476 0.5145618
vn 0.8569509 0.0293476 0.5145618
vn -0.5222160 0.8527572 0.0097793
vn -0.5222160 0.8527572 0.0097793
vn -0.5222160 0.8527572 0.0097793
vn -0.5222160 0.8527572 0.0097793
vn -0.6772386 0.7340014 0.0508908
vn -0.6772386 0.7340014 0.0508908
vn -0.6772386 0.7340014 0.0508908
vn -0.6772386 0.7340014 0.0508908
vn 0.4595624 0.8878354 -0.0234670
vn 0.4595624 0.8878354 -0.0234670
vn 0.4595624 0.8878354 -0.0234670
vn 0.4595624 0.8878354 -0.0234670
vn 0.5364696 0.8438628 -0.0097896
vn 0.5364696 0.8438628 -0.0097896
vn 0.5364696 0.8438628 -0.0097896
vn 0.5364696 0.8438628 -0.0097896
vn 0.1546388 0.7575344 0.6342149
vn 0.1546388 0.7575344 0.6342149
vn 0.1546388 0.7575344 0.6342149
vn 0.1546388 0.7575344 0.6342149
vn -0.4151599 0.6775723 0.6070734
vn -0.4151599 0.6775723 0.6070734
vn -0.4151599 0.6775723 0.6070734
vn -0.4151599 0.6775723 0.6070734
vn 0.4929516 0.8176736 0.2973359
vn 0.4929516 0.8176736 0.2973359
vn 0.4929516 0.8176736 0.2973359
vn 0.4929516 0.8176736 0.2973359
vn -0.5328132 0.0000000 0.8462329
vn -0.5328132 0.0000000 0.8462329
vn -0.5328132 0.0000000 0.8462329
vn -0.5328132 0.0000000 0.8462329
vn -0.9958192 0.0665184 0.0626055
vn -0.9958192 0.0665184 0.0626055
vn -0.9958192 0.0665184 0.0626055
vn -0.9930225 -0.0626760 0.0998898
vn -0.9930225 -0.0626760 0.0998898
vn -0.9930225 -0.0626760 0.0998898
vn -0.9875853 -0.1486267 0.0508460
vn -0.9875853 -0.1486267 0.0508460
vn -0.9875853 -0.1486267 0.0508460
vn -0.9973958 -0.0704044 0.0156454
vn -0.9973958 -0.0704044 0.0156454
vn -0.9973958 -0.0704044 0.0156454
vn -0.9862240 -0.1467595 0.0763149
vn -0.9862240 -0.1467595 0.0763149
vn -0.9862240 -0.1467595 0.0763149
vn 0.0000000 -1.0000000 0.0000000
vn 0.0000000 -1.0000000 0.0000000
vn 0.0000000 -1.0000000 0.0000000
vn 0.0000000 -1.0000000 0.0000000
vn 0.0000000 -1.0000000 0.0000000
vn 0.0000000 -1.0000000 0.0000000
vn 0.0000000 -1.0000000 0.0000000
vn 0.0000000 -1.0000000 0.0000000
vn 0.0000000 -1.0000000 0.0000000
vn 0.0000000 -1.0000000 0.0000000
vn 0.0000000 -1.0000000 0.0000000
vn 0.0000000 -1.0000000 0.0000000
vn -0.3858660 -0.9225527 0.0019587
vn -0.3858660 -0.9225527 0.0019587
vn -0.3858660 -0.9225527 0.0019587
vn -0.3858660 -0.9225527 0.0019587
vn -0.4011527 -0.9158022 0.0195684
vn -0.4011527 -0.9158022 0.0195684
vn -0.4011527 -0.9158022 0.0195684
vn -0.4011527 -0.9158022 0.0195684
vn 0.4050990 -0.9139188 -0.0254410
vn 0.4050990 -0.9139188 -0.0254410
vn 0.4050990 -0.9139188 -0.0254410
vn 0.4050990 -0.9139188 -0.0254410
vn 0.4068363 -0.9134257 -0.0117357
vn 0.4068363 -0.9134257 -0.0117357
vn 0.4068363 -0.9134257 -0.0117357
vn 0.4068363 -0.9134257 -0.0117357
vn -0.4930147 -0.8686451 0.0489102
vn -0.4930147 -0.8686451 0.0489102
vn -0.4930147 -0.8686451 0.0489102
vn -0.4930147 -0.8686451 0.0489102
vn 0.3482693 -0.9137176 0.2093529
vn 0.3482693 -0.9137176 0.2093529
vn 0.3482693 -0.9137176 0.2093529
vn 0.3482693 -0.9137176 0.2093529
vn -0.2820462 -0.8480973 0.4485319
vn -0.2820462 -0.8480973 0.4485319
vn -0.2820462 -0.8480973 0.4485319
vn -0.2820462 -0.8480973 0.4485319
vn 0.1097101 -0.8757218 0.4701862
vn 0.1097101 -0.8757218 0.4701862
vn 0.1097101 -0.8757218 0.4701862
vn 0.1097101 -0.8757218 0.4701862
vn 0.0000000 1.0000000 0.0000000
vn 0.0000000 1.0000000 0.0000000
vn 0.0000000 1.0000000 0.0000000
vn 0.0000000 1.0000000 0.0000000
vn 0.0000000 1.0000000 0.0000000
vn 0.0000000 1.0000000 0.0000000
vn -0.8292234 0.2444644 0.5026189
vn -0.8292234 0.2444644 0.5026189
vn -0.8292234 0.2444644 0.5026189
vn 0.9690377 0.0626449 -0.2388336
vn 0.9690377 0.0626449 -0.2388336
vn 0.9690377 0.0626449 -0.2388336
vn 0.9690377 0.0626449 -0.2388336
vn -0.0195536 0.0351965 -0.9991891
vn -0.0195536 0.0351965 -0.9991891
vn -0.0195536 0.0351965 -0.9991891
vn -0.0195536 0.0351965 -0.9991891
vn -0.9960975 0.0880636 0.0058709
vn -0.9960975 0.0880636 0.0058709
vn -0.9960975 0.0880636 0.0058709
vn 0.5229166 0.0274188 0.8519427
vn 0.5229166 0.0274188 0.8519427
vn 0.5229166 0.0274188 0.8519427
vn 0.5229166 0.0274188 0.8519427
vn 0.9771586 0.0607052 -0.2036563
vn 0.9771586 0.0607052 -0.2036563
vn 0.9771586 0.0607052 -0.2036563
vn 0.9771586 0.0607052 -0.2036563
vn -0.2658781 0.0195499 -0.9638084
vn -0.2658781 0.0195499 -0.9638084
vn -0.2658781 0.0195499 -0.9638084
vn -0.2658781 0.0195499 -0.9638084
vn 0.6575330 0.0019569 0.7534232
vn 0.6575330 0.0019569 0.7534232
vn 0.6575330 0.0019569 0.7534232
vn 0.6575330 0.0019569 0.7534232
vn 0.0000000 1.0000000 0.0000000
vn 0.0000000 1.0000000 0.0000000
vn 0.0000000 1.0000000 0.0000000
vn 0.0000000 1.0000000 0.0000000
vn 0.0000000 1.0000000 0.0000000
vn 0.0000000 1.0000000 0.0000000
vn 0.0000000 1.0000000 0.0000000
vn 0.0000000 1.0000000 0.0000000
vn 0.0000000 1.0000000 0.0000000
vn 0.0000000 1.0000000 0.0000000
vn 0.0000000 1.0000000 0.0000000
vn 0.0000000 1.0000000 0.0000000
vn -0.1566458 0.2643398 0.9516231
vn -0.1566458 0.2643398 0.9516231
vn -0.1566458 0.2643398 0.9516231
vn 0.2601535 0.0489010 -0.9643282
vn 0.2601535 0.0489010 -0.9643282
vn 0.2601535 0.0489010 -0.9643282
vn 0.2601535 0.0489010 -0.9643282
vn 0.9706885 0.0410977 0.2368010
vn 0.9706885 0.0410977 0.2368010
vn 0.9706885 0.0410977 0.2368010
vn 0.9706885 0.0410977 0.2368010
vn 0.5440396 0.8278014 -0.1369884
vn 0.5440396 0.8278014 -0.1369884
vn 0.5440396 0.8278014 -0.1369884
vn 0.5440396 0.8278014 -0.1369884
vn 0.5533754 0.8251747 -0.1134126
vn 0.5533754 0.8251747 -0.1134126
vn 0.5533754 0.8251747 -0.1134126
vn 0.5533754 0.8251747 -0.1134126
vn 0.5536793 0.8217149 0.1349961
vn 0.5536793 0.8217149 0.1349961
vn 0.5536793 0.8217149 0.1349961
vn 0.5536793 0.8217149 0.1349961
vn -0.5304444 0.8475366 0.0176162
vn -0.5304444 0.8475366 0.0176162
vn -0.5304444 0.8475366 0.0176162
vn -0.5304444 0.8475366 0.0176162
vn -0.4971065 0.8122015 0.3053095
vn -0.4971065 0.8122015 0.3053095
vn -0.4971065 0.8122015 0.3053095
vn -0.4971065 0.8122015 0.3053095
vn -0.4242986 0.8935689 -0.1466469
vn -0.4242986 0.8935689 -0.1466469
vn -0.4242986 0.8935689 -0.1466469
vn -0.4242986 0.8935689 -0.1466469
vn -0.0137058 0.8106031 -0.5854356
vn -0.0137058 0.8106031 -0.5854356
vn -0.0137058 0.8106031 -0.5854356
vn -0.0137058 0.8106031 -0.5854356
vn 0.1526770 0.8103624 -0.5656877
vn 0.1526770 0.8103624 -0.5656877
vn 0.1526770 0.8103624 -0.5656877
vn 0.1526770 0.8103624 -0.5656877
vn -0.1233236 0.8495623 -0.5128695
vn -0.1233236 0.8495623 -0.5128695
vn -0.1233236 0.8495623 -0.5128695
vn -0.1233236 0.8495623 -0.5128695
vn -0.0840784 0.7723481 0.6296104
vn -0.0840784 0.7723481 0.6296104
vn -0.0840784 0.7723481 0.6296104
vn -0.0840784 0.7723481 0.6296104
vn 0.3054096 0.7772281 0.5501286
vn 0.3054096 0.7772281 0.5501286
vn 0.3054096 0.7772281 0.5501286
vn 0.3054096 0.7772281 0.5501286
vn 0.3996943 0.7856736 0.4721879
vn 0.3996943 0.7856736 0.4721879
vn 0.3996943 0.7856736 0.4721879
vn 0.3996943 0.7856736 0.4721879
vn -0.9926418 -0.0763571 0.0939779
vn -0.9926418 -0.0763571 0.0939779
vn -0.9926418 -0.0763571 0.0939779
vn -0.9926418 -0.0763571 0.0939779
vn -0.9166784 -0.0881421 0.3897842
vn -0.9166784 -0.0881421 0.3897842
vn -0.9166784 -0.0881421 0.3897842
vn -0.9166784 -0.0881421 0.3897842
vn -0.0195842 0.0450436 0.9987930
vn -0.0195842 0.0450436 0.9987930
vn -0.0195842 0.0450436 0.9987930
vn -0.0195842 0.0450436 0.9987930
vn -0.9333905 0.0939261 -0.3463524
vn -0.9333905 0.0939261 -0.3463524
vn -0.9333905 0.0939261 -0.3463524
vn -0.8804829 -0.0489157 -0.4715476
vn -0.8804829 -0.0489157 -0.4715476
vn -0.8804829 -0.0489157 -0.4715476
vn -0.8804829 -0.0489157 -0.4715476
vn -0.8804829 -0.0489157 -0.4715476
vn -0.8804829 -0.0489157 -0.4715476
vn 0.0000000 -1.0000000 0.0000000
vn 0.0000000 -1.0000000 0.0000000
vn 0.0000000 -1.0000000 0.0000000
vn 0.0000000 -1.0000000 0.0000000
vn 0.0000000 -1.0000000 0.0000000
vn 0.0000000 -1.0000000 0.0000000
vn 0.0000000 -1.0000000 0.0000000
vn 0.0000000 -1.0000000 0.0000000
vn 0.0000000 -1.0000000 0.0000000
vn 0.0000000 -1.0000000 0.0000000
vn 0.0000000 -1.0000000 0.0000000
vn 0.0000000 -1.0000000 0.0000000
vn 0.3934451 -0.9141236 -0.0978719
vn 0.3934451 -0.9141236 -0.0978719
vn 0.3934451 -0.9141236 -0.0978719
vn 0.3934451 -0.9141236 -0.0978719
vn 0.3989515 -0.9132860 -0.0821371
vn 0.3989515 -0.9132860 -0.0821371
vn 0.3989515 -0.9132860 -0.0821371
vn 0.3989515 -0.9132860 -0.0821371
vn 0.3951724 -0.9135917 0.0958587
vn 0.3951724 -0.9135917 0.0958587
vn 0.3951724 -0.9135917 0.0958587
vn 0.3951724 -0.9135917 0.0958587
vn -0.3872917 -0.9212847 0.0352083
vn -0.3872917 -0.9212847 0.0352083
vn -0.3872917 -0.9212847 0.0352083
vn -0.3872917 -0.9212847 0.0352083
vn -0.3561064 -0.9215721 0.1545736
vn -0.3561064 -0.9215721 0.1545736
vn -0.3561064 -0.9215721 0.1545736
vn -0.3561064 -0.9215721 0.1545736
vn -0.3364069 -0.9251189 -0.1760268
vn -0.3364069 -0.9251189 -0.1760268
vn -0.3364069 -0.9251189 -0.1760268
vn -0.3364069 -0.9251189 -0.1760268
vn 0.1115080 -0.9057579 -0.4088626
vn 0.1115080 -0.9057579 -0.4088626
vn 0.1115080 -0.9057579 -0.4088626
vn 0.1115080 -0.9057579 -0.4088626
vn -0.0078290 -0.9062054 -0.4227654
vn -0.0078290 -0.9062054 -0.4227654
vn -0.0078290 -0.9062054 -0.4227654
vn -0.0078290 -0.9062054 -0.4227654
vn -0.1115759 -0.9082670 -0.4032392
vn -0.1115759 -0.9082670 -0.4032392
vn -0.1115759 -0.9082670 -0.4032392
vn -0.1115759 -0.9082670 -0.4032392
vn -0.0704512 -0.9080374 0.4129222
vn -0.0704512 -0.9080374 0.4129222
vn -0.0704512 -0.9080374 0.4129222
vn -0.0704512 -0.9080374 0.4129222
vn 0.2307621 -0.9093590 0.3461431
vn 0.2307621 -0.9093590 0.3461431
vn 0.2307621 -0.9093590 0.3461431
vn 0.2307621 -0.9093590 0.3461431
vn 0.2700365 -0.9118623 0.3091722
vn 0.2700365 -0.9118623 0.3091722
vn 0.2700365 -0.9118623 0.3091722
vn 0.2700365 -0.9118623 0.3091722
vn -0.2797267 -0.9252499 -0.2562532
vn -0.2797267 -0.9252499 -0.2562532
vn -0.2797267 -0.9252499 -0.2562532
vn -0.8550468 -0.0900049 0.5106801
vn -0.8550468 -0.0900049 0.5106801
vn -0.8550468 -0.0900049 0.5106801
vn -0.8550468 -0.0900049 0.5106801
vn 0.1057616 0.0528808 -0.9929844
vn 0.1057616 0.0528808 -0.9929844
vn 0.1057616 0.0528808 -0.9929844
vn 0.1057616 0.0528808 -0.9929844
vn 0.6003633 0.0958235 -0.7939658
vn 0.6003633 0.0958235 -0.7939658
vn 0.6003633 0.0958235 -0.7939658
vn 0.6003633 0.0958235 -0.7939658
vn -0.5854726 0.0078324 -0.8106544
vn -0.5854726 0.0078324 -0.8106544
vn -0.5854726 0.0078324 -0.8106544
vn -0.5854726 0.0078324 -0.8106544
vn 0.9519882 0.2664000 0.1508294
vn 0.9519882 0.2664000 0.1508294
vn 0.9519882 0.2664000 0.1508294
vn 0.8959130 0.1486668 -0.4186144
vn 0.8959130 0.1486668 -0.4186144
vn 0.8959130 0.1486668 -0.4186144
vn 0.8959130 0.1486668 -0.4186144
vn -0.9914890 -0.0704016 0.1095135
vn -0.9914890 -0.0704016 0.1095135
vn -0.9914890 -0.0704016 0.1095135
vn -0.9914890 -0.0704016 0.1095135
vn 0.5132433 0.2507448 0.8207974
vn 0.5132433 0.2507448 0.8207974
vn 0.5132433 0.2507448 0.8207974
vn 0.5132433 0.2507448 0.8207974
vn 0.0000000 1.0000000 0.0000000
vn 0.0000000 1.0000000 0.0000000
vn 0.0000000 1.0000000 0.0000000
vn 0.0000000 1.0000000 0.0000000
vn 0.0000000 1.0000000 0.0000000
vn 0.0000000 1.0000000 0.0000000
vn 0.0000000 1.0000000 0.0000000
vn 0.0000000 1.0000000 0.0000000
vn 0.0000000 1.0000000 0.0000000
vn -0.3503995 0.8202090 0.4521917
vn -0.3503995 0.8202090 0.4521917
vn -0.3503995 0.8202090 0.4521917
vn -0.3503995 0.8202090 0.4521917
vn -0.5874082 0.8067072 0.0646149
vn -0.5874082 0.8067072 0.0646149
vn -0.5874082 0.8067072 0.0646149
vn -0.5874082 0.8067072 0.0646149
vn -0.3444491 0.8082811 -0.4775317
vn -0.3444491 0.8082811 -0.4775317
vn -0.3444491 0.8082811 -0.4775317
vn -0.3444491 0.8082811 -0.4775317
vn 0.0352110 0.7883358 -0.6142368
vn 0.0352110 0.7883358 -0.6142368
vn 0.0352110 0.7883358 -0.6142368
vn 0.0352110 0.7883358 -0.6142368
vn 0.3598854 0.8195216 -0.4459449
vn 0.3598854 0.8195216 -0.4459449
vn 0.3598854 0.8195216 -0.4459449
vn 0.3598854 0.8195216 -0.4459449
vn 0.4988286 0.8548553 -0.1428019
vn 0.4988286 0.8548553 -0.1428019
vn 0.4988286 0.8548553 -0.1428019
vn 0.4988286 0.8548553 -0.1428019
vn -0.1683320 0.8357877 0.5226120
vn -0.1683320 0.8357877 0.5226120
vn -0.1683320 0.8357877 0.5226120
vn -0.1683320 0.8357877 0.5226120
vn 0.5909211 0.8002872 0.1017480
vn 0.5909211 0.8002872 0.1017480
vn 0.5909211 0.8002872 0.1017480
vn 0.5909211 0.8002872 0.1017480
vn 0.3425590 0.8319288 0.4365179
vn 0.3425590 0.8319288 0.4365179
vn 0.3425590 0.8319288 0.4365179
vn 0.3425590 0.8319288 0.4365179
vn -0.5944204 0.2170416 0.7743109
vn -0.5944204 0.2170416 0.7743109
vn -0.5944204 0.2170416 0.7743109
vn -0.0607257 0.1469171 0.9872830
vn -0.0606259 0.0391135 0.9973939
vn -0.0606259 0.0391135 0.9973939
vn -0.0586909 -0.0704291 0.9957887
vn -0.0586909 -0.0704291 0.9957887
vn 0.5047483 -0.0293458 0.8627676
vn 0.5047483 -0.0293458 0.8627676
vn 0.5047483 -0.0293458 0.8627676
vn 0.5047483 -0.0293458 0.8627676
vn 0.9867852 0.1116007 0.1174744
vn 0.9867852 0.1116007 0.1174744
vn 0.9867852 0.1116007 0.1174744
vn 0.9867852 0.1116007 0.1174744
vn 0.0000000 -1.0000000 0.0000000
vn 0.0000000 -1.0000000 0.0000000
vn 0.0000000 -1.0000000 0.0000000
vn 0.0000000 -1.0000000 0.0000000
vn 0.0000000 -1.0000000 0.0000000
vn 0.0000000 -1.0000000 0.0000000
vn 0.0000000 -1.0000000 0.0000000
vn 0.0000000 -1.0000000 0.0000000
vn 0.0000000 -1.0000000 0.0000000
vn 0.0000000 -1.0000000 0.0000000
vn -0.3328697 -0.9202869 0.2055961
vn -0.3328697 -0.9202869 0.2055961
vn -0.3328697 -0.9202869 0.2055961
vn -0.3328697 -0.9202869 0.2055961
vn -0.1155101 -0.9730258 0.1996954
vn -0.1155101 -0.9730258 0.1996954
vn -0.1155101 -0.9730258 0.1996954
vn -0.1155101 -0.9730258 0.1996954
vn -0.3871732 -0.9210028 0.0430192
vn -0.3871732 -0.9210028 0.0430192
vn -0.3871732 -0.9210028 0.0430192
vn -0.3871732 -0.9210028 0.0430192
vn 0.0450522 -0.9049625 -0.4230994
vn 0.0450522 -0.9049625 -0.4230994
vn 0.0450522 -0.9049625 -0.4230994
vn 0.0450522 -0.9049625 -0.4230994
vn -0.2405180 -0.9112310 -0.3343788
vn -0.2405180 -0.9112310 -0.3343788
vn -0.2405180 -0.9112310 -0.3343788
vn -0.2405180 -0.9112310 -0.3343788
vn 0.2446892 -0.9063286 -0.3445223
vn 0.2446892 -0.9063286 -0.3445223
vn 0.2446892 -0.9063286 -0.3445223
vn 0.2446892 -0.9063286 -0.3445223
vn 0.1564468 -0.9758367 -0.1525356
vn 0.1564468 -0.9758367 -0.1525356
vn 0.1564468 -0.9758367 -0.1525356
vn 0.1564468 -0.9758367 -0.1525356
vn -0.0234812 -0.9392483 0.3424343
vn -0.0234812 -0.9392483 0.3424343
vn -0.0234812 -0.9392483 0.3424343
vn -0.0234812 -0.9392483 0.3424343
vn 0.2035537 -0.9786235 0.0293587
vn 0.2035537 -0.9786235 0.0293587
vn 0.2035537 -0.9786235 0.0293587
vn 0.2035537 -0.9786235 0.0293587
vn 0.1955809 -0.9211860 0.3363991
vn 0.1955809 -0.9211860 0.3363991
vn 0.1955809 -0.9211860 0.3363991
vn 0.1955809 -0.9211860 0.3363991
vn -0.2662427 0.4933321 0.8280932
vn -0.2680423 0.5830407 0.7669530
vn -0.2680423 0.5830407 0.7669530
vn -0.2659290 0.6648225 0.6980636
vn -0.5265307 -0.0880813 0.8455809
vn -0.5265307 -0.0880813 0.8455809
vn -0.5445080 -0.0274213 0.8383073
vn -0.5187658 -0.1252868 0.8456862
vn -0.5533415 0.0039105 0.8329453
vn -0.5793807 0.1722482 0.7966484
vn -0.9994624 -0.0312943 -0.0097795
vn -0.9994624 -0.0312943 -0.0097795
vn -0.9994624 -0.0312943 -0.0097795
vn -0.9994624 -0.0312943 -0.0097795
vn -0.1017083 0.0488982 -0.9936118
vn -0.1017083 0.0488982 -0.9936118
vn -0.1017083 0.0488982 -0.9936118
vn -0.1017083 0.0488982 -0.9936118
vn -0.6511499 0.0195540 -0.7586972
vn -0.6511499 0.0195540 -0.7586972
vn -0.6511499 0.0195540 -0.7586972
vn -0.6511499 0.0195540 -0.7586972
vn 0.0000000 -0.0645708 0.9979131
vn 0.0000000 -0.0645708 0.9979131
vn 0.0000000 -0.0645708 0.9979131
vn 0.0000000 -0.0645708 0.9979131
vn -0.7554973 -0.0665464 0.6517633
vn -0.7554973 -0.0665464 0.6517633
vn -0.7554973 -0.0665464 0.6517633
vn -0.7554973 -0.0665464 0.6517633
vn 0.9999234 0.0117408 0.0039136
vn 0.9999234 0.0117408 0.0039136
vn 0.9999234 0.0117408 0.0039136
vn 0.9999234 0.0117408 0.0039136
vn 0.4086109 -0.0547421 0.9110656
vn 0.4086109 -0.0547421 0.9110656
vn 0.4086109 -0.0547421 0.9110656
vn 0.4086109 -0.0547421 0.9110656
vn 0.7379486 0.0450207 -0.6733536
vn 0.7379486 0.0450207 -0.6733536
vn 0.7379486 0.0450207 -0.6733536
vn 0.7379486 0.0450207 -0.6733536
vn 0.0156640 0.0509080 -0.9985805
vn 0.0156640 0.0509080 -0.9985805
vn 0.0156640 0.0509080 -0.9985805
vn 0.0156640 0.0509080 -0.9985805
vn -0.1232620 -0.0684789 0.9900087
vn -0.1232620 -0.0684789 0.9900087
vn -0.1232620 -0.0684789 0.9900087
vn -0.1232620 -0.0684789 0.9900087
vn 0.0000000 1.0000000 0.0000000
vn 0.0000000 1.0000000 0.0000000
vn 0.0000000 1.0000000 0.0000000
vn 0.0000000 1.0000000 0.0000000
vn 0.0000000 1.0000000 0.0000000
vn 0.0000000 1.0000000 0.0000000
vn 0.0000000 1.0000000 0.0000000
vn 0.0000000 1.0000000 0.0000000
vn 0.0000000 1.0000000 0.0000000
vn 0.0000000 1.0000000 0.0000000
vn 0.0000000 1.0000000 0.0000000
vn 0.0000000 1.0000000 0.0000000
vn 0.0000000 1.0000000 0.0000000
vn 0.0000000 1.0000000 0.0000000
vn 0.0000000 1.0000000 0.0000000
vn -0.5542386 0.8323371 -0.0058753
vn -0.5542386 0.8323371 -0.0058753
vn -0.5542386 0.8323371 -0.0058753
vn -0.5542386 0.8323371 -0.0058753
vn -0.3834552 0.8392973 -0.3854116
vn -0.3834552 0.8392973 -0.3854116
vn -0.3834552 0.8392973 -0.3854116
vn -0.3834552 0.8392973 -0.3854116
vn -0.4191850 0.8422876 0.3388738
vn -0.4191850 0.8422876 0.3388738
vn -0.4191850 0.8422876 0.3388738
vn -0.4191850 0.8422876 0.3388738
vn -0.0489585 0.8048772 -0.5914184
vn -0.0489585 0.8048772 -0.5914184
vn -0.0489585 0.8048772 -0.5914184
vn -0.0489585 0.8048772 -0.5914184
vn 0.0097833 0.8081047 -0.5889576
vn 0.0097833 0.8081047 -0.5889576
vn 0.0097833 0.8081047 -0.5889576
vn 0.0097833 0.8081047 -0.5889576
vn -0.0743788 0.7868495 0.6126465
vn -0.0743788 0.7868495 0.6126465
vn -0.0743788 0.7868495 0.6126465
vn -0.0743788 0.7868495 0.6126465
vn 0.0000000 0.7931333 0.6090481
vn 0.0000000 0.7931333 0.6090481
vn 0.0000000 0.7931333 0.6090481
vn 0.0000000 0.7931333 0.6090481
vn 0.5460876 0.8377258 0.0019573
vn 0.5460876 0.8377258 0.0019573
vn 0.5460876 0.8377258 0.0019573
vn 0.5460876 0.8377258 0.0019573
vn 0.2444102 0.8016655 0.5455237
vn 0.2444102 0.8016655 0.5455237
vn 0.2444102 0.8016655 0.5455237
vn 0.2444102 0.8016655 0.5455237
vn 0.4132499 0.8284584 -0.3779963
vn 0.4132499 0.8284584 -0.3779963
vn 0.4132499 0.8284584 -0.3779963
vn 0.4132499 0.8284584 -0.3779963
vn 0.0000000 -1.0000000 0.0000000
vn 0.0000000 -1.0000000 0.0000000
vn 0.0000000 -1.0000000 0.0000000
vn 0.0000000 -1.0000000 0.0000000
vn 0.0000000 -1.0000000 0.0000000
vn 0.0000000 -1.0000000 0.0000000
vn 0.0000000 -1.0000000 0.0000000
vn 0.0000000 -1.0000000 0.0000000
vn 0.0000000 -1.0000000 0.0000000
vn 0.0000000 -1.0000000 0.0000000
vn -0.2601520 -0.9173779 -0.3012286
vn -0.2601520 -0.9173779 -0.3012286
vn -0.2601520 -0.9173779 -0.3012286
vn -0.2601520 -0.9173779 -0.3012286
vn -0.3680104 -0.9298134 -0.0039150
vn -0.3680104 -0.9298134 -0.0039150
vn -0.3680104 -0.9298134 -0.0039150
vn -0.3680104 -0.9298134 -0.0039150
vn -0.2858238 -0.9259907 0.2466698
vn -0.2858238 -0.9259907 0.2466698
vn -0.2858238 -0.9259907 0.2466698
vn -0.2858238 -0.9259907 0.2466698
vn -0.0430918 -0.9068865 -0.4191657
vn -0.0430918 -0.9068865 -0.4191657
vn -0.0430918 -0.9068865 -0.4191657
vn -0.0430918 -0.9068865 -0.4191657
vn 0.0078290 -0.9062054 -0.4227654
vn 0.0078290 -0.9062054 -0.4227654
vn 0.0078290 -0.9062054 -0.4227654
vn 0.0078290 -0.9062054 -0.4227654
vn -0.0489102 -0.9155989 0.3991072
vn -0.0489102 -0.9155989 0.3991072
vn -0.0489102 -0.9155989 0.3991072
vn -0.0489102 -0.9155989 0.3991072
vn 0.0000000 -0.9152574 0.4028697
vn 0.0000000 -0.9152574 0.4028697
vn 0.0000000 -0.9152574 0.4028697
vn 0.0000000 -0.9152574 0.4028697
vn 0.1624409 -0.9178891 0.3620671
vn 0.1624409 -0.9178891 0.3620671
vn 0.1624409 -0.9178891 0.3620671
vn 0.1624409 -0.9178891 0.3620671
vn 0.3737504 -0.9275272 0.0019568
vn 0.3737504 -0.9275272 0.0019568
vn 0.3737504 -0.9275272 0.0019568
vn 0.3737504 -0.9275272 0.0019568
vn 0.2934809 -0.9176167 -0.2680459
vn 0.2934809 -0.9176167 -0.2680459
vn 0.2934809 -0.9176167 -0.2680459
vn 0.2934809 -0.9176167 -0.2680459
vn 0.0000000 0.0509143 -0.9987030
vn 0.0000000 0.0509143 -0.9987030
vn 0.0000000 0.0509143 -0.9987030
vn 0.0000000 0.0509143 -0.9987030
vn -0.6108448 0.0352410 -0.7909657
vn -0.6108448 0.0352410 -0.7909657
vn -0.6108448 0.0352410 -0.7909657
vn -0.6108448 0.0352410 -0.7909657
vn 0.2408623 0.0489558 -0.9693238
vn 0.2408623 0.0489558 -0.9693238
vn 0.2408623 0.0489558 -0.9693238
vn 0.2408623 0.0489558 -0.9693238
vn 0.7402819 0.0274178 -0.6717373
vn 0.7402819 0.0274178 -0.6717373
vn 0.7402819 0.0274178 -0.6717373
vn 0.7402819 0.0274178 -0.6717373
vn 0.9998622 -0.0117401 -0.0117401
vn 0.9998622 -0.0117401 -0.0117401
vn 0.9998622 -0.0117401 -0.0117401
vn 0.9998622 -0.0117401 -0.0117401
vn 0.5086495 -0.0606467 0.8588351
vn 0.5086495 -0.0606467 0.8588351
vn 0.5086495 -0.0606467 0.8588351
vn 0.5086495 -0.0606467 0.8588351
vn -0.9999311 -0.0117409 0.0000000
vn -0.9999311 -0.0117409 0.0000000
vn -0.9999311 -0.0117409 0.0000000
vn -0.9999311 -0.0117409 0.0000000
vn -0.5505075 -0.0607322 0.8326182
vn -0.5505075 -0.0607322 0.8326182
vn -0.5505075 -0.0607322 0.8326182
vn -0.5505075 -0.0607322 0.8326182
vn -0.3481207 0.8214084 -0.4517746
vn -0.3481207 0.8214084 -0.4517746
vn -0.3481207 0.8214084 -0.4517746
vn -0.3481207 0.8214084 -0.4517746
vn 0.0000000 0.8106792 -0.5854906
vn 0.0000000 0.8106792 -0.5854906
vn 0.0000000 0.8106792 -0.5854906
vn 0.0000000 0.8106792 -0.5854906
vn 0.1409518 0.8124303 -0.5657647
vn 0.1409518 0.8124303 -0.5657647
vn 0.1409518 0.8124303 -0.5657647
vn 0.1409518 0.8124303 -0.5657647
vn -0.5497243 0.8353462 0.0000000
vn -0.5497243 0.8353462 0.0000000
vn -0.5497243 0.8353462 0.0000000
vn -0.5497243 0.8353462 0.0000000
vn 0.4171645 0.8264951 -0.3779942
vn 0.4171645 0.8264951 -0.3779942
vn 0.4171645 0.8264951 -0.3779942
vn 0.4171645 0.8264951 -0.3779942
vn 0.5497148 0.8353318 -0.0058688
vn 0.5497148 0.8353318 -0.0058688
vn 0.5497148 0.8353318 -0.0058688
vn 0.5497148 0.8353318 -0.0058688
vn 0.3033582 0.8043885 0.5108160
vn 0.3033582 0.8043885 0.5108160
vn 0.3033582 0.8043885 0.5108160
vn 0.3033582 0.8043885 0.5108160
vn 0.0254657 0.8305730 0.5563272
vn 0.0254657 0.8305730 0.5563272
vn 0.0254657 0.8305730 0.5563272
vn 0.0254657 0.8305730 0.5563272
vn -0.3268002 0.8062375 0.4931356
vn -0.3268002 0.8062375 0.4931356
vn -0.3268002 0.8062375 0.4931356
vn -0.3268002 0.8062375 0.4931356
vn 0.0000000 -0.0645708 0.9979131
vn 0.0000000 -0.0645708 0.9979131
vn 0.0000000 -0.0645708 0.9979131
vn 0.0000000 -0.0645708 0.9979131
vn 0.0000000 -0.0645708 0.9979131
vn 0.0000000 -0.0645708 0.9979131
vn 0.0000000 -0.0645708 0.9979131
vn 0.0000000 -0.0645708 0.9979131
vn -0.0195597 0.8312888 0.5554965
vn -0.0195597 0.8312888 0.5554965
vn -0.0195597 0.8312888 0.5554965
vn -0.0195597 0.8312888 0.5554965
vn 0.0000000 0.8744340 0.4851446
vn 0.0000000 0.8744340 0.4851446
vn 0.0000000 0.8744340 0.4851446
vn 0.0000000 0.8744340 0.4851446
vn -0.0489604 0.9987930 -0.0039168
vn -0.0312953 0.9994930 0.0058679
vn -0.0215204 0.9997206 0.0097820
vn -0.0078266 0.9998468 0.0156532
vn -0.0078266 0.9998468 0.0156532
vn -0.0078266 0.9998468 0.0156532
vn 0.0509139 0.9986954 -0.0039165
vn 0.0254313 0.9996459 0.0078250
vn 0.0509139 0.9986954 -0.0039165
vn -0.0078266 0.9998468 0.0156532
vn 0.0254313 0.9996459 0.0078250
vn -0.0078266 0.9998468 0.0156532
vn 0.0000000 1.0000000 0.0000000
vn 0.0000000 1.0000000 0.0000000
vn 0.0000000 1.0000000 0.0000000
vn 0.0000000 -1.0000000 0.0000000
vn 0.0000000 -1.0000000 0.0000000
vn 0.0000000 -1.0000000 0.0000000
vn 0.0000000 -1.0000000 0.0000000
vn 0.0000000 -1.0000000 0.0000000
vn 0.0000000 -1.0000000 0.0000000
vn 0.0000000 -1.0000000 0.0000000
vn 0.0000000 -1.0000000 0.0000000
vn 0.0000000 -1.0000000 0.0000000
vn 0.0000000 -1.0000000 0.0000000
vn 0.0000000 -1.0000000 0.0000000
vn 0.0000000 -0.9062331 -0.4227783
vn 0.0000000 -0.9062331 -0.4227783
vn 0.0000000 -0.9062331 -0.4227783
vn 0.0000000 -0.9062331 -0.4227783
vn -0.2464112 -0.9152416 -0.3187700
vn -0.2464112 -0.9152416 -0.3187700
vn -0.2464112 -0.9152416 -0.3187700
vn -0.2464112 -0.9152416 -0.3187700
vn 0.0997967 -0.9079540 -0.4070138
vn 0.0997967 -0.9079540 -0.4070138
vn 0.0997967 -0.9079540 -0.4070138
vn 0.0997967 -0.9079540 -0.4070138
vn -0.2154975 -0.9207619 0.3252052
vn -0.2154975 -0.9207619 0.3252052
vn -0.2154975 -0.9207619 0.3252052
vn -0.2154975 -0.9207619 0.3252052
vn -0.3697038 -0.9291497 0.0000000
vn -0.3697038 -0.9291497 0.0000000
vn -0.3697038 -0.9291497 0.0000000
vn -0.3697038 -0.9291497 0.0000000
vn 0.2914707 -0.9194043 -0.2640842
vn 0.2914707 -0.9194043 -0.2640842
vn 0.2914707 -0.9194043 -0.2640842
vn 0.2914707 -0.9194043 -0.2640842
vn 0.3697009 -0.9291426 -0.0039122
vn 0.3697009 -0.9291426 -0.0039122
vn 0.3697009 -0.9291426 -0.0039122
vn 0.3697009 -0.9291426 -0.0039122
vn 0.1996977 -0.9201758 0.3367452
vn 0.1996977 -0.9201758 0.3367452
vn 0.1996977 -0.9201758 0.3367452
vn 0.1996977 -0.9201758 0.3367452
vn 0.0000000 -0.9152574 0.4028697
vn 0.0000000 -0.9152574 0.4028697
vn 0.0000000 -0.9152574 0.4028697
vn 0.0000000 -0.9152574 0.4028697
vn 0.0000000 -0.9152574 0.4028697
vn 0.0000000 -0.9152574 0.4028697
vn 0.0000000 -0.9152574 0.4028697
vn 0.0000000 -0.9152574 0.4028697
vn -0.9984791 0.0548185 -0.0058734
vn -0.9984791 0.0548185 -0.0058734
vn -0.9984791 0.0548185 -0.0058734
vn -0.9984791 0.0548185 -0.0058734
vn 0.4849257 -0.4028011 0.7762721
vn 0.4849257 -0.4028011 0.7762721
vn 0.4849257 -0.4028011 0.7762721
vn 0.4849257 -0.4028011 0.7762721
vn 0.0391654 -0.0939970 0.9948018
vn 0.0391654 -0.0939970 0.9948018
vn 0.0391654 -0.0939970 0.9948018
vn 0.0391654 -0.0939970 0.9948018
vn -0.0371699 -0.1741116 0.9840242
vn -0.0371699 -0.1741116 0.9840242
vn -0.0371699 -0.1741116 0.9840242
vn -0.8569001 0.0313023 0.5145313
vn -0.8569001 0.0313023 0.5145313
vn -0.8569001 0.0313023 0.5145313
vn -0.8569001 0.0313023 0.5145313
vn 0.0000000 1.0000000 0.0000000
vn 0.0000000 1.0000000 0.0000000
vn 0.0000000 1.0000000 0.0000000
vn 0.0000000 1.0000000 0.0000000
vn 0.5888731 0.8079887 0.0195639
vn 0.5888731 0.8079887 0.0195639
vn 0.5888731 0.8079887 0.0195639
vn 0.5888731 0.8079887 0.0195639
vn -0.5672714 0.8235216 -0.0039122
vn -0.5672714 0.8235216 -0.0039122
vn -0.5672714 0.8235216 -0.0039122
vn -0.5672714 0.8235216 -0.0039122
vn -0.0176224 0.7930101 0.6089535
vn -0.0176224 0.7930101 0.6089535
vn -0.0176224 0.7930101 0.6089535
vn -0.0176224 0.7930101 0.6089535
vn 0.4578415 0.7924180 0.4030570
vn 0.4578415 0.7924180 0.4030570
vn 0.4578415 0.7924180 0.4030570
vn 0.4578415 0.7924180 0.4030570
vn -0.4929516 0.8176736 0.2973359
vn -0.4929516 0.8176736 0.2973359
vn -0.4929516 0.8176736 0.2973359
vn -0.4929516 0.8176736 0.2973359
vn 0.6437850 -0.0782717 0.7611927
vn 0.6437850 -0.0782717 0.7611927
vn 0.6437850 -0.0782717 0.7611927
vn 0.6437850 -0.0782717 0.7611927
vn 0.9910506 0.1292675 0.0332962
vn 0.9910506 0.1292675 0.0332962
vn 0.9910506 0.1292675 0.0332962
vn 0.9930225 -0.0626760 0.0998898
vn 0.9930225 -0.0626760 0.0998898
vn 0.9930225 -0.0626760 0.0998898
vn 0.9922235 -0.1193800 -0.0352269
vn 0.9922235 -0.1193800 -0.0352269
vn 0.9922235 -0.1193800 -0.0352269
vn 0.9922235 -0.1193800 -0.0352269
vn 0.9806822 -0.1859577 0.0606809
vn 0.9806822 -0.1859577 0.0606809
vn 0.9806822 -0.1859577 0.0606809
vn 0.9806822 -0.1859577 0.0606809
vn 0.0000000 -1.0000000 0.0000000
vn 0.0000000 -1.0000000 0.0000000
vn 0.0000000 -1.0000000 0.0000000
vn 0.0000000 -1.0000000 0.0000000
vn 0.0000000 -1.0000000 0.0000000
vn 0.0000000 -1.0000000 0.0000000
vn 0.0000000 -1.0000000 0.0000000
vn 0.0000000 -1.0000000 0.0000000
vn 0.0000000 -1.0000000 0.0000000
vn 0.0000000 -1.0000000 0.0000000
vn 0.5496570 -0.8352439 -0.0156486
vn 0.5496570 -0.8352439 -0.0156486
vn 0.5496570 -0.8352439 -0.0156486
vn 0.5496570 -0.8352439 -0.0156486
vn -0.4068635 -0.9134869 -0.0019561
vn -0.4068635 -0.9134869 -0.0019561
vn -0.4068635 -0.9134869 -0.0019561
vn -0.4068635 -0.9134869 -0.0019561
vn 0.5987479 -0.7983305 0.0645709
vn 0.5987479 -0.7983305 0.0645709
vn 0.5987479 -0.7983305 0.0645709
vn 0.5987479 -0.7983305 0.0645709
vn -0.3482693 -0.9137176 0.2093529
vn -0.3482693 -0.9137176 0.2093529
vn -0.3482693 -0.9137176 0.2093529
vn -0.3482693 -0.9137176 0.2093529
vn 0.2464031 -0.8858781 0.3930718
vn 0.2464031 -0.8858781 0.3930718
vn 0.2464031 -0.8858781 0.3930718
vn 0.2464031 -0.8858781 0.3930718
vn 0.0469374 -0.8878982 0.4576392
vn 0.0469374 -0.8878982 0.4576392
vn 0.0469374 -0.8878982 0.4576392
vn 0.0469374 -0.8878982 0.4576392
vn 0.0000000 1.0000000 0.0000000
vn 0.0000000 1.0000000 0.0000000
vn 0.0000000 1.0000000 0.0000000
vn 0.0000000 1.0000000 0.0000000
vn 0.8236903 0.2465201 0.5106488
vn 0.8236903 0.2465201 0.5106488
vn 0.8236903 0.2465201 0.5106488
vn -0.9746642 0.0606719 -0.2152873
vn -0.9746642 0.0606719 -0.2152873
vn -0.9746642 0.0606719 -0.2152873
vn -0.9746642 0.0606719 -0.2152873
vn 0.0195549 0.0332433 -0.9992560
vn 0.0195549 0.0332433 -0.9992560
vn 0.0195549 0.0332433 -0.9992560
vn 0.0195549 0.0332433 -0.9992560
vn 0.9949506 0.0998868 -0.0097928
vn 0.9949506 0.0998868 -0.0097928
vn 0.9949506 0.0998868 -0.0097928
vn -0.5835559 -0.0469978 0.8107119
vn -0.5835559 -0.0469978 0.8107119
vn -0.5835559 -0.0469978 0.8107119
vn -0.9888189 0.0587417 -0.1370640
vn -0.9888189 0.0587417 -0.1370640
vn -0.9888189 0.0587417 -0.1370640
vn -0.9888189 0.0587417 -0.1370640
vn 0.3250026 0.0117471 -0.9456402
vn 0.3250026 0.0117471 -0.9456402
vn 0.3250026 0.0117471 -0.9456402
vn 0.3250026 0.0117471 -0.9456402
vn -0.6541818 0.0215449 0.7560304
vn -0.6541818 0.0215449 0.7560304
vn -0.6541818 0.0215449 0.7560304
vn -0.6541818 0.0215449 0.7560304
vn 0.0000000 1.0000000 0.0000000
vn 0.0000000 1.0000000 0.0000000
vn 0.0000000 1.0000000 0.0000000
vn 0.0000000 1.0000000 0.0000000
vn 0.0000000 1.0000000 0.0000000
vn 0.0000000 1.0000000 0.0000000
vn 0.0000000 1.0000000 0.0000000
vn 0.0000000 1.0000000 0.0000000
vn 0.0000000 1.0000000 0.0000000
vn 0.0000000 1.0000000 0.0000000
vn 0.0000000 1.0000000 0.0000000
vn 0.0000000 1.0000000 0.0000000
vn 0.1720980 0.2659697 0.9484948
vn 0.1720980 0.2659697 0.9484948
vn 0.1720980 0.2659697 0.9484948
vn -0.4189247 0.0548126 -0.9063651
vn -0.4189247 0.0548126 -0.9063651
vn -0.4189247 0.0548126 -0.9063651
vn -0.4189247 0.0548126 -0.9063651
vn -0.9719683 0.0449804 0.2307692
vn -0.9719683 0.0449804 0.2307692
vn -0.9719683 0.0449804 0.2307692
vn -0.9719683 0.0449804 0.2307692
vn -0.5500148 0.8260010 -0.1233130
vn -0.5500148 0.8260010 -0.1233130
vn -0.5500148 0.8260010 -0.1233130
vn -0.5500148 0.8260010 -0.1233130
vn -0.5617159 0.8239805 -0.0743735
vn -0.5617159 0.8239805 -0.0743735
vn -0.5617159 0.8239805 -0.0743735
vn -0.5617159 0.8239805 -0.0743735
vn -0.5536793 0.8217149 0.1349961
vn -0.5536793 0.8217149 0.1349961
vn -0.5536793 0.8217149 0.1349961
vn -0.5536793 0.8217149 0.1349961
vn 0.6012112 0.7990038 -0.0117501
vn 0.6012112 0.7990038 -0.0117501
vn 0.6012112 0.7990038 -0.0117501
vn 0.6012112 0.7990038 -0.0117501
vn 0.4935553 0.8127995 0.3094514
vn 0.4935553 0.8127995 0.3094514
vn 0.4935553 0.8127995 0.3094514
vn 0.4935553 0.8127995 0.3094514
vn 0.5636839 0.8024666 -0.1957236
vn 0.5636839 0.8024666 -0.1957236
vn 0.5636839 0.8024666 -0.1957236
vn 0.5636839 0.8024666 -0.1957236
vn 0.0136901 0.8096739 -0.5867203
vn 0.0136901 0.8096739 -0.5867203
vn 0.0136901 0.8096739 -0.5867203
vn 0.0136901 0.8096739 -0.5867203
vn -0.2581673 0.8214413 -0.5085113
vn -0.2581673 0.8214413 -0.5085113
vn -0.2581673 0.8214413 -0.5085113
vn -0.2581673 0.8214413 -0.5085113
vn 0.1958463 0.8049282 -0.5601204
vn 0.1958463 0.8049282 -0.5601204
vn 0.1958463 0.8049282 -0.5601204
vn 0.1958463 0.8049282 -0.5601204
vn 0.1075547 0.7939492 0.5983951
vn 0.1075547 0.7939492 0.5983951
vn 0.1075547 0.7939492 0.5983951
vn 0.1075547 0.7939492 0.5983951
vn -0.3365685 0.8081557 0.4833280
vn -0.3365685 0.8081557 0.4833280
vn -0.3365685 0.8081557 0.4833280
vn -0.3365685 0.8081557 0.4833280
vn -0.3895504 0.8045487 0.4482765
vn -0.3895504 0.8045487 0.4482765
vn -0.3895504 0.8045487 0.4482765
vn -0.3895504 0.8045487 0.4482765
vn 0.9948533 -0.0763765 0.0665847
vn 0.9948533 -0.0763765 0.0665847
vn 0.9948533 -0.0763765 0.0665847
vn 0.9948533 -0.0763765 0.0665847
vn 0.9045254 -0.1057237 0.4131058
vn 0.9045254 -0.1057237 0.4131058
vn 0.9045254 -0.1057237 0.4131058
vn 0.9045254 -0.1057237 0.4131058
vn 0.1291971 -0.1174519 0.9846386
vn 0.1291971 -0.1174519 0.9846386
vn 0.1291971 -0.1174519 0.9846386
vn 0.1291971 -0.1174519 0.9846386
vn 0.8785717 -0.0450048 -0.4754854
vn 0.8785717 -0.0450048 -0.4754854
vn 0.8785717 -0.0450048 -0.4754854
vn 0.8785717 -0.0450048 -0.4754854
vn 0.9320424 0.1057359 -0.3465787
vn 0.9320424 0.1057359 -0.3465787
vn 0.9320424 0.1057359 -0.3465787
vn 0.0019564 0.1271641 0.9918798
vn 0.0019564 0.1271641 0.9918798
vn 0.0019564 0.1271641 0.9918798
vn -0.5681210 0.0156723 0.8227958
vn -0.5681210 0.0156723 0.8227958
vn -0.5681210 0.0156723 0.8227958
vn -0.6300055 0.0763050 0.7728328
vn -0.6300055 0.0763050 0.7728328
vn -0.6300055 0.0763050 0.7728328
vn -0.6300055 0.0763050 0.7728328
vn 0.0000000 -1.0000000 0.0000000
vn 0.0000000 -1.0000000 0.0000000
vn 0.0000000 -1.0000000 0.0000000
vn 0.0000000 -1.0000000 0.0000000
vn 0.0000000 -1.0000000 0.0000000
vn 0.0000000 -1.0000000 0.0000000
vn 0.0000000 -1.0000000 0.0000000
vn 0.0000000 -1.0000000 0.0000000
vn 0.0000000 -1.0000000 0.0000000
vn 0.0000000 -1.0000000 0.0000000
vn 0.0000000 -1.0000000 0.0000000
vn 0.0000000 -1.0000000 0.0000000
vn 0.0000000 -1.0000000 0.0000000
vn 0.0000000 -1.0000000 0.0000000
vn -0.3994651 -0.9125037 -0.0881173
vn -0.3994651 -0.9125037 -0.0881173
vn -0.3994651 -0.9125037 -0.0881173
vn -0.3994651 -0.9125037 -0.0881173
vn -0.4029421 -0.9134659 -0.0567249
vn -0.4029421 -0.9134659 -0.0567249
vn -0.4029421 -0.9134659 -0.0567249
vn -0.4029421 -0.9134659 -0.0567249
vn -0.3953177 -0.9139276 0.0919799
vn -0.3953177 -0.9139276 0.0919799
vn -0.3953177 -0.9139276 0.0919799
vn -0.3953177 -0.9139276 0.0919799
vn 0.3445124 -0.9239197 0.1663838
vn 0.3445124 -0.9239197 0.1663838
vn 0.3445124 -0.9239197 0.1663838
vn 0.3445124 -0.9239197 0.1663838
vn 0.3857602 -0.9222998 0.0234981
vn 0.3857602 -0.9222998 0.0234981
vn 0.3857602 -0.9222998 0.0234981
vn 0.3857602 -0.9222998 0.0234981
vn 0.3480115 -0.9189069 -0.1857365
vn 0.3480115 -0.9189069 -0.1857365
vn 0.3480115 -0.9189069 -0.1857365
vn 0.3480115 -0.9189069 -0.1857365
vn -0.1760241 -0.9075023 -0.3813857
vn -0.1760241 -0.9075023 -0.3813857
vn -0.1760241 -0.9075023 -0.3813857
vn -0.1760241 -0.9075023 -0.3813857
vn 0.0078280 -0.9080461 -0.4187971
vn 0.0078280 -0.9080461 -0.4187971
vn 0.0078280 -0.9080461 -0.4187971
vn 0.0078280 -0.9080461 -0.4187971
vn 0.1350643 -0.9102158 -0.3914906
vn 0.1350643 -0.9102158 -0.3914906
vn 0.1350643 -0.9102158 -0.3914906
vn 0.1350643 -0.9102158 -0.3914906
vn 0.0978195 -0.9175465 0.3854087
vn 0.0978195 -0.9175465 0.3854087
vn 0.0978195 -0.9175465 0.3854087
vn 0.0978195 -0.9175465 0.3854087
vn -0.2056434 -0.9322497 0.2976932
vn -0.2056434 -0.9322497 0.2976932
vn -0.2056434 -0.9322497 0.2976932
vn -0.2056434 -0.9322497 0.2976932
vn -0.2660872 -0.9136966 0.3071743
vn -0.2660872 -0.9136966 0.3071743
vn -0.2660872 -0.9136966 0.3071743
vn -0.2660872 -0.9136966 0.3071743
vn -0.3578295 -0.9053284 0.2287763
vn -0.3578295 -0.9053284 0.2287763
vn -0.3578295 -0.9053284 0.2287763
vn 0.7643793 -0.0840622 0.6392635
vn 0.7643793 -0.0840622 0.6392635
vn 0.7643793 -0.0840622 0.6392635
vn 0.7643793 -0.0840622 0.6392635
vn -0.1507981 0.0548357 -0.9870425
vn -0.1507981 0.0548357 -0.9870425
vn -0.1507981 0.0548357 -0.9870425
vn -0.1507981 0.0548357 -0.9870425
vn -0.5951387 0.0685193 -0.8006966
vn -0.5951387 0.0685193 -0.8006966
vn -0.5951387 0.0685193 -0.8006966
vn -0.5951387 0.0685193 -0.8006966
vn 0.6338652 -0.0841241 0.7688550
vn 0.6338652 -0.0841241 0.7688550
vn 0.6338652 -0.0841241 0.7688550
vn 0.6338652 -0.0841241 0.7688550
vn 0.6277858 0.0039114 -0.7783763
vn 0.6277858 0.0039114 -0.7783763
vn 0.6277858 0.0039114 -0.7783763
vn 0.6277858 0.0039114 -0.7783763
vn -0.9916824 0.0371636 0.1232268
vn -0.9916824 0.0371636 0.1232268
vn -0.9916824 0.0371636 0.1232268
vn -0.9916824 0.0371636 0.1232268
vn -0.9201758 0.0548190 -0.3876486
vn -0.9201758 0.0548190 -0.3876486
vn -0.9201758 0.0548190 -0.3876486
vn -0.9201758 0.0548190 -0.3876486
vn 0.9916236 -0.0684553 0.1095284
vn 0.9916236 -0.0684553 0.1095284
vn 0.9916236 -0.0684553 0.1095284
vn 0.9916236 -0.0684553 0.1095284
vn -0.5205918 -0.0293567 0.8533009
vn -0.5205918 -0.0293567 0.8533009
vn -0.5205918 -0.0293567 0.8533009
vn -0.5205918 -0.0293567 0.8533009
vn 0.0000000 1.0000000 0.0000000
vn 0.0000000 1.0000000 0.0000000
vn 0.0000000 1.0000000 0.0000000
vn 0.0000000 1.0000000 0.0000000
vn 0.0000000 1.0000000 0.0000000
vn 0.0000000 1.0000000 0.0000000
vn -0.0273794 0.9993496 0.0234681
vn -0.0176076 0.9997225 0.0156512
vn -0.0528089 0.9975008 0.0469412
vn -0.0528089 0.9975008 0.0469412
vn 0.2268526 0.7959397 0.5612646
vn 0.2268526 0.7959397 0.5612646
vn 0.2268526 0.7959397 0.5612646
vn 0.4660900 0.7990114 0.3799222
vn 0.4660900 0.7990114 0.3799222
vn 0.4660900 0.7990114 0.3799222
vn 0.4660900 0.7990114 0.3799222
vn 0.5874082 0.8067072 0.0646149
vn 0.5874082 0.8067072 0.0646149
vn 0.5874082 0.8067072 0.0646149
vn 0.5874082 0.8067072 0.0646149
vn 0.3693316 0.8090120 -0.4572677
vn 0.3693316 0.8090120 -0.4572677
vn 0.3693316 0.8090120 -0.4572677
vn 0.3693316 0.8090120 -0.4572677
vn -0.0762717 0.7900970 -0.6082182
vn -0.0762717 0.7900970 -0.6082182
vn -0.0762717 0.7900970 -0.6082182
vn -0.0762717 0.7900970 -0.6082182
vn -0.3422058 0.8173828 -0.4634443
vn -0.3422058 0.8173828 -0.4634443
vn -0.3422058 0.8173828 -0.4634443
vn -0.3422058 0.8173828 -0.4634443
vn -0.4755710 0.8689444 -0.1369957
vn -0.4755710 0.8689444 -0.1369957
vn -0.4755710 0.8689444 -0.1369957
vn -0.4755710 0.8689444 -0.1369957
vn 0.0900665 0.7773130 0.6226336
vn 0.0900665 0.7773130 0.6226336
vn 0.0900665 0.7773130 0.6226336
vn 0.0900665 0.7773130 0.6226336
vn -0.5555390 0.8254840 0.0997623
vn -0.5555390 0.8254840 0.0997623
vn -0.5555390 0.8254840 0.0997623
vn -0.5555390 0.8254840 0.0997623
vn -0.3169691 0.8041621 0.5028459
vn -0.3169691 0.8041621 0.5028459
vn -0.3169691 0.8041621 0.5028459
vn -0.3169691 0.8041621 0.5028459
vn 0.3754665 -0.0586666 0.9249774
vn 0.3754665 -0.0586666 0.9249774
vn 0.3754665 -0.0586666 0.9249774
vn 0.3230714 -0.1527247 0.9339700
vn 0.3230714 -0.1527247 0.9339700
vn 0.3230714 -0.1527247 0.9339700
vn 0.3230714 -0.1527247 0.9339700
vn 0.3851809 0.7957799 0.4673008
vn 0.3851809 0.7957799 0.4673008
vn 0.3851809 0.7957799 0.4673008
vn 0.2287422 0.8915080 0.3910122
vn 0.2287422 0.8915080 0.3910122
vn 0.2287422 0.8915080 0.3910122
vn 0.2209506 -0.0547488 0.9737471
vn 0.2209506 -0.0547488 0.9737471
vn 0.2209506 -0.0547488 0.9737471
vn 0.2112908 -0.0782559 0.9742855
vn 0.2112908 -0.0782559 0.9742855
vn 0.2112908 -0.0782559 0.9742855
vn 0.2112908 -0.0782559 0.9742855
vn 0.0000000 -1.0000000 0.0000000
vn 0.0000000 -1.0000000 0.0000000
vn 0.0000000 -1.0000000 0.0000000
vn 0.0000000 -1.0000000 0.0000000
vn 0.0000000 -1.0000000 0.0000000
vn 0.0000000 -1.0000000 0.0000000
vn 0.0000000 -1.0000000 0.0000000
vn 0.0000000 -1.0000000 0.0000000
vn 0.0000000 -1.0000000 0.0000000
vn 0.0000000 -1.0000000 0.0000000
vn 0.2503991 -0.9194343 0.3032177
vn 0.2503991 -0.9194343 0.3032177
vn 0.2503991 -0.9194343 0.3032177
vn 0.2503991 -0.9194343 0.3032177
vn 0.2991192 -0.9208180 0.2502435
vn 0.2991192 -0.9208180 0.2502435
vn 0.2991192 -0.9208180 0.2502435
vn 0.2991192 -0.9208180 0.2502435
vn 0.3838410 -0.9223935 0.0430842
vn 0.3838410 -0.9223935 0.0430842
vn 0.3838410 -0.9223935 0.0430842
vn 0.3838410 -0.9223935 0.0430842
vn 0.2561772 -0.9132423 -0.3167993
vn 0.2561772 -0.9132423 -0.3167993
vn 0.2561772 -0.9132423 -0.3167993
vn 0.2561772 -0.9132423 -0.3167993
vn -0.0645628 -0.9058359 -0.4186801
vn -0.0645628 -0.9058359 -0.4186801
vn -0.0645628 -0.9058359 -0.4186801
vn -0.0645628 -0.9058359 -0.4186801
vn -0.2504206 -0.9077750 -0.3365028
vn -0.2504206 -0.9077750 -0.3365028
vn -0.2504206 -0.9077750 -0.3365028
vn -0.2504206 -0.9077750 -0.3365028
vn -0.3798260 -0.9123655 -0.1527136
vn -0.3798260 -0.9123655 -0.1527136
vn -0.3798260 -0.9123655 -0.1527136
vn -0.3798260 -0.9123655 -0.1527136
vn -0.4015057 -0.9146495 0.0470055
vn -0.4015057 -0.9146495 0.0470055
vn -0.4015057 -0.9146495 0.0470055
vn -0.4015057 -0.9146495 0.0470055
vn 0.1037991 -0.9322337 0.3466499
vn 0.1037991 -0.9322337 0.3466499
vn 0.1037991 -0.9322337 0.3466499
vn 0.1037991 -0.9322337 0.3466499
vn -0.2056067 -0.9144601 0.3485522
vn -0.2056067 -0.9144601 0.3485522
vn -0.2056067 -0.9144601 0.3485522
vn -0.2056067 -0.9144601 0.3485522
vn -0.0508297 -0.9286186 0.3675375
vn -0.0508297 -0.9286186 0.3675375
vn -0.0508297 -0.9286186 0.3675375
vn 0.9992789 -0.0312886 -0.0215109
vn 0.9992789 -0.0312886 -0.0215109
vn 0.9992789 -0.0312886 -0.0215109
vn 0.9992789 -0.0312886 -0.0215109
vn 0.1055773 0.0488784 -0.9932091
vn 0.1055773 0.0488784 -0.9932091
vn 0.1055773 0.0488784 -0.9932091
vn 0.1055773 0.0488784 -0.9932091
vn 0.3579445 0.0371636 -0.9330030
vn 0.3579445 0.0371636 -0.9330030
vn 0.3579445 0.0371636 -0.9330030
vn 0.3579445 0.0371636 -0.9330030
vn 0.0000000 -0.0665190 0.9977852
vn 0.0000000 -0.0665190 0.9977852
vn 0.0000000 -0.0665190 0.9977852
vn 0.0000000 -0.0665190 0.9977852
vn 0.7553975 -0.0684946 0.6516771
vn 0.7553975 -0.0684946 0.6516771
vn 0.7553975 -0.0684946 0.6516771
vn 0.7553975 -0.0684946 0.6516771
vn -0.9999234 0.0117408 0.0039136
vn -0.9999234 0.0117408 0.0039136
vn -0.9999234 0.0117408 0.0039136
vn -0.9999234 0.0117408 0.0039136
vn -0.4086109 -0.0547421 0.9110656
vn -0.4086109 -0.0547421 0.9110656
vn -0.4086109 -0.0547421 0.9110656
vn -0.4086109 -0.0547421 0.9110656
vn -0.7379486 0.0450207 -0.6733536
vn -0.7379486 0.0450207 -0.6733536
vn -0.7379486 0.0450207 -0.6733536
vn -0.7379486 0.0450207 -0.6733536
vn -0.0137064 0.0509095 -0.9986092
vn -0.0137064 0.0509095 -0.9986092
vn -0.0137064 0.0509095 -0.9986092
vn -0.0137064 0.0509095 -0.9986092
vn 0.1877260 -0.0703973 0.9796954
vn 0.1877260 -0.0703973 0.9796954
vn 0.1877260 -0.0703973 0.9796954
vn 0.1877260 -0.0703973 0.9796954
vn -0.0019569 0.9999674 0.0078275
vn -0.0019569 0.9999674 0.0078275
vn -0.0019569 0.9999674 0.0078275
vn -0.0019569 0.9999674 0.0078275
vn -0.0019569 0.9999674 0.0078275
vn 0.0078274 0.9999521 0.0058706
vn -0.0019569 0.9999674 0.0078275
vn 0.0000000 1.0000000 0.0000000
vn 0.0078274 0.9999521 0.0058706
vn 0.0000000 1.0000000 0.0000000
vn -0.0019569 0.9999674 0.0078275
vn 0.0000000 1.0000000 0.0000000
vn 0.0000000 1.0000000 0.0000000
vn 0.0000000 1.0000000 0.0000000
vn 0.5542439 0.8323451 0.0039169
vn 0.5542439 0.8323451 0.0039169
vn 0.5542439 0.8323451 0.0039169
vn 0.5542439 0.8323451 0.0039169
vn 0.2093481 0.8139139 -0.5419571
vn 0.2093481 0.8139139 -0.5419571
vn 0.2093481 0.8139139 -0.5419571
vn 0.2093481 0.8139139 -0.5419571
vn 0.4191850 0.8422876 0.3388738
vn 0.4191850 0.8422876 0.3388738
vn 0.4191850 0.8422876 0.3388738
vn 0.4191850 0.8422876 0.3388738
vn 0.0626100 0.8100164 -0.5830552
vn 0.0626100 0.8100164 -0.5830552
vn 0.0626100 0.8100164 -0.5830552
vn 0.0626100 0.8100164 -0.5830552
vn -0.0078358 0.8090500 -0.5876877
vn -0.0078358 0.8090500 -0.5876877
vn -0.0078358 0.8090500 -0.5876877
vn -0.0078358 0.8090500 -0.5876877
vn 0.1527007 0.7948265 0.5873102
vn 0.1527007 0.7948265 0.5873102
vn 0.1527007 0.7948265 0.5873102
vn 0.1527007 0.7948265 0.5873102
vn 0.0058750 0.7931196 0.6090376
vn 0.0058750 0.7931196 0.6090376
vn 0.0058750 0.7931196 0.6090376
vn 0.0058750 0.7931196 0.6090376
vn -0.5460876 0.8377258 0.0019573
vn -0.5460876 0.8377258 0.0019573
vn -0.5460876 0.8377258 0.0019573
vn -0.5460876 0.8377258 0.0019573
vn -0.2444102 0.8016655 0.5455237
vn -0.2444102 0.8016655 0.5455237
vn -0.2444102 0.8016655 0.5455237
vn -0.2444102 0.8016655 0.5455237
vn -0.4132499 0.8284584 -0.3779963
vn -0.4132499 0.8284584 -0.3779963
vn -0.4132499 0.8284584 -0.3779963
vn -0.4132499 0.8284584 -0.3779963
vn 0.0548067 0.9982648 0.0215312
vn 0.0548067 0.9982648 0.0215312
vn 0.0548067 0.9982648 0.0215312
vn 0.0548067 0.9982648 0.0215312
vn 0.0000000 -1.0000000 0.0000000
vn 0.0000000 -1.0000000 0.0000000
vn 0.0000000 -1.0000000 0.0000000
vn 0.0000000 -1.0000000 0.0000000
vn 0.0000000 -1.0000000 0.0000000
vn 0.0000000 -1.0000000 0.0000000
vn 0.0000000 -1.0000000 0.0000000
vn 0.0000000 -1.0000000 0.0000000
vn 0.0000000 -1.0000000 0.0000000
vn 0.0000000 -1.0000000 0.0000000
vn 0.3680019 -0.9297921 -0.0078298
vn 0.3680019 -0.9297921 -0.0078298
vn 0.3680019 -0.9297921 -0.0078298
vn 0.3680019 -0.9297921 -0.0078298
vn 0.1487041 -0.9098341 -0.3874133
vn 0.1487041 -0.9098341 -0.3874133
vn 0.1487041 -0.9098341 -0.3874133
vn 0.1487041 -0.9098341 -0.3874133
vn 0.2858238 -0.9259907 0.2466698
vn 0.2858238 -0.9259907 0.2466698
vn 0.2858238 -0.9259907 0.2466698
vn 0.2858238 -0.9259907 0.2466698
vn 0.0450466 -0.9068083 -0.4191295
vn 0.0450466 -0.9068083 -0.4191295
vn 0.0450466 -0.9068083 -0.4191295
vn 0.0450466 -0.9068083 -0.4191295
vn -0.0058718 -0.9062175 -0.4227710
vn -0.0058718 -0.9062175 -0.4227710
vn -0.0058718 -0.9062175 -0.4227710
vn -0.0058718 -0.9062175 -0.4227710
vn 0.0763465 -0.9161583 0.3934783
vn 0.0763465 -0.9161583 0.3934783
vn 0.0763465 -0.9161583 0.3934783
vn 0.0763465 -0.9161583 0.3934783
vn 0.0000000 -0.9152574 0.4028697
vn 0.0000000 -0.9152574 0.4028697
vn 0.0000000 -0.9152574 0.4028697
vn 0.0000000 -0.9152574 0.4028697
vn -0.3737504 -0.9275272 0.0019568
vn -0.3737504 -0.9275272 0.0019568
vn -0.3737504 -0.9275272 0.0019568
vn -0.3737504 -0.9275272 0.0019568
vn -0.1624409 -0.9178891 0.3620671
vn -0.1624409 -0.9178891 0.3620671
vn -0.1624409 -0.9178891 0.3620671
vn -0.1624409 -0.9178891 0.3620671
vn -0.2934809 -0.9176167 -0.2680459
vn -0.2934809 -0.9176167 -0.2680459
vn -0.2934809 -0.9176167 -0.2680459
vn -0.2934809 -0.9176167 -0.2680459
vn -0.9999062 0.0000000 0.0136973
vn -0.9999062 0.0000000 0.0136973
vn -0.9999062 0.0000000 0.0136973
vn -0.9999062 0.0000000 0.0136973
vn -0.6678819 0.0000000 0.7442672
vn -0.6678819 0.0000000 0.7442672
vn -0.6678819 0.0000000 0.7442672
vn -0.6678819 0.0000000 0.7442672
vn 0.5049658 0.0000000 0.8631393
vn 0.5049658 0.0000000 0.8631393
vn 0.5049658 0.0000000 0.8631393
vn 0.5049658 0.0000000 0.8631393
vn 0.0509143 0.0000000 0.9987030
vn 0.0509143 0.0000000 0.9987030
vn 0.0509143 0.0000000 0.9987030
vn 0.0509143 0.0000000 0.9987030
vn -0.5341770 0.8335510 0.1408819
vn -0.5341770 0.8335510 0.1408819
vn -0.5341770 0.8335510 0.1408819
vn -0.5341770 0.8335510 0.1408819
vn -0.5636839 0.8259535 0.0078289
vn -0.5636839 0.8259535 0.0078289
vn -0.5636839 0.8259535 0.0078289
vn -0.5636839 0.8259535 0.0078289
vn 0.5788210 0.8154336 0.0058664
vn 0.5788210 0.8154336 0.0058664
vn 0.5788210 0.8154336 0.0058664
vn 0.5788210 0.8154336 0.0058664
vn 0.2993252 0.8060262 0.5106136
vn 0.2993252 0.8060262 0.5106136
vn 0.2993252 0.8060262 0.5106136
vn 0.2993252 0.8060262 0.5106136
vn 0.0312829 0.8035794 0.5943750
vn 0.0312829 0.8035794 0.5943750
vn 0.0312829 0.8035794 0.5943750
vn 0.0312829 0.8035794 0.5943750
vn -0.9661050 0.0000000 0.2581495
vn -0.9661050 0.0000000 0.2581495
vn -0.9661050 0.0000000 0.2581495
vn -0.9661050 0.0000000 0.2581495
vn -0.3893937 0.8100954 0.4383126
vn -0.3893937 0.8100954 0.4383126
vn -0.3893937 0.8100954 0.4383126
vn -0.3893937 0.8100954 0.4383126
vn 0.9999694 0.0000000 0.0078275
vn 0.9999694 0.0000000 0.0078275
vn 0.9999694 0.0000000 0.0078275
vn 0.9999694 0.0000000 0.0078275
vn -0.0176098 0.0000000 0.9998449
vn -0.0176098 0.0000000 0.9998449
vn -0.0176098 0.0000000 0.9998449
vn -0.0215214 0.0000000 0.9997684
vn -0.0176098 0.0000000 0.9998449
vn -0.0215214 0.0000000 0.9997684
vn -0.0136972 0.8022669 0.5968083
vn -0.0136972 0.8022669 0.5968083
vn -0.0136972 0.8022669 0.5968083
vn -0.0136972 0.8022669 0.5968083
vn -0.0097842 0.8023038 0.5968358
vn -0.0136972 0.8022669 0.5968083
vn 0.0078275 0.0000000 0.9999694
vn 0.0078275 0.0000000 0.9999694
vn 0.0078275 0.0000000 0.9999694
vn 0.0078275 0.0000000 0.9999694
vn 0.0039138 0.8023360 0.5968598
vn 0.0039138 0.8023360 0.5968598
vn 0.0019569 0.8023406 0.5968632
vn 0.0019569 0.8023406 0.5968632
vn -0.0097842 0.8023038 0.5968358
vn 0.0039138 0.8023360 0.5968598
vn 0.0039138 0.8023360 0.5968598
vn 0.0039138 0.8023360 0.5968598
vn 0.0039138 0.8023360 0.5968598
vn 0.0078275 0.0000000 0.9999694
vn 0.0039139 0.0000000 0.9999923
vn 0.0078275 0.0000000 0.9999694
vn 0.0039139 0.0000000 0.9999923
vn 0.0039139 0.0000000 0.9999923
vn 0.0039139 0.0000000 0.9999923
vn -0.0274187 0.8029774 0.5953784
vn -0.0274187 0.8029774 0.5953784
vn -0.0274187 0.8029774 0.5953784
vn -0.0274187 0.8029774 0.5953784
vn -0.0470068 0.0000000 0.9988946
vn -0.0470068 0.0000000 0.9988946
vn -0.0470068 0.0000000 0.9988946
vn -0.0470068 0.0000000 0.9988946
vn 0.0000000 1.0000000 0.0000000
vn 0.0000000 1.0000000 0.0000000
vn 0.0000000 1.0000000 0.0000000
vn 0.0000000 1.0000000 0.0000000
vn 0.5641206 0.8226759 0.0705151
vn 0.5641206 0.8226759 0.0705151
vn 0.5641206 0.8226759 0.0705151
vn 0.5641206 0.8226759 0.0705151
vn 0.9923679 0.0000000 0.1233120
vn 0.9923679 0.0000000 0.1233120
vn 0.9923679 0.0000000 0.1233120
vn 0.9923679 0.0000000 0.1233120
vn 0.0000000 1.0000000 0.0000000
vn 0.0000000 1.0000000 0.0000000
vn 0.0000000 1.0000000 0.0000000
vn 0.0000000 1.0000000 0.0000000
vn 0.0000000 1.0000000 0.0000000
vn 0.0000000 1.0000000 0.0000000
vn 0.0000000 1.0000000 0.0000000
vn 0.0000000 1.0000000 0.0000000
vn 0.0000000 1.0000000 0.0000000
vn 0.0000000 1.0000000 0.0000000
vn 0.0000000 1.0000000 0.0000000
vn 0.0000000 1.0000000 0.0000000
vn 0.0000000 1.0000000 0.0000000
vn 0.0000000 1.0000000 0.0000000
vn 0.0000000 1.0000000 0.0000000
vn 0.0000000 1.0000000 0.0000000
vn 0.0000000 1.0000000 0.0000000
vn 0.0000000 1.0000000 0.0000000
vn 0.0000000 1.0000000 0.0000000
vn 0.0000000 1.0000000 0.0000000
vn 0.0000000 1.0000000 0.0000000
vn 0.0000000 1.0000000 0.0000000
vn -0.4836467 0.8752633 0.0000000
vn -0.8828791 0.4541639 0.1194138
vn -0.4836467 0.8752633 0.0000000
vn 0.0000000 1.0000000 0.0000000
vn 0.0000000 1.0000000 0.0000000
vn 0.0000000 1.0000000 0.0000000
vn 0.0000000 1.0000000 0.0000000
vn 0.0000000 1.0000000 0.0000000
vn 0.0000000 1.0000000 0.0000000
vn 0.8931755 0.4465877 0.0528854
vn 0.5049619 0.8631327 -0.0039144
vn 0.5049619 0.8631327 -0.0039144
vn 0.9999828 0.0000000 -0.0058707
vn 0.9999828 0.0000000 -0.0058707
vn 0.9981577 0.0000000 0.0606723
vn 0.8931755 0.4465877 0.0528854
vn 0.7226326 0.4758800 0.5013386
vn 0.8219808 0.0000000 0.5695152
vn 0.7226326 0.4758800 0.5013386
vn 0.2778206 0.0000000 0.9606330
vn 0.8219808 0.0000000 0.5695152
vn 0.2505314 0.4306010 0.8670737
vn 0.0254543 0.4170590 0.9085229
vn 0.0273870 0.0000000 0.9996249
vn 0.0000000 0.4171941 0.9088174
vn 0.0019569 0.0000000 0.9999981
vn -0.0234974 0.4170789 0.9085665
vn -0.0254321 0.0000000 0.9996766
vn -0.3246711 0.4439780 0.8351480
vn -0.3622572 0.0000000 0.9320782
vn -1.0000000 0.0000000 0.0000000
vn -0.9908302 0.0000000 0.1351133
vn -1.0000000 0.0000000 0.0000000
vn -0.8430166 0.0000000 0.5378876
vn -0.8828791 0.4541639 0.1194138
vn -0.7496802 0.4560718 0.4795604
vn -0.3622572 0.0000000 0.9320782
vn -0.3246711 0.4439780 0.8351480
vn 0.8931755 0.4465877 0.0528854
vn 0.0000000 1.0000000 0.0000000
vn 0.7226326 0.4758800 0.5013386
vn 0.0000000 1.0000000 0.0000000
vn 0.0000000 1.0000000 0.0000000
vn 0.0000000 1.0000000 0.0000000
vn 0.7226326 0.4758800 0.5013386
vn 0.0000000 1.0000000 0.0000000
vn 0.0000000 1.0000000 0.0000000
vn 0.0000000 1.0000000 0.0000000
vn 0.0000000 1.0000000 0.0000000
vn 0.2505314 0.4306010 0.8670737
vn 0.0254543 0.4170590 0.9085229
vn 0.2505314 0.4306010 0.8670737
vn 0.0000000 1.0000000 0.0000000
vn 0.0000000 0.4171941 0.9088174
vn 0.0254543 0.4170590 0.9085229
vn 0.0000000 1.0000000 0.0000000
vn 0.0000000 1.0000000 0.0000000
vn 0.0000000 1.0000000 0.0000000
vn 0.0000000 1.0000000 0.0000000
vn -0.0234974 0.4170789 0.9085665
vn 0.0000000 1.0000000 0.0000000
vn 0.0000000 1.0000000 0.0000000
vn -0.3246711 0.4439780 0.8351480
vn -0.0234974 0.4170789 0.9085665
vn 0.0000000 1.0000000 0.0000000
vn 0.0000000 1.0000000 0.0000000
vn -0.7496802 0.4560718 0.4795604
vn -0.3246711 0.4439780 0.8351480
vn 0.0000000 1.0000000 0.0000000
vn 0.0000000 1.0000000 0.0000000
vn -0.7496802 0.4560718 0.4795604
vn -0.8828791 0.4541639 0.1194138
vn 0.0000000 1.0000000 0.0000000
vn 0.0000000 1.0000000 0.0000000
vn 0.0000000 1.0000000 0.0000000
vn 0.0000000 1.0000000 0.0000000
f 1/1/1 2/2/2 3/3/3
f 1/1/1 3/3/3 4/4/4
f 5/5/5 6/6/6 1/1/1
f 5/5/5 1/1/1 4/4/4
f 7/7/7 6/6/6 5/5/5
f 8/8/8 7/7/7 5/5/5
f 9/9/9 10/10/10 11/11/11
f 10/10/10 12/12/12 11/11/11
f 13/13/13 14/14/14 15/15/15
f 14/14/14 16/16/16 15/15/15
f 17/17/17 18/18/18 19/19/19
f 18/18/18 20/20/20 19/19/19
f 21/21/21 22/22/22 23/23/23
f 24/24/24 25/25/25 26/26/26
f 25/25/25 27/27/27 26/26/26
f 28/28/28 29/29/29 30/30/30
f 29/29/29 31/31/31 30/30/30
f 32/32/32 33/33/33 34/34/34
f 33/33/33 35/35/35 34/34/34
f 36/36/36 37/37/37 38/38/38
f 39/39/39 40/40/40 41/41/41
f 40/40/40 42/42/42 41/41/41
f 43/43/43 44/44/44 45/45/45
f 44/44/44 46/46/46 45/45/45
f 47/47/47 48/48/48 49/49/49
f 48/48/48 50/50/50 49/49/49
f 51/51/51 52/52/52 53/53/53
f 52/52/52 54/54/54 53/53/53
f 55/55/55 56/56/56 57/57/57
f 56/56/56 58/58/58 57/57/57
f 59/59/59 60/60/60 61/61/61
f 60/60/60 62/62/62 61/61/61
f 63/63/63 64/64/64 65/65/65
f 64/64/64 66/66/66 65/65/65
f 67/67/67 68/68/68 69/69/69
f 68/68/68 70/70/70 69/69/69
f 71/71/71 72/72/72 73/73/73
f 72/72/72 74/74/74 73/73/73
f 75/75/75 76/76/76 77/77/77
f 76/76/76 78/78/78 77/77/77
f 79/79/79 80/80/80 81/81/81
f 80/80/80 82/82/82 81/81/81
f 83/83/83 84/84/84 85/85/85
f 84/84/84 86/86/86 87/87/87
f 84/84/84 87/87/87 85/85/85
f 84/84/84 88/88/88 86/86/86
f 86/86/86 88/88/88 89/89/89
f 86/86/86 89/89/89 90/90/90
f 91/91/91 92/92/92 93/93/93
f 92/92/92 94/94/94 93/93/93
f 95/95/95 96/96/96 97/97/97
f 96/96/96 98/98/98 97/97/97
f 99/99/99 100/100/100 101/101/101
f 100/100/100 102/102/102 101/101/101
f 103/103/103 104/104/104 105/105/105
f 104/104/104 106/106/106 105/105/105
f 107/107/107 108/108/108 109/109/109
f 108/108/108 110/110/110 109/109/109
f 111/111/111 112/112/112 113/113/113
f 112/112/112 114/114/114 113/113/113
f 115/115/115 116/116/116 117/117/117
f 116/116/116 118/118/118 117/117/117
f 119/119/119 120/120/120 121/121/121
f 120/120/120 122/122/122 121/121/121
f 123/123/123 124/124/124 125/125/125
f 123/123/123 125/125/125 126/126/126
f 124/124/124 127/127/127 125/125/125
f 125/125/125 127/127/127 128/128/128
f 127/127/127 129/129/129 128/128/128
f 127/127/127 130/130/130 129/129/129
f 131/131/131 132/132/132 133/133/133
f 132/132/132 134/134/134 133/133/133
f 135/135/135 136/136/136 137/137/137
f 136/136/136 138/138/138 137/137/137
f 139/139/139 140/140/140 141/141/141
f 140/140/140 142/142/142 141/141/141
f 143/143/143 144/144/144 145/145/145
f 144/144/144 146/146/146 145/145/145
f 147/147/147 148/148/148 149/149/149
f 148/148/148 150/150/150 149/149/149
f 151/151/151 152/152/152 153/153/153
f 152/152/152 154/154/154 153/153/153
f 155/155/155 156/156/156 157/157/157
f 156/156/156 158/158/158 157/157/157
f 159/159/159 160/160/160 161/161/161
f 160/160/160 162/162/162 161/161/161
f 163/163/163 164/164/164 165/165/165
f 164/164/164 166/166/166 165/165/165
f 167/167/167 168/168/168 169/169/169
f 168/168/168 170/170/170 169/169/169
f 171/171/171 172/172/172 173/173/173
f 172/172/172 174/174/174 173/173/173
f 175/175/175 176/176/176 177/177/177
f 176/176/176 178/178/178 177/177/177
f 179/179/179 180/180/180 181/181/181
f 180/180/180 182/182/182 181/181/181
f 183/183/183 184/184/184 185/185/185
f 184/184/184 186/186/186 185/185/185
f 187/187/187 188/188/188 189/189/189
f 188/188/188 190/190/190 189/189/189
f 191/191/191 192/192/192 193/193/193
f 192/192/192 194/194/194 193/193/193
f 195/195/195 196/196/196 197/197/197
f 196/196/196 198/198/198 197/197/197
f 199/199/199 200/200/200 201/201/201
f 200/200/200 202/202/202 201/201/201
f 203/203/203 204/204/204 205/205/205
f 204/204/204 206/206/206 205/205/205
f 204/204/204 207/207/207 206/206/206
f 206/206/206 207/207/207 208/208/208
f 207/207/207 209/209/209 208/208/208
f 207/207/207 210/210/210 209/209/209
f 209/209/209 210/210/210 211/211/211
f 210/210/210 212/212/212 211/211/211
f 213/213/213 214/214/214 215/215/215
f 214/214/214 216/216/216 215/215/215
f 217/217/217 218/218/218 219/219/219
f 218/218/218 220/220/220 219/219/219
f 221/221/221 222/222/222 223/223/223
f 222/222/222 224/224/224 223/223/223
f 225/225/225 226/226/226 227/227/227
f 226/226/226 228/228/228 227/227/227
f 229/229/229 230/230/230 231/231/231
f 230/230/230 232/232/232 231/231/231
f 233/233/233 234/234/234 235/235/235
f 234/234/234 236/236/236 235/235/235
f 237/237/237 238/238/238 239/239/239
f 238/238/238 240/240/240 239/239/239
f 241/241/241 242/242/242 243/243/243
f 242/242/242 244/244/244 243/243/243
f 245/245/245 246/246/246 247/247/247
f 246/246/246 248/248/248 247/247/247
f 249/249/249 250/250/250 251/251/251
f 250/250/250 252/252/252 251/251/251
f 253/253/253 254/254/254 255/255/255
f 253/253/253 255/255/255 256/256/256
f 254/254/254 257/257/257 255/255/255
f 255/255/255 257/257/257 258/258/258
f 257/257/257 259/259/259 260/260/260
f 257/257/257 260/260/260 258/258/258
f 259/259/259 261/261/261 262/262/262
f 259/259/259 262/262/262 260/260/260
f 263/263/263 264/264/264 265/265/265
f 264/264/264 266/266/266 265/265/265
f 267/267/267 268/268/268 269/269/269
f 268/268/268 270/270/270 269/269/269
f 271/271/271 272/272/272 273/273/273
f 272/272/272 274/274/274 273/273/273
f 275/275/275 276/276/276 277/277/277
f 276/276/276 278/278/278 277/277/277
f 279/279/279 280/280/280 281/281/281
f 280/280/280 282/282/282 281/281/281
f 283/283/283 284/284/284 285/285/285
f 284/284/284 286/286/286 285/285/285
f 287/287/287 288/288/288 289/289/289
f 288/288/288 290/290/290 289/289/289
f 291/291/291 292/292/292 293/293/293
f 292/292/292 294/294/294 293/293/293
f 295/295/295 296/296/296 297/297/297
f 296/296/296 298/298/298 297/297/297
f 299/299/299 300/300/300 301/301/301
f 300/300/300 302/302/302 301/301/301
f 303/303/303 304/304/304 305/305/305
f 304/304/304 306/306/306 305/305/305
f 307/307/307 308/308/308 309/309/309
f 308/308/308 310/310/310 309/309/309
f 311/311/311 312/312/312 313/313/313
f 312/312/312 314/314/314 313/313/313
f 315/315/315 316/316/316 317/317/317
f 316/316/316 318/318/318 317/317/317
f 319/319/319 320/320/320 321/321/321
f 320/320/320 322/322/322 321/321/321
f 323/323/323 324/324/324 325/325/325
f 324/324/324 326/326/326 325/325/325
f 327/327/327 328/328/328 329/329/329
f 328/328/328 330/330/330 329/329/329
f 331/331/331 332/332/332 333/333/333
f 332/332/332 334/334/334 333/333/333
f 335/335/335 336/336/336 337/337/337
f 336/336/336 338/338/338 337/337/337
f 339/339/339 340/340/340 341/341/341
f 339/339/339 342/342/342 340/340/340
f 340/340/340 342/342/342 343/343/343
f 342/342/342 344/344/344 343/343/343
f 343/343/343 344/344/344 345/345/345
f 343/343/343 345/345/345 346/346/346
f 345/345/345 347/347/347 346/346/346
f 348/348/348 349/349/349 350/350/350
f 349/349/349 351/351/351 350/350/350
f 352/352/352 353/353/353 354/354/354
f 353/353/353 355/355/355 354/354/354
f 356/356/356 357/357/357 358/358/358
f 357/357/357 359/359/359 358/358/358
f 360/360/360 361/361/361 362/362/362
f 361/361/361 363/363/363 362/362/362
f 364/364/364 365/365/365 366/366/366
f 365/365/365 367/367/367 366/366/366
f 368/368/368 369/369/369 370/370/370
f 369/369/369 371/371/371 370/370/370
f 372/372/372 373/373/373 374/374/374
f 373/373/373 375/375/375 374/374/374
f 376/376/376 377/377/377 378/378/378
f 377/377/377 379/379/379 378/378/378
f 380/380/380 381/381/381 382/382/382
f 381/381/381 383/383/383 382/382/382
f 384/384/384 385/385/385 386/386/386
f 385/385/385 387/387/387 388/388/388
f 385/385/385 388/388/388 386/386/386
f 387/387/387 389/389/389 390/390/390
f 387/387/387 390/390/390 391/391/391
f 387/387/387 391/391/391 388/388/388
f 389/389/389 392/392/392 390/390/390
f 393/393/393 394/394/394 395/395/395
f 394/394/394 396/396/396 395/395/395
f 397/397/397 398/398/398 399/399/399
f 398/398/398 400/400/400 399/399/399
f 401/401/401 402/402/402 403/403/403
f 402/402/402 404/404/404 403/403/403
f 405/405/405 406/406/406 407/407/407
f 406/406/406 408/408/408 407/407/407
f 409/409/409 410/410/410 411/411/411
f 410/410/410 412/412/412 411/411/411
f 413/413/413 414/414/414 415/415/415
f 414/414/414 416/416/416 415/415/415
f 417/417/417 418/418/418 419/419/419
f 418/418/418 420/420/420 419/419/419
f 421/421/421 422/422/422 423/423/423
f 422/422/422 424/424/424 423/423/423
f 425/425/425 426/426/426 427/427/427
f 426/426/426 428/428/428 427/427/427
f 429/429/429 430/430/430 431/431/431
f 430/430/430 432/432/432 431/431/431
f 433/433/433 434/434/434 435/435/435
f 434/434/434 436/436/436 435/435/435
f 437/437/437 438/438/438 439/439/439
f 438/438/438 440/440/440 439/439/439
f 441/441/441 442/442/442 443/443/443
f 442/442/442 444/444/444 443/443/443
f 445/445/445 446/446/446 447/447/447
f 446/446/446 448/448/448 447/447/447
f 449/449/449 450/450/450 451/451/451
f 450/450/450 452/452/452 451/451/451
f 453/453/453 454/454/454 455/455/455
f 454/454/454 456/456/456 455/455/455
f 457/457/457 458/458/458 459/459/459
f 458/458/458 460/460/460 459/459/459
f 461/461/461 462/462/462 463/463/463
f 462/462/462 464/464/464 463/463/463
f 465/465/465 466/466/466 467/467/467
f 466/466/466 468/468/468 467/467/467
f 469/469/469 470/470/470 471/471/471
f 470/470/470 472/472/472 471/471/471
f 473/473/473 474/474/474 475/475/475
f 474/474/474 476/476/476 475/475/475
f 477/477/477 478/478/478 479/479/479
f 478/478/478 480/480/480 481/481/481
f 478/478/478 481/481/481 479/479/479
f 480/480/480 482/482/482 483/483/483
f 480/480/480 483/483/483 481/481/481
f 484/484/484 485/485/485 486/486/486
f 485/485/485 487/487/487 486/486/486
f 488/488/488 489/489/489 490/490/490
f 489/489/489 491/491/491 490/490/490
f 492/492/492 493/493/493 494/494/494
f 493/493/493 495/495/495 494/494/494
f 496/496/496 497/497/497 498/498/498
f 497/497/497 499/499/499 498/498/498
f 500/500/500 501/501/501 502/502/502
f 501/501/501 503/503/503 502/502/502
f 504/504/504 505/505/505 506/506/506
f 505/505/505 507/507/507 506/506/506
f 508/508/508 509/509/509 510/510/510
f 509/509/509 511/511/511 510/510/510
f 509/509/509 512/512/512 511/511/511
f 510/510/510 511/511/511 513/513/513
f 511/511/511 514/514/514 513/513/513
f 515/515/515 516/516/516 517/517/517
f 516/516/516 518/518/518 517/517/517
f 519/519/519 520/520/520 521/521/521
f 520/520/520 522/522/522 521/521/521
f 523/523/523 524/524/524 525/525/525
f 524/524/524 526/526/526 525/525/525
f 527/527/527 528/528/528 529/529/529
f 528/528/528 530/530/530 529/529/529
f 531/531/531 532/532/532 533/533/533
f 532/532/532 534/534/534 533/533/533
f 535/535/535 536/536/536 537/537/537
f 536/536/536 538/538/538 537/537/537
f 539/539/539 540/540/540 541/541/541
f 542/542/542 543/543/543 544/544/544
f 543/543/543 545/545/545 544/544/544
f 546/546/546 547/547/547 548/548/548
f 547/547/547 549/549/549 548/548/548
f 550/550/550 551/551/551 552/552/552
f 551/551/551 553/553/553 552/552/552
f 554/554/554 555/555/555 556/556/556
f 555/555/555 557/557/557 556/556/556
f 558/558/558 559/559/559 560/560/560
f 559/559/559 561/561/561 560/560/560
f 560/560/560 561/561/561 562/562/562
f 561/561/561 563/563/563 564/564/564
f 561/561/561 564/564/564 562/562/562
f 563/563/563 565/565/565 566/566/566
f 563/563/563 566/566/566 564/564/564
f 565/565/565 567/567/567 568/568/568
f 565/565/565 568/568/568 566/566/566
f 569/569/569 570/570/570 571/571/571
f 570/570/570 572/572/572 571/571/571
f 573/573/573 574/574/574 575/575/575
f 574/574/574 576/576/576 575/575/575
f 577/577/577 578/578/578 579/579/579
f 578/578/578 580/580/580 579/579/579
f 581/581/581 582/582/582 583/583/583
f 582/582/582 584/584/584 583/583/583
f 585/585/585 586/586/586 587/587/587
f 586/586/586 588/588/588 587/587/587
f 589/589/589 590/590/590 591/591/591
f 590/590/590 592/592/592 591/591/591
f 593/593/593 594/594/594 595/595/595
f 594/594/594 596/596/596 595/595/595
f 597/597/597 598/598/598 599/599/599
f 598/598/598 600/600/600 599/599/599
f 601/601/601 602/602/602 603/603/603
f 602/602/602 604/604/604 603/603/603
f 605/605/605 606/606/606 607/607/607
f 606/606/606 608/608/608 607/607/607
f 609/609/609 610/610/610 611/611/611
f 610/610/610 612/612/612 611/611/611
f 613/613/613 614/614/614 615/615/615
f 616/616/616 617/617/617 618/618/618
f 619/619/619 620/620/620 621/621/621
f 620/620/620 622/622/622 621/621/621
f 623/623/623 624/624/624 625/625/625
f 624/624/624 626/626/626 625/625/625
f 627/627/627 628/628/628 629/629/629
f 628/628/628 630/630/630 629/629/629
f 631/631/631 632/632/632 633/633/633
f 632/632/632 634/634/634 633/633/633
f 632/632/632 635/635/635 634/634/634
f 633/633/633 634/634/634 636/636/636
f 634/634/634 635/635/635 637/637/637
f 635/635/635 638/638/638 637/637/637
f 635/635/635 639/639/639 640/640/640
f 635/635/635 640/640/640 638/638/638
f 637/637/637 638/638/638 641/641/641
f 638/638/638 640/640/640 642/642/642
f 643/643/643 644/644/644 645/645/645
f 644/644/644 646/646/646 645/645/645
f 647/647/647 648/648/648 649/649/649
f 648/648/648 650/650/650 649/649/649
f 651/651/651 652/652/652 653/653/653
f 652/652/652 654/654/654 653/653/653
f 655/655/655 656/656/656 657/657/657
f 656/656/656 658/658/658 657/657/657
f 659/659/659 660/660/660 661/661/661
f 660/660/660 662/662/662 661/661/661
f 663/663/663 664/664/664 665/665/665
f 664/664/664 666/666/666 665/665/665
f 667/667/667 668/668/668 669/669/669
f 668/668/668 670/670/670 669/669/669
f 671/671/671 672/672/672 673/673/673
f 672/672/672 674/674/674 673/673/673
f 675/675/675 676/676/676 677/677/677
f 676/676/676 678/678/678 677/677/677
f 679/679/679 680/680/680 681/681/681
f 680/680/680 682/682/682 681/681/681
f 683/683/683 684/684/684 685/685/685
f 684/684/684 686/686/686 685/685/685
f 687/687/687 688/688/688 689/689/689
f 688/688/688 690/690/690 689/689/689
f 691/691/691 692/692/692 693/693/693
f 694/694/694 695/695/695 696/696/696
f 695/695/695 697/697/697 696/696/696
f 698/698/698 699/699/699 700/700/700
f 699/699/699 701/701/701 700/700/700
f 702/702/702 703/703/703 704/704/704
f 705/705/705 706/706/706 707/707/707
f 706/706/706 708/708/708 707/707/707
f 709/709/709 710/710/710 711/711/711
f 710/710/710 712/712/712 711/711/711
f 713/713/713 714/714/714 715/715/715
f 714/714/714 716/716/716 715/715/715
f 717/717/717 718/718/718 719/719/719
f 718/718/718 720/720/720 719/719/719
f 721/721/721 722/722/722 723/723/723
f 722/722/722 724/724/724 725/725/725
f 722/722/722 725/725/725 726/726/726
f 722/722/722 727/727/727 724/724/724
f 722/722/722 726/726/726 723/723/723
f 724/724/724 728/728/728 725/725/725
f 724/724/724 729/729/729 728/728/728
f 728/728/728 729/729/729 730/730/730
f 729/729/729 731/731/731 730/730/730
f 730/730/730 731/731/731 732/732/732
f 733/733/733 734/734/734 735/735/735
f 736/736/736 737/737/737 738/738/738
f 737/737/737 739/739/739 738/738/738
f 740/740/740 741/741/741 742/742/742
f 741/741/741 743/743/743 742/742/742
f 744/744/744 745/745/745 746/746/746
f 745/745/745 747/747/747 746/746/746
f 748/748/748 749/749/749 750/750/750
f 749/749/749 751/751/751 750/750/750
f 752/752/752 753/753/753 754/754/754
f 753/753/753 755/755/755 754/754/754
f 756/756/756 757/757/757 758/758/758
f 757/757/757 759/759/759 758/758/758
f 760/760/760 761/761/761 762/762/762
f 761/761/761 763/763/763 762/762/762
f 764/764/764 765/765/765 766/766/766
f 765/765/765 767/767/767 766/766/766
f 768/768/768 769/769/769 770/770/770
f 769/769/769 771/771/771 770/770/770
f 772/772/772 773/773/773 774/774/774
f 773/773/773 775/775/775 774/774/774
f 776/776/776 777/777/777 778/778/778
f 777/777/777 779/779/779 778/778/778
f 780/780/780 781/781/781 782/782/782
f 781/781/781 783/783/783 782/782/782
f 784/784/784 785/785/785 786/786/786
f 785/785/785 787/787/787 786/786/786
f 788/788/788 789/789/789 790/790/790
f 789/789/789 791/791/791 790/790/790
f 792/792/792 793/793/793 794/794/794
f 793/793/793 795/795/795 794/794/794
f 796/796/796 797/797/797 798/798/798
f 797/797/797 799/799/799 798/798/798
f 800/800/800 801/801/801 802/802/802
f 801/801/801 803/803/803 802/802/802
f 804/804/804 805/805/805 806/806/806
f 807/807/807 808/808/808 809/809/809
f 808/808/808 810/810/810 811/811/811
f 808/808/808 811/811/811 812/812/812
f 813/813/813 814/814/814 815/815/815
f 814/814/814 816/816/816 815/815/815
f 815/815/815 816/816/816 817/817/817
f 816/816/816 818/818/818 817/817/817
f 817/817/817 818/818/818 819/819/819
f 818/818/818 820/820/820 819/819/819
f 819/819/819 820/820/820 821/821/821
f 820/820/820 822/822/822 821/821/821
f 821/821/821 822/822/822 823/823/823
f 822/822/822 824/824/824 823/823/823
f 825/825/825 826/826/826 827/827/827
f 826/826/826 828/828/828 827/827/827
f 829/829/829 830/830/830 831/831/831
f 830/830/830 832/832/832 831/831/831
f 833/833/833 834/834/834 835/835/835
f 834/834/834 836/836/836 835/835/835
f 837/837/837 838/838/838 839/839/839
f 838/838/838 840/840/840 839/839/839
f 841/841/841 842/842/842 843/843/843
f 842/842/842 844/844/844 843/843/843
f 845/845/845 846/846/846 847/847/847
f 846/846/846 848/848/848 847/847/847
f 849/849/849 850/850/850 851/851/851
f 850/850/850 852/852/852 851/851/851
f 853/853/853 854/854/854 855/855/855
f 854/854/854 856/856/856 855/855/855
f 857/857/857 858/858/858 859/859/859
f 858/858/858 860/860/860 859/859/859
f 861/861/861 862/862/862 863/863/863
f 862/862/862 864/864/864 863/863/863
f 865/865/865 866/866/866 867/867/867
f 866/866/866 868/868/868 867/867/867
f 869/869/869 870/870/870 871/871/871
f 870/870/870 872/872/872 871/871/871
f 873/873/873 874/874/874 875/875/875
f 876/876/876 877/877/877 878/878/878
f 877/877/877 879/879/879 878/878/878
f 880/880/880 881/881/881 882/882/882
f 881/881/881 883/883/883 882/882/882
f 884/884/884 885/885/885 886/886/886
f 885/885/885 887/887/887 886/886/886
f 888/888/888 889/889/889 890/890/890
f 889/889/889 891/891/891 890/890/890
f 892/892/892 893/893/893 894/894/894
f 893/893/893 895/895/895 894/894/894
f 896/896/896 897/897/897 898/898/898
f 897/897/897 899/899/899 898/898/898
f 900/900/900 901/901/901 902/902/902
f 901/901/901 903/903/903 902/902/902
f 904/904/904 905/905/905 906/906/906
f 905/905/905 907/907/907 906/906/906
f 908/908/908 909/909/909 910/910/910
f 909/909/909 911/911/911 910/910/910
f 912/912/912 913/913/913 914/914/914
f 913/913/913 915/915/915 914/914/914
f 916/916/916 917/917/917 918/918/918
f 917/917/917 919/919/919 920/920/920
f 917/917/917 921/921/921 918/918/918
f 917/917/917 920/920/920 921/921/921
f 918/918/918 921/921/921 922/922/922
f 919/919/919 923/923/923 924/924/924
f 919/919/919 924/924/924 920/920/920
f 923/923/923 925/925/925 924/924/924
f 926/926/926 927/927/927 928/928/928
f 927/927/927 929/929/929 928/928/928
f 930/930/930 931/931/931 932/932/932
f 931/931/931 933/933/933 932/932/932
f 934/934/934 935/935/935 936/936/936
f 935/935/935 937/937/937 936/936/936
f 938/938/938 939/939/939 940/940/940
f 939/939/939 941/941/941 940/940/940
f 942/942/942 943/943/943 944/944/944
f 943/943/943 945/945/945 944/944/944
f 946/946/946 947/947/947 948/948/948
f 947/947/947 949/949/949 948/948/948
f 950/950/950 951/951/951 952/952/952
f 951/951/951 953/953/953 952/952/952
f 954/954/954 955/955/955 956/956/956
f 955/955/955 957/957/957 956/956/956
f 958/958/958 959/959/959 960/960/960
f 959/959/959 961/961/961 960/960/960
f 962/962/962 963/963/963 964/964/964
f 963/963/963 965/965/965 964/964/964
f 966/966/966 967/967/967 968/968/968
f 966/966/966 968/968/968 969/969/969
f 967/967/967 970/970/970 968/968/968
f 967/967/967 971/971/971 970/970/970
f 968/968/968 972/972/972 969/969/969
f 970/970/970 971/971/971 973/973/973
f 971/971/971 974/974/974 973/973/973
f 973/973/973 974/974/974 975/975/975
f 976/976/976 977/977/977 978/978/978
f 977/977/977 979/979/979 978/978/978
f 980/980/980 981/981/981 982/982/982
f 981/981/981 983/983/983 982/982/982
f 984/984/984 985/985/985 986/986/986
f 985/985/985 987/987/987 986/986/986
f 988/988/988 989/989/989 990/990/990
f 989/989/989 991/991/991 990/990/990
f 992/992/992 993/993/993 994/994/994
f 993/993/993 995/995/995 994/994/994
f 996/996/996 997/997/997 998/998/998
f 997/997/997 999/999/999 998/998/998
f 1000/1000/1000 1001/1001/1001 1002/1002/1002
f 1001/1001/1001 1003/1003/1003 1002/1002/1002
f 1004/1004/1004 1005/1005/1005 1006/1006/1006
f 1005/1005/1005 1007/1007/1007 1006/1006/1006
f 1008/1008/1008 1009/1009/1009 1010/1010/1010
f 1009/1009/1009 1011/1011/1011 1010/1010/1010
f 1012/1012/1012 1013/1013/1013 1014/1014/1014
f 1013/1013/1013 1015/1015/1015 1014/1014/1014
f 1016/1016/1016 1017/1017/1017 1018/1018/1018
f 1017/1017/1017 1019/1019/1019 1018/1018/1018
f 1020/1020/1020 1021/1021/1021 1022/1022/1022
f 1021/1021/1021 1023/1023/1023 1022/1022/1022
f 1024/1024/1024 1025/1025/1025 1026/1026/1026
f 1025/1025/1025 1027/1027/1027 1026/1026/1026
f 1028/1028/1028 1029/1029/1029 1030/1030/1030
f 1029/1029/1029 1031/1031/1031 1030/1030/1030
f 1032/1032/1032 1033/1033/1033 1034/1034/1034
f 1033/1033/1033 1035/1035/1035 1034/1034/1034
f 1036/1036/1036 1037/1037/1037 1038/1038/1038
f 1037/1037/1037 1039/1039/1039 1038/1038/1038
f 1040/1040/1040 1041/1041/1041 1042/1042/1042
f 1041/1041/1041 1043/1043/1043 1042/1042/1042
f 1044/1044/1044 1045/1045/1045 1046/1046/1046
f 1045/1045/1045 1047/1047/1047 1046/1046/1046
f 1048/1048/1048 1049/1049/1049 1050/1050/1050
f 1048/1048/1048 1051/1051/1051 1049/1049/1049
f 1049/1049/1049 1051/1051/1051 1052/1052/1052
f 1049/1049/1049 1052/1052/1052 1053/1053/1053
f 1052/1052/1052 1054/1054/1054 1053/1053/1053
f 1052/1052/1052 1055/1055/1055 1054/1054/1054
f 1056/1056/1056 1057/1057/1057 1058/1058/1058
f 1057/1057/1057 1059/1059/1059 1058/1058/1058
f 1060/1060/1060 1061/1061/1061 1062/1062/1062
f 1061/1061/1061 1063/1063/1063 1062/1062/1062
f 1064/1064/1064 1065/1065/1065 1066/1066/1066
f 1065/1065/1065 1067/1067/1067 1066/1066/1066
f 1068/1068/1068 1069/1069/1069 1070/1070/1070
f 1069/1069/1069 1071/1071/1071 1070/1070/1070
f 1072/1072/1072 1073/1073/1073 1074/1074/1074
f 1073/1073/1073 1075/1075/1075 1074/1074/1074
f 1076/1076/1076 1077/1077/1077 1078/1078/1078
f 1077/1077/1077 1079/1079/1079 1078/1078/1078
f 1080/1080/1080 1081/1081/1081 1082/1082/1082
f 1081/1081/1081 1083/1083/1083 1082/1082/1082
f 1084/1084/1084 1085/1085/1085 1086/1086/1086
f 1085/1085/1085 1087/1087/1087 1086/1086/1086
f 1088/1088/1088 1089/1089/1089 1090/1090/1090
f 1089/1089/1089 1091/1091/1091 1092/1092/1092
f 1089/1089/1089 1093/1093/1093 1090/1090/1090
f 1089/1089/1089 1092/1092/1092 1093/1093/1093
f 1091/1091/1091 1094/1094/1094 1092/1092/1092
f 1092/1092/1092 1094/1094/1094 1095/1095/1095
f 1096/1096/1096 1097/1097/1097 1098/1098/1098
f 1097/1097/1097 1099/1099/1099 1098/1098/1098
f 1100/1100/1100 1101/1101/1101 1102/1102/1102
f 1101/1101/1101 1103/1103/1103 1102/1102/1102
f 1104/1104/1104 1105/1105/1105 1106/1106/1106
f 1105/1105/1105 1107/1107/1107 1106/1106/1106
f 1108/1108/1108 1109/1109/1109 1110/1110/1110
f 1109/1109/1109 1111/1111/1111 1110/1110/1110
f 1112/1112/1112 1113/1113/1113 1114/1114/1114
f 1113/1113/1113 1115/1115/1115 1114/1114/1114
f 1116/1116/1116 1117/1117/1117 1118/1118/1118
f 1117/1117/1117 1119/1119/1119 1118/1118/1118
f 1120/1120/1120 1121/1121/1121 1122/1122/1122
f 1121/1121/1121 1123/1123/1123 1122/1122/1122
f 1124/1124/1124 1125/1125/1125 1126/1126/1126
f 1125/1125/1125 1127/1127/1127 1126/1126/1126
f 1128/1128/1128 1129/1129/1129 1130/1130/1130
f 1129/1129/1129 1131/1131/1131 1130/1130/1130
f 1132/1132/1132 1133/1133/1133 1134/1134/1134
f 1133/1133/1133 1135/1135/1135 1134/1134/1134
f 1136/1136/1136 1137/1137/1137 1138/1138/1138
f 1137/1137/1137 1139/1139/1139 1138/1138/1138
f 1140/1140/1140 1141/1141/1141 1142/1142/1142
f 1141/1141/1141 1143/1143/1143 1142/1142/1142
f 1144/1144/1144 1145/1145/1145 1146/1146/1146
f 1145/1145/1145 1147/1147/1147 1146/1146/1146
f 1148/1148/1148 1149/1149/1149 1150/1150/1150
f 1149/1149/1149 1151/1151/1151 1150/1150/1150
f 1152/1152/1152 1153/1153/1153 1154/1154/1154
f 1153/1153/1153 1155/1155/1155 1154/1154/1154
f 1156/1156/1156 1157/1157/1157 1158/1158/1158
f 1157/1157/1157 1159/1159/1159 1158/1158/1158
f 1160/1160/1160 1161/1161/1161 1162/1162/1162
f 1161/1161/1161 1163/1163/1163 1162/1162/1162
f 1164/1164/1164 1165/1165/1165 1166/1166/1166
f 1165/1165/1165 1167/1167/1167 1166/1166/1166
f 1168/1168/1168 1169/1169/1169 1170/1170/1170
f 1169/1169/1169 1171/1171/1171 1172/1172/1172
f 1169/1169/1169 1172/1172/1172 1173/1173/1173
f 1169/1169/1169 1173/1173/1173 1170/1170/1170
f 1171/1171/1171 1174/1174/1174 1172/1172/1172
f 1172/1172/1172 1174/1174/1174 1175/1175/1175
f 1174/1174/1174 1176/1176/1176 1175/1175/1175
f 1175/1175/1175 1176/1176/1176 1177/1177/1177
f 1178/1178/1178 1179/1179/1179 1180/1180/1180
f 1179/1179/1179 1181/1181/1181 1180/1180/1180
f 1182/1182/1182 1183/1183/1183 1184/1184/1184
f 1183/1183/1183 1185/1185/1185 1184/1184/1184
f 1186/1186/1186 1187/1187/1187 1188/1188/1188
f 1187/1187/1187 1189/1189/1189 1188/1188/1188
f 1190/1190/1190 1191/1191/1191 1192/1192/1192
f 1191/1191/1191 1193/1193/1193 1192/1192/1192
f 1194/1194/1194 1195/1195/1195 1196/1196/1196
f 1195/1195/1195 1197/1197/1197 1196/1196/1196
f 1198/1198/1198 1199/1199/1199 1200/1200/1200
f 1199/1199/1199 1201/1201/1201 1200/1200/1200
f 1202/1202/1202 1203/1203/1203 1204/1204/1204
f 1203/1203/1203 1205/1205/1205 1204/1204/1204
f 1206/1206/1206 1207/1207/1207 1208/1208/1208
f 1207/1207/1207 1209/1209/1209 1208/1208/1208
f 1210/1210/1210 1211/1211/1211 1212/1212/1212
f 1211/1211/1211 1213/1213/1213 1212/1212/1212
f 1214/1214/1214 1215/1215/1215 1216/1216/1216
f 1215/1215/1215 1217/1217/1217 1216/1216/1216
f 1218/1218/1218 1219/1219/1219 1220/1220/1220
f 1219/1219/1219 1221/1221/1221 1222/1222/1222
f 1219/1219/1219 1222/1222/1222 1223/1223/1223
f 1219/1219/1219 1223/1223/1223 1220/1220/1220
f 1221/1221/1221 1224/1224/1224 1222/1222/1222
f 1222/1222/1222 1224/1224/1224 1225/1225/1225
f 1224/1224/1224 1226/1226/1226 1225/1225/1225
f 1224/1224/1224 1227/1227/1227 1226/1226/1226
f 1228/1228/1228 1229/1229/1229 1230/1230/1230
f 1229/1229/1229 1231/1231/1231 1230/1230/1230
f 1232/1232/1232 1233/1233/1233 1234/1234/1234
f 1233/1233/1233 1235/1235/1235 1234/1234/1234
f 1236/1236/1236 1237/1237/1237 1238/1238/1238
f 1237/1237/1237 1239/1239/1239 1238/1238/1238
f 1240/1240/1240 1241/1241/1241 1242/1242/1242
f 1241/1241/1241 1243/1243/1243 1242/1242/1242
f 1244/1244/1244 1245/1245/1245 1246/1246/1246
f 1245/1245/1245 1247/1247/1247 1246/1246/1246
f 1248/1248/1248 1249/1249/1249 1250/1250/1250
f 1249/1249/1249 1251/1251/1251 1250/1250/1250
f 1252/1252/1252 1253/1253/1253 1254/1254/1254
f 1253/1253/1253 1255/1255/1255 1254/1254/1254
f 1256/1256/1256 1257/1257/1257 1258/1258/1258
f 1257/1257/1257 1259/1259/1259 1258/1258/1258
f 1260/1260/1260 1261/1261/1261 1262/1262/1262
f 1261/1261/1261 1263/1263/1263 1262/1262/1262
f 1264/1264/1264 1265/1265/1265 1266/1266/1266
f 1265/1265/1265 1267/1267/1267 1266/1266/1266
f 1268/1268/1268 1269/1269/1269 1270/1270/1270
f 1269/1269/1269 1271/1271/1271 1270/1270/1270
f 1272/1272/1272 1273/1273/1273 1274/1274/1274
f 1273/1273/1273 1275/1275/1275 1274/1274/1274
f 1276/1276/1276 1277/1277/1277 1278/1278/1278
f 1277/1277/1277 1279/1279/1279 1278/1278/1278
f 1280/1280/1280 1281/1281/1281 1282/1282/1282
f 1281/1281/1281 1283/1283/1283 1282/1282/1282
f 1284/1284/1284 1285/1285/1285 1286/1286/1286
f 1287/1287/1287 1288/1288/1288 1289/1289/1289
f 1288/1288/1288 1290/1290/1290 1289/1289/1289
f 1291/1291/1291 1292/1292/1292 1293/1293/1293
f 1292/1292/1292 1294/1294/1294 1293/1293/1293
f 1295/1295/1295 1296/1296/1296 1297/1297/1297
f 1296/1296/1296 1298/1298/1298 1297/1297/1297
f 1299/1299/1299 1300/1300/1300 1301/1301/1301
f 1300/1300/1300 1302/1302/1302 1301/1301/1301
f 1303/1303/1303 1304/1304/1304 1305/1305/1305
f 1304/1304/1304 1306/1306/1306 1305/1305/1305
f 1307/1307/1307 1308/1308/1308 1309/1309/1309
f 1308/1308/1308 1310/1310/1310 1309/1309/1309
f 1311/1311/1311 1312/1312/1312 1313/1313/1313
f 1312/1312/1312 1314/1314/1314 1313/1313/1313
f 1315/1315/1315 1316/1316/1316 1317/1317/1317
f 1316/1316/1316 1318/1318/1318 1317/1317/1317
f 1319/1319/1319 1320/1320/1320 1321/1321/1321
f 1320/1320/1320 1322/1322/1322 1321/1321/1321
f 1323/1323/1323 1324/1324/1324 1325/1325/1325
f 1324/1324/1324 1326/1326/1326 1325/1325/1325
f 1327/1327/1327 1328/1328/1328 1329/1329/1329
f 1328/1328/1328 1330/1330/1330 1329/1329/1329
f 1331/1331/1331 1332/1332/1332 1333/1333/1333
f 1332/1332/1332 1334/1334/1334 1333/1333/1333
f 1335/1335/1335 1336/1336/1336 1337/1337/1337
f 1336/1336/1336 1338/1338/1338 1337/1337/1337
f 1339/1339/1339 1340/1340/1340 1341/1341/1341
f 1340/1340/1340 1342/1342/1342 1341/1341/1341
f 1341/1341/1341 1342/1342/1342 1343/1343/1343
f 1342/1342/1342 1344/1344/1344 1343/1343/1343
f 1345/1345/1345 1346/1346/1346 1347/1347/1347
f 1346/1346/1346 1348/1348/1348 1347/1347/1347
f 1349/1349/1349 1350/1350/1350 1351/1351/1351
f 1350/1350/1350 1352/1352/1352 1351/1351/1351
f 1353/1353/1353 1354/1354/1354 1355/1355/1355
f 1354/1354/1354 1356/1356/1356 1357/1357/1357
f 1354/1354/1354 1357/1357/1357 1355/1355/1355
f 1356/1356/1356 1358/1358/1358 1357/1357/1357
f 1359/1359/1359 1360/1360/1360 1361/1361/1361
f 1360/1360/1360 1362/1362/1362 1361/1361/1361
f 1361/1361/1361 1362/1362/1362 1363/1363/1363
f 1362/1362/1362 1364/1364/1364 1363/1363/1363
f 1365/1365/1365 1366/1366/1366 1367/1367/1367
f 1366/1366/1366 1368/1368/1368 1367/1367/1367
f 1367/1367/1367 1369/1369/1369 1370/1370/1370
f 1369/1369/1369 1371/1371/1371 1370/1370/1370
f 1372/1372/1372 1373/1373/1373 1374/1374/1374
f 1373/1373/1373 1375/1375/1375 1374/1374/1374
f 1376/1376/1376 1377/1377/1377 1378/1378/1378
f 1377/1377/1377 1379/1379/1379 1380/1380/1380
f 1377/1377/1377 1380/1380/1380 1378/1378/1378
f 1377/1377/1377 1381/1381/1381 1379/1379/1379
f 1377/1377/1377 1382/1382/1382 1381/1381/1381
f 1378/1378/1378 1383/1383/1383 1384/1384/1384
f 1378/1378/1378 1380/1380/1380 1383/1383/1383
f 1379/1379/1379 1385/1385/1385 1386/1386/1386
f 1379/1379/1379 1386/1386/1386 1380/1380/1380
f 1379/1379/1379 1387/1387/1387 1385/1385/1385
f 1379/1379/1379 1381/1381/1381 1387/1387/1387
f 1380/1380/1380 1386/1386/1386 1383/1383/1383
f 1381/1381/1381 1388/1388/1388 1389/1389/1389
f 1381/1381/1381 1389/1389/1389 1387/1387/1387
f 1383/1383/1383 1390/1390/1390 1391/1391/1391
f 1383/1383/1383 1391/1391/1391 1392/1392/1392
f 1383/1383/1383 1392/1392/1392 1384/1384/1384
f 1383/1383/1383 1386/1386/1386 1390/1390/1390
f 1384/1384/1384 1392/1392/1392 1393/1393/1393
f 1386/1386/1386 1394/1394/1394 1390/1390/1390
f 1386/1386/1386 1385/1385/1385 1394/1394/1394
f 1385/1385/1385 1395/1395/1395 1394/1394/1394
f 1385/1385/1385 1396/1396/1396 1395/1395/1395
f 1385/1385/1385 1387/1387/1387 1396/1396/1396
f 1387/1387/1387 1397/1397/1397 1396/1396/1396
f 1387/1387/1387 1389/1389/1389 1397/1397/1397
f 1390/1390/1390 1398/1398/1398 1399/1399/1399
f 1390/1390/1390 1399/1399/1399 1391/1391/1391
f 1390/1390/1390 1394/1394/1394 1398/1398/1398
f 1391/1391/1391 1399/1399/1399 1400/1400/1400
f 1391/1391/1391 1400/1400/1400 1393/1393/1393
f 1391/1391/1391 1393/1393/1393 1392/1392/1392
f 1393/1393/1393 1400/1400/1400 1401/1401/1401
f 1393/1393/1393 1401/1401/1401 1402/1402/1402
f 1393/1393/1393 1402/1402/1402 1403/1403/1403
f 1394/1394/1394 1404/1404/1404 1398/1398/1398
f 1394/1394/1394 1395/1395/1395 1404/1404/1404
f 1395/1395/1395 1405/1405/1405 1404/1404/1404
f 1395/1395/1395 1406/1406/1406 1405/1405/1405
f 1395/1395/1395 1396/1396/1396 1406/1406/1406
f 1396/1396/1396 1397/1397/1397 1406/1406/1406
f 1397/1397/1397 1407/1407/1407 1406/1406/1406
f 1397/1397/1397 1408/1408/1408 1407/1407/1407
f 1399/1399/1399 1409/1409/1409 1400/1400/1400
f 1399/1399/1399 1410/1410/1410 1409/1409/1409
f 1399/1399/1399 1398/1398/1398 1410/1410/1410
f 1404/1404/1404 1411/1411/1411 1398/1398/1398
f 1404/1404/1404 1412/1412/1412 1411/1411/1411
f 1404/1404/1404 1405/1405/1405 1412/1412/1412
f 1405/1405/1405 1413/1413/1413 1412/1412/1412
f 1405/1405/1405 1414/1414/1414 1413/1413/1413
f 1405/1405/1405 1406/1406/1406 1414/1414/1414
f 1406/1406/1406 1407/1407/1407 1414/1414/1414
f 1407/1407/1407 1415/1415/1415 1414/1414/1414
f 1407/1407/1407 1416/1416/1416 1415/1415/1415
f 1407/1407/1407 1408/1408/1408 1417/1417/1417
f 1407/1407/1407 1417/1417/1417 1416/1416/1416
f 1409/1409/1409 1410/1410/1410 1418/1418/1418
f 1410/1410/1410 1419/1419/1419 1418/1418/1418
f 1410/1410/1410 1398/1398/1398 1411/1411/1411
f 1410/1410/1410 1411/1411/1411 1419/1419/1419
f 1411/1411/1411 1420/1420/1420 1419/1419/1419
f 1411/1411/1411 1412/1412/1412 1420/1420/1420
f 1412/1412/1412 1421/1421/1421 1420/1420/1420
f 1412/1412/1412 1413/1413/1413 1421/1421/1421
f 1413/1413/1413 1422/1422/1422 1421/1421/1421
f 1413/1413/1413 1414/1414/1414 1422/1422/1422
f 1414/1414/1414 1423/1423/1423 1422/1422/1422
f 1414/1414/1414 1415/1415/1415 1423/1423/1423
f 1415/1415/1415 1416/1416/1416 1423/1423/1423
f 1417/1417/1417 1424/1424/1424 1416/1416/1416
f 1416/1416/1416 1425/1425/1425 1423/1423/1423
f 1416/1416/1416 1426/1426/1426 1425/1425/1425
f 1416/1416/1416 1424/1424/1424 1426/1426/1426
f 1418/1418/1418 1419/1419/1419 1427/1427/1427
f 1419/1419/1419 1428/1428/1428 1427/1427/1427
f 1419/1419/1419 1420/1420/1420 1428/1428/1428
f 1420/1420/1420 1429/1429/1429 1428/1428/1428
f 1420/1420/1420 1421/1421/1421 1429/1429/1429
f 1421/1421/1421 1430/1430/1430 1429/1429/1429
f 1421/1421/1421 1431/1431/1431 1430/1430/1430
f 1421/1421/1421 1422/1422/1422 1431/1431/1431
f 1422/1422/1422 1432/1432/1432 1431/1431/1431
f 1422/1422/1422 1423/1423/1423 1432/1432/1432
f 1423/1423/1423 1425/1425/1425 1432/1432/1432
f 1424/1424/1424 1433/1433/1433 1426/1426/1426
f 1427/1427/1427 1428/1428/1428 1434/1434/1434
f 1428/1428/1428 1435/1435/1435 1434/1434/1434
f 1428/1428/1428 1429/1429/1429 1435/1435/1435
f 1429/1429/1429 1430/1430/1430 1435/1435/1435
f 1430/1430/1430 1431/1431/1431 1435/1435/1435
f 1431/1431/1431 1436/1436/1436 1435/1435/1435
f 1431/1431/1431 1432/1432/1432 1436/1436/1436
f 1434/1434/1434 1435/1435/1435 1437/1437/1437
f 1435/1435/1435 1438/1438/1438 1437/1437/1437
f 1435/1435/1435 1439/1439/1439 1438/1438/1438
f 1435/1435/1435 1436/1436/1436 1439/1439/1439
f 1440/1440/1440 1441/1441/1441 1442/1442/1442
f 1441/1441/1441 1443/1443/1443 1442/1442/1442
f 1444/1444/1444 1445/1445/1445 1446/1446/1446
f 1445/1445/1445 1447/1447/1447 1446/1446/1446
f 1448/1448/1448 1449/1449/1449 1450/1450/1450
f 1449/1449/1449 1451/1451/1451 1450/1450/1450
f 1452/1452/1452 1453/1453/1453 1454/1454/1454
f 1453/1453/1453 1455/1455/1455 1454/1454/1454
f 1456/1456/1456 1457/1457/1457 1458/1458/1458
f 1457/1457/1457 1459/1459/1459 1458/1458/1458
f 1460/1460/1460 1461/1461/1461 1462/1462/1462
f 1461/1461/1461 1463/1463/1463 1462/1462/1462
f 1464/1464/1464 1465/1465/1465 1466/1466/1466
f 1465/1465/1465 1467/1467/1467 1466/1466/1466
f 1468/1468/1468 1469/1469/1469 1470/1470/1470
f 1469/1469/1469 1471/1471/1471 1470/1470/1470
f 1472/1472/1472 1473/1473/1473 1474/1474/1474
f 1473/1473/1473 1475/1475/1475 1474/1474/1474
f 1476/1476/1476 1477/1477/1477 1478/1478/1478
f 1477/1477/1477 1479/1479/1479 1478/1478/1478
f 1480/1480/1480 1481/1481/1481 1482/1482/1482
f 1481/1481/1481 1483/1483/1483 1482/1482/1482
f 1484/1484/1484 1485/1485/1485 1486/1486/1486
f 1485/1485/1485 1487/1487/1487 1486/1486/1486
f 1488/1488/1488 1489/1489/1489 1490/1490/1490
f 1489/1489/1489 1491/1491/1491 1490/1490/1490
f 1490/1490/1490 1491/1491/1491 1492/1492/1492
f 1493/1493/1493 1494/1494/1494 1495/1495/1495
f 1494/1494/1494 1496/1496/1496 1495/1495/1495
f 1497/1497/1497 1498/1498/1498 1499/1499/1499
f 1498/1498/1498 1500/1500/1500 1499/1499/1499
f 1501/1501/1501 1502/1502/1502 1503/1503/1503
f 1504/1504/1504 1505/1505/1505 1506/1506/1506
f 1505/1505/1505 1507/1507/1507 1506/1506/1506
f 1508/1508/1508 1509/1509/1509 1510/1510/1510
f 1509/1509/1509 1511/1511/1511 1510/1510/1510
f 1512/1512/1512 1513/1513/1513 1514/1514/1514
f 1513/1513/1513 1515/1515/1515 1514/1514/1514
f 1516/1516/1516 1517/1517/1517 1518/1518/1518
f 1519/1519/1519 1520/1520/1520 1521/1521/1521
f 1520/1520/1520 1522/1522/1522 1521/1521/1521
f 1523/1523/1523 1524/1524/1524 1525/1525/1525
f 1524/1524/1524 1526/1526/1526 1525/1525/1525
f 1527/1527/1527 1528/1528/1528 1529/1529/1529
f 1528/1528/1528 1530/1530/1530 1529/1529/1529
f 1531/1531/1531 1532/1532/1532 1533/1533/1533
f 1532/1532/1532 1534/1534/1534 1533/1533/1533
f 1535/1535/1535 1536/1536/1536 1537/1537/1537
f 1536/1536/1536 1538/1538/1538 1537/1537/1537
f 1539/1539/1539 1540/1540/1540 1541/1541/1541
f 1540/1540/1540 1542/1542/1542 1541/1541/1541
f 1543/1543/1543 1544/1544/1544 1545/1545/1545
f 1544/1544/1544 1546/1546/1546 1545/1545/1545
f 1547/1547/1547 1548/1548/1548 1549/1549/1549
f 1548/1548/1548 1550/1550/1550 1549/1549/1549
f 1551/1551/1551 1552/1552/1552 1553/1553/1553
f 1552/1552/1552 1554/1554/1554 1553/1553/1553
f 1555/1555/1555 1556/1556/1556 1557/1557/1557
f 1556/1556/1556 1558/1558/1558 1557/1557/1557
f 1559/1559/1559 1560/1560/1560 1561/1561/1561
f 1560/1560/1560 1562/1562/1562 1561/1561/1561
f 1563/1563/1563 1564/1564/1564 1565/1565/1565
f 1564/1564/1564 1566/1566/1566 1565/1565/1565
f 1567/1567/1567 1568/1568/1568 1569/1569/1569
f 1568/1568/1568 1570/1570/1570 1569/1569/1569
f 1571/1571/1571 1572/1572/1572 1573/1573/1573
f 1572/1572/1572 1574/1574/1574 1573/1573/1573
f 1575/1575/1575 1576/1576/1576 1577/1577/1577
f 1576/1576/1576 1578/1578/1578 1577/1577/1577
f 1579/1579/1579 1580/1580/1580 1581/1581/1581
f 1582/1582/1582 1583/1583/1583 1584/1584/1584
f 1585/1585/1585 1586/1586/1586 1587/1587/1587
f 1588/1588/1588 1589/1589/1589 1590/1590/1590
f 1589/1589/1589 1591/1591/1591 1590/1590/1590
f 1592/1592/1592 1593/1593/1593 1594/1594/1594
f 1593/1593/1593 1595/1595/1595 1594/1594/1594
f 1596/1596/1596 1597/1597/1597 1598/1598/1598
f 1599/1599/1599 1600/1600/1600 1601/1601/1601
f 1602/1602/1602 1603/1603/1603 1604/1604/1604
f 1605/1605/1605 1606/1606/1606 1607/1607/1607
f 1608/1608/1608 1609/1609/1609 1610/1610/1610
f 1611/1611/1611 1612/1612/1612 1613/1613/1613
f 1614/1614/1614 1615/1615/1615 1616/1616/1616
f 1614/1614/1614 1617/1617/1617 1615/1615/1615
f 1615/1615/1615 1618/1618/1618 1619/1619/1619
f 1615/1615/1615 1619/1619/1619 1616/1616/1616
f 1615/1615/1615 1617/1617/1617 1620/1620/1620
f 1615/1615/1615 1620/1620/1620 1621/1621/1621
f 1622/1622/1622 1623/1623/1623 1624/1624/1624
f 1623/1623/1623 1625/1625/1625 1624/1624/1624
f 1626/1626/1626 1627/1627/1627 1628/1628/1628
f 1627/1627/1627 1629/1629/1629 1628/1628/1628
f 1630/1630/1630 1631/1631/1631 1632/1632/1632
f 1631/1631/1631 1633/1633/1633 1632/1632/1632
f 1634/1634/1634 1635/1635/1635 1636/1636/1636
f 1635/1635/1635 1637/1637/1637 1636/1636/1636
f 1638/1638/1638 1639/1639/1639 1640/1640/1640
f 1639/1639/1639 1641/1641/1641 1640/1640/1640
f 1642/1642/1642 1643/1643/1643 1644/1644/1644
f 1643/1643/1643 1645/1645/1645 1644/1644/1644
f 1646/1646/1646 1647/1647/1647 1648/1648/1648
f 1647/1647/1647 1649/1649/1649 1648/1648/1648
f 1650/1650/1650 1651/1651/1651 1652/1652/1652
f 1651/1651/1651 1653/1653/1653 1652/1652/1652
f 1654/1654/1654 1655/1655/1655 1656/1656/1656
f 1655/1655/1655 1657/1657/1657 1656/1656/1656
f 1658/1658/1658 1659/1659/1659 1660/1660/1660
f 1659/1659/1659 1661/1661/1661 1660/1660/1660
f 1662/1662/1662 1663/1663/1663 1664/1664/1664
f 1663/1663/1663 1665/1665/1665 1664/1664/1664
f 1666/1666/1666 1667/1667/1667 1668/1668/1668
f 1667/1667/1667 1669/1669/1669 1668/1668/1668
f 1670/1670/1670 1671/1671/1671 1672/1672/1672
f 1671/1671/1671 1673/1673/1673 1672/1672/1672
f 1672/1672/1672 1673/1673/1673 1674/1674/1674
f 1673/1673/1673 1675/1675/1675 1674/1674/1674
f 1673/1673/1673 1676/1676/1676 1675/1675/1675
f 1675/1675/1675 1677/1677/1677 1678/1678/1678
f 1677/1677/1677 1679/1679/1679 1678/1678/1678
f 1678/1678/1678 1679/1679/1679 1680/1680/1680
f 1679/1679/1679 1681/1681/1681 1680/1680/1680
f 1682/1682/1682 1683/1683/1683 1684/1684/1684
f 1683/1683/1683 1685/1685/1685 1684/1684/1684
f 1686/1686/1686 1687/1687/1687 1688/1688/1688
f 1687/1687/1687 1689/1689/1689 1688/1688/1688
f 1690/1690/1690 1691/1691/1691 1692/1692/1692
f 1693/1693/1693 1694/1694/1694 1695/1695/1695
f 1694/1694/1694 1696/1696/1696 1695/1695/1695
f 1697/1697/1697 1698/1698/1698 1699/1699/1699
f 1698/1698/1698 1700/1700/1700 1699/1699/1699
f 1701/1701/1701 1702/1702/1702 1703/1703/1703
f 1702/1702/1702 1704/1704/1704 1703/1703/1703
f 1705/1705/1705 1706/1706/1706 1707/1707/1707
f 1708/1708/1708 1709/1709/1709 1710/1710/1710
f 1709/1709/1709 1711/1711/1711 1710/1710/1710
f 1712/1712/1712 1713/1713/1713 1714/1714/1714
f 1713/1713/1713 1715/1715/1715 1714/1714/1714
f 1716/1716/1716 1717/1717/1717 1718/1718/1718
f 1717/1717/1717 1719/1719/1719 1718/1718/1718
f 1720/1720/1720 1721/1721/1721 1722/1722/1722
f 1721/1721/1721 1723/1723/1723 1722/1722/1722
f 1724/1724/1724 1725/1725/1725 1726/1726/1726
f 1725/1725/1725 1727/1727/1727 1728/1728/1728
f 1725/1725/1725 1728/1728/1728 1726/1726/1726
f 1727/1727/1727 1729/1729/1729 1728/1728/1728
f 1728/1728/1728 1729/1729/1729 1730/1730/1730
f 1729/1729/1729 1731/1731/1731 1730/1730/1730
f 1729/1729/1729 1732/1732/1732 1731/1731/1731
f 1729/1729/1729 1733/1733/1733 1732/1732/1732
f 1730/1730/1730 1731/1731/1731 1734/1734/1734
f 1735/1735/1735 1736/1736/1736 1737/1737/1737
f 1736/1736/1736 1738/1738/1738 1737/1737/1737
f 1739/1739/1739 1740/1740/1740 1741/1741/1741
f 1740/1740/1740 1742/1742/1742 1741/1741/1741
f 1743/1743/1743 1744/1744/1744 1745/1745/1745
f 1744/1744/1744 1746/1746/1746 1745/1745/1745
f 1747/1747/1747 1748/1748/1748 1749/1749/1749
f 1748/1748/1748 1750/1750/1750 1749/1749/1749
f 1751/1751/1751 1752/1752/1752 1753/1753/1753
f 1752/1752/1752 1754/1754/1754 1753/1753/1753
f 1755/1755/1755 1756/1756/1756 1757/1757/1757
f 1756/1756/1756 1758/1758/1758 1757/1757/1757
f 1758/1758/1758 1759/1759/1759 1760/1760/1760
f 1758/1758/1758 1760/1760/1760 1761/1761/1761
f 1762/1762/1762 1763/1763/1763 1764/1764/1764
f 1763/1763/1763 1765/1765/1765 1764/1764/1764
f 1766/1766/1766 1767/1767/1767 1768/1768/1768
f 1767/1767/1767 1769/1769/1769 1768/1768/1768
f 1770/1770/1770 1771/1771/1771 1772/1772/1772
f 1771/1771/1771 1773/1773/1773 1772/1772/1772
f 1774/1774/1774 1775/1775/1775 1776/1776/1776
f 1775/1775/1775 1777/1777/1777 1776/1776/1776
f 1778/1778/1778 1779/1779/1779 1780/1780/1780
f 1781/1781/1781 1782/1782/1782 1783/1783/1783
f 1784/1784/1784 1785/1785/1785 1786/1786/1786
f 1787/1787/1787 1788/1788/1788 1789/1789/1789
f 1788/1788/1788 1790/1790/1790 1789/1789/1789
f 1791/1791/1791 1792/1792/1792 1793/1793/1793
f 1792/1792/1792 1794/1794/1794 1793/1793/1793
f 1795/1795/1795 1796/1796/1796 1797/1797/1797
f 1798/1798/1798 1799/1799/1799 1800/1800/1800
f 1801/1801/1801 1802/1802/1802 1803/1803/1803
f 1802/1802/1802 1804/1804/1804 1803/1803/1803
f 1802/1802/1802 1805/1805/1805 1804/1804/1804
f 1804/1804/1804 1806/1806/1806 1807/1807/1807
f 1804/1804/1804 1805/1805/1805 1806/1806/1806
f 1805/1805/1805 1808/1808/1808 1806/1806/1806
f 1805/1805/1805 1809/1809/1809 1808/1808/1808
f 1805/1805/1805 1810/1810/1810 1809/1809/1809
f 1806/1806/1806 1808/1808/1808 1811/1811/1811
f 1808/1808/1808 1809/1809/1809 1812/1812/1812
f 1813/1813/1813 1814/1814/1814 1815/1815/1815
f 1814/1814/1814 1816/1816/1816 1815/1815/1815
f 1817/1817/1817 1818/1818/1818 1819/1819/1819
f 1818/1818/1818 1820/1820/1820 1819/1819/1819
f 1821/1821/1821 1822/1822/1822 1823/1823/1823
f 1822/1822/1822 1824/1824/1824 1823/1823/1823
f 1825/1825/1825 1826/1826/1826 1827/1827/1827
f 1826/1826/1826 1828/1828/1828 1827/1827/1827
f 1829/1829/1829 1830/1830/1830 1831/1831/1831
f 1830/1830/1830 1832/1832/1832 1831/1831/1831
f 1833/1833/1833 1834/1834/1834 1835/1835/1835
f 1834/1834/1834 1836/1836/1836 1835/1835/1835
f 1837/1837/1837 1838/1838/1838 1839/1839/1839
f 1838/1838/1838 1840/1840/1840 1839/1839/1839
f 1841/1841/1841 1842/1842/1842 1843/1843/1843
f 1842/1842/1842 1844/1844/1844 1843/1843/1843
f 1845/1845/1845 1846/1846/1846 1847/1847/1847
f 1846/1846/1846 1848/1848/1848 1847/1847/1847
f 1849/1849/1849 1850/1850/1850 1851/1851/1851
f 1850/1850/1850 1852/1852/1852 1851/1851/1851
f 1853/1853/1853 1854/1854/1854 1855/1855/1855
f 1854/1854/1854 1856/1856/1856 1855/1855/1855
f 1857/1857/1857 1858/1858/1858 1859/1859/1859
f 1858/1858/1858 1860/1860/1860 1859/1859/1859
f 1861/1861/1861 1862/1862/1862 1863/1863/1863
f 1864/1864/1864 1865/1865/1865 1866/1866/1866
f 1865/1865/1865 1867/1867/1867 1866/1866/1866
f 1868/1868/1868 1869/1869/1869 1870/1870/1870
f 1869/1869/1869 1871/1871/1871 1870/1870/1870
f 1872/1872/1872 1873/1873/1873 1874/1874/1874
f 1875/1875/1875 1876/1876/1876 1877/1877/1877
f 1876/1876/1876 1878/1878/1878 1877/1877/1877
f 1879/1879/1879 1880/1880/1880 1881/1881/1881
f 1880/1880/1880 1882/1882/1882 1881/1881/1881
f 1883/1883/1883 1884/1884/1884 1885/1885/1885
f 1884/1884/1884 1886/1886/1886 1885/1885/1885
f 1887/1887/1887 1888/1888/1888 1889/1889/1889
f 1888/1888/1888 1890/1890/1890 1889/1889/1889
f 1891/1891/1891 1892/1892/1892 1893/1893/1893
f 1892/1892/1892 1894/1894/1894 1895/1895/1895
f 1892/1892/1892 1896/1896/1896 1893/1893/1893
f 1892/1892/1892 1895/1895/1895 1896/1896/1896
f 1893/1893/1893 1896/1896/1896 1897/1897/1897
f 1896/1896/1896 1898/1898/1898 1897/1897/1897
f 1896/1896/1896 1899/1899/1899 1898/1898/1898
f 1896/1896/1896 1900/1900/1900 1899/1899/1899
f 1897/1897/1897 1898/1898/1898 1901/1901/1901
f 1899/1899/1899 1900/1900/1900 1902/1902/1902
f 1903/1903/1903 1904/1904/1904 1905/1905/1905
f 1906/1906/1906 1907/1907/1907 1908/1908/1908
f 1909/1909/1909 1910/1910/1910 1911/1911/1911
f 1910/1910/1910 1912/1912/1912 1911/1911/1911
f 1913/1913/1913 1914/1914/1914 1915/1915/1915
f 1914/1914/1914 1916/1916/1916 1915/1915/1915
f 1917/1917/1917 1918/1918/1918 1919/1919/1919
f 1918/1918/1918 1920/1920/1920 1919/1919/1919
f 1921/1921/1921 1922/1922/1922 1923/1923/1923
f 1922/1922/1922 1924/1924/1924 1923/1923/1923
f 1925/1925/1925 1926/1926/1926 1927/1927/1927
f 1926/1926/1926 1928/1928/1928 1927/1927/1927
f 1929/1929/1929 1930/1930/1930 1931/1931/1931
f 1930/1930/1930 1932/1932/1932 1931/1931/1931
f 1933/1933/1933 1934/1934/1934 1935/1935/1935
f 1934/1934/1934 1936/1936/1936 1935/1935/1935
f 1937/1937/1937 1938/1938/1938 1939/1939/1939
f 1938/1938/1938 1940/1940/1940 1939/1939/1939
f 1941/1941/1941 1942/1942/1942 1943/1943/1943
f 1942/1942/1942 1944/1944/1944 1943/1943/1943
f 1945/1945/1945 1946/1946/1946 1947/1947/1947
f 1946/1946/1946 1948/1948/1948 1947/1947/1947
f 1949/1949/1949 1950/1950/1950 1951/1951/1951
f 1950/1950/1950 1952/1952/1952 1951/1951/1951
f 1953/1953/1953 1954/1954/1954 1955/1955/1955
f 1954/1954/1954 1956/1956/1956 1955/1955/1955
f 1957/1957/1957 1958/1958/1958 1959/1959/1959
f 1958/1958/1958 1960/1960/1960 1959/1959/1959
f 1961/1961/1961 1962/1962/1962 1963/1963/1963
f 1962/1962/1962 1964/1964/1964 1963/1963/1963
f 1965/1965/1965 1966/1966/1966 1967/1967/1967
f 1966/1966/1966 1968/1968/1968 1967/1967/1967
f 1969/1969/1969 1970/1970/1970 1971/1971/1971
f 1970/1970/1970 1972/1972/1972 1971/1971/1971
f 1973/1973/1973 1974/1974/1974 1975/1975/1975
f 1974/1974/1974 1976/1976/1976 1975/1975/1975
f 1977/1977/1977 1978/1978/1978 1979/1979/1979
f 1980/1980/1980 1981/1981/1981 1982/1982/1982
f 1983/1983/1983 1984/1984/1984 1985/1985/1985
f 1983/1983/1983 1986/1986/1986 1984/1984/1984
f 1984/1984/1984 1987/1987/1987 1985/1985/1985
f 1984/1984/1984 1986/1986/1986 1988/1988/1988
f 1984/1984/1984 1988/1988/1988 1989/1989/1989
f 1988/1988/1988 1990/1990/1990 1989/1989/1989
f 1988/1988/1988 1991/1991/1991 1990/1990/1990
f 1990/1990/1990 1991/1991/1991 1992/1992/1992
f 1991/1991/1991 1993/1993/1993 1992/1992/1992
f 1992/1992/1992 1993/1993/1993 1994/1994/1994
f 1995/1995/1995 1996/1996/1996 1997/1997/1997
f 1996/1996/1996 1998/1998/1998 1997/1997/1997
f 1999/1999/1999 2000/2000/2000 2001/2001/2001
f 2000/2000/2000 2002/2002/2002 2001/2001/2001
f 2003/2003/2003 2004/2004/2004 2005/2005/2005
f 2004/2004/2004 2006/2006/2006 2005/2005/2005
f 2007/2007/2007 2008/2008/2008 2009/2009/2009
f 2008/2008/2008 2010/2010/2010 2009/2009/2009
f 2011/2011/2011 2012/2012/2012 2013/2013/2013
f 2012/2012/2012 2014/2014/2014 2013/2013/2013
f 2015/2015/2015 2016/2016/2016 2017/2017/2017
f 2016/2016/2016 2018/2018/2018 2017/2017/2017
f 2019/2019/2019 2020/2020/2020 2021/2021/2021
f 2020/2020/2020 2022/2022/2022 2021/2021/2021
f 2023/2023/2023 2024/2024/2024 2025/2025/2025
f 2024/2024/2024 2026/2026/2026 2025/2025/2025
f 2027/2027/2027 2028/2028/2028 2029/2029/2029
f 2028/2028/2028 2030/2030/2030 2029/2029/2029
f 2031/2031/2031 2032/2032/2032 2033/2033/2033
f 2032/2032/2032 2034/2034/2034 2033/2033/2033
f 2035/2035/2035 2036/2036/2036 2037/2037/2037
f 2036/2036/2036 2038/2038/2038 2037/2037/2037
f 2039/2039/2039 2040/2040/2040 2041/2041/2041
f 2040/2040/2040 2042/2042/2042 2041/2041/2041
f 2043/2043/2043 2044/2044/2044 2045/2045/2045
f 2044/2044/2044 2046/2046/2046 2045/2045/2045
f 2047/2047/2047 2048/2048/2048 2049/2049/2049
f 2048/2048/2048 2050/2050/2050 2049/2049/2049
f 2051/2051/2051 2052/2052/2052 2053/2053/2053
f 2052/2052/2052 2054/2054/2054 2053/2053/2053
f 2055/2055/2055 2056/2056/2056 2057/2057/2057
f 2056/2056/2056 2058/2058/2058 2057/2057/2057
f 2059/2059/2059 2060/2060/2060 2061/2061/2061
f 2060/2060/2060 2062/2062/2062 2061/2061/2061
f 2063/2063/2063 2064/2064/2064 2065/2065/2065
f 2064/2064/2064 2066/2066/2066 2065/2065/2065
f 2067/2067/2067 2068/2068/2068 2069/2069/2069
f 2068/2068/2068 2070/2070/2070 2069/2069/2069
f 2071/2071/2071 2072/2072/2072 2073/2073/2073
f 2072/2072/2072 2074/2074/2074 2073/2073/2073
f 2072/2072/2072 2075/2075/2075 2074/2074/2074
f 2073/2073/2073 2074/2074/2074 2076/2076/2076
f 2074/2074/2074 2075/2075/2075 2077/2077/2077
f 2075/2075/2075 21/21/21 2077/2077/2077
f 2077/2077/2077 21/21/21 23/23/23
f 2078/2078/2078 2079/2079/2079 2080/2080/2080
f 2079/2079/2079 2081/2081/2081 2080/2080/2080
f 2082/2082/2082 2083/2083/2083 2084/2084/2084
f 2083/2083/2083 2085/2085/2085 2084/2084/2084
f 2086/2086/2086 2087/2087/2087 2088/2088/2088
f 2087/2087/2087 2089/2089/2089 2088/2088/2088
f 2090/2090/2090 2091/2091/2091 2092/2092/2092
f 2091/2091/2091 2093/2093/2093 2092/2092/2092
f 2094/2094/2094 2095/2095/2095 2096/2096/2096
f 2095/2095/2095 2097/2097/2097 2096/2096/2096
f 2098/2098/2098 2099/2099/2099 2100/2100/2100
f 2099/2099/2099 2101/2101/2101 2100/2100/2100
f 2102/2102/2102 2103/2103/2103 2104/2104/2104
f 2103/2103/2103 2105/2105/2105 2104/2104/2104
f 2106/2106/2106 2107/2107/2107 37/37/37
f 2106/2106/2106 37/37/37 36/36/36
f 2107/2107/2107 2108/2108/2108 2109/2109/2109
f 2107/2107/2107 2109/2109/2109 37/37/37
f 2108/2108/2108 2110/2110/2110 2111/2111/2111
f 2108/2108/2108 2111/2111/2111 2109/2109/2109
f 2110/2110/2110 2112/2112/2112 2111/2111/2111
f 2113/2113/2113 2114/2114/2114 2115/2115/2115
f 2114/2114/2114 2116/2116/2116 2115/2115/2115
f 2117/2117/2117 2118/2118/2118 2119/2119/2119
f 2118/2118/2118 2120/2120/2120 2119/2119/2119
f 2121/2121/2121 2122/2122/2122 2123/2123/2123
f 2122/2122/2122 2124/2124/2124 2123/2123/2123
f 2125/2125/2125 2126/2126/2126 2127/2127/2127
f 2126/2126/2126 2128/2128/2128 2127/2127/2127
f 2129/2129/2129 2130/2130/2130 2131/2131/2131
f 2130/2130/2130 2132/2132/2132 2131/2131/2131
f 2133/2133/2133 2134/2134/2134 2135/2135/2135
f 2134/2134/2134 2136/2136/2136 2135/2135/2135
f 2137/2137/2137 2138/2138/2138 2139/2139/2139
f 2138/2138/2138 2140/2140/2140 2139/2139/2139
f 2141/2141/2141 2142/2142/2142 2143/2143/2143
f 2142/2142/2142 2144/2144/2144 2143/2143/2143
f 2145/2145/2145 1284/1284/1284 1286/1286/1286
f 2146/2146/2146 2147/2147/2147 2148/2148/2148
f 2147/2147/2147 2149/2149/2149 2148/2148/2148
f 2150/2150/2150 2151/2151/2151 2152/2152/2152
f 2151/2151/2151 2153/2153/2153 2152/2152/2152
f 2154/2154/2154 2155/2155/2155 2156/2156/2156
f 2155/2155/2155 2157/2157/2157 2156/2156/2156
f 2155/2155/2155 2158/2158/2158 2157/2157/2157
f 2155/2155/2155 2159/2159/2159 2158/2158/2158
f 2160/2160/2160 2161/2161/2161 2162/2162/2162
f 2161/2161/2161 2163/2163/2163 2162/2162/2162
f 2162/2162/2162 2163/2163/2163 2164/2164/2164
f 2163/2163/2163 2165/2165/2165 2164/2164/2164
f 2166/2166/2166 2167/2167/2167 2168/2168/2168
f 2167/2167/2167 2169/2169/2169 2168/2168/2168
f 2170/2170/2170 2171/2171/2171 2172/2172/2172
f 2171/2171/2171 2173/2173/2173 2172/2172/2172
f 2174/2174/2174 2175/2175/2175 2176/2176/2176
f 2175/2175/2175 2177/2177/2177 2176/2176/2176
f 2178/2178/2178 2179/2179/2179 2180/2180/2180
f 2179/2179/2179 2181/2181/2181 2180/2180/2180
f 2182/2182/2182 2183/2183/2183 2184/2184/2184
f 2183/2183/2183 2185/2185/2185 2184/2184/2184
f 2186/2186/2186 2187/2187/2187 2188/2188/2188
f 2187/2187/2187 2189/2189/2189 2188/2188/2188
f 2190/2190/2190 2191/2191/2191 2192/2192/2192
f 2191/2191/2191 2193/2193/2193 2192/2192/2192
f 2191/2191/2191 2194/2194/2194 2193/2193/2193
f 2192/2192/2192 2193/2193/2193 2195/2195/2195
f 2193/2193/2193 2196/2196/2196 2195/2195/2195
f 2193/2193/2193 2197/2197/2197 2196/2196/2196
f 2193/2193/2193 2198/2198/2198 2197/2197/2197
f 2193/2193/2193 2194/2194/2194 2198/2198/2198
f 2194/2194/2194 2199/2199/2199 2198/2198/2198
f 2195/2195/2195 2200/2200/2200 2201/2201/2201
f 2195/2195/2195 2196/2196/2196 2200/2200/2200
f 2196/2196/2196 2202/2202/2202 1376/1376/1376
f 2196/2196/2196 1376/1376/1376 2200/2200/2200
f 2196/2196/2196 2197/2197/2197 2202/2202/2202
f 2197/2197/2197 2198/2198/2198 2202/2202/2202
f 2198/2198/2198 1382/1382/1382 2202/2202/2202
f 2198/2198/2198 1388/1388/1388 1382/1382/1382
f 2198/2198/2198 2199/2199/2199 1388/1388/1388
f 2199/2199/2199 2203/2203/2203 1388/1388/1388
f 2200/2200/2200 2204/2204/2204 2205/2205/2205
f 2200/2200/2200 2205/2205/2205 2201/2201/2201
f 2200/2200/2200 1376/1376/1376 2204/2204/2204
f 2202/2202/2202 1382/1382/1382 1376/1376/1376
f 1376/1376/1376 1378/1378/1378 2204/2204/2204
f 1376/1376/1376 1382/1382/1382 1377/1377/1377
f 1382/1382/1382 1388/1388/1388 1381/1381/1381
f 1388/1388/1388 2203/2203/2203 1389/1389/1389
f 2204/2204/2204 1384/1384/1384 2205/2205/2205
f 2204/2204/2204 1378/1378/1378 1384/1384/1384
f 2205/2205/2205 1393/1393/1393 2206/2206/2206
f 2205/2205/2205 1384/1384/1384 1393/1393/1393
f 1393/1393/1393 1403/1403/1403 2206/2206/2206
f 2207/2207/2207 2208/2208/2208 2209/2209/2209
f 2208/2208/2208 2210/2210/2210 2209/2209/2209
f 2211/2211/2211 2212/2212/2212 2213/2213/2213
f 2212/2212/2212 2214/2214/2214 2213/2213/2213
f 2215/2215/2215 2216/2216/2216 2217/2217/2217
f 2216/2216/2216 2218/2218/2218 2217/2217/2217
f 2219/2219/2219 2220/2220/2220 2221/2221/2221
f 2220/2220/2220 2222/2222/2222 2221/2221/2221
f 2223/2223/2223 2224/2224/2224 2225/2225/2225
f 2224/2224/2224 2226/2226/2226 2225/2225/2225
f 2227/2227/2227 2228/2228/2228 2229/2229/2229
f 2230/2230/2230 2231/2231/2231 2232/2232/2232
f 2231/2231/2231 2233/2233/2233 2232/2232/2232
f 2234/2234/2234 2235/2235/2235 2236/2236/2236
f 2235/2235/2235 2237/2237/2237 2236/2236/2236
f 2238/2238/2238 2239/2239/2239 2240/2240/2240
f 2239/2239/2239 2241/2241/2241 2240/2240/2240
f 2242/2242/2242 2243/2243/2243 2244/2244/2244
f 2243/2243/2243 2245/2245/2245 2244/2244/2244
f 2246/2246/2246 2247/2247/2247 2248/2248/2248
f 2247/2247/2247 2249/2249/2249 2248/2248/2248
f 2250/2250/2250 2251/2251/2251 2252/2252/2252
f 2251/2251/2251 2253/2253/2253 2252/2252/2252
f 2254/2254/2254 2255/2255/2255 2256/2256/2256
f 2255/2255/2255 2257/2257/2257 2256/2256/2256
f 2258/2258/2258 2259/2259/2259 2260/2260/2260
f 2259/2259/2259 2261/2261/2261 2260/2260/2260
f 2262/2262/2262 2263/2263/2263 2264/2264/2264
f 2263/2263/2263 2265/2265/2265 2264/2264/2264
f 2266/2266/2266 2267/2267/2267 2268/2268/2268
f 2267/2267/2267 2269/2269/2269 2268/2268/2268
f 2270/2270/2270 2271/2271/2271 2272/2272/2272
f 2271/2271/2271 2273/2273/2273 2272/2272/2272
f 2274/2274/2274 2275/2275/2275 2276/2276/2276
f 2275/2275/2275 2277/2277/2277 2276/2276/2276
f 2278/2278/2278 2279/2279/2279 2280/2280/2280
f 2279/2279/2279 2281/2281/2281 2280/2280/2280
f 2282/2282/2282 2283/2283/2283 2284/2284/2284
f 2283/2283/2283 2285/2285/2285 2284/2284/2284
f 2286/2286/2286 2287/2287/2287 2288/2288/2288
f 2287/2287/2287 2289/2289/2289 2288/2288/2288
f 2290/2290/2290 2291/2291/2291 2292/2292/2292
f 2293/2293/2293 2294/2294/2294 2295/2295/2295
f 2296/2296/2296 2297/2297/2297 2298/2298/2298
f 2297/2297/2297 2299/2299/2299 2298/2298/2298
f 2300/2300/2300 2301/2301/2301 2302/2302/2302
f 2301/2301/2301 2303/2303/2303 2302/2302/2302
f 2304/2304/2304 2305/2305/2305 2306/2306/2306
f 2305/2305/2305 2307/2307/2307 2306/2306/2306
f 2308/2308/2308 2309/2309/2309 2310/2310/2310
f 2309/2309/2309 2311/2311/2311 2310/2310/2310
f 2312/2312/2312 2313/2313/2313 2314/2314/2314
f 2313/2313/2313 2315/2315/2315 2316/2316/2316
f 2313/2313/2313 2317/2317/2317 2315/2315/2315
f 2313/2313/2313 2316/2316/2316 2314/2314/2314
f 2314/2314/2314 2316/2316/2316 2318/2318/2318
f 2315/2315/2315 2319/2319/2319 2320/2320/2320
f 2315/2315/2315 2317/2317/2317 2319/2319/2319
f 2319/2319/2319 2321/2321/2321 2320/2320/2320
f 2320/2320/2320 2321/2321/2321 2322/2322/2322
f 2321/2321/2321 2323/2323/2323 2322/2322/2322
f 2324/2324/2324 2325/2325/2325 2326/2326/2326
f 2325/2325/2325 2327/2327/2327 2326/2326/2326
f 2328/2328/2328 2329/2329/2329 2330/2330/2330
f 2329/2329/2329 2331/2331/2331 2330/2330/2330
f 2332/2332/2332 2333/2333/2333 2334/2334/2334
f 2333/2333/2333 2335/2335/2335 2334/2334/2334
f 2336/2336/2336 2337/2337/2337 2338/2338/2338
f 2337/2337/2337 2339/2339/2339 2338/2338/2338
f 2340/2340/2340 2341/2341/2341 2342/2342/2342
f 2341/2341/2341 2343/2343/2343 2342/2342/2342
f 2344/2344/2344 2345/2345/2345 2346/2346/2346
f 2345/2345/2345 2347/2347/2347 2346/2346/2346
f 2348/2348/2348 2349/2349/2349 2350/2350/2350
f 2349/2349/2349 2351/2351/2351 2350/2350/2350
f 2352/2352/2352 2353/2353/2353 2354/2354/2354
f 2353/2353/2353 2355/2355/2355 2354/2354/2354
f 2356/2356/2356 2357/2357/2357 2358/2358/2358
f 2357/2357/2357 2359/2359/2359 2358/2358/2358
f 2360/2360/2360 2361/2361/2361 2362/2362/2362
f 2361/2361/2361 2363/2363/2363 2362/2362/2362
f 2364/2364/2364 2365/2365/2365 2366/2366/2366
f 2365/2365/2365 2367/2367/2367 2366/2366/2366
f 2368/2368/2368 2369/2369/2369 2370/2370/2370
f 2369/2369/2369 2371/2371/2371 2370/2370/2370
f 2372/2372/2372 2373/2373/2373 2374/2374/2374
f 2373/2373/2373 2375/2375/2375 2376/2376/2376
f 2373/2373/2373 2376/2376/2376 2374/2374/2374
f 2374/2374/2374 2376/2376/2376 2377/2377/2377
f 2376/2376/2376 2378/2378/2378 2377/2377/2377
f 2377/2377/2377 2378/2378/2378 2379/2379/2379
f 2378/2378/2378 2380/2380/2380 2379/2379/2379
f 2379/2379/2379 2380/2380/2380 2381/2381/2381
f 2379/2379/2379 2381/2381/2381 2382/2382/2382
f 2383/2383/2383 2384/2384/2384 2385/2385/2385
f 2384/2384/2384 2386/2386/2386 2385/2385/2385
f 2387/2387/2387 2388/2388/2388 2389/2389/2389
f 2388/2388/2388 2390/2390/2390 2389/2389/2389
f 2391/2391/2391 2392/2392/2392 2393/2393/2393
f 2394/2394/2394 2395/2395/2395 2396/2396/2396
f 2395/2395/2395 2397/2397/2397 2396/2396/2396
f 2398/2398/2398 2399/2399/2399 2400/2400/2400
f 2399/2399/2399 2401/2401/2401 2400/2400/2400
f 2402/2402/2402 2403/2403/2403 2404/2404/2404
f 2403/2403/2403 2405/2405/2405 2404/2404/2404
f 2406/2406/2406 2407/2407/2407 2408/2408/2408
f 2409/2409/2409 2410/2410/2410 2411/2411/2411
f 2410/2410/2410 2412/2412/2412 2411/2411/2411
f 2413/2413/2413 2414/2414/2414 2415/2415/2415
f 2414/2414/2414 2416/2416/2416 2415/2415/2415
f 2417/2417/2417 2418/2418/2418 2419/2419/2419
f 2418/2418/2418 2420/2420/2420 2419/2419/2419
f 2421/2421/2421 2422/2422/2422 2423/2423/2423
f 2422/2422/2422 2424/2424/2424 2423/2423/2423
f 2425/2425/2425 2426/2426/2426 2427/2427/2427
f 2426/2426/2426 2428/2428/2428 2427/2427/2427
f 2429/2429/2429 2430/2430/2430 2431/2431/2431
f 2430/2430/2430 2432/2432/2432 2431/2431/2431
f 2433/2433/2433 2434/2434/2434 2435/2435/2435
f 2434/2434/2434 2436/2436/2436 2435/2435/2435
f 2437/2437/2437 2438/2438/2438 2439/2439/2439
f 2438/2438/2438 2440/2440/2440 2439/2439/2439
f 2441/2441/2441 2442/2442/2442 2443/2443/2443
f 2442/2442/2442 2444/2444/2444 2443/2443/2443
f 2445/2445/2445 2446/2446/2446 2447/2447/2447
f 2448/2448/2448 2449/2449/2449 2450/2450/2450
f 2451/2451/2451 2452/2452/2452 2453/2453/2453
f 2454/2454/2454 2455/2455/2455 2456/2456/2456
f 2457/2457/2457 2458/2458/2458 2459/2459/2459
f 2460/2460/2460 2461/2461/2461 2462/2462/2462
f 2460/2460/2460 2463/2463/2463 2461/2461/2461
f 2461/2461/2461 2464/2464/2464 2465/2465/2465
f 2461/2461/2461 2465/2465/2465 2462/2462/2462
f 2461/2461/2461 2463/2463/2463 2466/2466/2466
f 2464/2464/2464 2467/2467/2467 2468/2468/2468
f 2464/2464/2464 2468/2468/2468 2469/2469/2469
f 2464/2464/2464 2469/2469/2469 2470/2470/2470
f 2464/2464/2464 2470/2470/2470 2471/2471/2471
f 2464/2464/2464 2471/2471/2471 2465/2465/2465
f 2472/2472/2472 2473/2473/2473 2474/2474/2474
f 2473/2473/2473 2475/2475/2475 2474/2474/2474
f 2476/2476/2476 2477/2477/2477 2478/2478/2478
f 2477/2477/2477 2479/2479/2479 2478/2478/2478
f 2480/2480/2480 2481/2481/2481 2482/2482/2482
f 2481/2481/2481 2483/2483/2483 2482/2482/2482
f 2484/2484/2484 2485/2485/2485 2486/2486/2486
f 2485/2485/2485 2487/2487/2487 2486/2486/2486
f 2488/2488/2488 2489/2489/2489 2490/2490/2490
f 2489/2489/2489 2491/2491/2491 2490/2490/2490
f 2492/2492/2492 2493/2493/2493 2494/2494/2494
f 2493/2493/2493 2495/2495/2495 2494/2494/2494
f 2496/2496/2496 2497/2497/2497 2498/2498/2498
f 2497/2497/2497 2499/2499/2499 2498/2498/2498
f 2500/2500/2500 2501/2501/2501 2502/2502/2502
f 2501/2501/2501 2503/2503/2503 2502/2502/2502
f 1492/1492/1492 1491/1491/1491 2504/2504/2504
f 1491/1491/1491 2505/2505/2505 2504/2504/2504
f 2504/2504/2504 2505/2505/2505 2506/2506/2506
f 2505/2505/2505 2507/2507/2507 2506/2506/2506
f 2506/2506/2506 2507/2507/2507 2508/2508/2508
f 2507/2507/2507 2509/2509/2509 2508/2508/2508
f 2510/2510/2510 2511/2511/2511 2512/2512/2512
f 2513/2513/2513 2514/2514/2514 2515/2515/2515
f 2514/2514/2514 2516/2516/2516 2515/2515/2515
f 2517/2517/2517 2518/2518/2518 2519/2519/2519
f 2518/2518/2518 2520/2520/2520 2519/2519/2519
f 2521/2521/2521 2522/2522/2522 2523/2523/2523
f 2524/2524/2524 2525/2525/2525 2526/2526/2526
f 2525/2525/2525 2527/2527/2527 2526/2526/2526
f 2528/2528/2528 2529/2529/2529 2530/2530/2530
f 2529/2529/2529 2531/2531/2531 2530/2530/2530
f 2532/2532/2532 2533/2533/2533 2534/2534/2534
f 2533/2533/2533 2535/2535/2535 2534/2534/2534
f 2536/2536/2536 2537/2537/2537 2538/2538/2538
f 2537/2537/2537 2539/2539/2539 2538/2538/2538
f 2540/2540/2540 2541/2541/2541 2542/2542/2542
f 2541/2541/2541 2543/2543/2543 2544/2544/2544
f 2541/2541/2541 2544/2544/2544 2542/2542/2542
f 2543/2543/2543 2545/2545/2545 2544/2544/2544
f 2544/2544/2544 2545/2545/2545 2546/2546/2546
f 2545/2545/2545 2547/2547/2547 2546/2546/2546
f 2546/2546/2546 2547/2547/2547 2548/2548/2548
f 2546/2546/2546 2548/2548/2548 2549/2549/2549
f 2547/2547/2547 2550/2550/2550 2548/2548/2548
f 2548/2548/2548 2550/2550/2550 2551/2551/2551
f 2552/2552/2552 2553/2553/2553 2554/2554/2554
f 2555/2555/2555 2556/2556/2556 2557/2557/2557
f 2556/2556/2556 2558/2558/2558 2557/2557/2557
f 2559/2559/2559 2560/2560/2560 2561/2561/2561
f 2560/2560/2560 2562/2562/2562 2561/2561/2561
f 2563/2563/2563 2564/2564/2564 2565/2565/2565
f 2564/2564/2564 2566/2566/2566 2565/2565/2565
f 2567/2567/2567 2568/2568/2568 2569/2569/2569
f 2568/2568/2568 2570/2570/2570 2569/2569/2569
f 2571/2571/2571 2572/2572/2572 2573/2573/2573
f 2572/2572/2572 2574/2574/2574 2573/2573/2573
f 2575/2575/2575 2576/2576/2576 2577/2577/2577
f 2576/2576/2576 2578/2578/2578 2577/2577/2577
f 2579/2579/2579 2580/2580/2580 2581/2581/2581
f 2580/2580/2580 2582/2582/2582 2581/2581/2581
f 2583/2583/2583 2584/2584/2584 2585/2585/2585
f 2584/2584/2584 2586/2586/2586 2585/2585/2585
f 2587/2587/2587 2588/2588/2588 2589/2589/2589
f 2588/2588/2588 2590/2590/2590 2589/2589/2589
f 2591/2591/2591 2592/2592/2592 2593/2593/2593
f 2592/2592/2592 2594/2594/2594 2593/2593/2593
f 2595/2595/2595 2596/2596/2596 2597/2597/2597
f 2596/2596/2596 2598/2598/2598 2597/2597/2597
f 2599/2599/2599 2600/2600/2600 2601/2601/2601
f 2600/2600/2600 2602/2602/2602 2601/2601/2601
f 2603/2603/2603 2604/2604/2604 2605/2605/2605
f 2604/2604/2604 2606/2606/2606 2605/2605/2605
f 2607/2607/2607 2608/2608/2608 2609/2609/2609
f 2608/2608/2608 2610/2610/2610 2609/2609/2609
f 2611/2611/2611 2612/2612/2612 2613/2613/2613
f 2612/2612/2612 2614/2614/2614 2613/2613/2613
f 2615/2615/2615 2616/2616/2616 2617/2617/2617
f 2616/2616/2616 2618/2618/2618 2617/2617/2617
f 2619/2619/2619 2620/2620/2620 2621/2621/2621
f 2620/2620/2620 2622/2622/2622 2621/2621/2621
f 2623/2623/2623 2624/2624/2624 2625/2625/2625
f 2626/2626/2626 2627/2627/2627 2628/2628/2628
f 2627/2627/2627 2629/2629/2629 2630/2630/2630
f 2629/2629/2629 2631/2631/2631 2630/2630/2630
f 2632/2632/2632 2633/2633/2633 2634/2634/2634
f 2633/2633/2633 2635/2635/2635 2636/2636/2636
f 2633/2633/2633 2636/2636/2636 2634/2634/2634
f 2635/2635/2635 2637/2637/2637 2638/2638/2638
f 2635/2635/2635 2638/2638/2638 2639/2639/2639
f 2635/2635/2635 2639/2639/2639 2640/2640/2640
f 2635/2635/2635 2640/2640/2640 2641/2641/2641
f 2635/2635/2635 2641/2641/2641 2642/2642/2642
f 2635/2635/2635 2642/2642/2642 2636/2636/2636
f 2639/2639/2639 2643/2643/2643 2640/2640/2640
f 2644/2644/2644 2645/2645/2645 2646/2646/2646
f 2645/2645/2645 2647/2647/2647 2646/2646/2646
f 2648/2648/2648 2649/2649/2649 2650/2650/2650
f 2649/2649/2649 2651/2651/2651 2650/2650/2650
f 2652/2652/2652 2653/2653/2653 2654/2654/2654
f 2653/2653/2653 2655/2655/2655 2654/2654/2654
f 2656/2656/2656 2657/2657/2657 2658/2658/2658
f 2657/2657/2657 2659/2659/2659 2658/2658/2658
f 2660/2660/2660 2661/2661/2661 2662/2662/2662
f 2661/2661/2661 2663/2663/2663 2662/2662/2662
f 2664/2664/2664 2665/2665/2665 2666/2666/2666
f 2665/2665/2665 2667/2667/2667 2666/2666/2666
f 2668/2668/2668 2669/2669/2669 2670/2670/2670
f 2669/2669/2669 2671/2671/2671 2670/2670/2670
f 2672/2672/2672 2673/2673/2673 2674/2674/2674
f 2673/2673/2673 2675/2675/2675 2674/2674/2674
f 2676/2676/2676 2677/2677/2677 2678/2678/2678
f 2677/2677/2677 2679/2679/2679 2678/2678/2678
f 2680/2680/2680 2681/2681/2681 2682/2682/2682
f 2681/2681/2681 2683/2683/2683 2682/2682/2682
f 2684/2684/2684 2685/2685/2685 2686/2686/2686
f 2685/2685/2685 2687/2687/2687 2686/2686/2686
f 2688/2688/2688 2689/2689/2689 2690/2690/2690
f 2689/2689/2689 2691/2691/2691 2690/2690/2690
f 2692/2692/2692 2693/2693/2693 2694/2694/2694
f 2695/2695/2695 2696/2696/2696 2697/2697/2697
f 2696/2696/2696 2698/2698/2698 2697/2697/2697
f 2699/2699/2699 2700/2700/2700 2701/2701/2701
f 2700/2700/2700 2702/2702/2702 2701/2701/2701
f 2703/2703/2703 2704/2704/2704 2705/2705/2705
f 2704/2704/2704 2706/2706/2706 2705/2705/2705
f 2707/2707/2707 2708/2708/2708 2709/2709/2709
f 2708/2708/2708 2710/2710/2710 2709/2709/2709
f 2711/2711/2711 2712/2712/2712 2713/2713/2713
f 2714/2714/2714 2715/2715/2715 2716/2716/2716
f 2715/2715/2715 2717/2717/2717 2716/2716/2716
f 2718/2718/2718 2719/2719/2719 2720/2720/2720
f 2719/2719/2719 2721/2721/2721 2720/2720/2720
f 2722/2722/2722 2723/2723/2723 2724/2724/2724
f 2723/2723/2723 2725/2725/2725 2724/2724/2724
f 2726/2726/2726 2727/2727/2727 2728/2728/2728
f 2727/2727/2727 2729/2729/2729 2728/2728/2728
f 2727/2727/2727 2730/2730/2730 2729/2729/2729
f 2727/2727/2727 2731/2731/2731 2730/2730/2730
f 2728/2728/2728 2729/2729/2729 2732/2732/2732
f 2729/2729/2729 2730/2730/2730 2733/2733/2733
f 2730/2730/2730 2731/2731/2731 2734/2734/2734
f 2735/2735/2735 2736/2736/2736 2737/2737/2737
f 2736/2736/2736 2738/2738/2738 2737/2737/2737
f 2739/2739/2739 2740/2740/2740 2741/2741/2741
f 2740/2740/2740 2742/2742/2742 2741/2741/2741
f 2743/2743/2743 2744/2744/2744 2745/2745/2745
f 2744/2744/2744 2746/2746/2746 2745/2745/2745
f 2747/2747/2747 2748/2748/2748 2749/2749/2749
f 2748/2748/2748 2750/2750/2750 2749/2749/2749
f 2751/2751/2751 2752/2752/2752 2753/2753/2753
f 2752/2752/2752 2754/2754/2754 2753/2753/2753
f 2755/2755/2755 2756/2756/2756 2757/2757/2757
f 2756/2756/2756 2758/2758/2758 2757/2757/2757
f 2759/2759/2759 2760/2760/2760 2761/2761/2761
f 2760/2760/2760 2762/2762/2762 2761/2761/2761
f 2763/2763/2763 2764/2764/2764 2765/2765/2765
f 2764/2764/2764 2766/2766/2766 2765/2765/2765
f 2767/2767/2767 2768/2768/2768 2769/2769/2769
f 2768/2768/2768 2770/2770/2770 2769/2769/2769
f 2771/2771/2771 2772/2772/2772 2773/2773/2773
f 2774/2774/2774 2775/2775/2775 2776/2776/2776
f 2775/2775/2775 2777/2777/2777 2778/2778/2778
f 2775/2775/2775 2778/2778/2778 2776/2776/2776
f 2779/2779/2779 2780/2780/2780 2781/2781/2781
f 2780/2780/2780 2782/2782/2782 2781/2781/2781
f 2783/2783/2783 2784/2784/2784 2785/2785/2785
f 2784/2784/2784 2786/2786/2786 2785/2785/2785
f 2787/2787/2787 2788/2788/2788 2789/2789/2789
f 2788/2788/2788 2790/2790/2790 2789/2789/2789
f 2788/2788/2788 2791/2791/2791 2790/2790/2790
f 2788/2788/2788 2792/2792/2792 2791/2791/2791
f 2791/2791/2791 2792/2792/2792 2793/2793/2793
f 2791/2791/2791 2793/2793/2793 2794/2794/2794
f 2791/2791/2791 2794/2794/2794 2795/2795/2795
f 2794/2794/2794 2796/2796/2796 2795/2795/2795
f 2797/2797/2797 2798/2798/2798 2799/2799/2799
f 2798/2798/2798 2800/2800/2800 2799/2799/2799
f 2801/2801/2801 2802/2802/2802 2803/2803/2803
f 2802/2802/2802 2804/2804/2804 2803/2803/2803
f 2805/2805/2805 2806/2806/2806 2807/2807/2807
f 2806/2806/2806 2808/2808/2808 2807/2807/2807
f 2809/2809/2809 2810/2810/2810 2811/2811/2811
f 2810/2810/2810 2812/2812/2812 2811/2811/2811
f 2813/2813/2813 2814/2814/2814 2815/2815/2815
f 2814/2814/2814 2816/2816/2816 2815/2815/2815
f 2817/2817/2817 2818/2818/2818 2819/2819/2819
f 2818/2818/2818 2820/2820/2820 2819/2819/2819
f 2821/2821/2821 2822/2822/2822 2823/2823/2823
f 2822/2822/2822 2824/2824/2824 2823/2823/2823
f 2825/2825/2825 2826/2826/2826 2827/2827/2827
f 2826/2826/2826 2828/2828/2828 2827/2827/2827
f 2829/2829/2829 2830/2830/2830 2831/2831/2831
f 2830/2830/2830 2832/2832/2832 2831/2831/2831
f 2833/2833/2833 2834/2834/2834 2835/2835/2835
f 2834/2834/2834 2836/2836/2836 2835/2835/2835
f 2837/2837/2837 2838/2838/2838 2839/2839/2839
f 2838/2838/2838 2840/2840/2840 2839/2839/2839
f 2841/2841/2841 2842/2842/2842 2843/2843/2843
f 2842/2842/2842 2844/2844/2844 2843/2843/2843
f 2843/2843/2843 2845/2845/2845 2846/2846/2846
f 2843/2843/2843 2844/2844/2844 2845/2845/2845
f 2847/2847/2847 2848/2848/2848 2849/2849/2849
f 2848/2848/2848 2850/2850/2850 2849/2849/2849
f 2851/2851/2851 2852/2852/2852 2853/2853/2853
f 2852/2852/2852 2854/2854/2854 2853/2853/2853
f 2855/2855/2855 2856/2856/2856 2857/2857/2857
f 2856/2856/2856 2858/2858/2858 2857/2857/2857
f 2859/2859/2859 2860/2860/2860 2861/2861/2861
f 2860/2860/2860 2862/2862/2862 2861/2861/2861
f 2863/2863/2863 2864/2864/2864 2865/2865/2865
f 2864/2864/2864 2866/2866/2866 2865/2865/2865
f 2867/2867/2867 2868/2868/2868 2869/2869/2869
f 2868/2868/2868 2870/2870/2870 2869/2869/2869
f 2871/2871/2871 2872/2872/2872 2873/2873/2873
f 2872/2872/2872 2874/2874/2874 2873/2873/2873
f 2875/2875/2875 2876/2876/2876 2877/2877/2877
f 2876/2876/2876 2878/2878/2878 2877/2877/2877
f 2879/2879/2879 2880/2880/2880 2881/2881/2881
f 2880/2880/2880 2882/2882/2882 2881/2881/2881
f 2883/2883/2883 2884/2884/2884 2885/2885/2885
f 2884/2884/2884 2886/2886/2886 2885/2885/2885
f 2887/2887/2887 2888/2888/2888 2889/2889/2889
f 2890/2890/2890 2891/2891/2891 2892/2892/2892
f 2891/2891/2891 2893/2893/2893 2892/2892/2892
f 2894/2894/2894 2895/2895/2895 2896/2896/2896
f 2895/2895/2895 2897/2897/2897 2898/2898/2898
f 2895/2895/2895 2899/2899/2899 2897/2897/2897
f 2897/2897/2897 2899/2899/2899 2900/2900/2900
f 2899/2899/2899 2901/2901/2901 2900/2900/2900
f 2902/2902/2902 2903/2903/2903 2904/2904/2904
f 2903/2903/2903 2905/2905/2905 2904/2904/2904
f 2906/2906/2906 2907/2907/2907 2908/2908/2908
f 2907/2907/2907 2909/2909/2909 2908/2908/2908
f 2910/2910/2910 2911/2911/2911 2912/2912/2912
f 2911/2911/2911 2913/2913/2913 2912/2912/2912
f 2914/2914/2914 2915/2915/2915 2916/2916/2916
f 2915/2915/2915 2917/2917/2917 2916/2916/2916
f 2918/2918/2918 2919/2919/2919 2920/2920/2920
f 2919/2919/2919 2921/2921/2921 2920/2920/2920
f 2922/2922/2922 2923/2923/2923 2924/2924/2924
f 2923/2923/2923 2925/2925/2925 2924/2924/2924
f 2926/2926/2926 2927/2927/2927 2928/2928/2928
f 2927/2927/2927 2929/2929/2929 2928/2928/2928
f 2930/2930/2930 2931/2931/2931 2932/2932/2932
f 2931/2931/2931 2933/2933/2933 2932/2932/2932
f 2934/2934/2934 2935/2935/2935 2936/2936/2936
f 2935/2935/2935 2937/2937/2937 2936/2936/2936
f 2938/2938/2938 2939/2939/2939 2940/2940/2940
f 2939/2939/2939 2941/2941/2941 2940/2940/2940
f 2942/2942/2942 2943/2943/2943 2944/2944/2944
f 2943/2943/2943 2945/2945/2945 2946/2946/2946
f 2943/2943/2943 2946/2946/2946 2947/2947/2947
f 2943/2943/2943 2947/2947/2947 2944/2944/2944
f 2945/2945/2945 2948/2948/2948 2949/2949/2949
f 2945/2945/2945 2949/2949/2949 2946/2946/2946
f 2946/2946/2946 2950/2950/2950 2947/2947/2947
f 2948/2948/2948 2951/2951/2951 2949/2949/2949
f 2952/2952/2952 2953/2953/2953 2954/2954/2954
f 2953/2953/2953 2955/2955/2955 2954/2954/2954
f 2956/2956/2956 2957/2957/2957 2958/2958/2958
f 2957/2957/2957 2959/2959/2959 2958/2958/2958
f 2960/2960/2960 2961/2961/2961 2962/2962/2962
f 2961/2961/2961 2963/2963/2963 2962/2962/2962
f 2964/2964/2964 2965/2965/2965 2966/2966/2966
f 2965/2965/2965 2967/2967/2967 2966/2966/2966
f 2968/2968/2968 2969/2969/2969 2970/2970/2970
f 2969/2969/2969 2971/2971/2971 2970/2970/2970
f 2972/2972/2972 2973/2973/2973 2974/2974/2974
f 2973/2973/2973 2975/2975/2975 2974/2974/2974
f 2976/2976/2976 2977/2977/2977 2978/2978/2978
f 2977/2977/2977 2979/2979/2979 2978/2978/2978
f 2980/2980/2980 2981/2981/2981 2982/2982/2982
f 2981/2981/2981 2983/2983/2983 2982/2982/2982
f 2984/2984/2984 2985/2985/2985 2986/2986/2986
f 2985/2985/2985 2987/2987/2987 2986/2986/2986
f 2988/2988/2988 2989/2989/2989 2990/2990/2990
f 2989/2989/2989 2991/2991/2991 2990/2990/2990
f 2992/2992/2992 2993/2993/2993 2994/2994/2994
f 2993/2993/2993 2995/2995/2995 2994/2994/2994
f 2996/2996/2996 2997/2997/2997 2998/2998/2998
f 2997/2997/2997 2999/2999/2999 2998/2998/2998
f 3000/3000/3000 3001/3001/3001 3002/3002/3002
f 3001/3001/3001 3003/3003/3003 3002/3002/3002
f 3004/3004/3004 3005/3005/3005 3006/3006/3006
f 3005/3005/3005 3007/3007/3007 3006/3006/3006
f 3008/3008/3008 3009/3009/3009 3010/3010/3010
f 3009/3009/3009 3011/3011/3011 3010/3010/3010
f 3012/3012/3012 3013/3013/3013 3014/3014/3014
f 3013/3013/3013 3015/3015/3015 3014/3014/3014
f 3016/3016/3016 3017/3017/3017 3018/3018/3018
f 3017/3017/3017 3019/3019/3019 3018/3018/3018
f 3020/3020/3020 3021/3021/3021 3022/3022/3022
f 3021/3021/3021 3023/3023/3023 3022/3022/3022
f 3024/3024/3024 3025/3025/3025 3026/3026/3026
f 3025/3025/3025 3027/3027/3027 3026/3026/3026
f 3028/3028/3028 3029/3029/3029 3030/3030/3030
f 3029/3029/3029 3031/3031/3031 3030/3030/3030
f 3032/3032/3032 3033/3033/3033 3034/3034/3034
f 3033/3033/3033 3035/3035/3035 3034/3034/3034
f 3036/3036/3036 3037/3037/3037 3038/3038/3038
f 3037/3037/3037 3039/3039/3039 3038/3038/3038
f 3040/3040/3040 3041/3041/3041 3042/3042/3042
f 3041/3041/3041 3043/3043/3043 3042/3042/3042
f 3044/3044/3044 3045/3045/3045 3046/3046/3046
f 3045/3045/3045 3047/3047/3047 3046/3046/3046
f 3048/3048/3048 3049/3049/3049 3050/3050/3050
f 3049/3049/3049 3051/3051/3051 3050/3050/3050
f 3052/3052/3052 3053/3053/3053 3054/3054/3054
f 3053/3053/3053 3055/3055/3055 3054/3054/3054
f 3056/3056/3056 3057/3057/3057 3058/3058/3058
f 3057/3057/3057 3059/3059/3059 3058/3058/3058
f 3060/3060/3060 3061/3061/3061 3062/3062/3062
f 3061/3061/3061 3063/3063/3063 3062/3062/3062
f 3061/3061/3061 3064/3064/3064 3063/3063/3063
f 3063/3063/3063 3064/3064/3064 3065/3065/3065
f 3064/3064/3064 3066/3066/3066 3065/3065/3065
f 3065/3065/3065 3066/3066/3066 3067/3067/3067
f 3068/3068/3068 3069/3069/3069 3070/3070/3070
f 3069/3069/3069 3071/3071/3071 3070/3070/3070
f 3072/3072/3072 3073/3073/3073 3074/3074/3074
f 3073/3073/3073 3075/3075/3075 3074/3074/3074
f 3076/3076/3076 3077/3077/3077 3078/3078/3078
f 3077/3077/3077 3079/3079/3079 3078/3078/3078
f 3078/3078/3078 3079/3079/3079 3080/3080/3080
f 3079/3079/3079 3081/3081/3081 3080/3080/3080
f 3082/3082/3082 3083/3083/3083 3084/3084/3084
f 3083/3083/3083 3085/3085/3085 3086/3086/3086
f 3083/3083/3083 3086/3086/3086 3084/3084/3084
f 3083/3083/3083 3087/3087/3087 3085/3085/3085
f 3088/3088/3088 3089/3089/3089 3090/3090/3090
f 3091/3091/3091 3092/3092/3092 3093/3093/3093
f 3092/3092/3092 3094/3094/3094 3095/3095/3095
f 3092/3092/3092 3095/3095/3095 3093/3093/3093
f 3094/3094/3094 3096/3096/3096 3097/3097/3097
f 3094/3094/3094 3097/3097/3097 3095/3095/3095
f 3096/3096/3096 3098/3098/3098 3099/3099/3099
f 3096/3096/3096 3099/3099/3099 3097/3097/3097
f 3098/3098/3098 3100/3100/3100 3099/3099/3099
f 3098/3098/3098 3101/3101/3101 3100/3100/3100
f 3102/3102/3102 3103/3103/3103 3104/3104/3104
f 3103/3103/3103 3105/3105/3105 3104/3104/3104
f 3106/3106/3106 3107/3107/3107 3108/3108/3108
f 3107/3107/3107 3109/3109/3109 3108/3108/3108
f 3110/3110/3110 3111/3111/3111 3112/3112/3112
f 3111/3111/3111 3113/3113/3113 3112/3112/3112
f 3114/3114/3114 3115/3115/3115 3116/3116/3116
f 3115/3115/3115 3117/3117/3117 3116/3116/3116
f 3118/3118/3118 3119/3119/3119 3120/3120/3120
f 3119/3119/3119 3121/3121/3121 3120/3120/3120
f 3122/3122/3122 3123/3123/3123 3124/3124/3124
f 3123/3123/3123 3125/3125/3125 3124/3124/3124
f 3126/3126/3126 3127/3127/3127 3128/3128/3128
f 3127/3127/3127 3129/3129/3129 3128/3128/3128
f 3130/3130/3130 3131/3131/3131 3132/3132/3132
f 3131/3131/3131 3133/3133/3133 3132/3132/3132
f 3134/3134/3134 3135/3135/3135 3136/3136/3136
f 3135/3135/3135 3137/3137/3137 3136/3136/3136
f 3136/3136/3136 3137/3137/3137 3138/3138/3138
f 3137/3137/3137 3139/3139/3139 3138/3138/3138
f 3138/3138/3138 3139/3139/3139 3140/3140/3140
f 3139/3139/3139 3141/3141/3141 3140/3140/3140
f 3142/3142/3142 3143/3143/3143 3144/3144/3144
f 3143/3143/3143 3145/3145/3145 3144/3144/3144
f 3146/3146/3146 3147/3147/3147 3148/3148/3148
f 3147/3147/3147 3149/3149/3149 3148/3148/3148
f 3150/3150/3150 3151/3151/3151 3152/3152/3152
f 3151/3151/3151 3153/3153/3153 3152/3152/3152
f 3154/3154/3154 3155/3155/3155 3156/3156/3156
f 3157/3157/3157 3158/3158/3158 3159/3159/3159
f 3158/3158/3158 3160/3160/3160 3159/3159/3159
f 3161/3161/3161 3162/3162/3162 3163/3163/3163
f 3162/3162/3162 3164/3164/3164 3163/3163/3163
f 3165/3165/3165 3166/3166/3166 3167/3167/3167
f 3166/3166/3166 3168/3168/3168 3167/3167/3167
f 3169/3169/3169 3170/3170/3170 3171/3171/3171
f 3170/3170/3170 3172/3172/3172 3171/3171/3171
f 3173/3173/3173 3174/3174/3174 3175/3175/3175
f 3174/3174/3174 3176/3176/3176 3175/3175/3175
f 3177/3177/3177 3178/3178/3178 3179/3179/3179
f 3178/3178/3178 3180/3180/3180 3179/3179/3179
f 3181/3181/3181 3182/3182/3182 3183/3183/3183
f 3182/3182/3182 3184/3184/3184 3183/3183/3183
f 3185/3185/3185 3186/3186/3186 3187/3187/3187
f 3186/3186/3186 3188/3188/3188 3187/3187/3187
f 3189/3189/3189 3190/3190/3190 3191/3191/3191
f 3192/3192/3192 3193/3193/3193 3194/3194/3194
f 3195/3195/3195 3196/3196/3196 3197/3197/3197
f 3196/3196/3196 3198/3198/3198 3197/3197/3197
f 3199/3199/3199 3200/3200/3200 3201/3201/3201
f 3200/3200/3200 3202/3202/3202 3201/3201/3201
f 3203/3203/3203 3204/3204/3204 3205/3205/3205
f 3206/3206/3206 3207/3207/3207 3208/3208/3208
f 3207/3207/3207 3209/3209/3209 3208/3208/3208
f 3210/3210/3210 479/479/479 3211/3211/3211
f 479/479/479 3212/3212/3212 3211/3211/3211
f 3213/3213/3213 3214/3214/3214 3215/3215/3215
f 3214/3214/3214 3216/3216/3216 3215/3215/3215
f 3217/3217/3217 3218/3218/3218 3219/3219/3219
f 3218/3218/3218 3220/3220/3220 3219/3219/3219
f 3221/3221/3221 3222/3222/3222 3223/3223/3223
f 3222/3222/3222 3224/3224/3224 3223/3223/3223
f 3225/3225/3225 3226/3226/3226 3227/3227/3227
f 3226/3226/3226 3228/3228/3228 3227/3227/3227
f 3229/3229/3229 3230/3230/3230 3231/3231/3231
f 3230/3230/3230 3232/3232/3232 3231/3231/3231
f 3233/3233/3233 3234/3234/3234 3235/3235/3235
f 3234/3234/3234 3236/3236/3236 3235/3235/3235
f 3237/3237/3237 3238/3238/3238 3239/3239/3239
f 3238/3238/3238 3240/3240/3240 3239/3239/3239
f 3241/3241/3241 3242/3242/3242 3243/3243/3243
f 3244/3244/3244 3245/3245/3245 3246/3246/3246
f 3245/3245/3245 3247/3247/3247 3246/3246/3246
f 3248/3248/3248 3249/3249/3249 3250/3250/3250
f 3249/3249/3249 3251/3251/3251 3250/3250/3250
f 3252/3252/3252 3253/3253/3253 3254/3254/3254
f 3255/3255/3255 3256/3256/3256 3257/3257/3257
f 3258/3258/3258 3259/3259/3259 3260/3260/3260
f 3259/3259/3259 3261/3261/3261 3260/3260/3260
f 3262/3262/3262 3263/3263/3263 3264/3264/3264
f 3263/3263/3263 3265/3265/3265 3264/3264/3264
f 3266/3266/3266 3267/3267/3267 3268/3268/3268
f 3267/3267/3267 3269/3269/3269 3268/3268/3268
f 3270/3270/3270 3271/3271/3271 3272/3272/3272
f 3271/3271/3271 3273/3273/3273 3272/3272/3272
f 3271/3271/3271 3274/3274/3274 3273/3273/3273
f 3272/3272/3272 3273/3273/3273 3275/3275/3275
f 3273/3273/3273 3276/3276/3276 3277/3277/3277
f 3273/3273/3273 3277/3277/3277 3275/3275/3275
f 3273/3273/3273 3278/3278/3278 3279/3279/3279
f 3273/3273/3273 3274/3274/3274 3278/3278/3278
f 3274/3274/3274 3280/3280/3280 3278/3278/3278
f 3278/3278/3278 3281/3281/3281 3279/3279/3279
f 3282/3282/3282 3283/3283/3283 3284/3284/3284
f 3285/3285/3285 3286/3286/3286 3287/3287/3287
f 3286/3286/3286 3288/3288/3288 3287/3287/3287
f 3289/3289/3289 3290/3290/3290 3291/3291/3291
f 3290/3290/3290 3292/3292/3292 3291/3291/3291
f 3293/3293/3293 3294/3294/3294 3295/3295/3295
f 3294/3294/3294 3296/3296/3296 3295/3295/3295
f 3297/3297/3297 3298/3298/3298 3299/3299/3299
f 3298/3298/3298 3300/3300/3300 3299/3299/3299
f 3301/3301/3301 3302/3302/3302 3303/3303/3303
f 3302/3302/3302 3304/3304/3304 3303/3303/3303
f 3305/3305/3305 3306/3306/3306 3307/3307/3307
f 3306/3306/3306 3308/3308/3308 3307/3307/3307
f 3309/3309/3309 3310/3310/3310 3311/3311/3311
f 3310/3310/3310 3312/3312/3312 3311/3311/3311
f 3313/3313/3313 3314/3314/3314 3315/3315/3315
f 3314/3314/3314 3316/3316/3316 3315/3315/3315
f 3317/3317/3317 3318/3318/3318 3319/3319/3319
f 3318/3318/3318 3320/3320/3320 3319/3319/3319
f 3321/3321/3321 3322/3322/3322 3323/3323/3323
f 3322/3322/3322 3324/3324/3324 3323/3323/3323
f 3325/3325/3325 3326/3326/3326 3327/3327/3327
f 3326/3326/3326 3328/3328/3328 3327/3327/3327
f 3329/3329/3329 3330/3330/3330 3331/3331/3331
f 3330/3330/3330 3332/3332/3332 3331/3331/3331
f 3333/3333/3333 3334/3334/3334 3335/3335/3335
f 3334/3334/3334 3336/3336/3336 3335/3335/3335
f 3337/3337/3337 3338/3338/3338 3339/3339/3339
f 3338/3338/3338 3340/3340/3340 3339/3339/3339
f 3341/3341/3341 3342/3342/3342 3343/3343/3343
f 3342/3342/3342 3344/3344/3344 3343/3343/3343
f 3345/3345/3345 3346/3346/3346 3347/3347/3347
f 3346/3346/3346 3348/3348/3348 3347/3347/3347
f 3349/3349/3349 3350/3350/3350 3351/3351/3351
f 3350/3350/3350 3352/3352/3352 3351/3351/3351
f 3353/3353/3353 3354/3354/3354 3355/3355/3355
f 3354/3354/3354 3356/3356/3356 3355/3355/3355
f 3357/3357/3357 3358/3358/3358 3359/3359/3359
f 3360/3360/3360 3361/3361/3361 3362/3362/3362
f 3363/3363/3363 3364/3364/3364 3365/3365/3365
f 3366/3366/3366 3367/3367/3367 3368/3368/3368
f 3367/3367/3367 3369/3369/3369 3368/3368/3368
f 3370/3370/3370 3371/3371/3371 3372/3372/3372
f 3371/3371/3371 3373/3373/3373 3372/3372/3372
f 3374/3374/3374 3375/3375/3375 3376/3376/3376
f 3375/3375/3375 3377/3377/3377 3376/3376/3376
f 3376/3376/3376 3377/3377/3377 3378/3378/3378
f 3377/3377/3377 3379/3379/3379 3380/3380/3380
f 3377/3377/3377 3380/3380/3380 3378/3378/3378
f 3379/3379/3379 3381/3381/3381 3382/3382/3382
f 3379/3379/3379 3382/3382/3382 3380/3380/3380
f 3381/3381/3381 3383/3383/3383 3382/3382/3382
f 3384/3384/3384 3385/3385/3385 3386/3386/3386
f 3385/3385/3385 3387/3387/3387 3386/3386/3386
f 3388/3388/3388 3389/3389/3389 3390/3390/3390
f 3389/3389/3389 3391/3391/3391 3390/3390/3390
f 3392/3392/3392 3393/3393/3393 3394/3394/3394
f 3393/3393/3393 3395/3395/3395 3394/3394/3394
f 3396/3396/3396 3397/3397/3397 3398/3398/3398
f 3397/3397/3397 3399/3399/3399 3398/3398/3398
f 3400/3400/3400 3401/3401/3401 3402/3402/3402
f 3401/3401/3401 3403/3403/3403 3402/3402/3402
f 3404/3404/3404 3405/3405/3405 3406/3406/3406
f 3405/3405/3405 3407/3407/3407 3406/3406/3406
f 3408/3408/3408 3409/3409/3409 3410/3410/3410
f 3409/3409/3409 3411/3411/3411 3410/3410/3410
f 3412/3412/3412 3413/3413/3413 3414/3414/3414
f 3413/3413/3413 3415/3415/3415 3414/3414/3414
f 3416/3416/3416 3417/3417/3417 3418/3418/3418
f 3417/3417/3417 3419/3419/3419 3418/3418/3418
f 3420/3420/3420 3421/3421/3421 3422/3422/3422
f 3421/3421/3421 3423/3423/3423 3422/3422/3422
f 3424/3424/3424 3425/3425/3425 3426/3426/3426
f 3425/3425/3425 3427/3427/3427 3426/3426/3426
f 3428/3428/3428 3429/3429/3429 3430/3430/3430
f 3429/3429/3429 3431/3431/3431 3430/3430/3430
f 3432/3432/3432 3433/3433/3433 3434/3434/3434
f 3435/3435/3435 3436/3436/3436 3437/3437/3437
f 3436/3436/3436 3438/3438/3438 3437/3437/3437
f 3439/3439/3439 3440/3440/3440 3441/3441/3441
f 3440/3440/3440 3442/3442/3442 3441/3441/3441
f 3443/3443/3443 3444/3444/3444 3445/3445/3445
f 3444/3444/3444 3446/3446/3446 3445/3445/3445
f 3447/3447/3447 3448/3448/3448 3449/3449/3449
f 3448/3448/3448 3450/3450/3450 3449/3449/3449
f 3451/3451/3451 3452/3452/3452 3453/3453/3453
f 3452/3452/3452 3454/3454/3454 3453/3453/3453
f 3455/3455/3455 3456/3456/3456 3457/3457/3457
f 3456/3456/3456 3458/3458/3458 3457/3457/3457
f 3459/3459/3459 3460/3460/3460 3461/3461/3461
f 3460/3460/3460 3462/3462/3462 3461/3461/3461
f 3463/3463/3463 3464/3464/3464 3465/3465/3465
f 3464/3464/3464 3466/3466/3466 3465/3465/3465
f 3467/3467/3467 3468/3468/3468 3469/3469/3469
f 3468/3468/3468 3470/3470/3470 3469/3469/3469
f 3471/3471/3471 3472/3472/3472 3473/3473/3473
f 3472/3472/3472 3474/3474/3474 3475/3475/3475
f 3472/3472/3472 3475/3475/3475 3473/3473/3473
f 3473/3473/3473 3475/3475/3475 3476/3476/3476
f 3474/3474/3474 3477/3477/3477 3478/3478/3478
f 3474/3474/3474 3478/3478/3478 3475/3475/3475
f 3477/3477/3477 3479/3479/3479 3480/3480/3480
f 3477/3477/3477 3480/3480/3480 3478/3478/3478
f 3481/3481/3481 3482/3482/3482 3483/3483/3483
f 3484/3484/3484 3485/3485/3485 3486/3486/3486
f 3485/3485/3485 3487/3487/3487 3486/3486/3486
f 3488/3488/3488 3489/3489/3489 3490/3490/3490
f 3489/3489/3489 3491/3491/3491 3490/3490/3490
f 3492/3492/3492 3493/3493/3493 3494/3494/3494
f 3493/3493/3493 3495/3495/3495 3494/3494/3494
f 3496/3496/3496 3497/3497/3497 3498/3498/3498
f 3497/3497/3497 3499/3499/3499 3498/3498/3498
f 3500/3500/3500 3501/3501/3501 3502/3502/3502
f 3501/3501/3501 3503/3503/3503 3502/3502/3502
f 3504/3504/3504 3505/3505/3505 3506/3506/3506
f 3505/3505/3505 3507/3507/3507 3506/3506/3506
f 3508/3508/3508 3509/3509/3509 3510/3510/3510
f 3509/3509/3509 3511/3511/3511 3510/3510/3510
f 3512/3512/3512 3513/3513/3513 3514/3514/3514
f 3513/3513/3513 3515/3515/3515 3514/3514/3514
f 3516/3516/3516 3517/3517/3517 3518/3518/3518
f 3517/3517/3517 3519/3519/3519 3518/3518/3518
f 3520/3520/3520 3521/3521/3521 3522/3522/3522
f 3523/3523/3523 3524/3524/3524 3525/3525/3525
f 3524/3524/3524 3526/3526/3526 3525/3525/3525
f 3527/3527/3527 3528/3528/3528 3529/3529/3529
f 3530/3530/3530 3531/3531/3531 3532/3532/3532
f 3533/3533/3533 3534/3534/3534 3535/3535/3535
f 3536/3536/3536 3537/3537/3537 3538/3538/3538
f 3537/3537/3537 3539/3539/3539 3538/3538/3538
f 3540/3540/3540 3541/3541/3541 3542/3542/3542
f 3541/3541/3541 3543/3543/3543 3542/3542/3542
f 3541/3541/3541 3544/3544/3544 3543/3543/3543
f 3543/3543/3543 3544/3544/3544 3545/3545/3545
f 3544/3544/3544 3546/3546/3546 3545/3545/3545
f 3545/3545/3545 3546/3546/3546 3547/3547/3547
f 3546/3546/3546 3548/3548/3548 3547/3547/3547
f 3547/3547/3547 3548/3548/3548 3549/3549/3549
f 3550/3550/3550 3551/3551/3551 3552/3552/3552
f 3551/3551/3551 3553/3553/3553 3552/3552/3552
f 3554/3554/3554 3555/3555/3555 3556/3556/3556
f 3555/3555/3555 3557/3557/3557 3556/3556/3556
f 3558/3558/3558 3559/3559/3559 3560/3560/3560
f 3559/3559/3559 3561/3561/3561 3560/3560/3560
f 3562/3562/3562 3563/3563/3563 3564/3564/3564
f 3563/3563/3563 3565/3565/3565 3564/3564/3564
f 3566/3566/3566 3567/3567/3567 3568/3568/3568
f 3567/3567/3567 3569/3569/3569 3568/3568/3568
f 3570/3570/3570 3571/3571/3571 3572/3572/3572
f 3571/3571/3571 3573/3573/3573 3572/3572/3572
f 3574/3574/3574 3575/3575/3575 3576/3576/3576
f 3575/3575/3575 3577/3577/3577 3576/3576/3576
f 3578/3578/3578 3579/3579/3579 3580/3580/3580
f 3579/3579/3579 3581/3581/3581 3580/3580/3580
f 3582/3582/3582 3583/3583/3583 3584/3584/3584
f 3583/3583/3583 3585/3585/3585 3584/3584/3584
f 3586/3586/3586 3587/3587/3587 3588/3588/3588
f 3587/3587/3587 3589/3589/3589 3588/3588/3588
f 3590/3590/3590 3591/3591/3591 3592/3592/3592
f 3593/3593/3593 3594/3594/3594 3595/3595/3595
f 3594/3594/3594 3596/3596/3596 3595/3595/3595
f 3597/3597/3597 3598/3598/3598 3599/3599/3599
f 3598/3598/3598 3600/3600/3600 3599/3599/3599
f 3601/3601/3601 3602/3602/3602 3603/3603/3603
f 3602/3602/3602 3604/3604/3604 3603/3603/3603
f 3605/3605/3605 3606/3606/3606 3607/3607/3607
f 3606/3606/3606 3608/3608/3608 3607/3607/3607
f 3609/3609/3609 3610/3610/3610 3611/3611/3611
f 3610/3610/3610 3612/3612/3612 3611/3611/3611
f 3613/3613/3613 3614/3614/3614 3615/3615/3615
f 3614/3614/3614 3616/3616/3616 3615/3615/3615
f 3617/3617/3617 3618/3618/3618 3619/3619/3619
f 3618/3618/3618 3620/3620/3620 3619/3619/3619
f 3621/3621/3621 3622/3622/3622 3623/3623/3623
f 3622/3622/3622 3624/3624/3624 3623/3623/3623
f 3625/3625/3625 3626/3626/3626 3627/3627/3627
f 3626/3626/3626 3628/3628/3628 3627/3627/3627
f 3629/3629/3629 3630/3630/3630 3631/3631/3631
f 3630/3630/3630 3632/3632/3632 3631/3631/3631
f 3633/3633/3633 3634/3634/3634 3635/3635/3635
f 3634/3634/3634 3636/3636/3636 3635/3635/3635
f 3637/3637/3637 3638/3638/3638 3639/3639/3639
f 3640/3640/3640 3641/3641/3641 3642/3642/3642
f 3641/3641/3641 3643/3643/3643 3642/3642/3642
f 3644/3644/3644 3645/3645/3645 3646/3646/3646
f 3647/3647/3647 3648/3648/3648 3649/3649/3649
f 3648/3648/3648 3650/3650/3650 3649/3649/3649
f 3651/3651/3651 3652/3652/3652 3653/3653/3653
f 3652/3652/3652 3654/3654/3654 3653/3653/3653
f 3655/3655/3655 3656/3656/3656 3657/3657/3657
f 3656/3656/3656 3658/3658/3658 3657/3657/3657
f 3659/3659/3659 3660/3660/3660 3661/3661/3661
f 3660/3660/3660 3662/3662/3662 3661/3661/3661
f 3663/3663/3663 3664/3664/3664 3665/3665/3665
f 3664/3664/3664 3666/3666/3666 3665/3665/3665
f 3667/3667/3667 3668/3668/3668 3669/3669/3669
f 3668/3668/3668 3670/3670/3670 3669/3669/3669
f 3671/3671/3671 3672/3672/3672 3673/3673/3673
f 3672/3672/3672 3674/3674/3674 3673/3673/3673
f 3675/3675/3675 3676/3676/3676 3677/3677/3677
f 3676/3676/3676 3678/3678/3678 3677/3677/3677
f 3679/3679/3679 3680/3680/3680 3681/3681/3681
f 3680/3680/3680 3682/3682/3682 3681/3681/3681
f 3683/3683/3683 3684/3684/3684 3685/3685/3685
f 3684/3684/3684 3686/3686/3686 3685/3685/3685
f 3687/3687/3687 3688/3688/3688 3689/3689/3689
f 3688/3688/3688 3690/3690/3690 3689/3689/3689
f 3691/3691/3691 3692/3692/3692 3693/3693/3693
f 3691/3691/3691 3694/3694/3694 3692/3692/3692
f 3692/3692/3692 3695/3695/3695 3696/3696/3696
f 3692/3692/3692 3694/3694/3694 3695/3695/3695
f 3695/3695/3695 3697/3697/3697 3696/3696/3696
f 3695/3695/3695 3698/3698/3698 3697/3697/3697
f 3697/3697/3697 3698/3698/3698 3699/3699/3699
f 3698/3698/3698 3700/3700/3700 3699/3699/3699
f 3701/3701/3701 3702/3702/3702 3703/3703/3703
f 3702/3702/3702 3704/3704/3704 3703/3703/3703
f 3705/3705/3705 3706/3706/3706 3707/3707/3707
f 3706/3706/3706 3708/3708/3708 3707/3707/3707
f 3709/3709/3709 3710/3710/3710 3711/3711/3711
f 3710/3710/3710 3712/3712/3712 3711/3711/3711
f 3713/3713/3713 3714/3714/3714 3715/3715/3715
f 3714/3714/3714 3716/3716/3716 3715/3715/3715
f 3717/3717/3717 3718/3718/3718 3719/3719/3719
f 3718/3718/3718 3720/3720/3720 3719/3719/3719
f 3721/3721/3721 3722/3722/3722 3723/3723/3723
f 3722/3722/3722 3724/3724/3724 3723/3723/3723
f 3725/3725/3725 3726/3726/3726 3727/3727/3727
f 3726/3726/3726 3728/3728/3728 3727/3727/3727
f 3729/3729/3729 3730/3730/3730 3731/3731/3731
f 3730/3730/3730 3732/3732/3732 3731/3731/3731
f 3733/3733/3733 3734/3734/3734 3735/3735/3735
f 3734/3734/3734 3736/3736/3736 3735/3735/3735
f 3737/3737/3737 3738/3738/3738 3739/3739/3739
f 3738/3738/3738 3740/3740/3740 3739/3739/3739
f 3741/3741/3741 3742/3742/3742 3743/3743/3743
f 3742/3742/3742 3744/3744/3744 3743/3743/3743
f 3745/3745/3745 3746/3746/3746 3747/3747/3747
f 3746/3746/3746 3748/3748/3748 3747/3747/3747
f 3749/3749/3749 3750/3750/3750 3751/3751/3751
f 3750/3750/3750 3752/3752/3752 3751/3751/3751
f 3753/3753/3753 3754/3754/3754 3755/3755/3755
f 3754/3754/3754 3756/3756/3756 3755/3755/3755
f 3757/3757/3757 3758/3758/3758 3759/3759/3759
f 3758/3758/3758 3760/3760/3760 3759/3759/3759
f 3761/3761/3761 3762/3762/3762 3763/3763/3763
f 3762/3762/3762 3764/3764/3764 3763/3763/3763
f 3765/3765/3765 3766/3766/3766 3767/3767/3767
f 3766/3766/3766 3768/3768/3768 3767/3767/3767
f 3769/3769/3769 3770/3770/3770 3771/3771/3771
f 3770/3770/3770 3772/3772/3772 3771/3771/3771
f 3773/3773/3773 3774/3774/3774 3775/3775/3775
f 3774/3774/3774 3776/3776/3776 3775/3775/3775
f 3777/3777/3777 3778/3778/3778 3779/3779/3779
f 3778/3778/3778 3780/3780/3780 3779/3779/3779
f 3781/3781/3781 3782/3782/3782 3783/3783/3783
f 3782/3782/3782 3784/3784/3784 3783/3783/3783
f 3785/3785/3785 3786/3786/3786 3787/3787/3787
f 3786/3786/3786 3788/3788/3788 3787/3787/3787
f 3789/3789/3789 3790/3790/3790 3791/3791/3791
f 3790/3790/3790 3792/3792/3792 3793/3793/3793
f 3790/3790/3790 3794/3794/3794 3792/3792/3792
f 3790/3790/3790 3793/3793/3793 3791/3791/3791
f 3795/3795/3795 3796/3796/3796 3797/3797/3797
f 3796/3796/3796 3798/3798/3798 3797/3797/3797
f 3797/3797/3797 3798/3798/3798 3799/3799/3799
f 3798/3798/3798 3800/3800/3800 3799/3799/3799
f 3801/3801/3801 3802/3802/3802 3803/3803/3803
f 3802/3802/3802 3804/3804/3804 3803/3803/3803
f 3805/3805/3805 3806/3806/3806 3807/3807/3807
f 3806/3806/3806 3808/3808/3808 3807/3807/3807
f 3807/3807/3807 3808/3808/3808 3809/3809/3809
f 3808/3808/3808 3810/3810/3810 3809/3809/3809
f 3810/3810/3810 3811/3811/3811 3812/3812/3812
f 3810/3810/3810 3812/3812/3812 3813/3813/3813
f 3814/3814/3814 3815/3815/3815 3816/3816/3816
f 3815/3815/3815 3817/3817/3817 3816/3816/3816
f 3815/3815/3815 3818/3818/3818 3819/3819/3819
f 3815/3815/3815 3819/3819/3819 3817/3817/3817
f 3820/3820/3820 3821/3821/3821 3822/3822/3822
f 3821/3821/3821 3823/3823/3823 3822/3822/3822
f 3824/3824/3824 3825/3825/3825 3826/3826/3826
f 3825/3825/3825 3827/3827/3827 3826/3826/3826
f 3828/3828/3828 3829/3829/3829 3830/3830/3830
f 3829/3829/3829 3831/3831/3831 3830/3830/3830
f 3832/3832/3832 3833/3833/3833 3834/3834/3834
f 3833/3833/3833 3835/3835/3835 3834/3834/3834
f 3836/3836/3836 3837/3837/3837 3838/3838/3838
f 3837/3837/3837 3839/3839/3839 3838/3838/3838
f 3840/3840/3840 3841/3841/3841 3842/3842/3842
f 3841/3841/3841 3843/3843/3843 3842/3842/3842
f 3841/3841/3841 3844/3844/3844 3843/3843/3843
f 3842/3842/3842 3845/3845/3845 2191/2191/2191
f 3842/3842/3842 3843/3843/3843 3845/3845/3845
f 3843/3843/3843 3846/3846/3846 3845/3845/3845
f 3845/3845/3845 2194/2194/2194 2191/2191/2191
f 3845/3845/3845 3847/3847/3847 2194/2194/2194
f 3845/3845/3845 3846/3846/3846 3848/3848/3848
f 3845/3845/3845 3848/3848/3848 3847/3847/3847
f 2194/2194/2194 3849/3849/3849 2199/2199/2199
f 2194/2194/2194 3847/3847/3847 3849/3849/3849
f 3847/3847/3847 3850/3850/3850 3849/3849/3849
f 3847/3847/3847 3851/3851/3851 3850/3850/3850
f 3847/3847/3847 3848/3848/3848 3851/3851/3851
f 3849/3849/3849 3852/3852/3852 2199/2199/2199
f 3849/3849/3849 3850/3850/3850 3852/3852/3852
f 2199/2199/2199 3852/3852/3852 2203/2203/2203
f 3850/3850/3850 3853/3853/3853 3852/3852/3852
f 3850/3850/3850 3851/3851/3851 3854/3854/3854
f 3850/3850/3850 3854/3854/3854 3853/3853/3853
f 3852/3852/3852 3855/3855/3855 2203/2203/2203
f 3852/3852/3852 3853/3853/3853 3855/3855/3855
f 2203/2203/2203 1408/1408/1408 1389/1389/1389
f 2203/2203/2203 3855/3855/3855 1408/1408/1408
f 3853/3853/3853 1417/1417/1417 3855/3855/3855
f 3853/3853/3853 3856/3856/3856 1417/1417/1417
f 3853/3853/3853 3854/3854/3854 3857/3857/3857
f 3853/3853/3853 3857/3857/3857 3856/3856/3856
f 3855/3855/3855 1417/1417/1417 1408/1408/1408
f 1408/1408/1408 1397/1397/1397 1389/1389/1389
f 1417/1417/1417 3856/3856/3856 1424/1424/1424
f 3856/3856/3856 3858/3858/3858 1424/1424/1424
f 3856/3856/3856 3859/3859/3859 3858/3858/3858
f 3856/3856/3856 3857/3857/3857 3859/3859/3859
f 1424/1424/1424 3858/3858/3858 1433/1433/1433
f 3858/3858/3858 3860/3860/3860 1433/1433/1433
f 3858/3858/3858 3861/3861/3861 3860/3860/3860
f 3858/3858/3858 3859/3859/3859 3861/3861/3861
f 3862/3862/3862 3863/3863/3863 3864/3864/3864
f 3863/3863/3863 3865/3865/3865 3864/3864/3864
f 3866/3866/3866 3867/3867/3867 3868/3868/3868
f 3867/3867/3867 3869/3869/3869 3868/3868/3868
f 3870/3870/3870 3871/3871/3871 3872/3872/3872
f 3871/3871/3871 3873/3873/3873 3872/3872/3872
f 3874/3874/3874 3875/3875/3875 3876/3876/3876
f 3875/3875/3875 3877/3877/3877 3876/3876/3876
f 3876/3876/3876 3878/3878/3878 3879/3879/3879
f 3876/3876/3876 3877/3877/3877 3878/3878/3878
f 3880/3880/3880 3881/3881/3881 3882/3882/3882
f 3880/3880/3880 3883/3883/3883 3881/3881/3881
f 3881/3881/3881 3883/3883/3883 3884/3884/3884
f 3881/3881/3881 3884/3884/3884 3885/3885/3885
f 3884/3884/3884 3886/3886/3886 3885/3885/3885
f 3885/3885/3885 3886/3886/3886 3887/3887/3887
f 3886/3886/3886 3888/3888/3888 3887/3887/3887
f 3887/3887/3887 3888/3888/3888 3889/3889/3889
f 3888/3888/3888 3890/3890/3890 3891/3891/3891
f 3888/3888/3888 3891/3891/3891 3889/3889/3889
f 3892/3892/3892 3893/3893/3893 3894/3894/3894
f 3893/3893/3893 3895/3895/3895 3896/3896/3896
f 3893/3893/3893 3896/3896/3896 3894/3894/3894
f 3895/3895/3895 3897/3897/3897 3896/3896/3896
f 3895/3895/3895 3898/3898/3898 3897/3897/3897
f 3897/3897/3897 3898/3898/3898 3899/3899/3899
f 3900/3900/3900 3901/3901/3901 3902/3902/3902
f 3901/3901/3901 3903/3903/3903 3902/3902/3902
f 3901/3901/3901 3904/3904/3904 3903/3903/3903
f 3903/3903/3903 3905/3905/3905 3906/3906/3906
f 3903/3903/3903 3904/3904/3904 3905/3905/3905
f 3904/3904/3904 3907/3907/3907 3905/3905/3905
f 3904/3904/3904 3908/3908/3908 3907/3907/3907
f 3904/3904/3904 3909/3909/3909 3910/3910/3910
f 3904/3904/3904 3910/3910/3910 3908/3908/3908
f 3905/3905/3905 3911/3911/3911 3906/3906/3906
f 3905/3905/3905 3912/3912/3912 3913/3913/3913
f 3905/3905/3905 3907/3907/3907 3912/3912/3912
f 3907/3907/3907 3914/3914/3914 3915/3915/3915
f 3907/3907/3907 3915/3915/3915 3916/3916/3916
f 3907/3907/3907 3917/3917/3917 3914/3914/3914
f 3907/3907/3907 3908/3908/3908 3917/3917/3917
f 3908/3908/3908 3910/3910/3910 3917/3917/3917
f 3910/3910/3910 3918/3918/3918 3917/3917/3917
f 3914/3914/3914 3919/3919/3919 3915/3915/3915
f 3914/3914/3914 3917/3917/3917 3920/3920/3920
f 3914/3914/3914 3920/3920/3920 3919/3919/3919
f 3915/3915/3915 3919/3919/3919 3921/3921/3921
f 3917/3917/3917 3918/3918/3918 3920/3920/3920
f 3918/3918/3918 3922/3922/3922 3920/3920/3920
f 3919/3919/3919 3923/3923/3923 3924/3924/3924
f 3919/3919/3919 3924/3924/3924 3925/3925/3925
f 3919/3919/3919 3920/3920/3920 3926/3926/3926
f 3919/3919/3919 3926/3926/3926 3923/3923/3923
f 3920/3920/3920 3922/3922/3922 3926/3926/3926
f 3922/3922/3922 3927/3927/3927 3926/3926/3926
f 3923/3923/3923 3928/3928/3928 3929/3929/3929
f 3923/3923/3923 3930/3930/3930 3928/3928/3928
f 3923/3923/3923 3926/3926/3926 3930/3930/3930
f 3926/3926/3926 3931/3931/3931 3930/3930/3930
f 3930/3930/3930 3931/3931/3931 3932/3932/3932
f 3931/3931/3931 3933/3933/3933 3932/3932/3932
f 3934/3934/3934 3935/3935/3935 3936/3936/3936
f 3935/3935/3935 3937/3937/3937 3936/3936/3936
