# Pieza completa de un material COLLADA para Raylib
o CourseSelectW1_SandMat00
v 1.1243214 -0.0905989 -0.9212046
v 1.1198757 -0.0951910 -0.9212046
v 1.1243214 -0.0905989 -0.1842410
v 1.1198757 -0.0951910 -0.1842410
v 1.1332115 -0.0814157 -0.1842410
v 1.1332115 -0.0814157 -0.9212046
v 1.1382499 -0.0762112 -0.1842410
v 1.1382499 -0.0762112 -0.9212046
v 1.1434595 -0.0708298 -0.1842410
v 1.1434595 -0.0708298 -0.9212046
v 1.1472345 -0.0669303 -0.1842410
v 1.1472345 -0.0669303 -0.9212046
v 1.8721927 -0.0951910 -1.0133251
v 1.2119963 -0.0951910 -1.0133251
v 1.2119963 -0.0905989 -1.0088793
v 1.8721927 -0.0905989 -1.0088793
v 1.8721927 -0.0814157 -0.9999897
v 1.2119963 -0.0814157 -0.9999897
v 1.8721927 -0.0762112 -0.9949507
v 1.2119963 -0.0762112 -0.9949507
v 1.8721927 -0.0708298 -0.9897416
v 1.2119963 -0.0708298 -0.9897416
v 1.8721927 -0.0669303 -0.9859665
v 1.2119963 -0.0669303 -0.9859665
v 1.8721927 -0.0669303 -0.1194790
v 1.2119963 -0.0669303 -0.1194790
v 1.2119963 -0.0708298 -0.1157039
v 1.8721927 -0.0708298 -0.1157039
v 1.2119963 -0.0762112 -0.1104943
v 1.8721927 -0.0762112 -0.1104943
v 1.2119963 -0.0814157 -0.1054560
v 1.8721927 -0.0814157 -0.1054560
v 1.8721927 -0.0905989 -0.0965660
v 1.2119963 -0.0905989 -0.0965660
v 1.8721927 -0.0951910 -0.0921205
v 1.2119963 -0.0951910 -0.0921205
v 1.9407297 -0.0708298 -0.9212046
v 1.9369546 -0.0669303 -0.9212046
v 1.9369546 -0.0669303 -0.1842410
v 1.9407297 -0.0708298 -0.1842410
v 1.9459394 -0.0762112 -0.1842410
v 1.9459394 -0.0762112 -0.9212046
v 1.9509778 -0.0814157 -0.1842410
v 1.9509778 -0.0814157 -0.9212046
v 1.9598680 -0.0905989 -0.9212046
v 1.9598680 -0.0905989 -0.1842410
v 1.9643137 -0.0951910 -0.1842410
v 1.9643137 -0.0951910 -0.9212046
v -0.4239896 -0.0813928 -0.4779513
v -0.4239896 -0.0905916 -0.4868564
v -0.4443747 -0.0813928 -0.4752676
v -0.4239896 -0.0756242 -0.4723668
v -0.4429296 -0.0756242 -0.4698734
v -0.4239896 -0.0707398 -0.4676383
v -0.4417056 -0.0707398 -0.4653061
v -0.4239896 -0.0669303 -0.4639504
v -0.4605787 -0.0756242 -0.4625628
v -0.4633711 -0.0813928 -0.4673992
v -0.4466795 -0.0905916 -0.4838693
v -0.4582148 -0.0707398 -0.4584678
v -0.4407513 -0.0669303 -0.4617439
v -0.4757343 -0.0756242 -0.4509334
v -0.4796832 -0.0813928 -0.4548824
v -0.4678236 -0.0905916 -0.4751113
v -0.4700499 -0.0951910 -0.4789674
v -0.4478323 -0.0951910 -0.4881701
v -0.4723910 -0.0707398 -0.4475899
v -0.4563706 -0.0669303 -0.4552740
v -0.4873636 -0.0756242 -0.4357778
v -0.4921999 -0.0813928 -0.4385701
v -0.4859799 -0.0905916 -0.4611793
v -0.4891286 -0.0951910 -0.4643278
v -0.4239896 -0.0951910 -0.4913089
v -0.4832692 -0.0707398 -0.4334136
v -0.4697833 -0.0669303 -0.4449821
v -0.4946743 -0.0756242 -0.4181285
v -0.5000689 -0.0813928 -0.4195739
v -0.4999122 -0.0905916 -0.4430226
v -0.5037684 -0.0951910 -0.4452489
v -0.4901069 -0.0707398 -0.4169047
v -0.4800750 -0.0669303 -0.4315697
v -0.4971677 -0.0756242 -0.3991885
v -0.5027526 -0.0813928 -0.3991885
v -0.5086704 -0.0905916 -0.4218788
v -0.5129712 -0.0951910 -0.4230312
v -0.4924394 -0.0707398 -0.3991885
v -0.4865450 -0.0669303 -0.4159501
v -0.4924394 -0.0707398 -0.2763615
v -0.4971677 -0.0756242 -0.2763615
v -0.5027526 -0.0813928 -0.2763615
v -0.5116576 -0.0905916 -0.3991885
v -0.5161101 -0.0951910 -0.3991885
v -0.4887515 -0.0669303 -0.2763615
v -0.4887515 -0.0669303 -0.3991885
v -0.4901069 -0.0707398 -0.2586453
v -0.4946743 -0.0756242 -0.2574214
v -0.5000689 -0.0813928 -0.2559760
v -0.5116576 -0.0905916 -0.2763615
v -0.5161101 -0.0951910 -0.2763615
v -0.4865450 -0.0669303 -0.2595997
v -0.4832692 -0.0707398 -0.2421365
v -0.4873636 -0.0756242 -0.2397723
v -0.4921999 -0.0813928 -0.2369800
v -0.5086704 -0.0905916 -0.2536712
v -0.5129712 -0.0951910 -0.2525189
v -0.4800750 -0.0669303 -0.2439804
v -0.4723910 -0.0707398 -0.2279602
v -0.4757343 -0.0756242 -0.2246166
v -0.4796832 -0.0813928 -0.2206678
v -0.4999122 -0.0905916 -0.2325274
v -0.5037684 -0.0951910 -0.2303011
v -0.4697833 -0.0669303 -0.2305680
v -0.4582148 -0.0707398 -0.2170824
v -0.4605787 -0.0756242 -0.2129874
v -0.4633711 -0.0813928 -0.2081510
v -0.4859799 -0.0905916 -0.2143708
v -0.4891286 -0.0951910 -0.2112223
v -0.4563706 -0.0669303 -0.2202760
v -0.4417056 -0.0707398 -0.2102443
v -0.4429296 -0.0756242 -0.2056770
v -0.4443747 -0.0813928 -0.2002828
v -0.4678236 -0.0905916 -0.2004387
v -0.4700499 -0.0951910 -0.1965826
v -0.4407513 -0.0669303 -0.2138065
v -0.4239896 -0.0707398 -0.2079118
v -0.4239896 -0.0756242 -0.2031833
v -0.4239896 -0.0813928 -0.1975988
v -0.4466795 -0.0905916 -0.1916809
v -0.4478323 -0.0951910 -0.1873801
v -0.4239896 -0.0669303 -0.2115996
v -0.3011624 -0.0669303 -0.2115996
v -0.3011624 -0.0707398 -0.2079118
v -0.3011624 -0.0756242 -0.2031833
v -0.3011624 -0.0813928 -0.1975988
v -0.4239896 -0.0905916 -0.1886937
v -0.4239896 -0.0951910 -0.1842411
v -0.2834464 -0.0707398 -0.2102443
v -0.2844007 -0.0669303 -0.2138065
v -0.2822224 -0.0756242 -0.2056770
v -0.2807773 -0.0813928 -0.2002828
v -0.3011624 -0.0905916 -0.1886937
v -0.3011624 -0.0951910 -0.1842411
v -0.2645733 -0.0756242 -0.2129874
v -0.2669378 -0.0707398 -0.2170824
v -0.2687814 -0.0669303 -0.2202760
v -0.2617809 -0.0813928 -0.2081510
v -0.2784725 -0.0905916 -0.1916809
v -0.2773197 -0.0951910 -0.1873801
v -0.2494177 -0.0756242 -0.2246166
v -0.2454688 -0.0813928 -0.2206678
v -0.2527610 -0.0707398 -0.2279602
v -0.2553687 -0.0669303 -0.2305680
v -0.2573284 -0.0905916 -0.2004387
v -0.2551021 -0.0951910 -0.1965826
v -0.2377884 -0.0756242 -0.2397723
v -0.2329521 -0.0813928 -0.2369800
v -0.2391720 -0.0905916 -0.2143708
v -0.2418835 -0.0707398 -0.2421365
v -0.2450770 -0.0669303 -0.2439804
v -0.2360234 -0.0951910 -0.2112223
v -0.2304777 -0.0756242 -0.2574214
v -0.2250838 -0.0813928 -0.2559760
v -0.2252397 -0.0905916 -0.2325274
v -0.2213836 -0.0951910 -0.2303011
v -0.2350450 -0.0707398 -0.2586453
v -0.2386070 -0.0669303 -0.2595997
v -0.2279843 -0.0756242 -0.2763615
v -0.2224000 -0.0813928 -0.2763615
v -0.2164822 -0.0905916 -0.2536712
v -0.2121807 -0.0951910 -0.2525189
v -0.2327126 -0.0707398 -0.2763615
v -0.2364004 -0.0669303 -0.2763615
v -0.2224000 -0.0813928 -0.3991885
v -0.2279843 -0.0756242 -0.3991885
v -0.2134944 -0.0905916 -0.2763615
v -0.2090419 -0.0951910 -0.2763615
v -0.2327126 -0.0707398 -0.3991885
v -0.2364004 -0.0669303 -0.3991885
v -0.2250838 -0.0813928 -0.4195739
v -0.2134944 -0.0905916 -0.3991885
v -0.2304777 -0.0756242 -0.4181285
v -0.2090419 -0.0951910 -0.3991885
v -0.2350450 -0.0707398 -0.4169047
v -0.2386070 -0.0669303 -0.4159501
v -0.2164822 -0.0905916 -0.4218788
v -0.2329521 -0.0813928 -0.4385699
v -0.2121807 -0.0951910 -0.4230312
v -0.2377884 -0.0756242 -0.4357776
v -0.2418835 -0.0707398 -0.4334133
v -0.2450770 -0.0669303 -0.4315694
v -0.2213836 -0.0951910 -0.4452489
v -0.2252397 -0.0905916 -0.4430226
v -0.2454688 -0.0813928 -0.4548822
v -0.2494177 -0.0756242 -0.4509333
v -0.2527610 -0.0707398 -0.4475899
v -0.2553687 -0.0669303 -0.4449821
v -0.2360234 -0.0951910 -0.4643275
v -0.2391720 -0.0905916 -0.4611790
v -0.2617809 -0.0813928 -0.4673992
v -0.2645733 -0.0756242 -0.4625628
v -0.2669378 -0.0707398 -0.4584678
v -0.2687814 -0.0669303 -0.4552740
v -0.2551021 -0.0951910 -0.4789674
v -0.2573284 -0.0905916 -0.4751113
v -0.2807773 -0.0813928 -0.4752676
v -0.2822224 -0.0756242 -0.4698734
v -0.2834464 -0.0707398 -0.4653061
v -0.2844007 -0.0669303 -0.4617439
v -0.2773197 -0.0951910 -0.4881701
v -0.2784725 -0.0905916 -0.4838693
v -0.3011624 -0.0813928 -0.4779513
v -0.3011624 -0.0756242 -0.4723668
v -0.3011624 -0.0707398 -0.4676383
v -0.3011624 -0.0669303 -0.4639504
v -0.3011624 -0.0951910 -0.4913089
v -0.3011624 -0.0905916 -0.4868564
v -0.4239896 -0.0813928 -0.4779513
v -0.4239896 -0.0756242 -0.4723668
v -0.4239896 -0.0707398 -0.4676383
v -0.4239896 -0.0669303 -0.4639504
v -0.4239896 -0.0905916 -0.4868564
v -0.4239896 -0.0951910 -0.4913089
v -1.2228011 -0.0805198 -0.0801387
v -1.0376912 -0.0805198 -0.0801387
v -1.2243985 -0.0841992 -0.0846431
v -1.0360945 -0.0841992 -0.0846431
v -1.2269558 -0.0900918 -0.0918571
v -1.0329575 -0.0805198 -0.0795155
v -1.0335366 -0.0900918 -0.0918571
v -1.2247664 -0.0928222 -0.0924219
v -1.0306078 -0.0841992 -0.0839209
v -1.0285461 -0.0805198 -0.0776883
v -1.0268450 -0.0900918 -0.0909762
v -1.0357266 -0.0928222 -0.0924219
v -1.0403246 -0.0951910 -0.0891886
v -1.2201683 -0.0951910 -0.0891886
v -1.0254957 -0.0841992 -0.0818032
v -1.0247581 -0.0805198 -0.0747815
v -1.0206096 -0.0900918 -0.0883934
v -1.0283220 -0.0928222 -0.0914471
v -1.0325669 -0.0951910 -0.0881673
v -1.0211052 -0.0841992 -0.0784344
v -1.0218514 -0.0805198 -0.0709934
v -1.0152550 -0.0900918 -0.0842846
v -1.0214221 -0.0928222 -0.0885890
v -1.0253379 -0.0951910 -0.0851728
v -1.0177367 -0.0841992 -0.0740442
v -1.0200237 -0.0805198 -0.0665821
v -1.0111464 -0.0900918 -0.0789300
v -1.0154969 -0.0928222 -0.0840425
v -1.0191302 -0.0951910 -0.0804094
v -1.0156185 -0.0841992 -0.0689316
v -1.0194010 -0.0805198 -0.0618481
v -1.0085633 -0.0900918 -0.0726944
v -1.0109505 -0.0928222 -0.0781175
v -1.0143669 -0.0951910 -0.0742017
v -1.0148963 -0.0841992 -0.0634452
v -1.0194010 -0.0805198 0.1232617
v -1.0148963 -0.0841992 0.1248588
v -1.0076827 -0.0900918 -0.0660029
v -1.0080923 -0.0928222 -0.0712175
v -1.0113724 -0.0951910 -0.0669726
v -1.0076827 -0.0900918 0.1274165
v -1.0200237 -0.0805198 0.1279957
v -1.0156185 -0.0841992 0.1303452
v -1.0071177 -0.0928222 0.1252266
v -1.0071177 -0.0928222 -0.0638130
v -1.0103511 -0.0951910 -0.0592147
v -1.0085633 -0.0900918 0.1341082
v -1.0218514 -0.0805198 0.1324071
v -1.0177367 -0.0841992 0.1354578
v -1.0080923 -0.0928222 0.1326312
v -1.0103511 -0.0951910 0.1206284
v -1.0111464 -0.0900918 0.1403436
v -1.0247581 -0.0805198 0.1361951
v -1.0211052 -0.0841992 0.1398481
v -1.0109505 -0.0928222 0.1395311
v -1.0113724 -0.0951910 0.1283862
v -1.0152550 -0.0900918 0.1456983
v -1.0285461 -0.0805198 0.1391018
v -1.0254957 -0.0841992 0.1432168
v -1.0154969 -0.0928222 0.1454562
v -1.0143669 -0.0951910 0.1356153
v -1.0206096 -0.0900918 0.1498070
v -1.0329575 -0.0805198 0.1409291
v -1.0306078 -0.0841992 0.1453345
v -1.0214221 -0.0928222 0.1500027
v -1.0191302 -0.0951910 0.1418231
v -1.0268450 -0.0900918 0.1523898
v -1.0376912 -0.0805198 0.1415523
v -1.0360945 -0.0841992 0.1460567
v -1.0283220 -0.0928222 0.1528607
v -1.0253379 -0.0951910 0.1465865
v -1.0335366 -0.0900918 0.1532708
v -1.2228011 -0.0805198 0.1415523
v -1.2243985 -0.0841992 0.1460567
v -1.2269558 -0.0900918 0.1532708
v -1.0357266 -0.0928222 0.1538355
v -1.0325669 -0.0951910 0.1495809
v -1.2247664 -0.0928222 0.1538355
v -1.2275355 -0.0805198 0.1409291
v -1.2298846 -0.0841992 0.1453345
v -1.2336474 -0.0900918 0.1523898
v -1.2201683 -0.0951910 0.1506022
v -1.0403246 -0.0951910 0.1506022
v -1.2321710 -0.0928222 0.1528607
v -1.2319469 -0.0805198 0.1391018
v -1.2349973 -0.0841992 0.1432168
v -1.2398833 -0.0900918 0.1498070
v -1.2279261 -0.0951910 0.1495809
v -1.2390708 -0.0928222 0.1500027
v -1.2357349 -0.0805198 0.1361951
v -1.2393877 -0.0841992 0.1398481
v -1.2452380 -0.0900918 0.1456983
v -1.2351551 -0.0951910 0.1465865
v -1.2449954 -0.0928222 0.1454562
v -1.2386416 -0.0805198 0.1324071
v -1.2427563 -0.0841992 0.1354578
v -1.2493466 -0.0900918 0.1403436
v -1.2413628 -0.0951910 0.1418231
v -1.2495425 -0.0928222 0.1395311
v -1.2404686 -0.0805198 0.1279957
v -1.2448738 -0.0841992 0.1303452
v -1.2519290 -0.0900918 0.1341082
v -1.2461260 -0.0951910 0.1356153
v -1.2524001 -0.0928222 0.1326312
v -1.2410920 -0.0805198 0.1232617
v -1.2455967 -0.0841992 0.1248588
v -1.2528103 -0.0900918 0.1274165
v -1.2491206 -0.0951910 0.1283862
v -1.2533753 -0.0928222 0.1252266
v -1.2410920 -0.0805198 -0.0618481
v -1.2455967 -0.0841992 -0.0634452
v -1.2528103 -0.0900918 -0.0660029
v -1.2501419 -0.0951910 0.1206284
v -1.2533753 -0.0928222 -0.0638130
v -1.2501419 -0.0951910 -0.0592147
v -1.2404686 -0.0805198 -0.0665821
v -1.2448738 -0.0841992 -0.0689316
v -1.2519290 -0.0900918 -0.0726944
v -1.2524001 -0.0928222 -0.0712175
v -1.2491206 -0.0951910 -0.0669726
v -1.2386416 -0.0805198 -0.0709934
v -1.2427563 -0.0841992 -0.0740442
v -1.2493466 -0.0900918 -0.0789300
v -1.2495425 -0.0928222 -0.0781175
v -1.2461260 -0.0951910 -0.0742017
v -1.2357349 -0.0805198 -0.0747815
v -1.2393877 -0.0841992 -0.0784344
v -1.2452374 -0.0900918 -0.0842846
v -1.2449954 -0.0928222 -0.0840426
v -1.2413628 -0.0951910 -0.0804095
v -1.2319469 -0.0805198 -0.0776883
v -1.2349973 -0.0841992 -0.0818032
v -1.2398833 -0.0900918 -0.0883934
v -1.2390708 -0.0928222 -0.0885890
v -1.2351551 -0.0951910 -0.0851728
v -1.2275355 -0.0805198 -0.0795155
v -1.2298846 -0.0841992 -0.0839209
v -1.2336474 -0.0900918 -0.0909762
v -1.2321710 -0.0928222 -0.0914471
v -1.2279261 -0.0951910 -0.0881673
v -1.2228011 -0.0805198 -0.0801387
v -1.2243985 -0.0841992 -0.0846431
v -1.2269558 -0.0900918 -0.0918571
v -1.2247664 -0.0928222 -0.0924219
v -1.2201683 -0.0951910 -0.0891886
v -0.8236125 -0.0805198 -0.0801387
v -0.6385026 -0.0805198 -0.0801387
v -0.8252099 -0.0841992 -0.0846431
v -0.6369058 -0.0841992 -0.0846431
v -0.8277671 -0.0900918 -0.0918571
v -0.6337688 -0.0805198 -0.0795155
v -0.6343479 -0.0900918 -0.0918571
v -0.8255777 -0.0928222 -0.0924219
v -0.6314191 -0.0841992 -0.0839209
v -0.6293575 -0.0805198 -0.0776883
v -0.6276563 -0.0900918 -0.0909762
v -0.6365379 -0.0928222 -0.0924219
v -0.6411360 -0.0951910 -0.0891886
v -0.8209797 -0.0951910 -0.0891886
v -0.6263070 -0.0841992 -0.0818032
v -0.6255695 -0.0805198 -0.0747815
v -0.6214210 -0.0900918 -0.0883934
v -0.6291333 -0.0928222 -0.0914471
v -0.6333782 -0.0951910 -0.0881673
v -0.6219166 -0.0841992 -0.0784344
v -0.6226628 -0.0805198 -0.0709934
v -0.6160663 -0.0900918 -0.0842846
v -0.6222335 -0.0928222 -0.0885890
v -0.6261492 -0.0951910 -0.0851728
v -0.6185480 -0.0841992 -0.0740442
v -0.6208351 -0.0805198 -0.0665821
v -0.6119577 -0.0900918 -0.0789300
v -0.6163083 -0.0928222 -0.0840425
v -0.6199415 -0.0951910 -0.0804094
v -0.6164299 -0.0841992 -0.0689316
v -0.6202124 -0.0805198 -0.0618481
v -0.6093747 -0.0900918 -0.0726944
v -0.6117618 -0.0928222 -0.0781175
v -0.6151783 -0.0951910 -0.0742017
v -0.6157077 -0.0841992 -0.0634452
v -0.6157077 -0.0841992 0.1248588
v -0.6202124 -0.0805198 0.1232617
v -0.6084940 -0.0900918 -0.0660029
v -0.6089036 -0.0928222 -0.0712175
v -0.6121837 -0.0951910 -0.0669726
v -0.6084940 -0.0900918 0.1274165
v -0.6208351 -0.0805198 0.1279957
v -0.6164299 -0.0841992 0.1303452
v -0.6079290 -0.0928222 0.1252266
v -0.6079290 -0.0928222 -0.0638130
v -0.6111624 -0.0951910 -0.0592147
v -0.6093747 -0.0900918 0.1341082
v -0.6226628 -0.0805198 0.1324071
v -0.6185480 -0.0841992 0.1354578
v -0.6089036 -0.0928222 0.1326312
v -0.6111624 -0.0951910 0.1206284
v -0.6119577 -0.0900918 0.1403436
v -0.6255695 -0.0805198 0.1361951
v -0.6219166 -0.0841992 0.1398481
v -0.6117618 -0.0928222 0.1395311
v -0.6121837 -0.0951910 0.1283862
v -0.6160663 -0.0900918 0.1456983
v -0.6293575 -0.0805198 0.1391018
v -0.6263070 -0.0841992 0.1432168
v -0.6163083 -0.0928222 0.1454562
v -0.6151783 -0.0951910 0.1356153
v -0.6214210 -0.0900918 0.1498070
v -0.6337688 -0.0805198 0.1409291
v -0.6314191 -0.0841992 0.1453345
v -0.6222335 -0.0928222 0.1500027
v -0.6199415 -0.0951910 0.1418231
v -0.6276563 -0.0900918 0.1523898
v -0.6385026 -0.0805198 0.1415523
v -0.6369058 -0.0841992 0.1460567
v -0.6291333 -0.0928222 0.1528607
v -0.6261492 -0.0951910 0.1465865
v -0.6343479 -0.0900918 0.1532708
v -0.8236125 -0.0805198 0.1415523
v -0.8252099 -0.0841992 0.1460567
v -0.8277671 -0.0900918 0.1532708
v -0.6365379 -0.0928222 0.1538355
v -0.6333782 -0.0951910 0.1495809
v -0.8255777 -0.0928222 0.1538355
v -0.8283469 -0.0805198 0.1409291
v -0.8306959 -0.0841992 0.1453345
v -0.8344587 -0.0900918 0.1523898
v -0.8209797 -0.0951910 0.1506022
v -0.6411360 -0.0951910 0.1506022
v -0.8329824 -0.0928222 0.1528607
v -0.8327582 -0.0805198 0.1391018
v -0.8358086 -0.0841992 0.1432168
v -0.8406947 -0.0900918 0.1498070
v -0.8287375 -0.0951910 0.1495809
v -0.8398822 -0.0928222 0.1500027
v -0.8365462 -0.0805198 0.1361951
v -0.8401991 -0.0841992 0.1398481
v -0.8460493 -0.0900918 0.1456983
v -0.8359665 -0.0951910 0.1465865
v -0.8458068 -0.0928222 0.1454562
v -0.8394529 -0.0805198 0.1324071
v -0.8435676 -0.0841992 0.1354578
v -0.8501579 -0.0900918 0.1403436
v -0.8421741 -0.0951910 0.1418231
v -0.8503538 -0.0928222 0.1395311
v -0.8412800 -0.0805198 0.1279957
v -0.8456852 -0.0841992 0.1303452
v -0.8527404 -0.0900918 0.1341082
v -0.8469374 -0.0951910 0.1356153
v -0.8532114 -0.0928222 0.1326312
v -0.8419033 -0.0805198 0.1232617
v -0.8464080 -0.0841992 0.1248588
v -0.8536216 -0.0900918 0.1274165
v -0.8499319 -0.0951910 0.1283862
v -0.8541867 -0.0928222 0.1252266
v -0.8419033 -0.0805198 -0.0618481
v -0.8464080 -0.0841992 -0.0634452
v -0.8536216 -0.0900918 -0.0660029
v -0.8509532 -0.0951910 0.1206284
v -0.8541867 -0.0928222 -0.0638130
v -0.8509532 -0.0951910 -0.0592147
v -0.8412800 -0.0805198 -0.0665821
v -0.8456852 -0.0841992 -0.0689316
v -0.8527404 -0.0900918 -0.0726944
v -0.8532114 -0.0928222 -0.0712175
v -0.8499319 -0.0951910 -0.0669726
v -0.8394529 -0.0805198 -0.0709934
v -0.8435676 -0.0841992 -0.0740442
v -0.8501579 -0.0900918 -0.0789300
v -0.8503538 -0.0928222 -0.0781175
v -0.8469374 -0.0951910 -0.0742017
v -0.8365462 -0.0805198 -0.0747815
v -0.8401991 -0.0841992 -0.0784344
v -0.8460487 -0.0900918 -0.0842846
v -0.8458068 -0.0928222 -0.0840426
v -0.8421741 -0.0951910 -0.0804095
v -0.8327582 -0.0805198 -0.0776883
v -0.8358086 -0.0841992 -0.0818032
v -0.8406947 -0.0900918 -0.0883934
v -0.8398822 -0.0928222 -0.0885890
v -0.8359665 -0.0951910 -0.0851728
v -0.8283469 -0.0805198 -0.0795155
v -0.8306959 -0.0841992 -0.0839209
v -0.8344587 -0.0900918 -0.0909762
v -0.8329824 -0.0928222 -0.0914471
v -0.8287375 -0.0951910 -0.0881673
v -0.8236125 -0.0805198 -0.0801387
v -0.8252099 -0.0841992 -0.0846431
v -0.8277671 -0.0900918 -0.0918571
v -0.8255777 -0.0928222 -0.0924219
v -0.8209797 -0.0951910 -0.0891886
v 0.0975921 -0.0805198 -0.0801387
v 0.2827017 -0.0805198 -0.0801387
v 0.0959947 -0.0841992 -0.0846431
v 0.2842988 -0.0841992 -0.0846431
v 0.0934375 -0.0900918 -0.0918571
v 0.2874357 -0.0805198 -0.0795155
v 0.2868564 -0.0900918 -0.0918571
v 0.0956269 -0.0928222 -0.0924219
v 0.2897852 -0.0841992 -0.0839209
v 0.2918470 -0.0805198 -0.0776883
v 0.2935480 -0.0900918 -0.0909762
v 0.2846666 -0.0928222 -0.0924219
v 0.2800684 -0.0951910 -0.0891886
v 0.1002249 -0.0951910 -0.0891886
v 0.2948979 -0.0841992 -0.0818032
v 0.2956351 -0.0805198 -0.0747815
v 0.2997837 -0.0900918 -0.0883934
v 0.2920712 -0.0928222 -0.0914471
v 0.2878261 -0.0951910 -0.0881673
v 0.2992879 -0.0841992 -0.0784344
v 0.2985418 -0.0805198 -0.0709934
v 0.3051383 -0.0900918 -0.0842846
v 0.2989711 -0.0928222 -0.0885890
v 0.2950553 -0.0951910 -0.0851728
v 0.3026567 -0.0841992 -0.0740442
v 0.3003692 -0.0805198 -0.0665821
v 0.3092470 -0.0900918 -0.0789300
v 0.3048961 -0.0928222 -0.0840425
v 0.3012630 -0.0951910 -0.0804094
v 0.3047745 -0.0841992 -0.0689316
v 0.3009924 -0.0805198 -0.0618481
v 0.3118299 -0.0900918 -0.0726944
v 0.3094427 -0.0928222 -0.0781175
v 0.3060264 -0.0951910 -0.0742017
v 0.3054968 -0.0841992 -0.0634452
v 0.3054968 -0.0841992 0.1248588
v 0.3009924 -0.0805198 0.1232617
v 0.3127108 -0.0900918 -0.0660029
v 0.3123007 -0.0928222 -0.0712175
v 0.3090208 -0.0951910 -0.0669726
v 0.3127108 -0.0900918 0.1274165
v 0.3003692 -0.0805198 0.1279957
v 0.3047745 -0.0841992 0.1303452
v 0.3132755 -0.0928222 0.1252266
v 0.3132755 -0.0928222 -0.0638130
v 0.3100423 -0.0951910 -0.0592147
v 0.3118299 -0.0900918 0.1341082
v 0.2985418 -0.0805198 0.1324071
v 0.3026567 -0.0841992 0.1354578
v 0.3123007 -0.0928222 0.1326312
v 0.3100423 -0.0951910 0.1206284
v 0.3092470 -0.0900918 0.1403436
v 0.2956351 -0.0805198 0.1361951
v 0.2992881 -0.0841992 0.1398481
v 0.3094427 -0.0928222 0.1395311
v 0.3090208 -0.0951910 0.1283862
v 0.3051383 -0.0900918 0.1456983
v 0.2918470 -0.0805198 0.1391018
v 0.2948979 -0.0841992 0.1432168
v 0.3048961 -0.0928222 0.1454562
v 0.3060264 -0.0951910 0.1356153
v 0.2997837 -0.0900918 0.1498070
v 0.2874357 -0.0805198 0.1409291
v 0.2897852 -0.0841992 0.1453345
v 0.2989711 -0.0928222 0.1500027
v 0.3012630 -0.0951910 0.1418231
v 0.2935480 -0.0900918 0.1523898
v 0.2827017 -0.0805198 0.1415523
v 0.2842988 -0.0841992 0.1460567
v 0.2920712 -0.0928222 0.1528607
v 0.2950553 -0.0951910 0.1465865
v 0.2868564 -0.0900918 0.1532708
v 0.0975921 -0.0805198 0.1415523
v 0.0959947 -0.0841992 0.1460567
v 0.0934375 -0.0900918 0.1532708
v 0.2846666 -0.0928222 0.1538355
v 0.2878261 -0.0951910 0.1495809
v 0.0956269 -0.0928222 0.1538355
v 0.0928577 -0.0805198 0.1409291
v 0.0905087 -0.0841992 0.1453345
v 0.0867458 -0.0900918 0.1523898
v 0.1002249 -0.0951910 0.1506022
v 0.2800684 -0.0951910 0.1506022
v 0.0882222 -0.0928222 0.1528607
v 0.0884464 -0.0805198 0.1391018
v 0.0853960 -0.0841992 0.1432168
v 0.0805099 -0.0900918 0.1498070
v 0.0924678 -0.0951910 0.1495809
v 0.0813224 -0.0928222 0.1500027
v 0.0846584 -0.0805198 0.1361951
v 0.0810055 -0.0841992 0.1398481
v 0.0751552 -0.0900918 0.1456983
v 0.0852381 -0.0951910 0.1465865
v 0.0753972 -0.0928222 0.1454562
v 0.0817517 -0.0805198 0.1324071
v 0.0776370 -0.0841992 0.1354578
v 0.0710467 -0.0900918 0.1403436
v 0.0790304 -0.0951910 0.1418231
v 0.0708508 -0.0928222 0.1395311
v 0.0799246 -0.0805198 0.1279957
v 0.0755194 -0.0841992 0.1303452
v 0.0684642 -0.0900918 0.1341082
v 0.0742672 -0.0951910 0.1356153
v 0.0679932 -0.0928222 0.1326312
v 0.0793013 -0.0805198 0.1232617
v 0.0747966 -0.0841992 0.1248588
v 0.0675829 -0.0900918 0.1274165
v 0.0712727 -0.0951910 0.1283862
v 0.0670179 -0.0928222 0.1252266
v 0.0793013 -0.0805198 -0.0618481
v 0.0747966 -0.0841992 -0.0634452
v 0.0675829 -0.0900918 -0.0660029
v 0.0702514 -0.0951910 0.1206284
v 0.0670179 -0.0928222 -0.0638130
v 0.0702514 -0.0951910 -0.0592147
v 0.0799246 -0.0805198 -0.0665821
v 0.0755194 -0.0841992 -0.0689316
v 0.0684642 -0.0900918 -0.0726944
v 0.0679932 -0.0928222 -0.0712175
v 0.0712727 -0.0951910 -0.0669726
v 0.0817517 -0.0805198 -0.0709934
v 0.0776370 -0.0841992 -0.0740442
v 0.0710467 -0.0900918 -0.0789300
v 0.0708508 -0.0928222 -0.0781175
v 0.0742672 -0.0951910 -0.0742017
v 0.0846584 -0.0805198 -0.0747815
v 0.0810055 -0.0841992 -0.0784344
v 0.0751559 -0.0900918 -0.0842846
v 0.0753972 -0.0928222 -0.0840426
v 0.0790304 -0.0951910 -0.0804095
v 0.0884464 -0.0805198 -0.0776883
v 0.0853960 -0.0841992 -0.0818032
v 0.0805099 -0.0900918 -0.0883934
v 0.0813224 -0.0928222 -0.0885890
v 0.0852381 -0.0951910 -0.0851728
v 0.0928577 -0.0805198 -0.0795155
v 0.0905087 -0.0841992 -0.0839209
v 0.0867458 -0.0900918 -0.0909762
v 0.0882222 -0.0928222 -0.0914471
v 0.0924678 -0.0951910 -0.0881673
v 0.0975921 -0.0805198 -0.0801387
v 0.0959947 -0.0841992 -0.0846431
v 0.0934375 -0.0900918 -0.0918571
v 0.0956269 -0.0928222 -0.0924219
v 0.1002249 -0.0951910 -0.0891886
v 0.5889010 -0.0805198 0.0733954
v 0.7740108 -0.0805198 0.0733954
v 0.5873040 -0.0841992 0.0688910
v 0.7756079 -0.0841992 0.0688910
v 0.5847463 -0.0900918 0.0616770
v 0.7787449 -0.0805198 0.0740186
v 0.7781655 -0.0900918 0.0616770
v 0.5869361 -0.0928222 0.0611122
v 0.7810943 -0.0841992 0.0696132
v 0.7831561 -0.0805198 0.0758458
v 0.7848572 -0.0900918 0.0625579
v 0.7759757 -0.0928222 0.0611122
v 0.7713775 -0.0951910 0.0643455
v 0.5915343 -0.0951910 0.0643455
v 0.7862070 -0.0841992 0.0717309
v 0.7869442 -0.0805198 0.0787526
v 0.7910928 -0.0900918 0.0651407
v 0.7833803 -0.0928222 0.0620870
v 0.7791352 -0.0951910 0.0653668
v 0.7905971 -0.0841992 0.0750997
v 0.7898510 -0.0805198 0.0825407
v 0.7964474 -0.0900918 0.0692495
v 0.7902802 -0.0928222 0.0649450
v 0.7863644 -0.0951910 0.0683613
v 0.7939659 -0.0841992 0.0794899
v 0.7916783 -0.0805198 0.0869520
v 0.8005561 -0.0900918 0.0746041
v 0.7962052 -0.0928222 0.0694916
v 0.7925721 -0.0951910 0.0731247
v 0.7960836 -0.0841992 0.0846025
v 0.7923015 -0.0805198 0.0916860
v 0.8031390 -0.0900918 0.0808397
v 0.8007518 -0.0928222 0.0754166
v 0.7973356 -0.0951910 0.0793324
v 0.7968059 -0.0841992 0.0900890
v 0.7923015 -0.0805198 0.2767958
v 0.7968059 -0.0841992 0.2783929
v 0.8040199 -0.0900918 0.0875313
v 0.8036098 -0.0928222 0.0823166
v 0.8003300 -0.0951910 0.0865615
v 0.8040199 -0.0900918 0.2809506
v 0.7916783 -0.0805198 0.2815298
v 0.7960836 -0.0841992 0.2838794
v 0.8045846 -0.0928222 0.2787607
v 0.8045846 -0.0928222 0.0897211
v 0.8013514 -0.0951910 0.0943193
v 0.8031390 -0.0900918 0.2876423
v 0.7898510 -0.0805198 0.2859412
v 0.7939659 -0.0841992 0.2889919
v 0.8036098 -0.0928222 0.2861653
v 0.8013514 -0.0951910 0.2741625
v 0.8005561 -0.0900918 0.2938778
v 0.7869443 -0.0805198 0.2897292
v 0.7905972 -0.0841992 0.2933822
v 0.8007518 -0.0928222 0.2930652
v 0.8003300 -0.0951910 0.2819203
v 0.7964474 -0.0900918 0.2992324
v 0.7831561 -0.0805198 0.2926359
v 0.7862070 -0.0841992 0.2967509
v 0.7962052 -0.0928222 0.2989903
v 0.7973356 -0.0951910 0.2891494
v 0.7910928 -0.0900918 0.3033411
v 0.7787449 -0.0805198 0.2944632
v 0.7810943 -0.0841992 0.2988686
v 0.7902802 -0.0928222 0.3035368
v 0.7925721 -0.0951910 0.2953572
v 0.7848572 -0.0900918 0.3059239
v 0.7740108 -0.0805198 0.2950864
v 0.7756079 -0.0841992 0.2995908
v 0.7833803 -0.0928222 0.3063949
v 0.7863644 -0.0951910 0.3001205
v 0.7781655 -0.0900918 0.3068049
v 0.5889010 -0.0805198 0.2950864
v 0.5873040 -0.0841992 0.2995908
v 0.5847463 -0.0900918 0.3068049
v 0.7759757 -0.0928222 0.3073696
v 0.7791352 -0.0951910 0.3031150
v 0.5869361 -0.0928222 0.3073696
v 0.5841670 -0.0805198 0.2944632
v 0.5818175 -0.0841992 0.2988686
v 0.5780547 -0.0900918 0.3059239
v 0.5915343 -0.0951910 0.3041364
v 0.7713775 -0.0951910 0.3041364
v 0.5795315 -0.0928222 0.3063949
v 0.5797557 -0.0805198 0.2926359
v 0.5767049 -0.0841992 0.2967509
v 0.5718192 -0.0900918 0.3033411
v 0.5837766 -0.0951910 0.3031150
v 0.5726317 -0.0928222 0.3035368
v 0.5759676 -0.0805198 0.2897292
v 0.5723148 -0.0841992 0.2933822
v 0.5664645 -0.0900918 0.2992324
v 0.5765474 -0.0951910 0.3001205
v 0.5667066 -0.0928222 0.2989903
v 0.5730609 -0.0805198 0.2859412
v 0.5689459 -0.0841992 0.2889919
v 0.5623557 -0.0900918 0.2938778
v 0.5703398 -0.0951910 0.2953572
v 0.5621600 -0.0928222 0.2930652
v 0.5712337 -0.0805198 0.2815298
v 0.5668282 -0.0841992 0.2838794
v 0.5597730 -0.0900918 0.2876423
v 0.5655763 -0.0951910 0.2891494
v 0.5593021 -0.0928222 0.2861653
v 0.5706103 -0.0805198 0.2767958
v 0.5661060 -0.0841992 0.2783929
v 0.5588919 -0.0900918 0.2809506
v 0.5625819 -0.0951910 0.2819203
v 0.5583272 -0.0928222 0.2787607
v 0.5706103 -0.0805198 0.0916860
v 0.5661060 -0.0841992 0.0900890
v 0.5588919 -0.0900918 0.0875313
v 0.5615606 -0.0951910 0.2741625
v 0.5583272 -0.0928222 0.0897211
v 0.5615606 -0.0951910 0.0943193
v 0.5712337 -0.0805198 0.0869520
v 0.5668282 -0.0841992 0.0846025
v 0.5597730 -0.0900918 0.0808397
v 0.5593021 -0.0928222 0.0823166
v 0.5625819 -0.0951910 0.0865615
v 0.5730609 -0.0805198 0.0825407
v 0.5689459 -0.0841992 0.0794899
v 0.5623557 -0.0900918 0.0746041
v 0.5621600 -0.0928222 0.0754166
v 0.5655763 -0.0951910 0.0793324
v 0.5759676 -0.0805198 0.0787526
v 0.5723148 -0.0841992 0.0750997
v 0.5664647 -0.0900918 0.0692495
v 0.5667066 -0.0928222 0.0694915
v 0.5703398 -0.0951910 0.0731246
v 0.5797557 -0.0805198 0.0758458
v 0.5767049 -0.0841992 0.0717309
v 0.5718192 -0.0900918 0.0651407
v 0.5726317 -0.0928222 0.0649450
v 0.5765474 -0.0951910 0.0683613
v 0.5841670 -0.0805198 0.0740186
v 0.5818175 -0.0841992 0.0696132
v 0.5780547 -0.0900918 0.0625579
v 0.5795315 -0.0928222 0.0620870
v 0.5837766 -0.0951910 0.0653668
v 0.5889010 -0.0805198 0.0733954
v 0.5873040 -0.0841992 0.0688910
v 0.5847463 -0.0900918 0.0616770
v 0.5869361 -0.0928222 0.0611122
v 0.5915343 -0.0951910 0.0643455
v 0.4967806 -0.0805198 -0.6021547
v 0.6818904 -0.0805198 -0.6021547
v 0.4951836 -0.0841992 -0.6066590
v 0.6834874 -0.0841992 -0.6066590
v 0.4926258 -0.0900918 -0.6138731
v 0.6866244 -0.0805198 -0.6015314
v 0.6860451 -0.0900918 -0.6138731
v 0.4948157 -0.0928222 -0.6144378
v 0.6889739 -0.0841992 -0.6059368
v 0.6910357 -0.0805198 -0.5997042
v 0.6927367 -0.0900918 -0.6129921
v 0.6838552 -0.0928222 -0.6144378
v 0.6792570 -0.0951910 -0.6112046
v 0.4994138 -0.0951910 -0.6112046
v 0.6940865 -0.0841992 -0.6038191
v 0.6948237 -0.0805198 -0.5967974
v 0.6989723 -0.0900918 -0.6104093
v 0.6912598 -0.0928222 -0.6134631
v 0.6870148 -0.0951910 -0.6101832
v 0.6984766 -0.0841992 -0.6004503
v 0.6977305 -0.0805198 -0.5930094
v 0.7043269 -0.0900918 -0.6063005
v 0.6981597 -0.0928222 -0.6106050
v 0.6942439 -0.0951910 -0.6071887
v 0.7018454 -0.0841992 -0.5960601
v 0.6995579 -0.0805198 -0.5885980
v 0.7084356 -0.0900918 -0.6009460
v 0.7040848 -0.0928222 -0.6060585
v 0.7004517 -0.0951910 -0.6024254
v 0.7039631 -0.0841992 -0.5909475
v 0.7001810 -0.0805198 -0.5838641
v 0.7110186 -0.0900918 -0.5947103
v 0.7086314 -0.0928222 -0.6001334
v 0.7052151 -0.0951910 -0.5962176
v 0.7046855 -0.0841992 -0.5854611
v 0.7046855 -0.0841992 -0.3971572
v 0.7001810 -0.0805198 -0.3987542
v 0.7118994 -0.0900918 -0.5880188
v 0.7114894 -0.0928222 -0.5932335
v 0.7082095 -0.0951910 -0.5889885
v 0.7118994 -0.0900918 -0.3945994
v 0.6995579 -0.0805198 -0.3940202
v 0.7039631 -0.0841992 -0.3916707
v 0.7124641 -0.0928222 -0.3967893
v 0.7124641 -0.0928222 -0.5858289
v 0.7092309 -0.0951910 -0.5812307
v 0.7110186 -0.0900918 -0.3879078
v 0.6977305 -0.0805198 -0.3896089
v 0.7018454 -0.0841992 -0.3865581
v 0.7114894 -0.0928222 -0.3893848
v 0.7092309 -0.0951910 -0.4013876
v 0.7084356 -0.0900918 -0.3816723
v 0.6948238 -0.0805198 -0.3858208
v 0.6984767 -0.0841992 -0.3821679
v 0.7086314 -0.0928222 -0.3824848
v 0.7082095 -0.0951910 -0.3936297
v 0.7043269 -0.0900918 -0.3763177
v 0.6910357 -0.0805198 -0.3829141
v 0.6940865 -0.0841992 -0.3787991
v 0.7040848 -0.0928222 -0.3765598
v 0.7052151 -0.0951910 -0.3864006
v 0.6989723 -0.0900918 -0.3722090
v 0.6866244 -0.0805198 -0.3810869
v 0.6889739 -0.0841992 -0.3766815
v 0.6981597 -0.0928222 -0.3720132
v 0.7004517 -0.0951910 -0.3801928
v 0.6927367 -0.0900918 -0.3696261
v 0.6818904 -0.0805198 -0.3804636
v 0.6834874 -0.0841992 -0.3759592
v 0.6912598 -0.0928222 -0.3691552
v 0.6942439 -0.0951910 -0.3754294
v 0.6860451 -0.0900918 -0.3687451
v 0.4967806 -0.0805198 -0.3804636
v 0.4951836 -0.0841992 -0.3759592
v 0.4926258 -0.0900918 -0.3687451
v 0.6838552 -0.0928222 -0.3681804
v 0.6870148 -0.0951910 -0.3724350
v 0.4948157 -0.0928222 -0.3681804
v 0.4920465 -0.0805198 -0.3810869
v 0.4896970 -0.0841992 -0.3766815
v 0.4859342 -0.0900918 -0.3696261
v 0.4994138 -0.0951910 -0.3714137
v 0.6792570 -0.0951910 -0.3714137
v 0.4874111 -0.0928222 -0.3691552
v 0.4876352 -0.0805198 -0.3829141
v 0.4845844 -0.0841992 -0.3787991
v 0.4796987 -0.0900918 -0.3722090
v 0.4916561 -0.0951910 -0.3724350
v 0.4805112 -0.0928222 -0.3720132
v 0.4838471 -0.0805198 -0.3858208
v 0.4801943 -0.0841992 -0.3821679
v 0.4743440 -0.0900918 -0.3763177
v 0.4844270 -0.0951910 -0.3754294
v 0.4745861 -0.0928222 -0.3765598
v 0.4809404 -0.0805198 -0.3896089
v 0.4768254 -0.0841992 -0.3865581
v 0.4702352 -0.0900918 -0.3816723
v 0.4782193 -0.0951910 -0.3801928
v 0.4700395 -0.0928222 -0.3824848
v 0.4791133 -0.0805198 -0.3940202
v 0.4747078 -0.0841992 -0.3916707
v 0.4676526 -0.0900918 -0.3879078
v 0.4734558 -0.0951910 -0.3864006
v 0.4671816 -0.0928222 -0.3893848
v 0.4784899 -0.0805198 -0.3987542
v 0.4739855 -0.0841992 -0.3971572
v 0.4667715 -0.0900918 -0.3945994
v 0.4704614 -0.0951910 -0.3936297
v 0.4662068 -0.0928222 -0.3967893
v 0.4784899 -0.0805198 -0.5838641
v 0.4739855 -0.0841992 -0.5854611
v 0.4667715 -0.0900918 -0.5880188
v 0.4694401 -0.0951910 -0.4013876
v 0.4694401 -0.0951910 -0.5812307
v 0.4662068 -0.0928222 -0.5858289
v 0.4791133 -0.0805198 -0.5885980
v 0.4747078 -0.0841992 -0.5909475
v 0.4676526 -0.0900918 -0.5947103
v 0.4671816 -0.0928222 -0.5932335
v 0.4704614 -0.0951910 -0.5889885
v 0.4809404 -0.0805198 -0.5930094
v 0.4768254 -0.0841992 -0.5960601
v 0.4702352 -0.0900918 -0.6009460
v 0.4700395 -0.0928222 -0.6001334
v 0.4734558 -0.0951910 -0.5962176
v 0.4838471 -0.0805198 -0.5967974
v 0.4801943 -0.0841992 -0.6004504
v 0.4743442 -0.0900918 -0.6063006
v 0.4745861 -0.0928222 -0.6060585
v 0.4782193 -0.0951910 -0.6024254
v 0.4876352 -0.0805198 -0.5997042
v 0.4845844 -0.0841992 -0.6038191
v 0.4796987 -0.0900918 -0.6104093
v 0.4805112 -0.0928222 -0.6106050
v 0.4844270 -0.0951910 -0.6071887
v 0.4920465 -0.0805198 -0.6015314
v 0.4896970 -0.0841992 -0.6059368
v 0.4859342 -0.0900918 -0.6129921
v 0.4874111 -0.0928222 -0.6134631
v 0.4916561 -0.0951910 -0.6101832
v 0.4967806 -0.0805198 -0.6021547
v 0.4951836 -0.0841992 -0.6066590
v 0.4926258 -0.0900918 -0.6138731
v 0.4948157 -0.0928222 -0.6144378
v 0.4994138 -0.0951910 -0.6112046
v 1.2119963 -0.0905989 -1.0088793
v 1.2119963 -0.0951910 -1.0133251
v 1.1881538 -0.0951910 -1.0101862
v 1.1893044 -0.0905989 -1.0058922
v 1.1659360 -0.0951910 -1.0009834
v 1.2119963 -0.0814157 -0.9999897
v 1.1681589 -0.0905989 -0.9971333
v 1.1916054 -0.0814157 -0.9973047
v 1.1929093 -0.0762112 -0.9924383
v 1.2119963 -0.0762112 -0.9949507
v 1.1468572 -0.0951910 -0.9863436
v 1.1726040 -0.0814157 -0.9894345
v 1.1942577 -0.0708298 -0.9874060
v 1.2119963 -0.0708298 -0.9897416
v 1.1751231 -0.0762112 -0.9850711
v 1.1500008 -0.0905989 -0.9831998
v 1.2119963 -0.0669303 -0.9859665
v 1.1777279 -0.0708298 -0.9805590
v 1.1952348 -0.0669303 -0.9837599
v 1.1562871 -0.0814157 -0.9769141
v 1.1598497 -0.0762112 -0.9733515
v 1.1796154 -0.0669303 -0.9772900
v 1.1322176 -0.0951910 -0.9672648
v 1.1635335 -0.0708298 -0.9696673
v 1.1360676 -0.0905989 -0.9650423
v 1.1662028 -0.0669303 -0.9669983
v 1.1437666 -0.0814157 -0.9605971
v 1.1481300 -0.0762112 -0.9580780
v 1.1526416 -0.0708298 -0.9554734
v 1.1559109 -0.0669303 -0.9535856
v 1.1230147 -0.0951910 -0.9450472
v 1.1273088 -0.0905989 -0.9438963
v 1.1358961 -0.0814157 -0.9415958
v 1.1407627 -0.0762112 -0.9402913
v 1.1457947 -0.0708298 -0.9389433
v 1.1494411 -0.0669303 -0.9379662
v 1.1494411 -0.0669303 -0.1674792
v 1.1457947 -0.0708298 -0.1665021
v 1.1407627 -0.0762112 -0.1651537
v 1.1358961 -0.0814157 -0.1638498
v 1.1273088 -0.0905989 -0.1615489
v 1.1230147 -0.0951910 -0.1603983
v 1.1526416 -0.0708298 -0.1499723
v 1.1559109 -0.0669303 -0.1518598
v 1.1481300 -0.0762112 -0.1473675
v 1.1437666 -0.0814157 -0.1448483
v 1.1360676 -0.0905989 -0.1404033
v 1.1322176 -0.0951910 -0.1381806
v 1.1635335 -0.0708298 -0.1357780
v 1.1662028 -0.0669303 -0.1384474
v 1.1598497 -0.0762112 -0.1320942
v 1.1562871 -0.0814157 -0.1285315
v 1.1500008 -0.0905989 -0.1222453
v 1.1796154 -0.0669303 -0.1281555
v 1.1777279 -0.0708298 -0.1248862
v 1.1468572 -0.0951910 -0.1191017
v 1.1751231 -0.0762112 -0.1203745
v 1.1952348 -0.0669303 -0.1216859
v 1.1942577 -0.0708298 -0.1180394
v 1.1726040 -0.0814157 -0.1160111
v 1.1681589 -0.0905989 -0.1083121
v 1.1929093 -0.0762112 -0.1130073
v 1.1659360 -0.0951910 -0.1044621
v 1.1916054 -0.0814157 -0.1081406
v 1.1893044 -0.0905989 -0.0995535
v 1.1881538 -0.0951910 -0.0952594
v 1.8925838 -0.0814157 -0.9973047
v 1.8912800 -0.0762112 -0.9924383
v 1.8899314 -0.0708298 -0.9874060
v 1.8889549 -0.0669303 -0.9837599
v 1.8948850 -0.0905989 -1.0058922
v 1.9090660 -0.0762112 -0.9850711
v 1.9064615 -0.0708298 -0.9805590
v 1.9045736 -0.0669303 -0.9772900
v 1.9115852 -0.0814157 -0.9894345
v 1.8960353 -0.0951910 -1.0101862
v 1.9160303 -0.0905989 -0.9971333
v 1.9279022 -0.0814157 -0.9769135
v 1.9243396 -0.0762112 -0.9733509
v 1.9206554 -0.0708298 -0.9696673
v 1.9179863 -0.0669303 -0.9669983
v 1.9182529 -0.0951910 -1.0009834
v 1.9341885 -0.0905989 -0.9831998
v 1.9404226 -0.0814157 -0.9605965
v 1.9360592 -0.0762112 -0.9580780
v 1.9315477 -0.0708298 -0.9554728
v 1.9282780 -0.0669303 -0.9535849
v 1.9373316 -0.0951910 -0.9863436
v 1.9481214 -0.0905989 -0.9650417
v 1.9482928 -0.0814157 -0.9415958
v 1.9434263 -0.0762112 -0.9402913
v 1.9347480 -0.0669303 -0.9379662
v 1.9383947 -0.0708298 -0.9389433
v 1.9519714 -0.0951910 -0.9672648
v 1.9568802 -0.0905989 -0.9438963
v 1.9611743 -0.0951910 -0.9450472
v 1.9347480 -0.0669303 -0.1674792
v 1.9383947 -0.0708298 -0.1665021
v 1.9434263 -0.0762112 -0.1651537
v 1.9482928 -0.0814157 -0.1638498
v 1.9568802 -0.0905989 -0.1615489
v 1.9611749 -0.0951910 -0.1603983
v 1.9282780 -0.0669303 -0.1518598
v 1.9315477 -0.0708298 -0.1499723
v 1.9360592 -0.0762112 -0.1473675
v 1.9404226 -0.0814157 -0.1448483
v 1.9481214 -0.0905989 -0.1404033
v 1.9519714 -0.0951910 -0.1381806
v 1.9179863 -0.0669303 -0.1384474
v 1.9206554 -0.0708298 -0.1357780
v 1.9243396 -0.0762112 -0.1320942
v 1.9279022 -0.0814157 -0.1285315
v 1.9045736 -0.0669303 -0.1281555
v 1.9341885 -0.0905989 -0.1222453
v 1.9064615 -0.0708298 -0.1248862
v 1.9090660 -0.0762112 -0.1203745
v 1.9373316 -0.0951910 -0.1191017
v 1.8889549 -0.0669303 -0.1216859
v 1.9115852 -0.0814157 -0.1160111
v 1.8899314 -0.0708298 -0.1180394
v 1.8912800 -0.0762112 -0.1130073
v 1.9160303 -0.0905989 -0.1083121
v 1.8925838 -0.0814157 -0.1081406
v 1.9182529 -0.0951910 -0.1044621
v 1.8948850 -0.0905989 -0.0995535
v 1.8960353 -0.0951910 -0.0952594
vt -14.1277200 3.5260880
vt -14.1275000 3.5862000
vt -7.1423740 3.5260800
vt -7.1426000 3.5862000
vt -7.1415710 3.4054630
vt -14.1285000 3.4054550
vt -7.1410800 3.3367390
vt -14.1289800 3.3367390
vt -7.1405730 3.2656780
vt -14.1294700 3.2656850
vt -7.1403750 3.2139940
vt -14.1296700 3.2139940
vt 9.8128060 3.5862000
vt 16.3601800 3.5862000
vt 16.3601900 3.5268430
vt 9.8125640 3.5261040
vt 9.8117120 3.4055160
vt 16.3602500 3.4069680
vt 9.8111890 3.3367760
vt 16.3602900 3.3378940
vt 9.8106470 3.2656980
vt 16.3603300 3.2664720
vt 9.8104440 3.2139940
vt 16.3603400 3.2139940
vt 0.5519278 3.2139940
vt -5.9950420 3.2139940
vt -5.9948300 3.2656870
vt 0.5517215 3.2656910
vt -5.9942920 3.3367740
vt 0.5511814 3.3367750
vt -5.9937730 3.4055240
vt 0.5506591 3.4055200
vt 0.5498127 3.5260970
vt -5.9929220 3.5260930
vt 0.5495725 3.5862000
vt -5.9926790 3.5862000
vt 8.6658180 3.2656610
vt 8.6660090 3.2139940
vt 1.6942070 3.2139940
vt 1.6943960 3.2656830
vt 1.6949030 3.3367390
vt 8.6653100 3.3367380
vt 1.6953940 3.4054590
vt 8.6648190 3.4054770
vt 8.6640230 3.5260650
vt 1.6961870 3.5260840
vt 1.6964130 3.5862000
vt 8.6638000 3.5862000
vt 2.3950970 0.7949928
vt 2.3784400 0.8977209
vt 2.5683270 0.7949928
vt 2.4059490 0.7254319
vt 2.5723800 0.7254319
vt 2.4151380 0.6665338
vt 2.5758120 0.6665338
vt 2.4205970 0.6219035
vt 2.7468560 0.7254319
vt 2.7453680 0.7949928
vt 2.5610760 0.8977209
vt 2.7481160 0.6665338
vt 2.5767870 0.6219035
vt 2.9251420 0.7254319
vt 2.9245210 0.7949928
vt 2.7422720 0.8977209
vt 2.7408320 0.9782345
vt 2.5579090 0.9782345
vt 2.9256680 0.6665338
vt 2.7483840 0.6219035
vt 3.1051350 0.7254319
vt 3.1049100 0.7949928
vt 2.9231720 0.8977209
vt 2.9225380 0.9782345
vt 2.3701090 0.9782345
vt 3.1053260 0.6665338
vt 2.9257870 0.6219035
vt 3.2858030 0.7254319
vt 3.2861760 0.7949928
vt 3.1042810 0.8977209
vt 3.1039450 0.9782345
vt 3.2854880 0.6665338
vt 3.1053850 0.6219035
vt 3.4667630 0.7254319
vt 3.4691400 0.7949928
vt 3.2860970 0.8977209
vt 3.2855700 0.9782345
vt 3.4647500 0.6665338
vt 3.2853980 0.6219035
vt 4.5927010 0.6665338
vt 4.5906700 0.7254319
vt 4.5882710 0.7949928
vt 3.4724520 0.8977209
vt 3.4733440 0.9782345
vt 4.5936130 0.6219035
vt 3.4638580 0.6219035
vt 4.7724680 0.6665338
vt 4.7720500 0.7254319
vt 4.7715570 0.7949928
vt 4.5848900 0.8977209
vt 4.5839670 0.9782345
vt 4.7725890 0.6219035
vt 4.9536290 0.6665338
vt 4.9535600 0.7254319
vt 4.9534800 0.7949928
vt 4.7713530 0.8977209
vt 4.7717360 0.9782345
vt 4.9536500 0.6219035
vt 5.1350770 0.6665338
vt 5.1350770 0.7254319
vt 5.1350770 0.7949928
vt 4.9534480 0.8977209
vt 4.9534740 0.9782345
vt 5.1350770 0.6219035
vt 5.3164920 0.6665338
vt 5.3165620 0.7254319
vt 5.3166440 0.7949928
vt 5.1350830 0.8977209
vt 5.1350860 0.9744720
vt 5.3164750 0.6219035
vt 5.4975880 0.6665338
vt 5.4980050 0.7254319
vt 5.4984980 0.7949928
vt 5.3166820 0.8977209
vt 5.3166590 0.9744712
vt 5.4974670 0.6219035
vt 5.6772990 0.6665338
vt 5.6793320 0.7254319
vt 5.6817330 0.7949928
vt 5.4986970 0.8977209
vt 5.4983100 0.9745408
vt 5.6763950 0.6219035
vt 6.8063920 0.6219035
vt 6.8054770 0.6665338
vt 6.8034480 0.7254319
vt 6.8010500 0.7949928
vt 5.6851040 0.8977209
vt 5.6860220 0.9782436
vt 6.9851780 0.6665338
vt 6.9853010 0.6219035
vt 6.9847600 0.7254319
vt 6.9842670 0.7949928
vt 6.7976790 0.8977209
vt 6.7967620 0.9782332
vt 7.1661740 0.7254319
vt 7.1662440 0.6665338
vt 7.1662650 0.6219035
vt 7.1660920 0.7949928
vt 6.9840670 0.8977209
vt 6.9844540 0.9745311
vt 7.3476000 0.7254319
vt 7.3476000 0.7949928
vt 7.3476000 0.6665338
vt 7.3476010 0.6219035
vt 7.1660550 0.8977209
vt 7.1660780 0.9744772
vt 7.5290250 0.7254319
vt 7.5291080 0.7949928
vt 7.3476010 0.8977209
vt 7.5289550 0.6665338
vt 7.5289340 0.6219035
vt 7.3476010 0.9744741
vt 7.7104390 0.7254319
vt 7.7109320 0.7949928
vt 7.5291440 0.8977209
vt 7.5291210 0.9744704
vt 7.7100210 0.6665338
vt 7.7098990 0.6219035
vt 7.8917470 0.7254319
vt 7.8941470 0.7949928
vt 7.7111310 0.8977209
vt 7.7107450 0.9745309
vt 7.8897140 0.6665338
vt 7.8888120 0.6219035
vt 9.0133670 0.7949928
vt 9.0157680 0.7254319
vt 7.8975220 0.8977209
vt 7.8984330 0.9782329
vt 9.0178010 0.6665338
vt 9.0187080 0.6219035
vt 9.1965370 0.7949928
vt 9.0100040 0.8977209
vt 9.1970330 0.7254319
vt 9.0090790 0.9782429
vt 9.1974530 0.6665338
vt 9.1975750 0.6219035
vt 9.1963330 0.8977209
vt 9.3782860 0.7949928
vt 9.1967180 0.9745485
vt 9.3783750 0.7254319
vt 9.3784490 0.6665338
vt 9.3784710 0.6219035
vt 9.3782620 0.9744945
vt 9.3782420 0.8977209
vt 9.5596920 0.7949928
vt 9.5597080 0.7254319
vt 9.5597210 0.6665338
vt 9.5597310 0.6219035
vt 9.5596710 0.9745411
vt 9.5596790 0.8977209
vt 9.7410220 0.7949928
vt 9.7409660 0.7254319
vt 9.7409180 0.6665338
vt 9.7409110 0.6219035
vt 9.7409570 0.9746581
vt 9.7410140 0.8977209
vt 9.9226160 0.7949928
vt 9.9221380 0.7254319
vt 9.9217330 0.6665338
vt 9.9216180 0.6219035
vt 9.9222830 0.9749720
vt 9.9227530 0.8977209
vt 10.1056500 0.7949928
vt 10.1031800 0.7254319
vt 10.1010900 0.6665338
vt 10.1001800 0.6219035
vt 10.1101800 0.9792818
vt 10.1091800 0.8977209
vt 11.2196500 0.7949928
vt 11.2187700 0.7254319
vt 11.2180300 0.6665338
vt 11.2179100 0.6219035
vt 11.2230100 0.8977209
vt 11.2242700 0.9770924
vt 4.0000000 0.5702738
vt 3.2543420 0.5702738
vt 4.0000000 0.6041809
vt 3.2488430 0.6041809
vt 4.0000000 0.6584843
vt 3.2260600 0.5702738
vt 3.2400380 0.6584843
vt 4.0000000 0.6807142
vt 3.2221540 0.6041809
vt 3.1980710 0.5702738
vt 3.2158980 0.6584843
vt 3.2490050 0.6807142
vt 3.2675960 0.7000000
vt 4.0000000 0.7000000
vt 3.1961640 0.6041809
vt 3.1703900 0.5702738
vt 3.1931100 0.6584843
vt 3.2211160 0.6807142
vt 3.2334950 0.7000000
vt 3.1705800 0.6041809
vt 3.1427250 0.5702738
vt 3.1708850 0.6584843
vt 3.1956700 0.6807142
vt 3.2013680 0.7000000
vt 3.1451060 0.6041809
vt 3.1144550 0.5702738
vt 3.1489180 0.6584843
vt 3.1708880 0.6807142
vt 3.1708500 0.7000000
vt 3.1190730 0.6041809
vt 3.0851530 0.5702738
vt 3.1264690 0.6584843
vt 3.1465020 0.6807142
vt 3.1409710 0.7000000
vt 3.0919620 0.6041809
vt 2.2119170 0.5702738
vt 2.2051230 0.6041809
vt 3.1028670 0.6584843
vt 3.1213380 0.6807142
vt 3.1087660 0.7000000
vt 2.1942420 0.6584843
vt 2.1825010 0.5702738
vt 2.1780440 0.6041809
vt 2.2045040 0.6807142
vt 3.0926110 0.6807142
vt 3.0710940 0.7000000
vt 2.1709050 0.6584843
vt 2.1540560 0.5702738
vt 2.1519510 0.6041809
vt 2.1760630 0.6807142
vt 2.2260140 0.7000000
vt 2.1485800 0.6584843
vt 2.1262240 0.5702738
vt 2.1263770 0.6041809
vt 2.1511100 0.6807142
vt 2.1886080 0.7000000
vt 2.1266220 0.6584843
vt 2.0983430 0.5702738
vt 2.1007180 0.6041809
vt 2.1266750 0.6807142
vt 2.1567500 0.7000000
vt 2.1045210 0.6584843
vt 2.0697470 0.5702738
vt 2.0743770 0.6041809
vt 2.1020720 0.6807142
vt 2.1267560 0.7000000
vt 2.0817920 0.6584843
vt 2.0402570 0.5702738
vt 2.0470740 0.6041809
vt 2.0766080 0.6807142
vt 2.0964540 0.7000000
vt 2.0579920 0.6584843
vt 1.1644000 0.5702738
vt 1.1575870 0.6041809
vt 1.1466750 0.6584843
vt 2.0476930 0.6807142
vt 2.0638580 0.7000000
vt 1.1569880 0.6807142
vt 1.1349420 0.5702738
vt 1.1303950 0.6041809
vt 1.1231110 0.6584843
vt 1.1785600 0.7000000
vt 2.0261050 0.7000000
vt 1.1282720 0.6807142
vt 1.1065600 0.5702738
vt 1.1042660 0.6041809
vt 1.1005920 0.6584843
vt 1.1409200 0.7000000
vt 1.1030510 0.6807142
vt 1.0789510 0.5702738
vt 1.0788180 0.6041809
vt 1.0786060 0.6584843
vt 1.1086760 0.7000000
vt 1.0785730 0.6807142
vt 1.0513540 0.5702738
vt 1.0534250 0.6041809
vt 1.0567430 0.6584843
vt 1.0785290 0.7000000
vt 1.0542260 0.6807142
vt 1.0232810 0.5702738
vt 1.0276330 0.6041809
vt 1.0346010 0.6584843
vt 1.0486140 0.7000000
vt 1.0294640 0.6807142
vt 0.9946303 0.5702738
vt 1.0011630 0.6041809
vt 1.0116250 0.6584843
vt 1.0171030 0.7000000
vt 1.0017360 0.6807142
vt 0.1529803 0.5702738
vt 0.1464122 0.6041809
vt 0.1358932 0.6584843
vt 0.9809718 0.7000000
vt 0.1457745 0.6807142
vt 0.1665108 0.7000000
vt 0.1249866 0.5702738
vt 0.1204828 0.6041809
vt 0.1132697 0.6584843
vt 0.1182410 0.6807142
vt 0.1302866 0.7000000
vt 0.0982473 0.5702738
vt 0.0957123 0.6041809
vt 0.0916524 0.6584843
vt 0.0939488 0.6807142
vt 0.0993521 0.7000000
vt 0.0726054 0.5702738
vt 0.0717857 0.6041809
vt 0.0704729 0.6584843
vt 0.0703148 0.6807142
vt 0.0702361 0.7000000
vt 0.0475627 0.5702738
vt 0.0481896 0.6041809
vt 0.0491936 0.6584843
vt 0.0467511 0.6807142
vt 0.0413501 0.7000000
vt 0.0228963 0.5702738
vt 0.0242946 0.6041809
vt 0.0265340 0.6584843
vt 0.0217938 0.6807142
vt 0.0130610 0.7000000
vt 0.0000000 0.5702738
vt 0.0000000 0.6041809
vt 0.0000000 0.6584843
vt 0.0000000 0.6807142
vt 0.0000000 0.7000000
vt 4.0000000 0.5702738
vt 3.2543420 0.5702738
vt 4.0000000 0.6041809
vt 3.2488430 0.6041809
vt 4.0000000 0.6584843
vt 3.2260600 0.5702738
vt 3.2400380 0.6584843
vt 4.0000000 0.6807142
vt 3.2221540 0.6041809
vt 3.1980710 0.5702738
vt 3.2158980 0.6584843
vt 3.2490050 0.6807142
vt 3.2675960 0.7000000
vt 4.0000000 0.7000000
vt 3.1961640 0.6041809
vt 3.1703900 0.5702738
vt 3.1931100 0.6584843
vt 3.2211160 0.6807142
vt 3.2334950 0.7000000
vt 3.1705800 0.6041809
vt 3.1427250 0.5702738
vt 3.1708850 0.6584843
vt 3.1956700 0.6807142
vt 3.2013680 0.7000000
vt 3.1451060 0.6041809
vt 3.1144550 0.5702738
vt 3.1489180 0.6584843
vt 3.1708880 0.6807142
vt 3.1708500 0.7000000
vt 3.1190730 0.6041809
vt 3.0851530 0.5702738
vt 3.1264690 0.6584843
vt 3.1465020 0.6807142
vt 3.1409710 0.7000000
vt 3.0919620 0.6041809
vt 2.2051230 0.6041809
vt 2.2119170 0.5702738
vt 3.1028670 0.6584843
vt 3.1213380 0.6807142
vt 3.1087660 0.7000000
vt 2.1942420 0.6584843
vt 2.1825010 0.5702738
vt 2.1780440 0.6041809
vt 2.2045040 0.6807142
vt 3.0926110 0.6807142
vt 3.0710940 0.7000000
vt 2.1709050 0.6584843
vt 2.1540560 0.5702738
vt 2.1519510 0.6041809
vt 2.1760630 0.6807142
vt 2.2260140 0.7000000
vt 2.1485800 0.6584843
vt 2.1262240 0.5702738
vt 2.1263770 0.6041809
vt 2.1511100 0.6807142
vt 2.1886080 0.7000000
vt 2.1266220 0.6584843
vt 2.0983430 0.5702738
vt 2.1007180 0.6041809
vt 2.1266750 0.6807142
vt 2.1567500 0.7000000
vt 2.1045210 0.6584843
vt 2.0697470 0.5702738
vt 2.0743770 0.6041809
vt 2.1020720 0.6807142
vt 2.1267560 0.7000000
vt 2.0817920 0.6584843
vt 2.0402570 0.5702738
vt 2.0470740 0.6041809
vt 2.0766080 0.6807142
vt 2.0964540 0.7000000
vt 2.0579920 0.6584843
vt 1.1644000 0.5702738
vt 1.1575870 0.6041809
vt 1.1466750 0.6584843
vt 2.0476930 0.6807142
vt 2.0638580 0.7000000
vt 1.1569880 0.6807142
vt 1.1349420 0.5702738
vt 1.1303950 0.6041809
vt 1.1231110 0.6584843
vt 1.1785600 0.7000000
vt 2.0261050 0.7000000
vt 1.1282720 0.6807142
vt 1.1065600 0.5702738
vt 1.1042660 0.6041809
vt 1.1005920 0.6584843
vt 1.1409200 0.7000000
vt 1.1030510 0.6807142
vt 1.0789510 0.5702738
vt 1.0788180 0.6041809
vt 1.0786060 0.6584843
vt 1.1086760 0.7000000
vt 1.0785730 0.6807142
vt 1.0513540 0.5702738
vt 1.0534250 0.6041809
vt 1.0567430 0.6584843
vt 1.0785290 0.7000000
vt 1.0542260 0.6807142
vt 1.0232810 0.5702738
vt 1.0276330 0.6041809
vt 1.0346010 0.6584843
vt 1.0486140 0.7000000
vt 1.0294640 0.6807142
vt 0.9946303 0.5702738
vt 1.0011630 0.6041809
vt 1.0116250 0.6584843
vt 1.0171030 0.7000000
vt 1.0017360 0.6807142
vt 0.1529803 0.5702738
vt 0.1464122 0.6041809
vt 0.1358932 0.6584843
vt 0.9809718 0.7000000
vt 0.1457745 0.6807142
vt 0.1665108 0.7000000
vt 0.1249866 0.5702738
vt 0.1204828 0.6041809
vt 0.1132697 0.6584843
vt 0.1182410 0.6807142
vt 0.1302866 0.7000000
vt 0.0982473 0.5702738
vt 0.0957123 0.6041809
vt 0.0916524 0.6584843
vt 0.0939488 0.6807142
vt 0.0993521 0.7000000
vt 0.0726054 0.5702738
vt 0.0717857 0.6041809
vt 0.0704729 0.6584843
vt 0.0703148 0.6807142
vt 0.0702361 0.7000000
vt 0.0475627 0.5702738
vt 0.0481896 0.6041809
vt 0.0491936 0.6584843
vt 0.0467511 0.6807142
vt 0.0413501 0.7000000
vt 0.0228963 0.5702738
vt 0.0242946 0.6041809
vt 0.0265340 0.6584843
vt 0.0217938 0.6807142
vt 0.0130610 0.7000000
vt 0.0000000 0.5702738
vt 0.0000000 0.6041809
vt 0.0000000 0.6584843
vt 0.0000000 0.6807142
vt 0.0000000 0.7000000
vt 4.0000000 0.5702738
vt 3.2543420 0.5702738
vt 4.0000000 0.6041809
vt 3.2488430 0.6041809
vt 4.0000000 0.6584843
vt 3.2260600 0.5702738
vt 3.2400380 0.6584843
vt 4.0000000 0.6807142
vt 3.2221540 0.6041809
vt 3.1980710 0.5702738
vt 3.2158980 0.6584843
vt 3.2490050 0.6807142
vt 3.2675960 0.7000000
vt 4.0000000 0.7000000
vt 3.1961640 0.6041809
vt 3.1703900 0.5702738
vt 3.1931100 0.6584843
vt 3.2211160 0.6807142
vt 3.2334950 0.7000000
vt 3.1705800 0.6041809
vt 3.1427250 0.5702738
vt 3.1708850 0.6584843
vt 3.1956700 0.6807142
vt 3.2013680 0.7000000
vt 3.1451060 0.6041809
vt 3.1144550 0.5702738
vt 3.1489180 0.6584843
vt 3.1708880 0.6807142
vt 3.1708500 0.7000000
vt 3.1190730 0.6041809
vt 3.0851530 0.5702738
vt 3.1264690 0.6584843
vt 3.1465020 0.6807142
vt 3.1409710 0.7000000
vt 3.0919620 0.6041809
vt 2.2051230 0.6041809
vt 2.2119170 0.5702738
vt 3.1028670 0.6584843
vt 3.1213380 0.6807142
vt 3.1087660 0.7000000
vt 2.1942420 0.6584843
vt 2.1825010 0.5702738
vt 2.1780440 0.6041809
vt 2.2045040 0.6807142
vt 3.0926110 0.6807142
vt 3.0710940 0.7000000
vt 2.1709050 0.6584843
vt 2.1540560 0.5702738
vt 2.1519510 0.6041809
vt 2.1760630 0.6807142
vt 2.2260140 0.7000000
vt 2.1485800 0.6584843
vt 2.1262240 0.5702738
vt 2.1263770 0.6041809
vt 2.1511100 0.6807142
vt 2.1886080 0.7000000
vt 2.1266220 0.6584843
vt 2.0983430 0.5702738
vt 2.1007180 0.6041809
vt 2.1266750 0.6807142
vt 2.1567500 0.7000000
vt 2.1045210 0.6584843
vt 2.0697470 0.5702738
vt 2.0743770 0.6041809
vt 2.1020720 0.6807142
vt 2.1267560 0.7000000
vt 2.0817920 0.6584843
vt 2.0402570 0.5702738
vt 2.0470740 0.6041809
vt 2.0766080 0.6807142
vt 2.0964540 0.7000000
vt 2.0579920 0.6584843
vt 1.1644000 0.5702738
vt 1.1575870 0.6041809
vt 1.1466750 0.6584843
vt 2.0476930 0.6807142
vt 2.0638580 0.7000000
vt 1.1569880 0.6807142
vt 1.1349420 0.5702738
vt 1.1303950 0.6041809
vt 1.1231110 0.6584843
vt 1.1785600 0.7000000
vt 2.0261050 0.7000000
vt 1.1282720 0.6807142
vt 1.1065600 0.5702738
vt 1.1042660 0.6041809
vt 1.1005920 0.6584843
vt 1.1409200 0.7000000
vt 1.1030510 0.6807142
vt 1.0789510 0.5702738
vt 1.0788180 0.6041809
vt 1.0786060 0.6584843
vt 1.1086760 0.7000000
vt 1.0785730 0.6807142
vt 1.0513540 0.5702738
vt 1.0534250 0.6041809
vt 1.0567430 0.6584843
vt 1.0785290 0.7000000
vt 1.0542260 0.6807142
vt 1.0232810 0.5702738
vt 1.0276330 0.6041809
vt 1.0346010 0.6584843
vt 1.0486140 0.7000000
vt 1.0294640 0.6807142
vt 0.9946303 0.5702738
vt 1.0011630 0.6041809
vt 1.0116250 0.6584843
vt 1.0171030 0.7000000
vt 1.0017360 0.6807142
vt 0.1529803 0.5702738
vt 0.1464122 0.6041809
vt 0.1358932 0.6584843
vt 0.9809718 0.7000000
vt 0.1457745 0.6807142
vt 0.1665108 0.7000000
vt 0.1249866 0.5702738
vt 0.1204828 0.6041809
vt 0.1132697 0.6584843
vt 0.1182410 0.6807142
vt 0.1302866 0.7000000
vt 0.0982473 0.5702738
vt 0.0957123 0.6041809
vt 0.0916524 0.6584843
vt 0.0939488 0.6807142
vt 0.0993521 0.7000000
vt 0.0726054 0.5702738
vt 0.0717857 0.6041809
vt 0.0704729 0.6584843
vt 0.0703148 0.6807142
vt 0.0702361 0.7000000
vt 0.0475627 0.5702738
vt 0.0481896 0.6041809
vt 0.0491936 0.6584843
vt 0.0467511 0.6807142
vt 0.0413501 0.7000000
vt 0.0228963 0.5702738
vt 0.0242946 0.6041809
vt 0.0265340 0.6584843
vt 0.0217938 0.6807142
vt 0.0130610 0.7000000
vt 0.0000000 0.5702738
vt 0.0000000 0.6041809
vt 0.0000000 0.6584843
vt 0.0000000 0.6807142
vt 0.0000000 0.7000000
vt 4.0000000 0.5702738
vt 3.2543420 0.5702738
vt 4.0000000 0.6041809
vt 3.2488430 0.6041809
vt 4.0000000 0.6584843
vt 3.2260600 0.5702738
vt 3.2400380 0.6584843
vt 4.0000000 0.6807142
vt 3.2221540 0.6041809
vt 3.1980710 0.5702738
vt 3.2158980 0.6584843
vt 3.2490050 0.6807142
vt 3.2675960 0.7000000
vt 4.0000000 0.7000000
vt 3.1961640 0.6041809
vt 3.1703900 0.5702738
vt 3.1931100 0.6584843
vt 3.2211160 0.6807142
vt 3.2334950 0.7000000
vt 3.1705800 0.6041809
vt 3.1427250 0.5702738
vt 3.1708850 0.6584843
vt 3.1956700 0.6807142
vt 3.2013680 0.7000000
vt 3.1451060 0.6041809
vt 3.1144550 0.5702738
vt 3.1489180 0.6584843
vt 3.1708880 0.6807142
vt 3.1708500 0.7000000
vt 3.1190730 0.6041809
vt 3.0851530 0.5702738
vt 3.1264690 0.6584843
vt 3.1465020 0.6807142
vt 3.1409710 0.7000000
vt 3.0919620 0.6041809
vt 2.2119170 0.5702738
vt 2.2051230 0.6041809
vt 3.1028670 0.6584843
vt 3.1213380 0.6807142
vt 3.1087660 0.7000000
vt 2.1942420 0.6584843
vt 2.1825010 0.5702738
vt 2.1780440 0.6041809
vt 2.2045040 0.6807142
vt 3.0926110 0.6807142
vt 3.0710940 0.7000000
vt 2.1709050 0.6584843
vt 2.1540560 0.5702738
vt 2.1519510 0.6041809
vt 2.1760630 0.6807142
vt 2.2260140 0.7000000
vt 2.1485800 0.6584843
vt 2.1262240 0.5702738
vt 2.1263770 0.6041809
vt 2.1511100 0.6807142
vt 2.1886080 0.7000000
vt 2.1266220 0.6584843
vt 2.0983430 0.5702738
vt 2.1007180 0.6041809
vt 2.1266750 0.6807142
vt 2.1567500 0.7000000
vt 2.1045210 0.6584843
vt 2.0697470 0.5702738
vt 2.0743770 0.6041809
vt 2.1020720 0.6807142
vt 2.1267560 0.7000000
vt 2.0817920 0.6584843
vt 2.0402570 0.5702738
vt 2.0470740 0.6041809
vt 2.0766080 0.6807142
vt 2.0964540 0.7000000
vt 2.0579920 0.6584843
vt 1.1644000 0.5702738
vt 1.1575870 0.6041809
vt 1.1466750 0.6584843
vt 2.0476930 0.6807142
vt 2.0638580 0.7000000
vt 1.1569880 0.6807142
vt 1.1349420 0.5702738
vt 1.1303950 0.6041809
vt 1.1231110 0.6584843
vt 1.1785600 0.7000000
vt 2.0261050 0.7000000
vt 1.1282720 0.6807142
vt 1.1065600 0.5702738
vt 1.1042660 0.6041809
vt 1.1005920 0.6584843
vt 1.1409200 0.7000000
vt 1.1030510 0.6807142
vt 1.0789510 0.5702738
vt 1.0788180 0.6041809
vt 1.0786060 0.6584843
vt 1.1086760 0.7000000
vt 1.0785730 0.6807142
vt 1.0513540 0.5702738
vt 1.0534250 0.6041809
vt 1.0567430 0.6584843
vt 1.0785290 0.7000000
vt 1.0542260 0.6807142
vt 1.0232810 0.5702738
vt 1.0276330 0.6041809
vt 1.0346010 0.6584843
vt 1.0486140 0.7000000
vt 1.0294640 0.6807142
vt 0.9946303 0.5702738
vt 1.0011630 0.6041809
vt 1.0116250 0.6584843
vt 1.0171030 0.7000000
vt 1.0017360 0.6807142
vt 0.1529803 0.5702738
vt 0.1464122 0.6041809
vt 0.1358932 0.6584843
vt 0.9809718 0.7000000
vt 0.1457745 0.6807142
vt 0.1665108 0.7000000
vt 0.1249866 0.5702738
vt 0.1204828 0.6041809
vt 0.1132697 0.6584843
vt 0.1182410 0.6807142
vt 0.1302866 0.7000000
vt 0.0982473 0.5702738
vt 0.0957123 0.6041809
vt 0.0916524 0.6584843
vt 0.0939488 0.6807142
vt 0.0993521 0.7000000
vt 0.0726054 0.5702738
vt 0.0717857 0.6041809
vt 0.0704729 0.6584843
vt 0.0703148 0.6807142
vt 0.0702361 0.7000000
vt 0.0475627 0.5702738
vt 0.0481896 0.6041809
vt 0.0491936 0.6584843
vt 0.0467511 0.6807142
vt 0.0413501 0.7000000
vt 0.0228963 0.5702738
vt 0.0242946 0.6041809
vt 0.0265340 0.6584843
vt 0.0217938 0.6807142
vt 0.0130610 0.7000000
vt 0.0000000 0.5702738
vt 0.0000000 0.6041809
vt 0.0000000 0.6584843
vt 0.0000000 0.6807142
vt 0.0000000 0.7000000
vt 4.0000000 0.5702738
vt 3.2543420 0.5702738
vt 4.0000000 0.6041809
vt 3.2488430 0.6041809
vt 4.0000000 0.6584843
vt 3.2260600 0.5702738
vt 3.2400380 0.6584843
vt 4.0000000 0.6807142
vt 3.2221540 0.6041809
vt 3.1980710 0.5702738
vt 3.2158980 0.6584843
vt 3.2490050 0.6807142
vt 3.2675960 0.7000000
vt 4.0000000 0.7000000
vt 3.1961640 0.6041809
vt 3.1703900 0.5702738
vt 3.1931100 0.6584843
vt 3.2211160 0.6807142
vt 3.2334950 0.7000000
vt 3.1705800 0.6041809
vt 3.1427250 0.5702738
vt 3.1708850 0.6584843
vt 3.1956700 0.6807142
vt 3.2013680 0.7000000
vt 3.1451060 0.6041809
vt 3.1144550 0.5702738
vt 3.1489180 0.6584843
vt 3.1708880 0.6807142
vt 3.1708500 0.7000000
vt 3.1190730 0.6041809
vt 3.0851530 0.5702738
vt 3.1264690 0.6584843
vt 3.1465020 0.6807142
vt 3.1409710 0.7000000
vt 3.0919620 0.6041809
vt 2.2051230 0.6041809
vt 2.2119170 0.5702738
vt 3.1028670 0.6584843
vt 3.1213380 0.6807142
vt 3.1087660 0.7000000
vt 2.1942420 0.6584843
vt 2.1825010 0.5702738
vt 2.1780440 0.6041809
vt 2.2045040 0.6807142
vt 3.0926110 0.6807142
vt 3.0710940 0.7000000
vt 2.1709050 0.6584843
vt 2.1540560 0.5702738
vt 2.1519510 0.6041809
vt 2.1760630 0.6807142
vt 2.2260140 0.7000000
vt 2.1485800 0.6584843
vt 2.1262240 0.5702738
vt 2.1263770 0.6041809
vt 2.1511100 0.6807142
vt 2.1886080 0.7000000
vt 2.1266220 0.6584843
vt 2.0983430 0.5702738
vt 2.1007180 0.6041809
vt 2.1266750 0.6807142
vt 2.1567500 0.7000000
vt 2.1045210 0.6584843
vt 2.0697470 0.5702738
vt 2.0743770 0.6041809
vt 2.1020720 0.6807142
vt 2.1267560 0.7000000
vt 2.0817920 0.6584843
vt 2.0402570 0.5702738
vt 2.0470740 0.6041809
vt 2.0766080 0.6807142
vt 2.0964540 0.7000000
vt 2.0579920 0.6584843
vt 1.1644000 0.5702738
vt 1.1575870 0.6041809
vt 1.1466750 0.6584843
vt 2.0476930 0.6807142
vt 2.0638580 0.7000000
vt 1.1569880 0.6807142
vt 1.1349420 0.5702738
vt 1.1303950 0.6041809
vt 1.1231110 0.6584843
vt 1.1785600 0.7000000
vt 2.0261050 0.7000000
vt 1.1282720 0.6807142
vt 1.1065600 0.5702738
vt 1.1042660 0.6041809
vt 1.1005920 0.6584843
vt 1.1409200 0.7000000
vt 1.1030510 0.6807142
vt 1.0789510 0.5702738
vt 1.0788180 0.6041809
vt 1.0786060 0.6584843
vt 1.1086760 0.7000000
vt 1.0785730 0.6807142
vt 1.0513540 0.5702738
vt 1.0534250 0.6041809
vt 1.0567430 0.6584843
vt 1.0785290 0.7000000
vt 1.0542260 0.6807142
vt 1.0232810 0.5702738
vt 1.0276330 0.6041809
vt 1.0346010 0.6584843
vt 1.0486140 0.7000000
vt 1.0294640 0.6807142
vt 0.9946303 0.5702738
vt 1.0011630 0.6041809
vt 1.0116250 0.6584843
vt 1.0171030 0.7000000
vt 1.0017360 0.6807142
vt 0.1529803 0.5702738
vt 0.1464122 0.6041809
vt 0.1358932 0.6584843
vt 0.9809718 0.7000000
vt 0.1665108 0.7000000
vt 0.1457745 0.6807142
vt 0.1249866 0.5702738
vt 0.1204828 0.6041809
vt 0.1132697 0.6584843
vt 0.1182410 0.6807142
vt 0.1302866 0.7000000
vt 0.0982473 0.5702738
vt 0.0957123 0.6041809
vt 0.0916524 0.6584843
vt 0.0939488 0.6807142
vt 0.0993521 0.7000000
vt 0.0726054 0.5702738
vt 0.0717857 0.6041809
vt 0.0704729 0.6584843
vt 0.0703148 0.6807142
vt 0.0702361 0.7000000
vt 0.0475627 0.5702738
vt 0.0481896 0.6041809
vt 0.0491936 0.6584843
vt 0.0467511 0.6807142
vt 0.0413501 0.7000000
vt 0.0228963 0.5702738
vt 0.0242946 0.6041809
vt 0.0265340 0.6584843
vt 0.0217938 0.6807142
vt 0.0130610 0.7000000
vt 0.0000000 0.5702738
vt 0.0000000 0.6041809
vt 0.0000000 0.6584843
vt 0.0000000 0.6807142
vt 0.0000000 0.7000000
vt -15.3153600 3.5121160
vt -15.3244600 3.5862000
vt -15.0942800 3.5862000
vt -15.0935100 3.5295800
vt -14.8953600 3.5862000
vt -15.2830600 3.3784130
vt -14.8951400 3.5329190
vt -15.0861800 3.4110520
vt -15.0804400 3.3411270
vt -15.2621500 3.3138660
vt -14.7023400 3.5862000
vt -14.8933700 3.4185970
vt -15.0745000 3.2688240
vt -15.2405200 3.2471240
vt -14.8918600 3.3469220
vt -14.7022900 3.5336660
vt -15.2305600 3.2139940
vt -14.8902900 3.2728090
vt -15.0729300 3.2139940
vt -14.7018200 3.4202630
vt -14.7014500 3.3481480
vt -14.8899000 3.2139940
vt -14.5105600 3.5862000
vt -14.7010800 3.2735810
vt -14.5106300 3.5334930
vt -14.7008900 3.2139940
vt -14.5106500 3.4200120
vt -14.5106300 3.3479560
vt -14.5106200 3.2734490
vt -14.5107000 3.2139940
vt -14.3195100 3.5862000
vt -14.3195100 3.5323630
vt -14.3195400 3.4174490
vt -14.3196400 3.3460520
vt -14.3197400 3.2722280
vt -14.3196700 3.2139940
vt -6.9499290 3.2139940
vt -6.9499720 3.2722330
vt -6.9501110 3.3460580
vt -6.9502470 3.4174560
vt -6.9504530 3.5323700
vt -6.9504720 3.5862000
vt -6.7588030 3.2734580
vt -6.7588130 3.2139940
vt -6.7588240 3.3479710
vt -6.7588440 3.4200330
vt -6.7588760 3.5334940
vt -6.7588640 3.5862000
vt -6.5675350 3.2736950
vt -6.5675280 3.2139940
vt -6.5675180 3.3483300
vt -6.5675010 3.4205110
vt -6.5675310 3.5337490
vt -6.3762880 3.2139940
vt -6.3762870 3.2734660
vt -6.5675130 3.5862000
vt -6.3762560 3.3479770
vt -6.1852470 3.2139940
vt -6.1852130 3.2722010
vt -6.3762270 3.4200380
vt -6.3761930 3.5335080
vt -6.1850770 3.3460130
vt -6.3761740 3.5862000
vt -6.1849440 3.4173970
vt -6.1846760 3.5323290
vt -6.1846340 3.5862000
vt 9.6204770 3.4173960
vt 9.6203380 3.3460130
vt 9.6201940 3.2722020
vt 9.6201710 3.2139940
vt 9.6207360 3.5323290
vt 9.4291610 3.3479770
vt 9.4291340 3.2734660
vt 9.4291210 3.2139940
vt 9.4291860 3.4200380
vt 9.6207680 3.5862000
vt 9.4292140 3.5335080
vt 9.2379930 3.4205110
vt 9.2379740 3.3483300
vt 9.2379530 3.2736960
vt 9.2379580 3.2139940
vt 9.4292250 3.5862000
vt 9.2379490 3.5337480
vt 9.0468410 3.4200320
vt 9.0468500 3.3479700
vt 9.0468620 3.2734580
vt 9.0468630 3.2139940
vt 9.2379490 3.5862000
vt 9.0467790 3.5334930
vt 8.8557370 3.4174550
vt 8.8558790 3.3460580
vt 8.8560480 3.2139940
vt 8.8560280 3.2722330
vt 9.0467770 3.5862000
vt 8.8555240 3.5323690
vt 8.8554960 3.5862000
vt 1.5044370 3.2139940
vt 1.5044780 3.2722330
vt 1.5046250 3.3460570
vt 1.5047670 3.4174550
vt 1.5049730 3.5323700
vt 1.5049890 3.5862000
vt 1.3140830 3.2139940
vt 1.3140740 3.2734580
vt 1.3140920 3.3479700
vt 1.3141100 3.4200320
vt 1.3141610 3.5334930
vt 1.3141610 3.5862000
vt 1.1234450 3.2139940
vt 1.1234420 3.2736950
vt 1.1234250 3.3483300
vt 1.1234090 3.4205110
vt 0.9326826 3.2139940
vt 1.1234630 3.5337490
vt 0.9326694 3.2734660
vt 0.9326397 3.3479770
vt 1.1234620 3.5862000
vt 0.7419725 3.2139940
vt 0.9326110 3.4200380
vt 0.7419330 3.2722010
vt 0.7417896 3.3460120
vt 0.9326058 3.5335080
vt 0.7416510 3.4173960
vt 0.9325949 3.5862000
vt 0.7414021 3.5323290
vt 0.7413728 3.5862000
vn -0.7179673 0.6944915 -0.0469515
vn -0.7179673 0.6944915 -0.0469515
vn -0.7179673 0.6944915 0.0469515
vn -0.7179673 0.6944915 0.0469515
vn -0.7179673 0.6944915 0.0469515
vn -0.7179673 0.6944915 -0.0469515
vn -0.7179673 0.6944915 0.0469515
vn -0.7179673 0.6944915 -0.0469515
vn -0.7179673 0.6944915 0.0469515
vn -0.7179673 0.6944915 -0.0469515
vn -0.3874066 0.9215580 0.0254358
vn -0.3874066 0.9215580 -0.0254358
vn 0.0469515 0.6944915 -0.7179673
vn -0.0469515 0.6944915 -0.7179673
vn -0.0469515 0.6944915 -0.7179673
vn 0.0469515 0.6944915 -0.7179673
vn 0.0469515 0.6944915 -0.7179673
vn -0.0469515 0.6944915 -0.7179673
vn 0.0469515 0.6944915 -0.7179673
vn -0.0469515 0.6944915 -0.7179673
vn 0.0469515 0.6944915 -0.7179673
vn -0.0469515 0.6944915 -0.7179673
vn 0.0254358 0.9215580 -0.3874066
vn -0.0254358 0.9215580 -0.3874066
vn 0.0254358 0.9215580 0.3874066
vn -0.0254358 0.9215580 0.3874066
vn -0.0469515 0.6944915 0.7179673
vn 0.0469515 0.6944915 0.7179673
vn -0.0469515 0.6944915 0.7179673
vn 0.0469515 0.6944915 0.7179673
vn -0.0469515 0.6944915 0.7179673
vn 0.0469515 0.6944915 0.7179673
vn 0.0469515 0.6944915 0.7179673
vn -0.0469515 0.6944915 0.7179673
vn 0.0469515 0.6944915 0.7179673
vn -0.0469515 0.6944915 0.7179673
vn 0.7179673 0.6944915 -0.0469515
vn 0.3874066 0.9215580 -0.0254358
vn 0.3874066 0.9215580 0.0254358
vn 0.7179673 0.6944915 0.0469515
vn 0.7179673 0.6944915 0.0469515
vn 0.7179673 0.6944915 -0.0469515
vn 0.7179673 0.6944915 0.0469515
vn 0.7179673 0.6944915 -0.0469515
vn 0.7179673 0.6944915 -0.0469515
vn 0.7179673 0.6944915 0.0469515
vn 0.7179673 0.6944915 0.0469515
vn 0.7179673 0.6944915 -0.0469515
vn -0.0469515 0.6944915 -0.7179673
vn -0.0469515 0.6944915 -0.7179673
vn -0.1859264 0.6947774 -0.6947774
vn -0.0469515 0.6944915 -0.7179673
vn -0.1859264 0.6947774 -0.6947774
vn -0.0469515 0.6944915 -0.7179673
vn -0.1859264 0.6947774 -0.6947774
vn -0.0254358 0.9215580 -0.3874066
vn -0.3601583 0.6948706 -0.6224475
vn -0.3601583 0.6948706 -0.6224475
vn -0.1859264 0.6947774 -0.6947774
vn -0.3601583 0.6948706 -0.6224475
vn -0.0998422 0.9220718 -0.3739187
vn -0.5087050 0.6945779 -0.5087050
vn -0.5087050 0.6945779 -0.5087050
vn -0.3601583 0.6948706 -0.6224475
vn -0.3601583 0.6948706 -0.6224475
vn -0.1859264 0.6947774 -0.6947774
vn -0.5087050 0.6945779 -0.5087050
vn -0.1938262 0.9221424 -0.3347906
vn -0.6224475 0.6948706 -0.3601583
vn -0.6224475 0.6948706 -0.3601583
vn -0.5087050 0.6945779 -0.5087050
vn -0.5087050 0.6945779 -0.5087050
vn -0.0469515 0.6944915 -0.7179673
vn -0.6224475 0.6948706 -0.3601583
vn -0.2740146 0.9218633 -0.2740146
vn -0.6947774 0.6947774 -0.1859264
vn -0.6947774 0.6947774 -0.1859264
vn -0.6224475 0.6948706 -0.3601583
vn -0.6224475 0.6948706 -0.3601583
vn -0.6947774 0.6947774 -0.1859264
vn -0.3347906 0.9221424 -0.1938262
vn -0.7179673 0.6944915 -0.0469515
vn -0.7179673 0.6944915 -0.0469515
vn -0.6947774 0.6947774 -0.1859264
vn -0.6947774 0.6947774 -0.1859264
vn -0.7179673 0.6944915 -0.0469515
vn -0.3739187 0.9220718 -0.0998422
vn -0.7179673 0.6944915 0.0469515
vn -0.7179673 0.6944915 0.0469515
vn -0.7179673 0.6944915 0.0469515
vn -0.7179673 0.6944915 -0.0469515
vn -0.7179673 0.6944915 -0.0469515
vn -0.3874066 0.9215580 0.0254358
vn -0.3874066 0.9215580 -0.0254358
vn -0.6947774 0.6947774 0.1859264
vn -0.6947774 0.6947774 0.1859264
vn -0.6947774 0.6947774 0.1859264
vn -0.7179673 0.6944915 0.0469515
vn -0.7179673 0.6944915 0.0469515
vn -0.3739187 0.9220718 0.0998422
vn -0.6224475 0.6948706 0.3601583
vn -0.6224475 0.6948706 0.3601583
vn -0.6224475 0.6948706 0.3601583
vn -0.6947774 0.6947774 0.1859264
vn -0.6947774 0.6947774 0.1859264
vn -0.3347906 0.9221424 0.1938262
vn -0.5087050 0.6945779 0.5087050
vn -0.5087050 0.6945779 0.5087050
vn -0.5087050 0.6945779 0.5087050
vn -0.6224475 0.6948706 0.3601583
vn -0.6224475 0.6948706 0.3601583
vn -0.2740146 0.9218633 0.2740146
vn -0.3601583 0.6948706 0.6224475
vn -0.3601583 0.6948706 0.6224475
vn -0.3601583 0.6948706 0.6224475
vn -0.5087050 0.6945779 0.5087050
vn -0.5087050 0.6945779 0.5087050
vn -0.1938262 0.9221424 0.3347906
vn -0.1859264 0.6947774 0.6947774
vn -0.1859264 0.6947774 0.6947774
vn -0.1859264 0.6947774 0.6947774
vn -0.3601583 0.6948706 0.6224475
vn -0.3601583 0.6948706 0.6224475
vn -0.0998422 0.9220718 0.3739187
vn -0.0469515 0.6944915 0.7179673
vn -0.0469515 0.6944915 0.7179673
vn -0.0469515 0.6944915 0.7179673
vn -0.1859264 0.6947774 0.6947774
vn -0.1859264 0.6947774 0.6947774
vn -0.0254358 0.9215580 0.3874066
vn 0.0254358 0.9215580 0.3874066
vn 0.0469515 0.6944915 0.7179673
vn 0.0469515 0.6944915 0.7179673
vn 0.0469515 0.6944915 0.7179673
vn -0.0469515 0.6944915 0.7179673
vn -0.0469515 0.6944915 0.7179673
vn 0.1859264 0.6947774 0.6947774
vn 0.0998422 0.9220718 0.3739187
vn 0.1859264 0.6947774 0.6947774
vn 0.1859264 0.6947774 0.6947774
vn 0.0469515 0.6944915 0.7179673
vn 0.0469515 0.6944915 0.7179673
vn 0.3601583 0.6948706 0.6224475
vn 0.3601583 0.6948706 0.6224475
vn 0.1938262 0.9221424 0.3347906
vn 0.3601583 0.6948706 0.6224475
vn 0.1859264 0.6947774 0.6947774
vn 0.1859264 0.6947774 0.6947774
vn 0.5087050 0.6945779 0.5087050
vn 0.5087050 0.6945779 0.5087050
vn 0.5087050 0.6945779 0.5087050
vn 0.2740146 0.9218633 0.2740146
vn 0.3601583 0.6948706 0.6224475
vn 0.3601583 0.6948706 0.6224475
vn 0.6224475 0.6948706 0.3601583
vn 0.6224475 0.6948706 0.3601583
vn 0.5087050 0.6945779 0.5087050
vn 0.6224475 0.6948706 0.3601583
vn 0.3347906 0.9221424 0.1938262
vn 0.5087050 0.6945779 0.5087050
vn 0.6947774 0.6947774 0.1859264
vn 0.6947774 0.6947774 0.1859264
vn 0.6224475 0.6948706 0.3601583
vn 0.6224475 0.6948706 0.3601583
vn 0.6947774 0.6947774 0.1859264
vn 0.3739187 0.9220718 0.0998422
vn 0.7179673 0.6944915 0.0469515
vn 0.7179673 0.6944915 0.0469515
vn 0.6947774 0.6947774 0.1859264
vn 0.6947774 0.6947774 0.1859264
vn 0.7179673 0.6944915 0.0469515
vn 0.3874066 0.9215580 0.0254358
vn 0.7179673 0.6944915 -0.0469515
vn 0.7179673 0.6944915 -0.0469515
vn 0.7179673 0.6944915 0.0469515
vn 0.7179673 0.6944915 0.0469515
vn 0.7179673 0.6944915 -0.0469515
vn 0.3874066 0.9215580 -0.0254358
vn 0.6947774 0.6947774 -0.1859264
vn 0.7179673 0.6944915 -0.0469515
vn 0.6947774 0.6947774 -0.1859264
vn 0.7179673 0.6944915 -0.0469515
vn 0.6947774 0.6947774 -0.1859264
vn 0.3739187 0.9220718 -0.0998422
vn 0.6947774 0.6947774 -0.1859264
vn 0.6224475 0.6948706 -0.3601583
vn 0.6947774 0.6947774 -0.1859264
vn 0.6224475 0.6948706 -0.3601583
vn 0.6224475 0.6948706 -0.3601583
vn 0.3347906 0.9221424 -0.1938262
vn 0.6224475 0.6948706 -0.3601583
vn 0.6224475 0.6948706 -0.3601583
vn 0.5087050 0.6945779 -0.5087050
vn 0.5087050 0.6945779 -0.5087050
vn 0.5087050 0.6945779 -0.5087050
vn 0.2740146 0.9218633 -0.2740146
vn 0.5087050 0.6945779 -0.5087050
vn 0.5087050 0.6945779 -0.5087050
vn 0.3601583 0.6948706 -0.6224475
vn 0.3601583 0.6948706 -0.6224475
vn 0.3601583 0.6948706 -0.6224475
vn 0.1938262 0.9221424 -0.3347906
vn 0.3601583 0.6948706 -0.6224475
vn 0.3601583 0.6948706 -0.6224475
vn 0.1859264 0.6947774 -0.6947774
vn 0.1859264 0.6947774 -0.6947774
vn 0.1859264 0.6947774 -0.6947774
vn 0.0998422 0.9220718 -0.3739187
vn 0.1859264 0.6947774 -0.6947774
vn 0.1859264 0.6947774 -0.6947774
vn 0.0469515 0.6944915 -0.7179673
vn 0.0469515 0.6944915 -0.7179673
vn 0.0469515 0.6944915 -0.7179673
vn 0.0254358 0.9215580 -0.3874066
vn 0.0469515 0.6944915 -0.7179673
vn 0.0469515 0.6944915 -0.7179673
vn -0.0469515 0.6944915 -0.7179673
vn -0.0469515 0.6944915 -0.7179673
vn -0.0469515 0.6944915 -0.7179673
vn -0.0254358 0.9215580 -0.3874066
vn -0.0469515 0.6944915 -0.7179673
vn -0.0469515 0.6944915 -0.7179673
vn -0.0410737 0.7804006 -0.6239293
vn 0.0410737 0.7804006 -0.6239293
vn -0.0410737 0.7804006 -0.6239293
vn 0.0410737 0.7804006 -0.6239293
vn -0.0567801 0.5012310 -0.8634486
vn 0.1547254 0.7971295 -0.5836476
vn 0.0567801 0.5012310 -0.8634486
vn -0.0587204 -0.4012564 -0.9140816
vn 0.1547254 0.7971295 -0.5836476
vn 0.2915427 0.8100582 -0.5087323
vn 0.2289431 0.4578862 -0.8590258
vn 0.0587204 -0.4012564 -0.9140816
vn 0.0352113 -0.8294216 -0.5575122
vn -0.0352113 -0.8294216 -0.5575122
vn 0.2915427 0.8100582 -0.5087323
vn 0.4108527 0.8138797 -0.4108527
vn 0.4542937 0.4170886 -0.7871813
vn 0.2210483 -0.4968696 -0.8392010
vn 0.1212836 -0.8724594 -0.4733972
vn 0.4108527 0.8138797 -0.4108527
vn 0.5087323 0.8100582 -0.2915427
vn 0.6472082 0.4027942 -0.6472082
vn 0.4092080 -0.5697586 -0.7126878
vn 0.2153351 -0.9004923 -0.3778153
vn 0.5087323 0.8100582 -0.2915427
vn 0.5836476 0.7971295 -0.1547254
vn 0.7871813 0.4170886 -0.4542937
vn 0.5694171 -0.5928983 -0.5694171
vn 0.2956253 -0.9084115 -0.2956253
vn 0.5836476 0.7971295 -0.1547254
vn 0.6239293 0.7804006 -0.0410737
vn 0.8590258 0.4578862 -0.2289431
vn 0.7126878 -0.5697586 -0.4092080
vn 0.3778153 -0.9004923 -0.2153351
vn 0.6239293 0.7804006 -0.0410737
vn 0.6239293 0.7804006 0.0410737
vn 0.6239293 0.7804006 0.0410737
vn 0.8634486 0.5012310 -0.0567801
vn 0.8392010 -0.4968696 -0.2210483
vn 0.4733972 -0.8724594 -0.1212836
vn 0.8634486 0.5012310 0.0567801
vn 0.5836476 0.7971295 0.1547254
vn 0.5836476 0.7971295 0.1547254
vn 0.9140816 -0.4012564 0.0587204
vn 0.9140816 -0.4012564 -0.0587204
vn 0.5575122 -0.8294216 -0.0352113
vn 0.8590258 0.4578862 0.2289431
vn 0.5087323 0.8100582 0.2915427
vn 0.5087323 0.8100582 0.2915427
vn 0.8392010 -0.4968696 0.2210483
vn 0.5575122 -0.8294216 0.0352113
vn 0.7871813 0.4170886 0.4542937
vn 0.4108527 0.8138797 0.4108527
vn 0.4108527 0.8138797 0.4108527
vn 0.7126878 -0.5697586 0.4092080
vn 0.4733972 -0.8724594 0.1212836
vn 0.6472082 0.4027942 0.6472082
vn 0.2915427 0.8100582 0.5087323
vn 0.2915427 0.8100582 0.5087323
vn 0.5694171 -0.5928983 0.5694171
vn 0.3778153 -0.9004923 0.2153351
vn 0.4542937 0.4170886 0.7871813
vn 0.1547254 0.7971295 0.5836476
vn 0.1547254 0.7971295 0.5836476
vn 0.4092080 -0.5697586 0.7126878
vn 0.2956253 -0.9084115 0.2956253
vn 0.2289431 0.4578862 0.8590258
vn 0.0410737 0.7804006 0.6239293
vn 0.0410737 0.7804006 0.6239293
vn 0.2210483 -0.4968696 0.8392010
vn 0.2153351 -0.9004923 0.3778153
vn 0.0567801 0.5012310 0.8634486
vn -0.0410737 0.7804006 0.6239293
vn -0.0410737 0.7804006 0.6239293
vn -0.0567801 0.5012310 0.8634486
vn 0.0587204 -0.4012564 0.9140816
vn 0.1212836 -0.8724594 0.4733972
vn -0.0587204 -0.4012564 0.9140816
vn -0.1547254 0.7971295 0.5836476
vn -0.1547254 0.7971295 0.5836476
vn -0.2289431 0.4578862 0.8590258
vn -0.0352113 -0.8294216 0.5575122
vn 0.0352113 -0.8294216 0.5575122
vn -0.2210483 -0.4968696 0.8392010
vn -0.2915427 0.8100582 0.5087323
vn -0.2915427 0.8100582 0.5087323
vn -0.4542937 0.4170886 0.7871813
vn -0.1212836 -0.8724594 0.4733972
vn -0.4092080 -0.5697586 0.7126878
vn -0.4108527 0.8138797 0.4108527
vn -0.4108527 0.8138797 0.4108527
vn -0.6472082 0.4027942 0.6472082
vn -0.2153351 -0.9004923 0.3778153
vn -0.5694171 -0.5928983 0.5694171
vn -0.5087323 0.8100582 0.2915427
vn -0.5087323 0.8100582 0.2915427
vn -0.7871813 0.4170886 0.4542937
vn -0.2956253 -0.9084115 0.2956253
vn -0.7126878 -0.5697586 0.4092080
vn -0.5836476 0.7971295 0.1547254
vn -0.5836476 0.7971295 0.1547254
vn -0.8590258 0.4578862 0.2289431
vn -0.3778153 -0.9004923 0.2153351
vn -0.8392010 -0.4968696 0.2210483
vn -0.6239293 0.7804006 0.0410737
vn -0.6239293 0.7804006 0.0410737
vn -0.8634486 0.5012310 0.0567801
vn -0.4733972 -0.8724594 0.1212836
vn -0.9140816 -0.4012564 0.0587204
vn -0.6239293 0.7804006 -0.0410737
vn -0.6239293 0.7804006 -0.0410737
vn -0.8634486 0.5012310 -0.0567801
vn -0.5575122 -0.8294216 0.0352113
vn -0.9140816 -0.4012564 -0.0587204
vn -0.5575122 -0.8294216 -0.0352113
vn -0.5836476 0.7971295 -0.1547254
vn -0.5836476 0.7971295 -0.1547254
vn -0.8590258 0.4578862 -0.2289431
vn -0.8392010 -0.4968696 -0.2210483
vn -0.4733972 -0.8724594 -0.1212836
vn -0.5087323 0.8100582 -0.2915427
vn -0.5087323 0.8100582 -0.2915427
vn -0.7871813 0.4170886 -0.4542937
vn -0.7126878 -0.5697586 -0.4092080
vn -0.3778153 -0.9004923 -0.2153351
vn -0.4108527 0.8138797 -0.4108527
vn -0.4108527 0.8138797 -0.4108527
vn -0.6472082 0.4027942 -0.6472082
vn -0.5694171 -0.5928983 -0.5694171
vn -0.2956253 -0.9084115 -0.2956253
vn -0.2915427 0.8100582 -0.5087323
vn -0.2915427 0.8100582 -0.5087323
vn -0.4542937 0.4170886 -0.7871813
vn -0.4092080 -0.5697586 -0.7126878
vn -0.2153351 -0.9004923 -0.3778153
vn -0.1547254 0.7971295 -0.5836476
vn -0.1547254 0.7971295 -0.5836476
vn -0.2289431 0.4578862 -0.8590258
vn -0.2210483 -0.4968696 -0.8392010
vn -0.1212836 -0.8724594 -0.4733972
vn -0.0410737 0.7804006 -0.6239293
vn -0.0410737 0.7804006 -0.6239293
vn -0.0567801 0.5012310 -0.8634486
vn -0.0587204 -0.4012564 -0.9140816
vn -0.0352113 -0.8294216 -0.5575122
vn -0.0410737 0.7804006 -0.6239293
vn 0.0410737 0.7804006 -0.6239293
vn -0.0410737 0.7804006 -0.6239293
vn 0.0410737 0.7804006 -0.6239293
vn -0.0567801 0.5012310 -0.8634486
vn 0.1547254 0.7971295 -0.5836476
vn 0.0567801 0.5012310 -0.8634486
vn -0.0587204 -0.4012564 -0.9140816
vn 0.1547254 0.7971295 -0.5836476
vn 0.2915427 0.8100582 -0.5087323
vn 0.2289431 0.4578862 -0.8590258
vn 0.0587204 -0.4012564 -0.9140816
vn 0.0352113 -0.8294216 -0.5575122
vn -0.0352113 -0.8294216 -0.5575122
vn 0.2915427 0.8100582 -0.5087323
vn 0.4108527 0.8138797 -0.4108527
vn 0.4542937 0.4170886 -0.7871813
vn 0.2210483 -0.4968696 -0.8392010
vn 0.1212836 -0.8724594 -0.4733972
vn 0.4108527 0.8138797 -0.4108527
vn 0.5087323 0.8100582 -0.2915427
vn 0.6472082 0.4027942 -0.6472082
vn 0.4092080 -0.5697586 -0.7126878
vn 0.2153351 -0.9004923 -0.3778153
vn 0.5087323 0.8100582 -0.2915427
vn 0.5836476 0.7971295 -0.1547254
vn 0.7871813 0.4170886 -0.4542937
vn 0.5694171 -0.5928983 -0.5694171
vn 0.2956253 -0.9084115 -0.2956253
vn 0.5836476 0.7971295 -0.1547254
vn 0.6239293 0.7804006 -0.0410737
vn 0.8590258 0.4578862 -0.2289431
vn 0.7126878 -0.5697586 -0.4092080
vn 0.3778153 -0.9004923 -0.2153351
vn 0.6239293 0.7804006 -0.0410737
vn 0.6239293 0.7804006 0.0410737
vn 0.6239293 0.7804006 0.0410737
vn 0.8634486 0.5012310 -0.0567801
vn 0.8392010 -0.4968696 -0.2210483
vn 0.4733972 -0.8724594 -0.1212836
vn 0.8634486 0.5012310 0.0567801
vn 0.5836476 0.7971295 0.1547254
vn 0.5836476 0.7971295 0.1547254
vn 0.9140816 -0.4012564 0.0587204
vn 0.9140816 -0.4012564 -0.0587204
vn 0.5575122 -0.8294216 -0.0352113
vn 0.8590258 0.4578862 0.2289431
vn 0.5087323 0.8100582 0.2915427
vn 0.5087323 0.8100582 0.2915427
vn 0.8392010 -0.4968696 0.2210483
vn 0.5575122 -0.8294216 0.0352113
vn 0.7871813 0.4170886 0.4542937
vn 0.4108527 0.8138797 0.4108527
vn 0.4108527 0.8138797 0.4108527
vn 0.7126878 -0.5697586 0.4092080
vn 0.4733972 -0.8724594 0.1212836
vn 0.6472082 0.4027942 0.6472082
vn 0.2915427 0.8100582 0.5087323
vn 0.2915427 0.8100582 0.5087323
vn 0.5694171 -0.5928983 0.5694171
vn 0.3778153 -0.9004923 0.2153351
vn 0.4542937 0.4170886 0.7871813
vn 0.1547254 0.7971295 0.5836476
vn 0.1547254 0.7971295 0.5836476
vn 0.4092080 -0.5697586 0.7126878
vn 0.2956253 -0.9084115 0.2956253
vn 0.2289431 0.4578862 0.8590258
vn 0.0410737 0.7804006 0.6239293
vn 0.0410737 0.7804006 0.6239293
vn 0.2210483 -0.4968696 0.8392010
vn 0.2153351 -0.9004923 0.3778153
vn 0.0567801 0.5012310 0.8634486
vn -0.0410737 0.7804006 0.6239293
vn -0.0410737 0.7804006 0.6239293
vn -0.0567801 0.5012310 0.8634486
vn 0.0587204 -0.4012564 0.9140816
vn 0.1212836 -0.8724594 0.4733972
vn -0.0587204 -0.4012564 0.9140816
vn -0.1547254 0.7971295 0.5836476
vn -0.1547254 0.7971295 0.5836476
vn -0.2289431 0.4578862 0.8590258
vn -0.0352113 -0.8294216 0.5575122
vn 0.0352113 -0.8294216 0.5575122
vn -0.2210483 -0.4968696 0.8392010
vn -0.2915427 0.8100582 0.5087323
vn -0.2915427 0.8100582 0.5087323
vn -0.4542937 0.4170886 0.7871813
vn -0.1212836 -0.8724594 0.4733972
vn -0.4092080 -0.5697586 0.7126878
vn -0.4108527 0.8138797 0.4108527
vn -0.4108527 0.8138797 0.4108527
vn -0.6472082 0.4027942 0.6472082
vn -0.2153351 -0.9004923 0.3778153
vn -0.5694171 -0.5928983 0.5694171
vn -0.5087323 0.8100582 0.2915427
vn -0.5087323 0.8100582 0.2915427
vn -0.7871813 0.4170886 0.4542937
vn -0.2956253 -0.9084115 0.2956253
vn -0.7126878 -0.5697586 0.4092080
vn -0.5836476 0.7971295 0.1547254
vn -0.5836476 0.7971295 0.1547254
vn -0.8590258 0.4578862 0.2289431
vn -0.3778153 -0.9004923 0.2153351
vn -0.8392010 -0.4968696 0.2210483
vn -0.6239293 0.7804006 0.0410737
vn -0.6239293 0.7804006 0.0410737
vn -0.8634486 0.5012310 0.0567801
vn -0.4733972 -0.8724594 0.1212836
vn -0.9140816 -0.4012564 0.0587204
vn -0.6239293 0.7804006 -0.0410737
vn -0.6239293 0.7804006 -0.0410737
vn -0.8634486 0.5012310 -0.0567801
vn -0.5575122 -0.8294216 0.0352113
vn -0.9140816 -0.4012564 -0.0587204
vn -0.5575122 -0.8294216 -0.0352113
vn -0.5836476 0.7971295 -0.1547254
vn -0.5836476 0.7971295 -0.1547254
vn -0.8590258 0.4578862 -0.2289431
vn -0.8392010 -0.4968696 -0.2210483
vn -0.4733972 -0.8724594 -0.1212836
vn -0.5087323 0.8100582 -0.2915427
vn -0.5087323 0.8100582 -0.2915427
vn -0.7871813 0.4170886 -0.4542937
vn -0.7126878 -0.5697586 -0.4092080
vn -0.3778153 -0.9004923 -0.2153351
vn -0.4108527 0.8138797 -0.4108527
vn -0.4108527 0.8138797 -0.4108527
vn -0.6472082 0.4027942 -0.6472082
vn -0.5694171 -0.5928983 -0.5694171
vn -0.2956253 -0.9084115 -0.2956253
vn -0.2915427 0.8100582 -0.5087323
vn -0.2915427 0.8100582 -0.5087323
vn -0.4542937 0.4170886 -0.7871813
vn -0.4092080 -0.5697586 -0.7126878
vn -0.2153351 -0.9004923 -0.3778153
vn -0.1547254 0.7971295 -0.5836476
vn -0.1547254 0.7971295 -0.5836476
vn -0.2289431 0.4578862 -0.8590258
vn -0.2210483 -0.4968696 -0.8392010
vn -0.1212836 -0.8724594 -0.4733972
vn -0.0410737 0.7804006 -0.6239293
vn -0.0410737 0.7804006 -0.6239293
vn -0.0567801 0.5012310 -0.8634486
vn -0.0587204 -0.4012564 -0.9140816
vn -0.0352113 -0.8294216 -0.5575122
vn -0.0410737 0.7804006 -0.6239293
vn 0.0410737 0.7804006 -0.6239293
vn -0.0410737 0.7804006 -0.6239293
vn 0.0410737 0.7804006 -0.6239293
vn -0.0567801 0.5012310 -0.8634486
vn 0.1547254 0.7971295 -0.5836476
vn 0.0567801 0.5012310 -0.8634486
vn -0.0587204 -0.4012564 -0.9140816
vn 0.1547254 0.7971295 -0.5836476
vn 0.2915427 0.8100582 -0.5087323
vn 0.2289431 0.4578862 -0.8590258
vn 0.0587204 -0.4012564 -0.9140816
vn 0.0352113 -0.8294216 -0.5575122
vn -0.0352113 -0.8294216 -0.5575122
vn 0.2915427 0.8100582 -0.5087323
vn 0.4108527 0.8138797 -0.4108527
vn 0.4542937 0.4170886 -0.7871813
vn 0.2210483 -0.4968696 -0.8392010
vn 0.1212836 -0.8724594 -0.4733972
vn 0.4108527 0.8138797 -0.4108527
vn 0.5087323 0.8100582 -0.2915427
vn 0.6472082 0.4027942 -0.6472082
vn 0.4092080 -0.5697586 -0.7126878
vn 0.2153351 -0.9004923 -0.3778153
vn 0.5087323 0.8100582 -0.2915427
vn 0.5836476 0.7971295 -0.1547254
vn 0.7871813 0.4170886 -0.4542937
vn 0.5694171 -0.5928983 -0.5694171
vn 0.2956253 -0.9084115 -0.2956253
vn 0.5836476 0.7971295 -0.1547254
vn 0.6239293 0.7804006 -0.0410737
vn 0.8590258 0.4578862 -0.2289431
vn 0.7126878 -0.5697586 -0.4092080
vn 0.3778153 -0.9004923 -0.2153351
vn 0.6239293 0.7804006 -0.0410737
vn 0.6239293 0.7804006 0.0410737
vn 0.6239293 0.7804006 0.0410737
vn 0.8634486 0.5012310 -0.0567801
vn 0.8392010 -0.4968696 -0.2210483
vn 0.4733972 -0.8724594 -0.1212836
vn 0.8634486 0.5012310 0.0567801
vn 0.5836476 0.7971295 0.1547254
vn 0.5836476 0.7971295 0.1547254
vn 0.9140816 -0.4012564 0.0587204
vn 0.9140816 -0.4012564 -0.0587204
vn 0.5575122 -0.8294216 -0.0352113
vn 0.8590258 0.4578862 0.2289431
vn 0.5087323 0.8100582 0.2915427
vn 0.5087323 0.8100582 0.2915427
vn 0.8392010 -0.4968696 0.2210483
vn 0.5575122 -0.8294216 0.0352113
vn 0.7871813 0.4170886 0.4542937
vn 0.4108527 0.8138797 0.4108527
vn 0.4108527 0.8138797 0.4108527
vn 0.7126878 -0.5697586 0.4092080
vn 0.4733972 -0.8724594 0.1212836
vn 0.6472082 0.4027942 0.6472082
vn 0.2915427 0.8100582 0.5087323
vn 0.2915427 0.8100582 0.5087323
vn 0.5694171 -0.5928983 0.5694171
vn 0.3778153 -0.9004923 0.2153351
vn 0.4542937 0.4170886 0.7871813
vn 0.1547254 0.7971295 0.5836476
vn 0.1547254 0.7971295 0.5836476
vn 0.4092080 -0.5697586 0.7126878
vn 0.2956253 -0.9084115 0.2956253
vn 0.2289431 0.4578862 0.8590258
vn 0.0410737 0.7804006 0.6239293
vn 0.0410737 0.7804006 0.6239293
vn 0.2210483 -0.4968696 0.8392010
vn 0.2153351 -0.9004923 0.3778153
vn 0.0567801 0.5012310 0.8634486
vn -0.0410737 0.7804006 0.6239293
vn -0.0410737 0.7804006 0.6239293
vn -0.0567801 0.5012310 0.8634486
vn 0.0587204 -0.4012564 0.9140816
vn 0.1212836 -0.8724594 0.4733972
vn -0.0587204 -0.4012564 0.9140816
vn -0.1547254 0.7971295 0.5836476
vn -0.1547254 0.7971295 0.5836476
vn -0.2289431 0.4578862 0.8590258
vn -0.0352113 -0.8294216 0.5575122
vn 0.0352113 -0.8294216 0.5575122
vn -0.2210483 -0.4968696 0.8392010
vn -0.2915427 0.8100582 0.5087323
vn -0.2915427 0.8100582 0.5087323
vn -0.4542937 0.4170886 0.7871813
vn -0.1212836 -0.8724594 0.4733972
vn -0.4092080 -0.5697586 0.7126878
vn -0.4108527 0.8138797 0.4108527
vn -0.4108527 0.8138797 0.4108527
vn -0.6472082 0.4027942 0.6472082
vn -0.2153351 -0.9004923 0.3778153
vn -0.5694171 -0.5928983 0.5694171
vn -0.5087323 0.8100582 0.2915427
vn -0.5087323 0.8100582 0.2915427
vn -0.7871813 0.4170886 0.4542937
vn -0.2956253 -0.9084115 0.2956253
vn -0.7126878 -0.5697586 0.4092080
vn -0.5836476 0.7971295 0.1547254
vn -0.5836476 0.7971295 0.1547254
vn -0.8590258 0.4578862 0.2289431
vn -0.3778153 -0.9004923 0.2153351
vn -0.8392010 -0.4968696 0.2210483
vn -0.6239293 0.7804006 0.0410737
vn -0.6239293 0.7804006 0.0410737
vn -0.8634486 0.5012310 0.0567801
vn -0.4733972 -0.8724594 0.1212836
vn -0.9140816 -0.4012564 0.0587204
vn -0.6239293 0.7804006 -0.0410737
vn -0.6239293 0.7804006 -0.0410737
vn -0.8634486 0.5012310 -0.0567801
vn -0.5575122 -0.8294216 0.0352113
vn -0.9140816 -0.4012564 -0.0587204
vn -0.5575122 -0.8294216 -0.0352113
vn -0.5836476 0.7971295 -0.1547254
vn -0.5836476 0.7971295 -0.1547254
vn -0.8590258 0.4578862 -0.2289431
vn -0.8392010 -0.4968696 -0.2210483
vn -0.4733972 -0.8724594 -0.1212836
vn -0.5087323 0.8100582 -0.2915427
vn -0.5087323 0.8100582 -0.2915427
vn -0.7871813 0.4170886 -0.4542937
vn -0.7126878 -0.5697586 -0.4092080
vn -0.3778153 -0.9004923 -0.2153351
vn -0.4108527 0.8138797 -0.4108527
vn -0.4108527 0.8138797 -0.4108527
vn -0.6472082 0.4027942 -0.6472082
vn -0.5694171 -0.5928983 -0.5694171
vn -0.2956253 -0.9084115 -0.2956253
vn -0.2915427 0.8100582 -0.5087323
vn -0.2915427 0.8100582 -0.5087323
vn -0.4542937 0.4170886 -0.7871813
vn -0.4092080 -0.5697586 -0.7126878
vn -0.2153351 -0.9004923 -0.3778153
vn -0.1547254 0.7971295 -0.5836476
vn -0.1547254 0.7971295 -0.5836476
vn -0.2289431 0.4578862 -0.8590258
vn -0.2210483 -0.4968696 -0.8392010
vn -0.1212836 -0.8724594 -0.4733972
vn -0.0410737 0.7804006 -0.6239293
vn -0.0410737 0.7804006 -0.6239293
vn -0.0567801 0.5012310 -0.8634486
vn -0.0587204 -0.4012564 -0.9140816
vn -0.0352113 -0.8294216 -0.5575122
vn -0.0410737 0.7804006 -0.6239293
vn 0.0410737 0.7804006 -0.6239293
vn -0.0410737 0.7804006 -0.6239293
vn 0.0410737 0.7804006 -0.6239293
vn -0.0567801 0.5012310 -0.8634486
vn 0.1547254 0.7971295 -0.5836476
vn 0.0567801 0.5012310 -0.8634486
vn -0.0587204 -0.4012564 -0.9140816
vn 0.1547254 0.7971295 -0.5836476
vn 0.2915427 0.8100582 -0.5087323
vn 0.2289431 0.4578862 -0.8590258
vn 0.0587204 -0.4012564 -0.9140816
vn 0.0352113 -0.8294216 -0.5575122
vn -0.0352113 -0.8294216 -0.5575122
vn 0.2915427 0.8100582 -0.5087323
vn 0.4108527 0.8138797 -0.4108527
vn 0.4542937 0.4170886 -0.7871813
vn 0.2210483 -0.4968696 -0.8392010
vn 0.1212836 -0.8724594 -0.4733972
vn 0.4108527 0.8138797 -0.4108527
vn 0.5087323 0.8100582 -0.2915427
vn 0.6472082 0.4027942 -0.6472082
vn 0.4092080 -0.5697586 -0.7126878
vn 0.2153351 -0.9004923 -0.3778153
vn 0.5087323 0.8100582 -0.2915427
vn 0.5836476 0.7971295 -0.1547254
vn 0.7871813 0.4170886 -0.4542937
vn 0.5694171 -0.5928983 -0.5694171
vn 0.2956253 -0.9084115 -0.2956253
vn 0.5836476 0.7971295 -0.1547254
vn 0.6239293 0.7804006 -0.0410737
vn 0.8590258 0.4578862 -0.2289431
vn 0.7126878 -0.5697586 -0.4092080
vn 0.3778153 -0.9004923 -0.2153351
vn 0.6239293 0.7804006 -0.0410737
vn 0.6239293 0.7804006 0.0410737
vn 0.6239293 0.7804006 0.0410737
vn 0.8634486 0.5012310 -0.0567801
vn 0.8392010 -0.4968696 -0.2210483
vn 0.4733972 -0.8724594 -0.1212836
vn 0.8634486 0.5012310 0.0567801
vn 0.5836476 0.7971295 0.1547254
vn 0.5836476 0.7971295 0.1547254
vn 0.9140816 -0.4012564 0.0587204
vn 0.9140816 -0.4012564 -0.0587204
vn 0.5575122 -0.8294216 -0.0352113
vn 0.8590258 0.4578862 0.2289431
vn 0.5087323 0.8100582 0.2915427
vn 0.5087323 0.8100582 0.2915427
vn 0.8392010 -0.4968696 0.2210483
vn 0.5575122 -0.8294216 0.0352113
vn 0.7871813 0.4170886 0.4542937
vn 0.4108527 0.8138797 0.4108527
vn 0.4108527 0.8138797 0.4108527
vn 0.7126878 -0.5697586 0.4092080
vn 0.4733972 -0.8724594 0.1212836
vn 0.6472082 0.4027942 0.6472082
vn 0.2915427 0.8100582 0.5087323
vn 0.2915427 0.8100582 0.5087323
vn 0.5694171 -0.5928983 0.5694171
vn 0.3778153 -0.9004923 0.2153351
vn 0.4542937 0.4170886 0.7871813
vn 0.1547254 0.7971295 0.5836476
vn 0.1547254 0.7971295 0.5836476
vn 0.4092080 -0.5697586 0.7126878
vn 0.2956253 -0.9084115 0.2956253
vn 0.2289431 0.4578862 0.8590258
vn 0.0410737 0.7804006 0.6239293
vn 0.0410737 0.7804006 0.6239293
vn 0.2210483 -0.4968696 0.8392010
vn 0.2153351 -0.9004923 0.3778153
vn 0.0567801 0.5012310 0.8634486
vn -0.0410737 0.7804006 0.6239293
vn -0.0410737 0.7804006 0.6239293
vn -0.0567801 0.5012310 0.8634486
vn 0.0587204 -0.4012564 0.9140816
vn 0.1212836 -0.8724594 0.4733972
vn -0.0587204 -0.4012564 0.9140816
vn -0.1547254 0.7971295 0.5836476
vn -0.1547254 0.7971295 0.5836476
vn -0.2289431 0.4578862 0.8590258
vn -0.0352113 -0.8294216 0.5575122
vn 0.0352113 -0.8294216 0.5575122
vn -0.2210483 -0.4968696 0.8392010
vn -0.2915427 0.8100582 0.5087323
vn -0.2915427 0.8100582 0.5087323
vn -0.4542937 0.4170886 0.7871813
vn -0.1212836 -0.8724594 0.4733972
vn -0.4092080 -0.5697586 0.7126878
vn -0.4108527 0.8138797 0.4108527
vn -0.4108527 0.8138797 0.4108527
vn -0.6472082 0.4027942 0.6472082
vn -0.2153351 -0.9004923 0.3778153
vn -0.5694171 -0.5928983 0.5694171
vn -0.5087323 0.8100582 0.2915427
vn -0.5087323 0.8100582 0.2915427
vn -0.7871813 0.4170886 0.4542937
vn -0.2956253 -0.9084115 0.2956253
vn -0.7126878 -0.5697586 0.4092080
vn -0.5836476 0.7971295 0.1547254
vn -0.5836476 0.7971295 0.1547254
vn -0.8590258 0.4578862 0.2289431
vn -0.3778153 -0.9004923 0.2153351
vn -0.8392010 -0.4968696 0.2210483
vn -0.6239293 0.7804006 0.0410737
vn -0.6239293 0.7804006 0.0410737
vn -0.8634486 0.5012310 0.0567801
vn -0.4733972 -0.8724594 0.1212836
vn -0.9140816 -0.4012564 0.0587204
vn -0.6239293 0.7804006 -0.0410737
vn -0.6239293 0.7804006 -0.0410737
vn -0.8634486 0.5012310 -0.0567801
vn -0.5575122 -0.8294216 0.0352113
vn -0.9140816 -0.4012564 -0.0587204
vn -0.5575122 -0.8294216 -0.0352113
vn -0.5836476 0.7971295 -0.1547254
vn -0.5836476 0.7971295 -0.1547254
vn -0.8590258 0.4578862 -0.2289431
vn -0.8392010 -0.4968696 -0.2210483
vn -0.4733972 -0.8724594 -0.1212836
vn -0.5087323 0.8100582 -0.2915427
vn -0.5087323 0.8100582 -0.2915427
vn -0.7871813 0.4170886 -0.4542937
vn -0.7126878 -0.5697586 -0.4092080
vn -0.3778153 -0.9004923 -0.2153351
vn -0.4108527 0.8138797 -0.4108527
vn -0.4108527 0.8138797 -0.4108527
vn -0.6472082 0.4027942 -0.6472082
vn -0.5694171 -0.5928983 -0.5694171
vn -0.2956253 -0.9084115 -0.2956253
vn -0.2915427 0.8100582 -0.5087323
vn -0.2915427 0.8100582 -0.5087323
vn -0.4542937 0.4170886 -0.7871813
vn -0.4092080 -0.5697586 -0.7126878
vn -0.2153351 -0.9004923 -0.3778153
vn -0.1547254 0.7971295 -0.5836476
vn -0.1547254 0.7971295 -0.5836476
vn -0.2289431 0.4578862 -0.8590258
vn -0.2210483 -0.4968696 -0.8392010
vn -0.1212836 -0.8724594 -0.4733972
vn -0.0410737 0.7804006 -0.6239293
vn -0.0410737 0.7804006 -0.6239293
vn -0.0567801 0.5012310 -0.8634486
vn -0.0587204 -0.4012564 -0.9140816
vn -0.0352113 -0.8294216 -0.5575122
vn -0.0410737 0.7804006 -0.6239293
vn 0.0410737 0.7804006 -0.6239293
vn -0.0410737 0.7804006 -0.6239293
vn 0.0410737 0.7804006 -0.6239293
vn -0.0567801 0.5012310 -0.8634486
vn 0.1547254 0.7971295 -0.5836476
vn 0.0567801 0.5012310 -0.8634486
vn -0.0587204 -0.4012564 -0.9140816
vn 0.1547254 0.7971295 -0.5836476
vn 0.2915427 0.8100582 -0.5087323
vn 0.2289431 0.4578862 -0.8590258
vn 0.0587204 -0.4012564 -0.9140816
vn 0.0352113 -0.8294216 -0.5575122
vn -0.0352113 -0.8294216 -0.5575122
vn 0.2915427 0.8100582 -0.5087323
vn 0.4108527 0.8138797 -0.4108527
vn 0.4542937 0.4170886 -0.7871813
vn 0.2210483 -0.4968696 -0.8392010
vn 0.1212836 -0.8724594 -0.4733972
vn 0.4108527 0.8138797 -0.4108527
vn 0.5087323 0.8100582 -0.2915427
vn 0.6472082 0.4027942 -0.6472082
vn 0.4092080 -0.5697586 -0.7126878
vn 0.2153351 -0.9004923 -0.3778153
vn 0.5087323 0.8100582 -0.2915427
vn 0.5836476 0.7971295 -0.1547254
vn 0.7871813 0.4170886 -0.4542937
vn 0.5694171 -0.5928983 -0.5694171
vn 0.2956253 -0.9084115 -0.2956253
vn 0.5836476 0.7971295 -0.1547254
vn 0.6239293 0.7804006 -0.0410737
vn 0.8590258 0.4578862 -0.2289431
vn 0.7126878 -0.5697586 -0.4092080
vn 0.3778153 -0.9004923 -0.2153351
vn 0.6239293 0.7804006 -0.0410737
vn 0.6239293 0.7804006 0.0410737
vn 0.6239293 0.7804006 0.0410737
vn 0.8634486 0.5012310 -0.0567801
vn 0.8392010 -0.4968696 -0.2210483
vn 0.4733972 -0.8724594 -0.1212836
vn 0.8634486 0.5012310 0.0567801
vn 0.5836476 0.7971295 0.1547254
vn 0.5836476 0.7971295 0.1547254
vn 0.9140816 -0.4012564 0.0587204
vn 0.9140816 -0.4012564 -0.0587204
vn 0.5575122 -0.8294216 -0.0352113
vn 0.8590258 0.4578862 0.2289431
vn 0.5087323 0.8100582 0.2915427
vn 0.5087323 0.8100582 0.2915427
vn 0.8392010 -0.4968696 0.2210483
vn 0.5575122 -0.8294216 0.0352113
vn 0.7871813 0.4170886 0.4542937
vn 0.4108527 0.8138797 0.4108527
vn 0.4108527 0.8138797 0.4108527
vn 0.7126878 -0.5697586 0.4092080
vn 0.4733972 -0.8724594 0.1212836
vn 0.6472082 0.4027942 0.6472082
vn 0.2915427 0.8100582 0.5087323
vn 0.2915427 0.8100582 0.5087323
vn 0.5694171 -0.5928983 0.5694171
vn 0.3778153 -0.9004923 0.2153351
vn 0.4542937 0.4170886 0.7871813
vn 0.1547254 0.7971295 0.5836476
vn 0.1547254 0.7971295 0.5836476
vn 0.4092080 -0.5697586 0.7126878
vn 0.2956253 -0.9084115 0.2956253
vn 0.2289431 0.4578862 0.8590258
vn 0.0410737 0.7804006 0.6239293
vn 0.0410737 0.7804006 0.6239293
vn 0.2210483 -0.4968696 0.8392010
vn 0.2153351 -0.9004923 0.3778153
vn 0.0567801 0.5012310 0.8634486
vn -0.0410737 0.7804006 0.6239293
vn -0.0410737 0.7804006 0.6239293
vn -0.0567801 0.5012310 0.8634486
vn 0.0587204 -0.4012564 0.9140816
vn 0.1212836 -0.8724594 0.4733972
vn -0.0587204 -0.4012564 0.9140816
vn -0.1547254 0.7971295 0.5836476
vn -0.1547254 0.7971295 0.5836476
vn -0.2289431 0.4578862 0.8590258
vn -0.0352113 -0.8294216 0.5575122
vn 0.0352113 -0.8294216 0.5575122
vn -0.2210483 -0.4968696 0.8392010
vn -0.2915427 0.8100582 0.5087323
vn -0.2915427 0.8100582 0.5087323
vn -0.4542937 0.4170886 0.7871813
vn -0.1212836 -0.8724594 0.4733972
vn -0.4092080 -0.5697586 0.7126878
vn -0.4108527 0.8138797 0.4108527
vn -0.4108527 0.8138797 0.4108527
vn -0.6472082 0.4027942 0.6472082
vn -0.2153351 -0.9004923 0.3778153
vn -0.5694171 -0.5928983 0.5694171
vn -0.5087323 0.8100582 0.2915427
vn -0.5087323 0.8100582 0.2915427
vn -0.7871813 0.4170886 0.4542937
vn -0.2956253 -0.9084115 0.2956253
vn -0.7126878 -0.5697586 0.4092080
vn -0.5836476 0.7971295 0.1547254
vn -0.5836476 0.7971295 0.1547254
vn -0.8590258 0.4578862 0.2289431
vn -0.3778153 -0.9004923 0.2153351
vn -0.8392010 -0.4968696 0.2210483
vn -0.6239293 0.7804006 0.0410737
vn -0.6239293 0.7804006 0.0410737
vn -0.8634486 0.5012310 0.0567801
vn -0.4733972 -0.8724594 0.1212836
vn -0.9140816 -0.4012564 0.0587204
vn -0.6239293 0.7804006 -0.0410737
vn -0.6239293 0.7804006 -0.0410737
vn -0.8634486 0.5012310 -0.0567801
vn -0.5575122 -0.8294216 0.0352113
vn -0.5575122 -0.8294216 -0.0352113
vn -0.9140816 -0.4012564 -0.0587204
vn -0.5836476 0.7971295 -0.1547254
vn -0.5836476 0.7971295 -0.1547254
vn -0.8590258 0.4578862 -0.2289431
vn -0.8392010 -0.4968696 -0.2210483
vn -0.4733972 -0.8724594 -0.1212836
vn -0.5087323 0.8100582 -0.2915427
vn -0.5087323 0.8100582 -0.2915427
vn -0.7871813 0.4170886 -0.4542937
vn -0.7126878 -0.5697586 -0.4092080
vn -0.3778153 -0.9004923 -0.2153351
vn -0.4108527 0.8138797 -0.4108527
vn -0.4108527 0.8138797 -0.4108527
vn -0.6472082 0.4027942 -0.6472082
vn -0.5694171 -0.5928983 -0.5694171
vn -0.2956253 -0.9084115 -0.2956253
vn -0.2915427 0.8100582 -0.5087323
vn -0.2915427 0.8100582 -0.5087323
vn -0.4542937 0.4170886 -0.7871813
vn -0.4092080 -0.5697586 -0.7126878
vn -0.2153351 -0.9004923 -0.3778153
vn -0.1547254 0.7971295 -0.5836476
vn -0.1547254 0.7971295 -0.5836476
vn -0.2289431 0.4578862 -0.8590258
vn -0.2210483 -0.4968696 -0.8392010
vn -0.1212836 -0.8724594 -0.4733972
vn -0.0410737 0.7804006 -0.6239293
vn -0.0410737 0.7804006 -0.6239293
vn -0.0567801 0.5012310 -0.8634486
vn -0.0587204 -0.4012564 -0.9140816
vn -0.0352113 -0.8294216 -0.5575122
vn -0.0469515 0.6944915 -0.7179673
vn -0.0469515 0.6944915 -0.7179673
vn -0.1859264 0.6947774 -0.6947774
vn -0.1859264 0.6947774 -0.6947774
vn -0.3601583 0.6948706 -0.6224475
vn -0.0469515 0.6944915 -0.7179673
vn -0.3601583 0.6948706 -0.6224475
vn -0.1859264 0.6947774 -0.6947774
vn -0.1859264 0.6947774 -0.6947774
vn -0.0469515 0.6944915 -0.7179673
vn -0.5087050 0.6945779 -0.5087050
vn -0.3601583 0.6948706 -0.6224475
vn -0.1859264 0.6947774 -0.6947774
vn -0.0469515 0.6944915 -0.7179673
vn -0.3601583 0.6948706 -0.6224475
vn -0.5087050 0.6945779 -0.5087050
vn -0.0254358 0.9215580 -0.3874066
vn -0.3601583 0.6948706 -0.6224475
vn -0.0998422 0.9220718 -0.3739187
vn -0.5087050 0.6945779 -0.5087050
vn -0.5087050 0.6945779 -0.5087050
vn -0.1938262 0.9221424 -0.3347906
vn -0.6224475 0.6948706 -0.3601583
vn -0.5087050 0.6945779 -0.5087050
vn -0.6224475 0.6948706 -0.3601583
vn -0.2740146 0.9218633 -0.2740146
vn -0.6224475 0.6948706 -0.3601583
vn -0.6224475 0.6948706 -0.3601583
vn -0.6224475 0.6948706 -0.3601583
vn -0.3347906 0.9221424 -0.1938262
vn -0.6947774 0.6947774 -0.1859264
vn -0.6947774 0.6947774 -0.1859264
vn -0.6947774 0.6947774 -0.1859264
vn -0.6947774 0.6947774 -0.1859264
vn -0.6947774 0.6947774 -0.1859264
vn -0.3739187 0.9220718 -0.0998422
vn -0.3739187 0.9220718 0.0998422
vn -0.6947774 0.6947774 0.1859264
vn -0.6947774 0.6947774 0.1859264
vn -0.6947774 0.6947774 0.1859264
vn -0.6947774 0.6947774 0.1859264
vn -0.6947774 0.6947774 0.1859264
vn -0.6224475 0.6948706 0.3601583
vn -0.3347906 0.9221424 0.1938262
vn -0.6224475 0.6948706 0.3601583
vn -0.6224475 0.6948706 0.3601583
vn -0.6224475 0.6948706 0.3601583
vn -0.6224475 0.6948706 0.3601583
vn -0.5087050 0.6945779 0.5087050
vn -0.2740146 0.9218633 0.2740146
vn -0.5087050 0.6945779 0.5087050
vn -0.5087050 0.6945779 0.5087050
vn -0.5087050 0.6945779 0.5087050
vn -0.1938262 0.9221424 0.3347906
vn -0.3601583 0.6948706 0.6224475
vn -0.5087050 0.6945779 0.5087050
vn -0.3601583 0.6948706 0.6224475
vn -0.0998422 0.9220718 0.3739187
vn -0.1859264 0.6947774 0.6947774
vn -0.3601583 0.6948706 0.6224475
vn -0.3601583 0.6948706 0.6224475
vn -0.1859264 0.6947774 0.6947774
vn -0.3601583 0.6948706 0.6224475
vn -0.1859264 0.6947774 0.6947774
vn -0.1859264 0.6947774 0.6947774
vn -0.1859264 0.6947774 0.6947774
vn 0.1859264 0.6947774 -0.6947774
vn 0.1859264 0.6947774 -0.6947774
vn 0.1859264 0.6947774 -0.6947774
vn 0.0998422 0.9220718 -0.3739187
vn 0.1859264 0.6947774 -0.6947774
vn 0.3601583 0.6948706 -0.6224475
vn 0.3601583 0.6948706 -0.6224475
vn 0.1938262 0.9221424 -0.3347906
vn 0.3601583 0.6948706 -0.6224475
vn 0.1859264 0.6947774 -0.6947774
vn 0.3601583 0.6948706 -0.6224475
vn 0.5087050 0.6945779 -0.5087050
vn 0.5087050 0.6945779 -0.5087050
vn 0.5087050 0.6945779 -0.5087050
vn 0.2740146 0.9218633 -0.2740146
vn 0.3601583 0.6948706 -0.6224475
vn 0.5087050 0.6945779 -0.5087050
vn 0.6224475 0.6948706 -0.3601583
vn 0.6224475 0.6948706 -0.3601583
vn 0.6224475 0.6948706 -0.3601583
vn 0.3347906 0.9221424 -0.1938262
vn 0.5087050 0.6945779 -0.5087050
vn 0.6224475 0.6948706 -0.3601583
vn 0.6947774 0.6947774 -0.1859264
vn 0.6947774 0.6947774 -0.1859264
vn 0.3739187 0.9220718 -0.0998422
vn 0.6947774 0.6947774 -0.1859264
vn 0.6224475 0.6948706 -0.3601583
vn 0.6947774 0.6947774 -0.1859264
vn 0.6947774 0.6947774 -0.1859264
vn 0.3739187 0.9220718 0.0998422
vn 0.6947774 0.6947774 0.1859264
vn 0.6947774 0.6947774 0.1859264
vn 0.6947774 0.6947774 0.1859264
vn 0.6947774 0.6947774 0.1859264
vn 0.6947774 0.6947774 0.1859264
vn 0.3347906 0.9221424 0.1938262
vn 0.6224475 0.6948706 0.3601583
vn 0.6224475 0.6948706 0.3601583
vn 0.6224475 0.6948706 0.3601583
vn 0.6224475 0.6948706 0.3601583
vn 0.6224475 0.6948706 0.3601583
vn 0.2740146 0.9218633 0.2740146
vn 0.5087050 0.6945779 0.5087050
vn 0.5087050 0.6945779 0.5087050
vn 0.5087050 0.6945779 0.5087050
vn 0.1938262 0.9221424 0.3347906
vn 0.5087050 0.6945779 0.5087050
vn 0.3601583 0.6948706 0.6224475
vn 0.3601583 0.6948706 0.6224475
vn 0.5087050 0.6945779 0.5087050
vn 0.0998422 0.9220718 0.3739187
vn 0.3601583 0.6948706 0.6224475
vn 0.1859264 0.6947774 0.6947774
vn 0.1859264 0.6947774 0.6947774
vn 0.3601583 0.6948706 0.6224475
vn 0.1859264 0.6947774 0.6947774
vn 0.3601583 0.6948706 0.6224475
vn 0.1859264 0.6947774 0.6947774
vn 0.1859264 0.6947774 0.6947774
f 1/1/1 2/2/2 3/3/3
f 4/4/4 3/3/3 2/2/2
f 5/5/5 6/6/6 1/1/1
f 5/5/5 1/1/1 3/3/3
f 7/7/7 6/6/6 5/5/5
f 7/7/7 8/8/8 6/6/6
f 9/9/9 8/8/8 7/7/7
f 9/9/9 10/10/10 8/8/8
f 11/11/11 10/10/10 9/9/9
f 11/11/11 12/12/12 10/10/10
f 13/13/13 14/14/14 15/15/15
f 13/13/13 15/15/15 16/16/16
f 16/16/16 15/15/15 17/17/17
f 15/15/15 18/18/18 17/17/17
f 19/19/19 17/17/17 20/20/20
f 18/18/18 20/20/20 17/17/17
f 21/21/21 19/19/19 22/22/22
f 19/19/19 20/20/20 22/22/22
f 21/21/21 22/22/22 23/23/23
f 23/23/23 22/22/22 24/24/24
f 25/25/25 26/26/26 27/27/27
f 25/25/25 27/27/27 28/28/28
f 28/28/28 29/29/29 30/30/30
f 28/28/28 27/27/27 29/29/29
f 30/30/30 31/31/31 32/32/32
f 30/30/30 29/29/29 31/31/31
f 32/32/32 31/31/31 33/33/33
f 34/34/34 33/33/33 31/31/31
f 35/35/35 34/34/34 36/36/36
f 35/35/35 33/33/33 34/34/34
f 37/37/37 38/38/38 39/39/39
f 37/37/37 39/39/39 40/40/40
f 41/41/41 37/37/37 40/40/40
f 42/42/42 37/37/37 41/41/41
f 43/43/43 42/42/42 41/41/41
f 44/44/44 42/42/42 43/43/43
f 45/45/45 44/44/44 43/43/43
f 45/45/45 43/43/43 46/46/46
f 45/45/45 46/46/46 47/47/47
f 45/45/45 47/47/47 48/48/48
f 49/49/49 50/50/50 51/51/51
f 49/49/49 51/51/51 52/52/52
f 52/52/52 53/53/53 54/54/54
f 52/52/52 51/51/51 53/53/53
f 54/54/54 53/53/53 55/55/55
f 54/54/54 55/55/55 56/56/56
f 53/53/53 57/57/57 55/55/55
f 53/53/53 58/58/58 57/57/57
f 53/53/53 51/51/51 58/58/58
f 51/51/51 59/59/59 58/58/58
f 51/51/51 50/50/50 59/59/59
f 55/55/55 57/57/57 60/60/60
f 55/55/55 60/60/60 61/61/61
f 55/55/55 61/61/61 56/56/56
f 57/57/57 62/62/62 60/60/60
f 57/57/57 63/63/63 62/62/62
f 57/57/57 58/58/58 63/63/63
f 58/58/58 64/64/64 63/63/63
f 58/58/58 59/59/59 64/64/64
f 59/59/59 65/65/65 64/64/64
f 59/59/59 66/66/66 65/65/65
f 59/59/59 50/50/50 66/66/66
f 60/60/60 67/67/67 68/68/68
f 60/60/60 62/62/62 67/67/67
f 60/60/60 68/68/68 61/61/61
f 62/62/62 69/69/69 67/67/67
f 62/62/62 70/70/70 69/69/69
f 62/62/62 63/63/63 70/70/70
f 63/63/63 71/71/71 70/70/70
f 63/63/63 64/64/64 71/71/71
f 64/64/64 72/72/72 71/71/71
f 64/64/64 65/65/65 72/72/72
f 66/66/66 50/50/50 73/73/73
f 67/67/67 74/74/74 75/75/75
f 67/67/67 69/69/69 74/74/74
f 67/67/67 75/75/75 68/68/68
f 69/69/69 76/76/76 74/74/74
f 69/69/69 77/77/77 76/76/76
f 69/69/69 70/70/70 77/77/77
f 70/70/70 78/78/78 77/77/77
f 70/70/70 71/71/71 78/78/78
f 71/71/71 79/79/79 78/78/78
f 71/71/71 72/72/72 79/79/79
f 74/74/74 80/80/80 81/81/81
f 74/74/74 76/76/76 80/80/80
f 74/74/74 81/81/81 75/75/75
f 76/76/76 82/82/82 80/80/80
f 76/76/76 83/83/83 82/82/82
f 76/76/76 77/77/77 83/83/83
f 77/77/77 84/84/84 83/83/83
f 77/77/77 78/78/78 84/84/84
f 78/78/78 85/85/85 84/84/84
f 78/78/78 79/79/79 85/85/85
f 80/80/80 82/82/82 86/86/86
f 80/80/80 86/86/86 87/87/87
f 80/80/80 87/87/87 81/81/81
f 82/82/82 88/88/88 86/86/86
f 82/82/82 89/89/89 88/88/88
f 82/82/82 83/83/83 89/89/89
f 83/83/83 90/90/90 89/89/89
f 83/83/83 91/91/91 90/90/90
f 83/83/83 84/84/84 91/91/91
f 84/84/84 92/92/92 91/91/91
f 84/84/84 85/85/85 92/92/92
f 86/86/86 88/88/88 93/93/93
f 86/86/86 93/93/93 94/94/94
f 86/86/86 94/94/94 87/87/87
f 88/88/88 95/95/95 93/93/93
f 88/88/88 96/96/96 95/95/95
f 88/88/88 89/89/89 96/96/96
f 89/89/89 97/97/97 96/96/96
f 89/89/89 90/90/90 97/97/97
f 90/90/90 98/98/98 97/97/97
f 90/90/90 91/91/91 98/98/98
f 91/91/91 92/92/92 98/98/98
f 92/92/92 99/99/99 98/98/98
f 93/93/93 95/95/95 100/100/100
f 95/95/95 101/101/101 100/100/100
f 95/95/95 102/102/102 101/101/101
f 95/95/95 96/96/96 102/102/102
f 96/96/96 103/103/103 102/102/102
f 96/96/96 97/97/97 103/103/103
f 97/97/97 104/104/104 103/103/103
f 97/97/97 98/98/98 104/104/104
f 98/98/98 105/105/105 104/104/104
f 98/98/98 99/99/99 105/105/105
f 100/100/100 101/101/101 106/106/106
f 101/101/101 107/107/107 106/106/106
f 101/101/101 108/108/108 107/107/107
f 101/101/101 102/102/102 108/108/108
f 102/102/102 109/109/109 108/108/108
f 102/102/102 103/103/103 109/109/109
f 103/103/103 104/104/104 110/110/110
f 103/103/103 110/110/110 109/109/109
f 104/104/104 111/111/111 110/110/110
f 104/104/104 105/105/105 111/111/111
f 106/106/106 107/107/107 112/112/112
f 107/107/107 113/113/113 112/112/112
f 107/107/107 114/114/114 113/113/113
f 107/107/107 108/108/108 114/114/114
f 108/108/108 115/115/115 114/114/114
f 108/108/108 109/109/109 115/115/115
f 109/109/109 110/110/110 116/116/116
f 109/109/109 116/116/116 115/115/115
f 110/110/110 117/117/117 116/116/116
f 110/110/110 111/111/111 117/117/117
f 112/112/112 113/113/113 118/118/118
f 113/113/113 119/119/119 118/118/118
f 113/113/113 120/120/120 119/119/119
f 113/113/113 114/114/114 120/120/120
f 114/114/114 121/121/121 120/120/120
f 114/114/114 115/115/115 121/121/121
f 115/115/115 122/122/122 121/121/121
f 115/115/115 116/116/116 122/122/122
f 116/116/116 117/117/117 123/123/123
f 116/116/116 123/123/123 122/122/122
f 118/118/118 119/119/119 124/124/124
f 119/119/119 125/125/125 124/124/124
f 119/119/119 126/126/126 125/125/125
f 119/119/119 120/120/120 126/126/126
f 120/120/120 127/127/127 126/126/126
f 120/120/120 121/121/121 127/127/127
f 121/121/121 128/128/128 127/127/127
f 121/121/121 122/122/122 128/128/128
f 122/122/122 129/129/129 128/128/128
f 122/122/122 123/123/123 129/129/129
f 124/124/124 125/125/125 130/130/130
f 125/125/125 131/131/131 130/130/130
f 125/125/125 132/132/132 131/131/131
f 125/125/125 133/133/133 132/132/132
f 125/125/125 126/126/126 133/133/133
f 126/126/126 134/134/134 133/133/133
f 126/126/126 127/127/127 134/134/134
f 127/127/127 135/135/135 134/134/134
f 127/127/127 128/128/128 135/135/135
f 128/128/128 129/129/129 136/136/136
f 128/128/128 136/136/136 135/135/135
f 131/131/131 137/137/137 138/138/138
f 131/131/131 132/132/132 137/137/137
f 132/132/132 139/139/139 137/137/137
f 132/132/132 133/133/133 139/139/139
f 133/133/133 140/140/140 139/139/139
f 133/133/133 134/134/134 140/140/140
f 134/134/134 141/141/141 140/140/140
f 134/134/134 135/135/135 141/141/141
f 135/135/135 136/136/136 142/142/142
f 135/135/135 142/142/142 141/141/141
f 137/137/137 143/143/143 144/144/144
f 137/137/137 144/144/144 138/138/138
f 137/137/137 139/139/139 143/143/143
f 138/138/138 144/144/144 145/145/145
f 139/139/139 146/146/146 143/143/143
f 139/139/139 140/140/140 146/146/146
f 140/140/140 147/147/147 146/146/146
f 140/140/140 141/141/141 147/147/147
f 141/141/141 148/148/148 147/147/147
f 141/141/141 142/142/142 148/148/148
f 143/143/143 149/149/149 144/144/144
f 143/143/143 150/150/150 149/149/149
f 143/143/143 146/146/146 150/150/150
f 144/144/144 149/149/149 151/151/151
f 144/144/144 151/151/151 145/145/145
f 145/145/145 151/151/151 152/152/152
f 146/146/146 153/153/153 150/150/150
f 146/146/146 147/147/147 153/153/153
f 147/147/147 154/154/154 153/153/153
f 147/147/147 148/148/148 154/154/154
f 149/149/149 155/155/155 151/151/151
f 149/149/149 156/156/156 155/155/155
f 149/149/149 150/150/150 156/156/156
f 150/150/150 157/157/157 156/156/156
f 150/150/150 153/153/153 157/157/157
f 151/151/151 155/155/155 158/158/158
f 151/151/151 158/158/158 152/152/152
f 152/152/152 158/158/158 159/159/159
f 153/153/153 160/160/160 157/157/157
f 153/153/153 154/154/154 160/160/160
f 155/155/155 161/161/161 158/158/158
f 155/155/155 162/162/162 161/161/161
f 155/155/155 156/156/156 162/162/162
f 156/156/156 163/163/163 162/162/162
f 156/156/156 157/157/157 163/163/163
f 157/157/157 164/164/164 163/163/163
f 157/157/157 160/160/160 164/164/164
f 158/158/158 161/161/161 165/165/165
f 158/158/158 165/165/165 159/159/159
f 159/159/159 165/165/165 166/166/166
f 161/161/161 167/167/167 165/165/165
f 161/161/161 168/168/168 167/167/167
f 161/161/161 162/162/162 168/168/168
f 162/162/162 169/169/169 168/168/168
f 162/162/162 163/163/163 169/169/169
f 163/163/163 170/170/170 169/169/169
f 163/163/163 164/164/164 170/170/170
f 165/165/165 167/167/167 171/171/171
f 165/165/165 171/171/171 166/166/166
f 166/166/166 171/171/171 172/172/172
f 167/167/167 173/173/173 174/174/174
f 167/167/167 174/174/174 171/171/171
f 167/167/167 168/168/168 173/173/173
f 168/168/168 175/175/175 173/173/173
f 168/168/168 169/169/169 175/175/175
f 169/169/169 176/176/176 175/175/175
f 169/169/169 170/170/170 176/176/176
f 171/171/171 174/174/174 177/177/177
f 171/171/171 177/177/177 172/172/172
f 172/172/172 177/177/177 178/178/178
f 173/173/173 179/179/179 174/174/174
f 173/173/173 180/180/180 179/179/179
f 173/173/173 175/175/175 180/180/180
f 174/174/174 179/179/179 181/181/181
f 174/174/174 181/181/181 177/177/177
f 175/175/175 176/176/176 180/180/180
f 176/176/176 182/182/182 180/180/180
f 177/177/177 181/181/181 183/183/183
f 177/177/177 183/183/183 178/178/178
f 178/178/178 183/183/183 184/184/184
f 179/179/179 185/185/185 186/186/186
f 179/179/179 180/180/180 185/185/185
f 179/179/179 186/186/186 181/181/181
f 180/180/180 182/182/182 187/187/187
f 180/180/180 187/187/187 185/185/185
f 181/181/181 186/186/186 188/188/188
f 181/181/181 188/188/188 183/183/183
f 183/183/183 188/188/188 189/189/189
f 183/183/183 189/189/189 184/184/184
f 184/184/184 189/189/189 190/190/190
f 185/185/185 187/187/187 191/191/191
f 185/185/185 191/191/191 192/192/192
f 185/185/185 192/192/192 186/186/186
f 186/186/186 192/192/192 193/193/193
f 186/186/186 193/193/193 188/188/188
f 188/188/188 193/193/193 194/194/194
f 188/188/188 194/194/194 189/189/189
f 189/189/189 194/194/194 195/195/195
f 189/189/189 195/195/195 190/190/190
f 190/190/190 195/195/195 196/196/196
f 191/191/191 197/197/197 192/192/192
f 192/192/192 197/197/197 198/198/198
f 192/192/192 198/198/198 193/193/193
f 193/193/193 198/198/198 199/199/199
f 193/193/193 199/199/199 194/194/194
f 194/194/194 199/199/199 200/200/200
f 194/194/194 200/200/200 195/195/195
f 195/195/195 200/200/200 201/201/201
f 195/195/195 201/201/201 196/196/196
f 196/196/196 201/201/201 202/202/202
f 197/197/197 203/203/203 198/198/198
f 198/198/198 203/203/203 204/204/204
f 198/198/198 204/204/204 199/199/199
f 199/199/199 204/204/204 205/205/205
f 199/199/199 205/205/205 200/200/200
f 200/200/200 205/205/205 206/206/206
f 200/200/200 206/206/206 201/201/201
f 201/201/201 206/206/206 207/207/207
f 201/201/201 207/207/207 202/202/202
f 202/202/202 207/207/207 208/208/208
f 203/203/203 209/209/209 204/204/204
f 204/204/204 209/209/209 210/210/210
f 204/204/204 210/210/210 205/205/205
f 205/205/205 210/210/210 211/211/211
f 205/205/205 211/211/211 206/206/206
f 206/206/206 211/211/211 212/212/212
f 206/206/206 212/212/212 207/207/207
f 207/207/207 212/212/212 213/213/213
f 207/207/207 213/213/213 208/208/208
f 208/208/208 213/213/213 214/214/214
f 209/209/209 215/215/215 210/210/210
f 210/210/210 215/215/215 216/216/216
f 210/210/210 216/216/216 211/211/211
f 211/211/211 217/217/217 212/212/212
f 211/211/211 216/216/216 217/217/217
f 212/212/212 217/217/217 218/218/218
f 212/212/212 218/218/218 213/213/213
f 213/213/213 218/218/218 219/219/219
f 213/213/213 219/219/219 214/214/214
f 214/214/214 219/219/219 220/220/220
f 215/215/215 221/221/221 216/216/216
f 215/215/215 222/222/222 221/221/221
f 216/216/216 221/221/221 217/217/217
f 223/223/223 224/224/224 225/225/225
f 225/225/225 226/226/226 227/227/227
f 225/225/225 224/224/224 226/226/226
f 224/224/224 228/228/228 226/226/226
f 227/227/227 226/226/226 229/229/229
f 227/227/227 229/229/229 230/230/230
f 226/226/226 228/228/228 231/231/231
f 226/226/226 231/231/231 229/229/229
f 228/228/228 232/232/232 231/231/231
f 229/229/229 233/233/233 234/234/234
f 229/229/229 231/231/231 233/233/233
f 229/229/229 234/234/234 230/230/230
f 230/230/230 235/235/235 236/236/236
f 230/230/230 234/234/234 235/235/235
f 231/231/231 232/232/232 237/237/237
f 231/231/231 237/237/237 233/233/233
f 232/232/232 238/238/238 237/237/237
f 233/233/233 239/239/239 240/240/240
f 233/233/233 237/237/237 239/239/239
f 233/233/233 240/240/240 234/234/234
f 234/234/234 240/240/240 235/235/235
f 235/235/235 240/240/240 241/241/241
f 237/237/237 238/238/238 242/242/242
f 237/237/237 242/242/242 239/239/239
f 238/238/238 243/243/243 242/242/242
f 239/239/239 244/244/244 245/245/245
f 239/239/239 242/242/242 244/244/244
f 239/239/239 245/245/245 240/240/240
f 240/240/240 245/245/245 241/241/241
f 241/241/241 245/245/245 246/246/246
f 242/242/242 243/243/243 247/247/247
f 242/242/242 247/247/247 244/244/244
f 243/243/243 248/248/248 247/247/247
f 244/244/244 247/247/247 249/249/249
f 244/244/244 249/249/249 250/250/250
f 244/244/244 250/250/250 245/245/245
f 245/245/245 250/250/250 246/246/246
f 246/246/246 250/250/250 251/251/251
f 247/247/247 248/248/248 252/252/252
f 247/247/247 252/252/252 249/249/249
f 248/248/248 253/253/253 252/252/252
f 249/249/249 252/252/252 254/254/254
f 249/249/249 254/254/254 255/255/255
f 249/249/249 255/255/255 250/250/250
f 250/250/250 255/255/255 251/251/251
f 251/251/251 255/255/255 256/256/256
f 252/252/252 253/253/253 257/257/257
f 252/252/252 257/257/257 254/254/254
f 253/253/253 258/258/258 259/259/259
f 253/253/253 259/259/259 257/257/257
f 254/254/254 257/257/257 260/260/260
f 254/254/254 260/260/260 261/261/261
f 254/254/254 261/261/261 255/255/255
f 255/255/255 261/261/261 256/256/256
f 256/256/256 261/261/261 262/262/262
f 257/257/257 259/259/259 263/263/263
f 257/257/257 263/263/263 260/260/260
f 258/258/258 264/264/264 259/259/259
f 259/259/259 264/264/264 265/265/265
f 259/259/259 265/265/265 263/263/263
f 260/260/260 266/266/266 267/267/267
f 260/260/260 263/263/263 266/266/266
f 260/260/260 267/267/267 261/261/261
f 261/261/261 267/267/267 262/262/262
f 262/262/262 267/267/267 268/268/268
f 263/263/263 265/265/265 269/269/269
f 263/263/263 269/269/269 266/266/266
f 264/264/264 270/270/270 265/265/265
f 265/265/265 270/270/270 271/271/271
f 265/265/265 271/271/271 269/269/269
f 266/266/266 272/272/272 273/273/273
f 266/266/266 269/269/269 272/272/272
f 266/266/266 273/273/273 267/267/267
f 267/267/267 273/273/273 268/268/268
f 269/269/269 271/271/271 274/274/274
f 269/269/269 274/274/274 272/272/272
f 270/270/270 275/275/275 271/271/271
f 271/271/271 275/275/275 276/276/276
f 271/271/271 276/276/276 274/274/274
f 272/272/272 277/277/277 278/278/278
f 272/272/272 274/274/274 277/277/277
f 272/272/272 278/278/278 273/273/273
f 274/274/274 276/276/276 279/279/279
f 274/274/274 279/279/279 277/277/277
f 275/275/275 280/280/280 276/276/276
f 276/276/276 280/280/280 281/281/281
f 276/276/276 281/281/281 279/279/279
f 277/277/277 279/279/279 282/282/282
f 277/277/277 282/282/282 283/283/283
f 277/277/277 283/283/283 278/278/278
f 279/279/279 281/281/281 284/284/284
f 279/279/279 284/284/284 282/282/282
f 280/280/280 285/285/285 281/281/281
f 281/281/281 285/285/285 286/286/286
f 281/281/281 286/286/286 284/284/284
f 282/282/282 287/287/287 288/288/288
f 282/282/282 284/284/284 287/287/287
f 282/282/282 288/288/288 283/283/283
f 284/284/284 286/286/286 289/289/289
f 284/284/284 289/289/289 287/287/287
f 285/285/285 290/290/290 286/286/286
f 286/286/286 290/290/290 291/291/291
f 286/286/286 291/291/291 289/289/289
f 287/287/287 292/292/292 293/293/293
f 287/287/287 289/289/289 292/292/292
f 287/287/287 293/293/293 288/288/288
f 289/289/289 291/291/291 294/294/294
f 289/289/289 294/294/294 292/292/292
f 290/290/290 295/295/295 296/296/296
f 290/290/290 296/296/296 291/291/291
f 291/291/291 296/296/296 297/297/297
f 291/291/291 297/297/297 294/294/294
f 292/292/292 298/298/298 299/299/299
f 292/292/292 294/294/294 298/298/298
f 292/292/292 299/299/299 293/293/293
f 294/294/294 297/297/297 300/300/300
f 294/294/294 300/300/300 298/298/298
f 295/295/295 301/301/301 296/296/296
f 296/296/296 302/302/302 297/297/297
f 296/296/296 301/301/301 302/302/302
f 297/297/297 302/302/302 303/303/303
f 297/297/297 303/303/303 300/300/300
f 298/298/298 300/300/300 304/304/304
f 298/298/298 304/304/304 305/305/305
f 298/298/298 305/305/305 299/299/299
f 300/300/300 303/303/303 306/306/306
f 300/300/300 306/306/306 304/304/304
f 301/301/301 307/307/307 302/302/302
f 302/302/302 307/307/307 308/308/308
f 302/302/302 308/308/308 303/303/303
f 303/303/303 308/308/308 309/309/309
f 303/303/303 309/309/309 306/306/306
f 304/304/304 306/306/306 310/310/310
f 306/306/306 309/309/309 311/311/311
f 306/306/306 311/311/311 310/310/310
f 307/307/307 312/312/312 308/308/308
f 308/308/308 313/313/313 309/309/309
f 308/308/308 312/312/312 313/313/313
f 309/309/309 314/314/314 311/311/311
f 309/309/309 313/313/313 314/314/314
f 310/310/310 311/311/311 315/315/315
f 311/311/311 314/314/314 316/316/316
f 311/311/311 316/316/316 315/315/315
f 312/312/312 317/317/317 313/313/313
f 313/313/313 318/318/318 314/314/314
f 313/313/313 317/317/317 318/318/318
f 314/314/314 319/319/319 316/316/316
f 314/314/314 318/318/318 319/319/319
f 315/315/315 316/316/316 320/320/320
f 316/316/316 319/319/319 321/321/321
f 316/316/316 321/321/321 320/320/320
f 317/317/317 322/322/322 318/318/318
f 318/318/318 323/323/323 319/319/319
f 318/318/318 322/322/322 323/323/323
f 319/319/319 324/324/324 321/321/321
f 319/319/319 323/323/323 324/324/324
f 320/320/320 321/321/321 325/325/325
f 321/321/321 324/324/324 326/326/326
f 321/321/321 326/326/326 325/325/325
f 322/322/322 327/327/327 323/323/323
f 323/323/323 328/328/328 324/324/324
f 323/323/323 327/327/327 328/328/328
f 324/324/324 329/329/329 326/326/326
f 324/324/324 328/328/328 329/329/329
f 325/325/325 326/326/326 330/330/330
f 326/326/326 329/329/329 331/331/331
f 326/326/326 331/331/331 330/330/330
f 327/327/327 332/332/332 328/328/328
f 328/328/328 333/333/333 329/329/329
f 328/328/328 332/332/332 333/333/333
f 329/329/329 334/334/334 331/331/331
f 329/329/329 333/333/333 334/334/334
f 330/330/330 331/331/331 335/335/335
f 331/331/331 334/334/334 336/336/336
f 331/331/331 336/336/336 337/337/337
f 331/331/331 337/337/337 335/335/335
f 332/332/332 338/338/338 333/333/333
f 333/333/333 339/339/339 334/334/334
f 333/333/333 338/338/338 339/339/339
f 334/334/334 340/340/340 336/336/336
f 334/334/334 339/339/339 340/340/340
f 336/336/336 340/340/340 341/341/341
f 336/336/336 341/341/341 337/337/337
f 337/337/337 341/341/341 342/342/342
f 338/338/338 343/343/343 339/339/339
f 339/339/339 344/344/344 340/340/340
f 339/339/339 343/343/343 344/344/344
f 340/340/340 345/345/345 341/341/341
f 340/340/340 344/344/344 345/345/345
f 341/341/341 345/345/345 346/346/346
f 341/341/341 346/346/346 342/342/342
f 342/342/342 346/346/346 347/347/347
f 343/343/343 348/348/348 344/344/344
f 344/344/344 349/349/349 345/345/345
f 344/344/344 348/348/348 349/349/349
f 345/345/345 350/350/350 346/346/346
f 345/345/345 349/349/349 350/350/350
f 346/346/346 350/350/350 351/351/351
f 346/346/346 351/351/351 347/347/347
f 347/347/347 351/351/351 352/352/352
f 348/348/348 353/353/353 349/349/349
f 349/349/349 354/354/354 350/350/350
f 349/349/349 353/353/353 354/354/354
f 350/350/350 355/355/355 351/351/351
f 350/350/350 354/354/354 355/355/355
f 351/351/351 356/356/356 352/352/352
f 351/351/351 355/355/355 356/356/356
f 352/352/352 356/356/356 357/357/357
f 353/353/353 358/358/358 354/354/354
f 354/354/354 359/359/359 355/355/355
f 354/354/354 358/358/358 359/359/359
f 355/355/355 360/360/360 356/356/356
f 355/355/355 359/359/359 360/360/360
f 356/356/356 361/361/361 357/357/357
f 356/356/356 360/360/360 361/361/361
f 357/357/357 361/361/361 362/362/362
f 358/358/358 363/363/363 359/359/359
f 359/359/359 364/364/364 360/360/360
f 359/359/359 363/363/363 364/364/364
f 360/360/360 365/365/365 361/361/361
f 360/360/360 364/364/364 365/365/365
f 361/361/361 366/366/366 362/362/362
f 361/361/361 365/365/365 366/366/366
f 362/362/362 366/366/366 367/367/367
f 368/368/368 369/369/369 370/370/370
f 370/370/370 371/371/371 372/372/372
f 370/370/370 369/369/369 371/371/371
f 369/369/369 373/373/373 371/371/371
f 372/372/372 374/374/374 375/375/375
f 372/372/372 371/371/371 374/374/374
f 371/371/371 376/376/376 374/374/374
f 371/371/371 373/373/373 376/376/376
f 373/373/373 377/377/377 376/376/376
f 374/374/374 378/378/378 379/379/379
f 374/374/374 376/376/376 378/378/378
f 374/374/374 379/379/379 375/375/375
f 375/375/375 379/379/379 380/380/380
f 375/375/375 380/380/380 381/381/381
f 376/376/376 382/382/382 378/378/378
f 376/376/376 377/377/377 382/382/382
f 377/377/377 383/383/383 382/382/382
f 378/378/378 382/382/382 384/384/384
f 378/378/378 384/384/384 385/385/385
f 378/378/378 385/385/385 379/379/379
f 379/379/379 385/385/385 380/380/380
f 380/380/380 385/385/385 386/386/386
f 382/382/382 383/383/383 387/387/387
f 382/382/382 387/387/387 384/384/384
f 383/383/383 388/388/388 387/387/387
f 384/384/384 387/387/387 389/389/389
f 384/384/384 389/389/389 390/390/390
f 384/384/384 390/390/390 385/385/385
f 385/385/385 390/390/390 386/386/386
f 386/386/386 390/390/390 391/391/391
f 387/387/387 388/388/388 392/392/392
f 387/387/387 392/392/392 389/389/389
f 388/388/388 393/393/393 392/392/392
f 389/389/389 392/392/392 394/394/394
f 389/389/389 394/394/394 395/395/395
f 389/389/389 395/395/395 390/390/390
f 390/390/390 395/395/395 391/391/391
f 391/391/391 395/395/395 396/396/396
f 392/392/392 393/393/393 397/397/397
f 392/392/392 397/397/397 394/394/394
f 393/393/393 398/398/398 397/397/397
f 394/394/394 397/397/397 399/399/399
f 394/394/394 399/399/399 400/400/400
f 394/394/394 400/400/400 395/395/395
f 395/395/395 400/400/400 396/396/396
f 396/396/396 400/400/400 401/401/401
f 397/397/397 398/398/398 402/402/402
f 397/397/397 402/402/402 399/399/399
f 398/398/398 403/403/403 402/402/402
f 398/398/398 404/404/404 403/403/403
f 399/399/399 402/402/402 405/405/405
f 399/399/399 405/405/405 406/406/406
f 399/399/399 406/406/406 400/400/400
f 400/400/400 406/406/406 401/401/401
f 401/401/401 406/406/406 407/407/407
f 402/402/402 403/403/403 408/408/408
f 402/402/402 408/408/408 405/405/405
f 403/403/403 409/409/409 410/410/410
f 403/403/403 410/410/410 408/408/408
f 403/403/403 404/404/404 409/409/409
f 405/405/405 408/408/408 411/411/411
f 405/405/405 411/411/411 412/412/412
f 405/405/405 412/412/412 406/406/406
f 406/406/406 412/412/412 407/407/407
f 407/407/407 412/412/412 413/413/413
f 408/408/408 410/410/410 414/414/414
f 408/408/408 414/414/414 411/411/411
f 409/409/409 415/415/415 410/410/410
f 410/410/410 415/415/415 416/416/416
f 410/410/410 416/416/416 414/414/414
f 411/411/411 414/414/414 417/417/417
f 411/411/411 417/417/417 418/418/418
f 411/411/411 418/418/418 412/412/412
f 412/412/412 418/418/418 413/413/413
f 414/414/414 416/416/416 419/419/419
f 414/414/414 419/419/419 417/417/417
f 415/415/415 420/420/420 416/416/416
f 416/416/416 420/420/420 421/421/421
f 416/416/416 421/421/421 419/419/419
f 417/417/417 419/419/419 422/422/422
f 417/417/417 422/422/422 423/423/423
f 417/417/417 423/423/423 418/418/418
f 419/419/419 421/421/421 424/424/424
f 419/419/419 424/424/424 422/422/422
f 420/420/420 425/425/425 421/421/421
f 421/421/421 425/425/425 426/426/426
f 421/421/421 426/426/426 424/424/424
f 422/422/422 424/424/424 427/427/427
f 422/422/422 427/427/427 428/428/428
f 422/422/422 428/428/428 423/423/423
f 424/424/424 426/426/426 429/429/429
f 424/424/424 429/429/429 427/427/427
f 425/425/425 430/430/430 426/426/426
f 426/426/426 430/430/430 431/431/431
f 426/426/426 431/431/431 429/429/429
f 427/427/427 429/429/429 432/432/432
f 427/427/427 432/432/432 433/433/433
f 427/427/427 433/433/433 428/428/428
f 429/429/429 431/431/431 434/434/434
f 429/429/429 434/434/434 432/432/432
f 430/430/430 435/435/435 431/431/431
f 431/431/431 435/435/435 436/436/436
f 431/431/431 436/436/436 434/434/434
f 432/432/432 434/434/434 437/437/437
f 432/432/432 437/437/437 438/438/438
f 432/432/432 438/438/438 433/433/433
f 434/434/434 436/436/436 439/439/439
f 434/434/434 439/439/439 437/437/437
f 435/435/435 440/440/440 441/441/441
f 435/435/435 441/441/441 436/436/436
f 436/436/436 441/441/441 442/442/442
f 436/436/436 442/442/442 439/439/439
f 437/437/437 439/439/439 443/443/443
f 437/437/437 443/443/443 444/444/444
f 437/437/437 444/444/444 438/438/438
f 439/439/439 442/442/442 445/445/445
f 439/439/439 445/445/445 443/443/443
f 440/440/440 446/446/446 441/441/441
f 441/441/441 446/446/446 447/447/447
f 441/441/441 447/447/447 442/442/442
f 442/442/442 447/447/447 448/448/448
f 442/442/442 448/448/448 445/445/445
f 443/443/443 445/445/445 449/449/449
f 443/443/443 449/449/449 450/450/450
f 443/443/443 450/450/450 444/444/444
f 445/445/445 448/448/448 451/451/451
f 445/445/445 451/451/451 449/449/449
f 446/446/446 452/452/452 447/447/447
f 447/447/447 452/452/452 453/453/453
f 447/447/447 453/453/453 448/448/448
f 448/448/448 453/453/453 454/454/454
f 448/448/448 454/454/454 451/451/451
f 449/449/449 451/451/451 455/455/455
f 451/451/451 454/454/454 456/456/456
f 451/451/451 456/456/456 455/455/455
f 452/452/452 457/457/457 453/453/453
f 453/453/453 458/458/458 454/454/454
f 453/453/453 457/457/457 458/458/458
f 454/454/454 458/458/458 459/459/459
f 454/454/454 459/459/459 456/456/456
f 455/455/455 456/456/456 460/460/460
f 456/456/456 459/459/459 461/461/461
f 456/456/456 461/461/461 460/460/460
f 457/457/457 462/462/462 458/458/458
f 458/458/458 463/463/463 459/459/459
f 458/458/458 462/462/462 463/463/463
f 459/459/459 464/464/464 461/461/461
f 459/459/459 463/463/463 464/464/464
f 460/460/460 461/461/461 465/465/465
f 461/461/461 464/464/464 466/466/466
f 461/461/461 466/466/466 465/465/465
f 462/462/462 467/467/467 463/463/463
f 463/463/463 468/468/468 464/464/464
f 463/463/463 467/467/467 468/468/468
f 464/464/464 469/469/469 466/466/466
f 464/464/464 468/468/468 469/469/469
f 465/465/465 466/466/466 470/470/470
f 466/466/466 469/469/469 471/471/471
f 466/466/466 471/471/471 470/470/470
f 467/467/467 472/472/472 468/468/468
f 468/468/468 473/473/473 469/469/469
f 468/468/468 472/472/472 473/473/473
f 469/469/469 474/474/474 471/471/471
f 469/469/469 473/473/473 474/474/474
f 470/470/470 471/471/471 475/475/475
f 471/471/471 474/474/474 476/476/476
f 471/471/471 476/476/476 475/475/475
f 472/472/472 477/477/477 473/473/473
f 473/473/473 478/478/478 474/474/474
f 473/473/473 477/477/477 478/478/478
f 474/474/474 479/479/479 476/476/476
f 474/474/474 478/478/478 479/479/479
f 475/475/475 476/476/476 480/480/480
f 476/476/476 479/479/479 481/481/481
f 476/476/476 481/481/481 482/482/482
f 476/476/476 482/482/482 480/480/480
f 477/477/477 483/483/483 478/478/478
f 478/478/478 484/484/484 479/479/479
f 478/478/478 483/483/483 484/484/484
f 479/479/479 485/485/485 481/481/481
f 479/479/479 484/484/484 485/485/485
f 481/481/481 485/485/485 486/486/486
f 481/481/481 486/486/486 482/482/482
f 482/482/482 486/486/486 487/487/487
f 483/483/483 488/488/488 484/484/484
f 484/484/484 489/489/489 485/485/485
f 484/484/484 488/488/488 489/489/489
f 485/485/485 490/490/490 486/486/486
f 485/485/485 489/489/489 490/490/490
f 486/486/486 490/490/490 491/491/491
f 486/486/486 491/491/491 487/487/487
f 487/487/487 491/491/491 492/492/492
f 488/488/488 493/493/493 489/489/489
f 489/489/489 494/494/494 490/490/490
f 489/489/489 493/493/493 494/494/494
f 490/490/490 495/495/495 491/491/491
f 490/490/490 494/494/494 495/495/495
f 491/491/491 495/495/495 496/496/496
f 491/491/491 496/496/496 492/492/492
f 492/492/492 496/496/496 497/497/497
f 493/493/493 498/498/498 494/494/494
f 494/494/494 499/499/499 495/495/495
f 494/494/494 498/498/498 499/499/499
f 495/495/495 500/500/500 496/496/496
f 495/495/495 499/499/499 500/500/500
f 496/496/496 501/501/501 497/497/497
f 496/496/496 500/500/500 501/501/501
f 497/497/497 501/501/501 502/502/502
f 498/498/498 503/503/503 499/499/499
f 499/499/499 504/504/504 500/500/500
f 499/499/499 503/503/503 504/504/504
f 500/500/500 505/505/505 501/501/501
f 500/500/500 504/504/504 505/505/505
f 501/501/501 506/506/506 502/502/502
f 501/501/501 505/505/505 506/506/506
f 502/502/502 506/506/506 507/507/507
f 503/503/503 508/508/508 504/504/504
f 504/504/504 509/509/509 505/505/505
f 504/504/504 508/508/508 509/509/509
f 505/505/505 510/510/510 506/506/506
f 505/505/505 509/509/509 510/510/510
f 506/506/506 511/511/511 507/507/507
f 506/506/506 510/510/510 511/511/511
f 507/507/507 511/511/511 512/512/512
f 513/513/513 514/514/514 515/515/515
f 515/515/515 516/516/516 517/517/517
f 515/515/515 514/514/514 516/516/516
f 514/514/514 518/518/518 516/516/516
f 517/517/517 519/519/519 520/520/520
f 517/517/517 516/516/516 519/519/519
f 516/516/516 521/521/521 519/519/519
f 516/516/516 518/518/518 521/521/521
f 518/518/518 522/522/522 521/521/521
f 519/519/519 523/523/523 524/524/524
f 519/519/519 521/521/521 523/523/523
f 519/519/519 524/524/524 520/520/520
f 520/520/520 525/525/525 526/526/526
f 520/520/520 524/524/524 525/525/525
f 521/521/521 527/527/527 523/523/523
f 521/521/521 522/522/522 527/527/527
f 522/522/522 528/528/528 527/527/527
f 523/523/523 529/529/529 530/530/530
f 523/523/523 527/527/527 529/529/529
f 523/523/523 530/530/530 524/524/524
f 524/524/524 530/530/530 525/525/525
f 525/525/525 530/530/530 531/531/531
f 527/527/527 532/532/532 529/529/529
f 527/527/527 528/528/528 532/532/532
f 528/528/528 533/533/533 532/532/532
f 529/529/529 534/534/534 535/535/535
f 529/529/529 532/532/532 534/534/534
f 529/529/529 535/535/535 530/530/530
f 530/530/530 535/535/535 531/531/531
f 531/531/531 535/535/535 536/536/536
f 532/532/532 533/533/533 537/537/537
f 532/532/532 537/537/537 534/534/534
f 533/533/533 538/538/538 537/537/537
f 534/534/534 539/539/539 540/540/540
f 534/534/534 537/537/537 539/539/539
f 534/534/534 540/540/540 535/535/535
f 535/535/535 540/540/540 536/536/536
f 536/536/536 540/540/540 541/541/541
f 537/537/537 538/538/538 542/542/542
f 537/537/537 542/542/542 539/539/539
f 538/538/538 543/543/543 542/542/542
f 539/539/539 542/542/542 544/544/544
f 539/539/539 544/544/544 545/545/545
f 539/539/539 545/545/545 540/540/540
f 540/540/540 545/545/545 541/541/541
f 541/541/541 545/545/545 546/546/546
f 542/542/542 543/543/543 547/547/547
f 542/542/542 547/547/547 544/544/544
f 543/543/543 548/548/548 547/547/547
f 543/543/543 549/549/549 548/548/548
f 544/544/544 547/547/547 550/550/550
f 544/544/544 550/550/550 551/551/551
f 544/544/544 551/551/551 545/545/545
f 545/545/545 551/551/551 546/546/546
f 546/546/546 551/551/551 552/552/552
f 547/547/547 548/548/548 553/553/553
f 547/547/547 553/553/553 550/550/550
f 548/548/548 554/554/554 555/555/555
f 548/548/548 555/555/555 553/553/553
f 548/548/548 549/549/549 554/554/554
f 550/550/550 553/553/553 556/556/556
f 550/550/550 556/556/556 557/557/557
f 550/550/550 557/557/557 551/551/551
f 551/551/551 557/557/557 552/552/552
f 552/552/552 557/557/557 558/558/558
f 553/553/553 555/555/555 559/559/559
f 553/553/553 559/559/559 556/556/556
f 554/554/554 560/560/560 555/555/555
f 555/555/555 560/560/560 561/561/561
f 555/555/555 561/561/561 559/559/559
f 556/556/556 562/562/562 563/563/563
f 556/556/556 559/559/559 562/562/562
f 556/556/556 563/563/563 557/557/557
f 557/557/557 563/563/563 558/558/558
f 559/559/559 561/561/561 564/564/564
f 559/559/559 564/564/564 562/562/562
f 560/560/560 565/565/565 561/561/561
f 561/561/561 565/565/565 566/566/566
f 561/561/561 566/566/566 564/564/564
f 562/562/562 567/567/567 568/568/568
f 562/562/562 564/564/564 567/567/567
f 562/562/562 568/568/568 563/563/563
f 564/564/564 566/566/566 569/569/569
f 564/564/564 569/569/569 567/567/567
f 565/565/565 570/570/570 566/566/566
f 566/566/566 570/570/570 571/571/571
f 566/566/566 571/571/571 569/569/569
f 567/567/567 572/572/572 573/573/573
f 567/567/567 569/569/569 572/572/572
f 567/567/567 573/573/573 568/568/568
f 569/569/569 571/571/571 574/574/574
f 569/569/569 574/574/574 572/572/572
f 570/570/570 575/575/575 571/571/571
f 571/571/571 575/575/575 576/576/576
f 571/571/571 576/576/576 574/574/574
f 572/572/572 577/577/577 578/578/578
f 572/572/572 574/574/574 577/577/577
f 572/572/572 578/578/578 573/573/573
f 574/574/574 576/576/576 579/579/579
f 574/574/574 579/579/579 577/577/577
f 575/575/575 580/580/580 576/576/576
f 576/576/576 580/580/580 581/581/581
f 576/576/576 581/581/581 579/579/579
f 577/577/577 582/582/582 583/583/583
f 577/577/577 579/579/579 582/582/582
f 577/577/577 583/583/583 578/578/578
f 579/579/579 581/581/581 584/584/584
f 579/579/579 584/584/584 582/582/582
f 580/580/580 585/585/585 586/586/586
f 580/580/580 586/586/586 581/581/581
f 581/581/581 586/586/586 587/587/587
f 581/581/581 587/587/587 584/584/584
f 582/582/582 584/584/584 588/588/588
f 582/582/582 588/588/588 589/589/589
f 582/582/582 589/589/589 583/583/583
f 584/584/584 587/587/587 590/590/590
f 584/584/584 590/590/590 588/588/588
f 585/585/585 591/591/591 586/586/586
f 586/586/586 591/591/591 592/592/592
f 586/586/586 592/592/592 587/587/587
f 587/587/587 592/592/592 593/593/593
f 587/587/587 593/593/593 590/590/590
f 588/588/588 590/590/590 594/594/594
f 588/588/588 594/594/594 595/595/595
f 588/588/588 595/595/595 589/589/589
f 590/590/590 593/593/593 596/596/596
f 590/590/590 596/596/596 594/594/594
f 591/591/591 597/597/597 592/592/592
f 592/592/592 597/597/597 598/598/598
f 592/592/592 598/598/598 593/593/593
f 593/593/593 598/598/598 599/599/599
f 593/593/593 599/599/599 596/596/596
f 594/594/594 596/596/596 600/600/600
f 596/596/596 599/599/599 601/601/601
f 596/596/596 601/601/601 600/600/600
f 597/597/597 602/602/602 598/598/598
f 598/598/598 602/602/602 603/603/603
f 598/598/598 603/603/603 599/599/599
f 599/599/599 603/603/603 604/604/604
f 599/599/599 604/604/604 601/601/601
f 600/600/600 601/601/601 605/605/605
f 601/601/601 604/604/604 606/606/606
f 601/601/601 606/606/606 605/605/605
f 602/602/602 607/607/607 603/603/603
f 603/603/603 608/608/608 604/604/604
f 603/603/603 607/607/607 608/608/608
f 604/604/604 609/609/609 606/606/606
f 604/604/604 608/608/608 609/609/609
f 605/605/605 606/606/606 610/610/610
f 606/606/606 609/609/609 611/611/611
f 606/606/606 611/611/611 610/610/610
f 607/607/607 612/612/612 608/608/608
f 608/608/608 613/613/613 609/609/609
f 608/608/608 612/612/612 613/613/613
f 609/609/609 614/614/614 611/611/611
f 609/609/609 613/613/613 614/614/614
f 610/610/610 611/611/611 615/615/615
f 611/611/611 614/614/614 616/616/616
f 611/611/611 616/616/616 615/615/615
f 612/612/612 617/617/617 613/613/613
f 613/613/613 618/618/618 614/614/614
f 613/613/613 617/617/617 618/618/618
f 614/614/614 619/619/619 616/616/616
f 614/614/614 618/618/618 619/619/619
f 615/615/615 616/616/616 620/620/620
f 616/616/616 619/619/619 621/621/621
f 616/616/616 621/621/621 620/620/620
f 617/617/617 622/622/622 618/618/618
f 618/618/618 623/623/623 619/619/619
f 618/618/618 622/622/622 623/623/623
f 619/619/619 624/624/624 621/621/621
f 619/619/619 623/623/623 624/624/624
f 620/620/620 621/621/621 625/625/625
f 621/621/621 624/624/624 626/626/626
f 621/621/621 626/626/626 627/627/627
f 621/621/621 627/627/627 625/625/625
f 622/622/622 628/628/628 623/623/623
f 623/623/623 629/629/629 624/624/624
f 623/623/623 628/628/628 629/629/629
f 624/624/624 630/630/630 626/626/626
f 624/624/624 629/629/629 630/630/630
f 626/626/626 630/630/630 631/631/631
f 626/626/626 631/631/631 627/627/627
f 627/627/627 631/631/631 632/632/632
f 628/628/628 633/633/633 629/629/629
f 629/629/629 634/634/634 630/630/630
f 629/629/629 633/633/633 634/634/634
f 630/630/630 635/635/635 631/631/631
f 630/630/630 634/634/634 635/635/635
f 631/631/631 635/635/635 636/636/636
f 631/631/631 636/636/636 632/632/632
f 632/632/632 636/636/636 637/637/637
f 633/633/633 638/638/638 634/634/634
f 634/634/634 639/639/639 635/635/635
f 634/634/634 638/638/638 639/639/639
f 635/635/635 640/640/640 636/636/636
f 635/635/635 639/639/639 640/640/640
f 636/636/636 640/640/640 641/641/641
f 636/636/636 641/641/641 637/637/637
f 637/637/637 641/641/641 642/642/642
f 638/638/638 643/643/643 639/639/639
f 639/639/639 644/644/644 640/640/640
f 639/639/639 643/643/643 644/644/644
f 640/640/640 645/645/645 641/641/641
f 640/640/640 644/644/644 645/645/645
f 641/641/641 646/646/646 642/642/642
f 641/641/641 645/645/645 646/646/646
f 642/642/642 646/646/646 647/647/647
f 643/643/643 648/648/648 644/644/644
f 644/644/644 649/649/649 645/645/645
f 644/644/644 648/648/648 649/649/649
f 645/645/645 650/650/650 646/646/646
f 645/645/645 649/649/649 650/650/650
f 646/646/646 651/651/651 647/647/647
f 646/646/646 650/650/650 651/651/651
f 647/647/647 651/651/651 652/652/652
f 648/648/648 653/653/653 649/649/649
f 649/649/649 654/654/654 650/650/650
f 649/649/649 653/653/653 654/654/654
f 650/650/650 655/655/655 651/651/651
f 650/650/650 654/654/654 655/655/655
f 651/651/651 656/656/656 652/652/652
f 651/651/651 655/655/655 656/656/656
f 652/652/652 656/656/656 657/657/657
f 658/658/658 659/659/659 660/660/660
f 660/660/660 661/661/661 662/662/662
f 660/660/660 659/659/659 661/661/661
f 659/659/659 663/663/663 661/661/661
f 662/662/662 664/664/664 665/665/665
f 662/662/662 661/661/661 664/664/664
f 661/661/661 666/666/666 664/664/664
f 661/661/661 663/663/663 666/666/666
f 663/663/663 667/667/667 666/666/666
f 664/664/664 668/668/668 669/669/669
f 664/664/664 666/666/666 668/668/668
f 664/664/664 669/669/669 665/665/665
f 665/665/665 670/670/670 671/671/671
f 665/665/665 669/669/669 670/670/670
f 666/666/666 672/672/672 668/668/668
f 666/666/666 667/667/667 672/672/672
f 667/667/667 673/673/673 672/672/672
f 668/668/668 674/674/674 675/675/675
f 668/668/668 672/672/672 674/674/674
f 668/668/668 675/675/675 669/669/669
f 669/669/669 675/675/675 670/670/670
f 670/670/670 675/675/675 676/676/676
f 672/672/672 677/677/677 674/674/674
f 672/672/672 673/673/673 677/677/677
f 673/673/673 678/678/678 677/677/677
f 674/674/674 679/679/679 680/680/680
f 674/674/674 677/677/677 679/679/679
f 674/674/674 680/680/680 675/675/675
f 675/675/675 680/680/680 676/676/676
f 676/676/676 680/680/680 681/681/681
f 677/677/677 678/678/678 682/682/682
f 677/677/677 682/682/682 679/679/679
f 678/678/678 683/683/683 682/682/682
f 679/679/679 684/684/684 685/685/685
f 679/679/679 682/682/682 684/684/684
f 679/679/679 685/685/685 680/680/680
f 680/680/680 685/685/685 681/681/681
f 681/681/681 685/685/685 686/686/686
f 682/682/682 683/683/683 687/687/687
f 682/682/682 687/687/687 684/684/684
f 683/683/683 688/688/688 687/687/687
f 684/684/684 687/687/687 689/689/689
f 684/684/684 689/689/689 690/690/690
f 684/684/684 690/690/690 685/685/685
f 685/685/685 690/690/690 686/686/686
f 686/686/686 690/690/690 691/691/691
f 687/687/687 688/688/688 692/692/692
f 687/687/687 692/692/692 689/689/689
f 688/688/688 693/693/693 694/694/694
f 688/688/688 694/694/694 692/692/692
f 689/689/689 692/692/692 695/695/695
f 689/689/689 695/695/695 696/696/696
f 689/689/689 696/696/696 690/690/690
f 690/690/690 696/696/696 691/691/691
f 691/691/691 696/696/696 697/697/697
f 692/692/692 698/698/698 695/695/695
f 692/692/692 694/694/694 698/698/698
f 693/693/693 699/699/699 694/694/694
f 694/694/694 699/699/699 700/700/700
f 694/694/694 700/700/700 698/698/698
f 695/695/695 698/698/698 701/701/701
f 695/695/695 701/701/701 702/702/702
f 695/695/695 702/702/702 696/696/696
f 696/696/696 702/702/702 697/697/697
f 697/697/697 702/702/702 703/703/703
f 698/698/698 700/700/700 704/704/704
f 698/698/698 704/704/704 701/701/701
f 699/699/699 705/705/705 700/700/700
f 700/700/700 705/705/705 706/706/706
f 700/700/700 706/706/706 704/704/704
f 701/701/701 707/707/707 708/708/708
f 701/701/701 704/704/704 707/707/707
f 701/701/701 708/708/708 702/702/702
f 702/702/702 708/708/708 703/703/703
f 704/704/704 706/706/706 709/709/709
f 704/704/704 709/709/709 707/707/707
f 705/705/705 710/710/710 706/706/706
f 706/706/706 710/710/710 711/711/711
f 706/706/706 711/711/711 709/709/709
f 707/707/707 712/712/712 713/713/713
f 707/707/707 709/709/709 712/712/712
f 707/707/707 713/713/713 708/708/708
f 709/709/709 711/711/711 714/714/714
f 709/709/709 714/714/714 712/712/712
f 710/710/710 715/715/715 711/711/711
f 711/711/711 715/715/715 716/716/716
f 711/711/711 716/716/716 714/714/714
f 712/712/712 717/717/717 718/718/718
f 712/712/712 714/714/714 717/717/717
f 712/712/712 718/718/718 713/713/713
f 714/714/714 716/716/716 719/719/719
f 714/714/714 719/719/719 717/717/717
f 715/715/715 720/720/720 716/716/716
f 716/716/716 720/720/720 721/721/721
f 716/716/716 721/721/721 719/719/719
f 717/717/717 722/722/722 723/723/723
f 717/717/717 719/719/719 722/722/722
f 717/717/717 723/723/723 718/718/718
f 719/719/719 721/721/721 724/724/724
f 719/719/719 724/724/724 722/722/722
f 720/720/720 725/725/725 721/721/721
f 721/721/721 725/725/725 726/726/726
f 721/721/721 726/726/726 724/724/724
f 722/722/722 727/727/727 728/728/728
f 722/722/722 724/724/724 727/727/727
f 722/722/722 728/728/728 723/723/723
f 724/724/724 726/726/726 729/729/729
f 724/724/724 729/729/729 727/727/727
f 725/725/725 730/730/730 731/731/731
f 725/725/725 731/731/731 726/726/726
f 726/726/726 731/731/731 732/732/732
f 726/726/726 732/732/732 729/729/729
f 727/727/727 729/729/729 733/733/733
f 727/727/727 733/733/733 734/734/734
f 727/727/727 734/734/734 728/728/728
f 729/729/729 732/732/732 735/735/735
f 729/729/729 735/735/735 733/733/733
f 730/730/730 736/736/736 731/731/731
f 731/731/731 736/736/736 737/737/737
f 731/731/731 737/737/737 732/732/732
f 732/732/732 737/737/737 738/738/738
f 732/732/732 738/738/738 735/735/735
f 733/733/733 735/735/735 739/739/739
f 733/733/733 739/739/739 740/740/740
f 733/733/733 740/740/740 734/734/734
f 735/735/735 738/738/738 741/741/741
f 735/735/735 741/741/741 739/739/739
f 736/736/736 742/742/742 737/737/737
f 737/737/737 742/742/742 743/743/743
f 737/737/737 743/743/743 738/738/738
f 738/738/738 743/743/743 744/744/744
f 738/738/738 744/744/744 741/741/741
f 739/739/739 741/741/741 745/745/745
f 741/741/741 744/744/744 746/746/746
f 741/741/741 746/746/746 745/745/745
f 742/742/742 747/747/747 743/743/743
f 743/743/743 747/747/747 748/748/748
f 743/743/743 748/748/748 744/744/744
f 744/744/744 748/748/748 749/749/749
f 744/744/744 749/749/749 746/746/746
f 745/745/745 746/746/746 750/750/750
f 746/746/746 749/749/749 751/751/751
f 746/746/746 751/751/751 750/750/750
f 747/747/747 752/752/752 748/748/748
f 748/748/748 752/752/752 753/753/753
f 748/748/748 753/753/753 749/749/749
f 749/749/749 753/753/753 754/754/754
f 749/749/749 754/754/754 751/751/751
f 750/750/750 751/751/751 755/755/755
f 751/751/751 754/754/754 756/756/756
f 751/751/751 756/756/756 755/755/755
f 752/752/752 757/757/757 753/753/753
f 753/753/753 758/758/758 754/754/754
f 753/753/753 757/757/757 758/758/758
f 754/754/754 759/759/759 756/756/756
f 754/754/754 758/758/758 759/759/759
f 755/755/755 756/756/756 760/760/760
f 756/756/756 759/759/759 761/761/761
f 756/756/756 761/761/761 760/760/760
f 757/757/757 762/762/762 758/758/758
f 758/758/758 763/763/763 759/759/759
f 758/758/758 762/762/762 763/763/763
f 759/759/759 764/764/764 761/761/761
f 759/759/759 763/763/763 764/764/764
f 760/760/760 761/761/761 765/765/765
f 761/761/761 764/764/764 766/766/766
f 761/761/761 766/766/766 765/765/765
f 762/762/762 767/767/767 763/763/763
f 763/763/763 768/768/768 764/764/764
f 763/763/763 767/767/767 768/768/768
f 764/764/764 769/769/769 766/766/766
f 764/764/764 768/768/768 769/769/769
f 765/765/765 766/766/766 770/770/770
f 766/766/766 771/771/771 772/772/772
f 766/766/766 772/772/772 770/770/770
f 766/766/766 769/769/769 771/771/771
f 767/767/767 773/773/773 768/768/768
f 768/768/768 774/774/774 769/769/769
f 768/768/768 773/773/773 774/774/774
f 769/769/769 775/775/775 771/771/771
f 769/769/769 774/774/774 775/775/775
f 771/771/771 775/775/775 776/776/776
f 771/771/771 776/776/776 772/772/772
f 772/772/772 776/776/776 777/777/777
f 773/773/773 778/778/778 774/774/774
f 774/774/774 779/779/779 775/775/775
f 774/774/774 778/778/778 779/779/779
f 775/775/775 780/780/780 776/776/776
f 775/775/775 779/779/779 780/780/780
f 776/776/776 781/781/781 777/777/777
f 776/776/776 780/780/780 781/781/781
f 777/777/777 781/781/781 782/782/782
f 778/778/778 783/783/783 779/779/779
f 779/779/779 784/784/784 780/780/780
f 779/779/779 783/783/783 784/784/784
f 780/780/780 785/785/785 781/781/781
f 780/780/780 784/784/784 785/785/785
f 781/781/781 786/786/786 782/782/782
f 781/781/781 785/785/785 786/786/786
f 782/782/782 786/786/786 787/787/787
f 783/783/783 788/788/788 784/784/784
f 784/784/784 789/789/789 785/785/785
f 784/784/784 788/788/788 789/789/789
f 785/785/785 790/790/790 786/786/786
f 785/785/785 789/789/789 790/790/790
f 786/786/786 791/791/791 787/787/787
f 786/786/786 790/790/790 791/791/791
f 787/787/787 791/791/791 792/792/792
f 788/788/788 793/793/793 789/789/789
f 789/789/789 794/794/794 790/790/790
f 789/789/789 793/793/793 794/794/794
f 790/790/790 795/795/795 791/791/791
f 790/790/790 794/794/794 795/795/795
f 791/791/791 796/796/796 792/792/792
f 791/791/791 795/795/795 796/796/796
f 792/792/792 796/796/796 797/797/797
f 793/793/793 798/798/798 794/794/794
f 794/794/794 799/799/799 795/795/795
f 794/794/794 798/798/798 799/799/799
f 795/795/795 800/800/800 796/796/796
f 795/795/795 799/799/799 800/800/800
f 796/796/796 801/801/801 797/797/797
f 796/796/796 800/800/800 801/801/801
f 797/797/797 801/801/801 802/802/802
f 803/803/803 804/804/804 805/805/805
f 805/805/805 804/804/804 806/806/806
f 805/805/805 806/806/806 807/807/807
f 804/804/804 808/808/808 806/806/806
f 807/807/807 806/806/806 809/809/809
f 807/807/807 809/809/809 810/810/810
f 806/806/806 808/808/808 811/811/811
f 806/806/806 811/811/811 809/809/809
f 808/808/808 812/812/812 811/811/811
f 809/809/809 811/811/811 813/813/813
f 809/809/809 813/813/813 814/814/814
f 809/809/809 814/814/814 810/810/810
f 810/810/810 815/815/815 816/816/816
f 810/810/810 814/814/814 815/815/815
f 811/811/811 812/812/812 817/817/817
f 811/811/811 817/817/817 813/813/813
f 812/812/812 818/818/818 817/817/817
f 813/813/813 817/817/817 819/819/819
f 813/813/813 819/819/819 820/820/820
f 813/813/813 820/820/820 814/814/814
f 814/814/814 820/820/820 815/815/815
f 815/815/815 820/820/820 821/821/821
f 817/817/817 818/818/818 822/822/822
f 817/817/817 822/822/822 819/819/819
f 818/818/818 823/823/823 822/822/822
f 819/819/819 822/822/822 824/824/824
f 819/819/819 824/824/824 825/825/825
f 819/819/819 825/825/825 820/820/820
f 820/820/820 825/825/825 821/821/821
f 821/821/821 825/825/825 826/826/826
f 822/822/822 823/823/823 827/827/827
f 822/822/822 827/827/827 824/824/824
f 823/823/823 828/828/828 827/827/827
f 824/824/824 827/827/827 829/829/829
f 824/824/824 829/829/829 830/830/830
f 824/824/824 830/830/830 825/825/825
f 825/825/825 830/830/830 826/826/826
f 826/826/826 830/830/830 831/831/831
f 827/827/827 828/828/828 832/832/832
f 827/827/827 832/832/832 829/829/829
f 828/828/828 833/833/833 832/832/832
f 829/829/829 832/832/832 834/834/834
f 829/829/829 834/834/834 835/835/835
f 829/829/829 835/835/835 830/830/830
f 830/830/830 835/835/835 831/831/831
f 831/831/831 835/835/835 836/836/836
f 832/832/832 833/833/833 837/837/837
f 832/832/832 837/837/837 834/834/834
f 833/833/833 838/838/838 837/837/837
f 833/833/833 839/839/839 838/838/838
f 834/834/834 837/837/837 840/840/840
f 834/834/834 840/840/840 841/841/841
f 834/834/834 841/841/841 835/835/835
f 835/835/835 841/841/841 836/836/836
f 836/836/836 841/841/841 842/842/842
f 837/837/837 838/838/838 843/843/843
f 837/837/837 843/843/843 840/840/840
f 838/838/838 844/844/844 845/845/845
f 838/838/838 845/845/845 843/843/843
f 838/838/838 839/839/839 844/844/844
f 840/840/840 846/846/846 847/847/847
f 840/840/840 843/843/843 846/846/846
f 840/840/840 847/847/847 841/841/841
f 841/841/841 847/847/847 842/842/842
f 842/842/842 847/847/847 848/848/848
f 843/843/843 845/845/845 849/849/849
f 843/843/843 849/849/849 846/846/846
f 844/844/844 850/850/850 845/845/845
f 845/845/845 850/850/850 851/851/851
f 845/845/845 851/851/851 849/849/849
f 846/846/846 852/852/852 853/853/853
f 846/846/846 849/849/849 852/852/852
f 846/846/846 853/853/853 847/847/847
f 847/847/847 853/853/853 848/848/848
f 849/849/849 851/851/851 854/854/854
f 849/849/849 854/854/854 852/852/852
f 850/850/850 855/855/855 851/851/851
f 851/851/851 855/855/855 856/856/856
f 851/851/851 856/856/856 854/854/854
f 852/852/852 854/854/854 857/857/857
f 852/852/852 857/857/857 858/858/858
f 852/852/852 858/858/858 853/853/853
f 854/854/854 856/856/856 859/859/859
f 854/854/854 859/859/859 857/857/857
f 855/855/855 860/860/860 856/856/856
f 856/856/856 860/860/860 861/861/861
f 856/856/856 861/861/861 859/859/859
f 857/857/857 859/859/859 862/862/862
f 857/857/857 862/862/862 863/863/863
f 857/857/857 863/863/863 858/858/858
f 859/859/859 861/861/861 864/864/864
f 859/859/859 864/864/864 862/862/862
f 860/860/860 865/865/865 861/861/861
f 861/861/861 865/865/865 866/866/866
f 861/861/861 866/866/866 864/864/864
f 862/862/862 864/864/864 867/867/867
f 862/862/862 867/867/867 868/868/868
f 862/862/862 868/868/868 863/863/863
f 864/864/864 866/866/866 869/869/869
f 864/864/864 869/869/869 867/867/867
f 865/865/865 870/870/870 866/866/866
f 866/866/866 870/870/870 871/871/871
f 866/866/866 871/871/871 869/869/869
f 867/867/867 869/869/869 872/872/872
f 867/867/867 872/872/872 873/873/873
f 867/867/867 873/873/873 868/868/868
f 869/869/869 874/874/874 872/872/872
f 869/869/869 871/871/871 874/874/874
f 870/870/870 875/875/875 876/876/876
f 870/870/870 876/876/876 871/871/871
f 871/871/871 876/876/876 877/877/877
f 871/871/871 877/877/877 874/874/874
f 872/872/872 874/874/874 878/878/878
f 872/872/872 878/878/878 879/879/879
f 872/872/872 879/879/879 873/873/873
f 874/874/874 877/877/877 880/880/880
f 874/874/874 880/880/880 878/878/878
f 875/875/875 881/881/881 876/876/876
f 876/876/876 882/882/882 877/877/877
f 876/876/876 881/881/881 882/882/882
f 877/877/877 883/883/883 880/880/880
f 877/877/877 882/882/882 883/883/883
f 878/878/878 880/880/880 884/884/884
f 878/878/878 884/884/884 885/885/885
f 878/878/878 885/885/885 879/879/879
f 880/880/880 883/883/883 886/886/886
f 880/880/880 886/886/886 884/884/884
f 881/881/881 887/887/887 882/882/882
f 882/882/882 888/888/888 883/883/883
f 882/882/882 887/887/887 888/888/888
f 883/883/883 889/889/889 886/886/886
f 883/883/883 888/888/888 889/889/889
f 884/884/884 886/886/886 890/890/890
f 886/886/886 889/889/889 891/891/891
f 886/886/886 891/891/891 890/890/890
f 887/887/887 892/892/892 888/888/888
f 888/888/888 893/893/893 889/889/889
f 888/888/888 892/892/892 893/893/893
f 889/889/889 894/894/894 891/891/891
f 889/889/889 893/893/893 894/894/894
f 890/890/890 891/891/891 895/895/895
f 891/891/891 894/894/894 896/896/896
f 891/891/891 896/896/896 895/895/895
f 892/892/892 897/897/897 893/893/893
f 893/893/893 898/898/898 894/894/894
f 893/893/893 897/897/897 898/898/898
f 894/894/894 899/899/899 896/896/896
f 894/894/894 898/898/898 899/899/899
f 895/895/895 896/896/896 900/900/900
f 896/896/896 899/899/899 901/901/901
f 896/896/896 901/901/901 900/900/900
f 897/897/897 902/902/902 898/898/898
f 898/898/898 903/903/903 899/899/899
f 898/898/898 902/902/902 903/903/903
f 899/899/899 904/904/904 901/901/901
f 899/899/899 903/903/903 904/904/904
f 900/900/900 901/901/901 905/905/905
f 901/901/901 904/904/904 906/906/906
f 901/901/901 906/906/906 905/905/905
f 902/902/902 907/907/907 903/903/903
f 903/903/903 908/908/908 904/904/904
f 903/903/903 907/907/907 908/908/908
f 904/904/904 909/909/909 906/906/906
f 904/904/904 908/908/908 909/909/909
f 905/905/905 906/906/906 910/910/910
f 906/906/906 909/909/909 911/911/911
f 906/906/906 911/911/911 910/910/910
f 907/907/907 912/912/912 908/908/908
f 908/908/908 913/913/913 909/909/909
f 908/908/908 912/912/912 913/913/913
f 909/909/909 914/914/914 911/911/911
f 909/909/909 913/913/913 914/914/914
f 910/910/910 911/911/911 915/915/915
f 911/911/911 916/916/916 915/915/915
f 911/911/911 917/917/917 916/916/916
f 911/911/911 914/914/914 917/917/917
f 912/912/912 918/918/918 913/913/913
f 913/913/913 919/919/919 914/914/914
f 913/913/913 918/918/918 919/919/919
f 914/914/914 920/920/920 917/917/917
f 914/914/914 919/919/919 920/920/920
f 916/916/916 921/921/921 922/922/922
f 916/916/916 917/917/917 921/921/921
f 917/917/917 920/920/920 921/921/921
f 918/918/918 923/923/923 919/919/919
f 919/919/919 924/924/924 920/920/920
f 919/919/919 923/923/923 924/924/924
f 920/920/920 925/925/925 921/921/921
f 920/920/920 924/924/924 925/925/925
f 921/921/921 926/926/926 922/922/922
f 921/921/921 925/925/925 926/926/926
f 922/922/922 926/926/926 927/927/927
f 923/923/923 928/928/928 924/924/924
f 924/924/924 929/929/929 925/925/925
f 924/924/924 928/928/928 929/929/929
f 925/925/925 930/930/930 926/926/926
f 925/925/925 929/929/929 930/930/930
f 926/926/926 930/930/930 931/931/931
f 926/926/926 931/931/931 927/927/927
f 927/927/927 931/931/931 932/932/932
f 928/928/928 933/933/933 929/929/929
f 929/929/929 934/934/934 930/930/930
f 929/929/929 933/933/933 934/934/934
f 930/930/930 935/935/935 931/931/931
f 930/930/930 934/934/934 935/935/935
f 931/931/931 936/936/936 932/932/932
f 931/931/931 935/935/935 936/936/936
f 932/932/932 936/936/936 937/937/937
f 933/933/933 938/938/938 934/934/934
f 934/934/934 939/939/939 935/935/935
f 934/934/934 938/938/938 939/939/939
f 935/935/935 940/940/940 936/936/936
f 935/935/935 939/939/939 940/940/940
f 936/936/936 941/941/941 937/937/937
f 936/936/936 940/940/940 941/941/941
f 937/937/937 941/941/941 942/942/942
f 938/938/938 943/943/943 939/939/939
f 939/939/939 944/944/944 940/940/940
f 939/939/939 943/943/943 944/944/944
f 940/940/940 945/945/945 941/941/941
f 940/940/940 944/944/944 945/945/945
f 941/941/941 946/946/946 942/942/942
f 941/941/941 945/945/945 946/946/946
f 942/942/942 946/946/946 947/947/947
f 948/948/948 949/949/949 950/950/950
f 951/951/951 948/948/948 950/950/950
f 951/951/951 950/950/950 952/952/952
f 953/953/953 948/948/948 951/951/951
f 954/954/954 951/951/951 952/952/952
f 955/955/955 951/951/951 954/954/954
f 955/955/955 953/953/953 951/951/951
f 956/956/956 953/953/953 955/955/955
f 956/956/956 957/957/957 953/953/953
f 954/954/954 952/952/952 958/958/958
f 959/959/959 955/955/955 954/954/954
f 956/956/956 960/960/960 957/957/957
f 960/960/960 961/961/961 957/957/957
f 962/962/962 955/955/955 959/959/959
f 962/962/962 956/956/956 955/955/955
f 959/959/959 954/954/954 963/963/963
f 963/963/963 954/954/954 958/958/958
f 960/960/960 964/964/964 961/961/961
f 962/962/962 965/965/965 956/956/956
f 965/965/965 960/960/960 956/956/956
f 966/966/966 964/964/964 960/960/960
f 965/965/965 966/966/966 960/960/960
f 967/967/967 959/959/959 963/963/963
f 968/968/968 959/959/959 967/967/967
f 968/968/968 962/962/962 959/959/959
f 969/969/969 966/966/966 965/965/965
f 963/963/963 958/958/958 970/970/970
f 968/968/968 971/971/971 962/962/962
f 971/971/971 965/965/965 962/962/962
f 971/971/971 969/969/969 965/965/965
f 972/972/972 963/963/963 970/970/970
f 967/967/967 963/963/963 972/972/972
f 973/973/973 969/969/969 971/971/971
f 974/974/974 967/967/967 972/972/972
f 975/975/975 968/968/968 967/967/967
f 975/975/975 967/967/967 974/974/974
f 976/976/976 971/971/971 968/968/968
f 975/975/975 976/976/976 968/968/968
f 976/976/976 973/973/973 971/971/971
f 977/977/977 973/973/973 976/976/976
f 972/972/972 970/970/970 978/978/978
f 979/979/979 972/972/972 978/978/978
f 974/974/974 972/972/972 979/979/979
f 980/980/980 974/974/974 979/979/979
f 981/981/981 975/975/975 974/974/974
f 981/981/981 974/974/974 980/980/980
f 975/975/975 982/982/982 976/976/976
f 981/981/981 982/982/982 975/975/975
f 977/977/977 976/976/976 982/982/982
f 983/983/983 977/977/977 982/982/982
f 980/980/980 979/979/979 1/1/1
f 979/979/979 978/978/978 2/2/2
f 1/1/1 979/979/979 2/2/2
f 8/8/8 981/981/981 980/980/980
f 8/8/8 980/980/980 6/6/6
f 6/6/6 980/980/980 1/1/1
f 10/10/10 982/982/982 981/981/981
f 10/10/10 981/981/981 8/8/8
f 10/10/10 983/983/983 982/982/982
f 12/12/12 983/983/983 10/10/10
f 984/984/984 11/11/11 985/985/985
f 985/985/985 11/11/11 9/9/9
f 985/985/985 9/9/9 7/7/7
f 7/7/7 5/5/5 986/986/986
f 985/985/985 7/7/7 986/986/986
f 5/5/5 987/987/987 986/986/986
f 988/988/988 987/987/987 5/5/5
f 988/988/988 5/5/5 3/3/3
f 988/988/988 3/3/3 989/989/989
f 989/989/989 3/3/3 4/4/4
f 985/985/985 986/986/986 990/990/990
f 984/984/984 985/985/985 990/990/990
f 991/991/991 984/984/984 990/990/990
f 987/987/987 992/992/992 986/986/986
f 990/990/990 986/986/986 992/992/992
f 993/993/993 992/992/992 987/987/987
f 994/994/994 993/993/993 987/987/987
f 994/994/994 987/987/987 988/988/988
f 995/995/995 988/988/988 989/989/989
f 994/994/994 988/988/988 995/995/995
f 991/991/991 990/990/990 996/996/996
f 997/997/997 991/991/991 996/996/996
f 990/990/990 992/992/992 996/996/996
f 998/998/998 992/992/992 993/993/993
f 996/996/996 992/992/992 998/998/998
f 999/999/999 998/998/998 993/993/993
f 994/994/994 1000/1000/1000 993/993/993
f 1000/1000/1000 999/999/999 993/993/993
f 1001/1001/1001 997/997/997 1002/1002/1002
f 997/997/997 996/996/996 1002/1002/1002
f 1003/1003/1003 994/994/994 995/995/995
f 996/996/996 998/998/998 1002/1002/1002
f 1003/1003/1003 1000/1000/1000 994/994/994
f 1004/1004/1004 1002/1002/1002 998/998/998
f 1004/1004/1004 998/998/998 999/999/999
f 1005/1005/1005 1001/1001/1001 1006/1006/1006
f 1001/1001/1001 1002/1002/1002 1006/1006/1006
f 1007/1007/1007 1004/1004/1004 999/999/999
f 1006/1006/1006 1002/1002/1002 1004/1004/1004
f 26/26/26 1005/1005/1005 27/27/27
f 1008/1008/1008 1007/1007/1007 999/999/999
f 1000/1000/1000 1008/1008/1008 999/999/999
f 1005/1005/1005 1006/1006/1006 27/27/27
f 1009/1009/1009 1006/1006/1006 1004/1004/1004
f 1009/1009/1009 1004/1004/1004 1007/1007/1007
f 27/27/27 1006/1006/1006 1009/1009/1009
f 1010/1010/1010 1008/1008/1008 1000/1000/1000
f 1010/1010/1010 1000/1000/1000 1003/1003/1003
f 27/27/27 1009/1009/1009 29/29/29
f 1011/1011/1011 1009/1009/1009 1007/1007/1007
f 1011/1011/1011 29/29/29 1009/1009/1009
f 1012/1012/1012 1011/1011/1011 1007/1007/1007
f 1011/1011/1011 31/31/31 29/29/29
f 1008/1008/1008 1012/1012/1012 1007/1007/1007
f 1013/1013/1013 1012/1012/1012 1008/1008/1008
f 1012/1012/1012 34/34/34 1011/1011/1011
f 34/34/34 31/31/31 1011/1011/1011
f 1013/1013/1013 1008/1008/1008 1010/1010/1010
f 36/36/36 1012/1012/1012 1013/1013/1013
f 36/36/36 34/34/34 1012/1012/1012
f 19/19/19 1014/1014/1014 17/17/17
f 19/19/19 1015/1015/1015 1014/1014/1014
f 19/19/19 21/21/21 1015/1015/1015
f 17/17/17 1014/1014/1014 16/16/16
f 21/21/21 1016/1016/1016 1015/1015/1015
f 21/21/21 1017/1017/1017 1016/1016/1016
f 21/21/21 23/23/23 1017/1017/1017
f 16/16/16 1018/1018/1018 13/13/13
f 16/16/16 1014/1014/1014 1018/1018/1018
f 1016/1016/1016 1019/1019/1019 1015/1015/1015
f 1016/1016/1016 1020/1020/1020 1019/1019/1019
f 1016/1016/1016 1021/1021/1021 1020/1020/1020
f 1016/1016/1016 1017/1017/1017 1021/1021/1021
f 1015/1015/1015 1022/1022/1022 1014/1014/1014
f 1015/1015/1015 1019/1019/1019 1022/1022/1022
f 1014/1014/1014 1022/1022/1022 1018/1018/1018
f 1018/1018/1018 1023/1023/1023 13/13/13
f 1018/1018/1018 1024/1024/1024 1023/1023/1023
f 1018/1018/1018 1022/1022/1022 1024/1024/1024
f 1019/1019/1019 1025/1025/1025 1022/1022/1022
f 1019/1019/1019 1026/1026/1026 1025/1025/1025
f 1019/1019/1019 1020/1020/1020 1026/1026/1026
f 1020/1020/1020 1027/1027/1027 1026/1026/1026
f 1020/1020/1020 1021/1021/1021 1028/1028/1028
f 1020/1020/1020 1028/1028/1028 1027/1027/1027
f 1022/1022/1022 1025/1025/1025 1024/1024/1024
f 1023/1023/1023 1024/1024/1024 1029/1029/1029
f 1024/1024/1024 1030/1030/1030 1029/1029/1029
f 1024/1024/1024 1025/1025/1025 1030/1030/1030
f 1025/1025/1025 1031/1031/1031 1030/1030/1030
f 1025/1025/1025 1026/1026/1026 1031/1031/1031
f 1026/1026/1026 1027/1027/1027 1032/1032/1032
f 1026/1026/1026 1032/1032/1032 1031/1031/1031
f 1027/1027/1027 1033/1033/1033 1032/1032/1032
f 1027/1027/1027 1034/1034/1034 1033/1033/1033
f 1027/1027/1027 1028/1028/1028 1034/1034/1034
f 1029/1029/1029 1030/1030/1030 1035/1035/1035
f 1030/1030/1030 1036/1036/1036 1035/1035/1035
f 1030/1030/1030 1031/1031/1031 1036/1036/1036
f 1031/1031/1031 1037/1037/1037 1036/1036/1036
f 1031/1031/1031 1032/1032/1032 1037/1037/1037
f 1032/1032/1032 1033/1033/1033 1038/1038/1038
f 1032/1032/1032 1038/1038/1038 1037/1037/1037
f 1033/1033/1033 1034/1034/1034 1039/1039/1039
f 1033/1033/1033 1040/1040/1040 1038/1038/1038
f 1033/1033/1033 1039/1039/1039 1040/1040/1040
f 1035/1035/1035 1036/1036/1036 1041/1041/1041
f 1036/1036/1036 1042/1042/1042 1041/1041/1041
f 1036/1036/1036 1037/1037/1037 1042/1042/1042
f 1037/1037/1037 44/44/44 1042/1042/1042
f 1037/1037/1037 1038/1038/1038 44/44/44
f 1038/1038/1038 42/42/42 44/44/44
f 1038/1038/1038 1040/1040/1040 42/42/42
f 1039/1039/1039 38/38/38 1040/1040/1040
f 1040/1040/1040 37/37/37 42/42/42
f 1040/1040/1040 38/38/38 37/37/37
f 1041/1041/1041 1042/1042/1042 1043/1043/1043
f 1042/1042/1042 44/44/44 45/45/45
f 1042/1042/1042 45/45/45 1043/1043/1043
f 1043/1043/1043 45/45/45 48/48/48
f 40/40/40 1044/1044/1044 1045/1045/1045
f 40/40/40 39/39/39 1044/1044/1044
f 41/41/41 40/40/40 1046/1046/1046
f 1046/1046/1046 40/40/40 1045/1045/1045
f 1047/1047/1047 41/41/41 1046/1046/1046
f 46/46/46 43/43/43 1047/1047/1047
f 43/43/43 41/41/41 1047/1047/1047
f 46/46/46 1047/1047/1047 1048/1048/1048
f 47/47/47 46/46/46 1048/1048/1048
f 47/47/47 1048/1048/1048 1049/1049/1049
f 1045/1045/1045 1044/1044/1044 1050/1050/1050
f 1045/1045/1045 1050/1050/1050 1051/1051/1051
f 1046/1046/1046 1045/1045/1045 1052/1052/1052
f 1045/1045/1045 1051/1051/1051 1052/1052/1052
f 1047/1047/1047 1046/1046/1046 1053/1053/1053
f 1046/1046/1046 1052/1052/1052 1053/1053/1053
f 1048/1048/1048 1047/1047/1047 1053/1053/1053
f 1048/1048/1048 1054/1054/1054 1049/1049/1049
f 1048/1048/1048 1053/1053/1053 1054/1054/1054
f 1049/1049/1049 1054/1054/1054 1055/1055/1055
f 1050/1050/1050 1056/1056/1056 1051/1051/1051
f 1051/1051/1051 1056/1056/1056 1057/1057/1057
f 1051/1051/1051 1057/1057/1057 1058/1058/1058
f 1051/1051/1051 1058/1058/1058 1052/1052/1052
f 1052/1052/1052 1058/1058/1058 1053/1053/1053
f 1053/1053/1053 1059/1059/1059 1054/1054/1054
f 1058/1058/1058 1059/1059/1059 1053/1053/1053
f 1056/1056/1056 1060/1060/1060 1057/1057/1057
f 1059/1059/1059 1061/1061/1061 1054/1054/1054
f 1055/1055/1055 1054/1054/1054 1061/1061/1061
f 1060/1060/1060 1062/1062/1062 1057/1057/1057
f 1057/1057/1057 1062/1062/1062 1063/1063/1063
f 1055/1055/1055 1061/1061/1061 1064/1064/1064
f 1057/1057/1057 1063/1063/1063 1058/1058/1058
f 1060/1060/1060 1065/1065/1065 1062/1062/1062
f 1063/1063/1063 1066/1066/1066 1058/1058/1058
f 1058/1058/1058 1066/1066/1066 1059/1059/1059
f 1059/1059/1059 1066/1066/1066 1061/1061/1061
f 1065/1065/1065 1067/1067/1067 1062/1062/1062
f 1065/1065/1065 25/25/25 1067/1067/1067
f 1067/1067/1067 1068/1068/1068 1062/1062/1062
f 1062/1062/1062 1068/1068/1068 1063/1063/1063
f 25/25/25 28/28/28 1067/1067/1067
f 1069/1069/1069 1061/1061/1061 1066/1066/1066
f 1064/1064/1064 1061/1061/1061 1069/1069/1069
f 1063/1063/1063 1068/1068/1068 1070/1070/1070
f 1067/1067/1067 30/30/30 1068/1068/1068
f 1063/1063/1063 1070/1070/1070 1066/1066/1066
f 28/28/28 30/30/30 1067/1067/1067
f 1064/1064/1064 1069/1069/1069 1071/1071/1071
f 1070/1070/1070 1069/1069/1069 1066/1066/1066
f 1068/1068/1068 32/32/32 1070/1070/1070
f 1068/1068/1068 30/30/30 32/32/32
f 1070/1070/1070 1072/1072/1072 1069/1069/1069
f 1070/1070/1070 32/32/32 1072/1072/1072
f 1071/1071/1071 1069/1069/1069 1072/1072/1072
f 32/32/32 33/33/33 1072/1072/1072
f 1071/1071/1071 1072/1072/1072 1073/1073/1073
f 1073/1073/1073 1072/1072/1072 33/33/33
f 1073/1073/1073 33/33/33 35/35/35
