# Pieza completa de un material COLLADA para Raylib
o CourseSelectWaveW1_WaterEdge01
v -1.8979201 -0.1233049 -0.3398141
v -1.0002148 -0.1233049 -0.3398141
v -1.0238658 -0.1233049 -0.3665403
v -1.8979201 -0.1233049 -0.3665027
v -1.8979201 -0.1233049 -0.3201276
v -0.9794607 -0.1233049 -0.3201276
v -1.8979201 -0.1233049 -0.3128238
v -0.9517643 -0.1233049 -0.3128238
v 0.6507491 -0.1233050 -1.2180290
v 1.7254878 -0.1233050 -1.2447323
v 0.6507491 -0.1233050 -1.2447175
v 1.7254878 -0.1233050 -1.2180364
v 0.6507491 -0.1233050 -1.1983429
v 1.7254878 -0.1233050 -1.1983447
v 0.6507491 -0.1233050 -1.1910389
v 1.7254878 -0.1233050 -1.1910389
v 1.7282329 -0.1233050 0.2832794
v 2.5177237 -0.1233050 0.2832794
v 2.5177237 -0.1233050 0.2759756
v 1.7005366 -0.1233050 0.2759756
v 1.7489865 -0.1233050 0.3029660
v 2.5177237 -0.1233050 0.3029660
v 1.7726381 -0.1233050 0.3296922
v 2.5177237 -0.1233050 0.3296545
v -0.9664766 -0.1239203 -1.0667420
v -0.9609131 -0.1239203 -1.0691783
v -0.9664772 -0.1239203 -1.0739710
v -0.9609948 -0.1239203 -1.0774526
v -0.9674383 -0.1239203 -1.0815740
v -0.9632333 -0.1239203 -1.0859025
v -0.9747932 -0.1239203 -1.0849739
v -0.9715260 -0.1239203 -1.0905791
v -0.9826032 -0.1239203 -1.0849745
v -0.9661265 -0.1239203 -1.0993932
v -0.9564944 -0.1239203 -1.0926408
v -0.9521795 -0.1239203 -1.0827593
v -0.9519756 -0.1239203 -1.0724148
v -0.9811993 -0.1239203 -1.0906608
v -0.9779609 -0.1239203 -1.0995965
v -1.0933983 -0.1239203 -1.0906608
v -1.0933983 -0.1239203 -1.0849745
v -0.9596154 -0.1239203 -1.1094534
v -0.9475047 -0.1239203 -1.1021685
v -0.9426585 -0.1239203 -1.0893545
v -0.9422993 -0.1239203 -1.0749586
v -1.0933983 -0.1239203 -1.0995971
v -1.0933983 -0.1239203 -1.1098120
v -0.9746833 -0.1239203 -1.1098120
v -1.2164762 -0.1239203 -1.0849745
v -1.2211184 -0.1239203 -1.0995971
v -1.2178801 -0.1239203 -1.0906608
v -1.2243961 -0.1239203 -1.1098120
v -1.2275533 -0.1239203 -1.0905797
v -1.2242861 -0.1239203 -1.0849739
v -1.2394639 -0.1239203 -1.1094534
v -1.2329528 -0.1239203 -1.0993932
v -1.2358460 -0.1239203 -1.0859031
v -1.2316410 -0.1239203 -1.0815746
v -1.2515747 -0.1239203 -1.1021691
v -1.2425849 -0.1239203 -1.0926408
v -1.2380845 -0.1239203 -1.0774526
v -1.2326021 -0.1239203 -1.0739710
v -1.2564208 -0.1239203 -1.0893545
v -1.2468999 -0.1239203 -1.0827593
v -1.2381662 -0.1239203 -1.0691777
v -1.2326021 -0.1239203 -1.0667414
v -1.2567801 -0.1239203 -1.0749586
v -1.2471037 -0.1239203 -1.0724142
v -1.2381662 -0.1239203 -1.0440319
v -1.2326021 -0.1239203 -1.0440319
v -1.2567801 -0.1239203 -1.0440319
v -1.2471037 -0.1239203 -1.0440319
v -1.2471037 -0.1239203 -1.0156489
v -1.2381662 -0.1239203 -1.0188854
v -1.2326021 -0.1239203 -1.0213217
v -1.2567801 -0.1239203 -1.0131046
v -1.2468999 -0.1239203 -1.0053038
v -1.2380845 -0.1239203 -1.0106106
v -1.2326021 -0.1239203 -1.0140927
v -1.2564208 -0.1239203 -0.9987086
v -1.2425849 -0.1239203 -0.9954224
v -1.2358460 -0.1239203 -1.0021607
v -1.2316410 -0.1239203 -1.0064891
v -1.2515747 -0.1239203 -0.9858947
v -1.2329528 -0.1239203 -0.9886705
v -1.2275533 -0.1239203 -0.9974840
v -1.2242861 -0.1239203 -1.0030892
v -1.2394639 -0.1239203 -0.9786104
v -1.2211184 -0.1239203 -0.9884679
v -1.2178801 -0.1239203 -0.9973931
v -1.2164762 -0.1239203 -1.0030573
v -1.2243961 -0.1239203 -0.9782671
v -1.1689936 -0.1239203 -0.9884636
v -1.1606776 -0.1239203 -0.9974042
v -1.1550398 -0.1239203 -1.0030647
v -1.1800050 -0.1239203 -0.9782339
v -1.1646596 -0.1239203 -0.9782210
v -1.1549833 -0.1239203 -0.9884691
v -1.1460458 -0.1239203 -0.9974208
v -1.1404817 -0.1239203 -1.0030892
v -1.1646596 -0.1239203 -0.9615902
v -1.1549833 -0.1239203 -0.9729818
v -1.1460458 -0.1239203 -0.9821847
v -1.1404817 -0.1239203 -0.9882431
v -1.1646596 -0.1239203 -0.9209841
v -1.1549833 -0.1239203 -0.9235285
v -1.1460458 -0.1239203 -0.9267650
v -1.1404817 -0.1239203 -0.9292013
v -1.1643004 -0.1239203 -0.9065881
v -1.1547794 -0.1239203 -0.9131834
v -1.1459641 -0.1239203 -0.9184901
v -1.1404817 -0.1239203 -0.9219723
v -1.1594542 -0.1239203 -0.8937742
v -1.1504645 -0.1239203 -0.9033019
v -1.1437256 -0.1239203 -0.9100402
v -1.1395206 -0.1239203 -0.9143686
v -1.1473434 -0.1239203 -0.8864899
v -1.1408324 -0.1239203 -0.8965501
v -1.1354329 -0.1239203 -0.9053636
v -1.1321657 -0.1239203 -0.9109688
v -1.1322756 -0.1239203 -0.8861313
v -1.1289980 -0.1239203 -0.8963462
v -1.1257596 -0.1239203 -0.9052819
v -1.1243557 -0.1239203 -0.9109688
v -1.0074192 -0.1239203 -0.8861313
v -1.0074192 -0.1239203 -0.8963462
v -1.0074192 -0.1239203 -0.9052819
v -1.0074192 -0.1239203 -0.9109688
v -0.8858405 -0.1239203 -0.8963456
v -0.8825628 -0.1239203 -0.8861307
v -0.8904827 -0.1239203 -0.9109688
v -0.8890788 -0.1239203 -0.9052819
v -0.8794056 -0.1239203 -0.9053629
v -0.8740061 -0.1239203 -0.8965495
v -0.8674950 -0.1239203 -0.8864899
v -0.8826728 -0.1239203 -0.9109688
v -0.8711129 -0.1239203 -0.9100396
v -0.8643739 -0.1239203 -0.9033019
v -0.8553842 -0.1239203 -0.8937736
v -0.8753179 -0.1239203 -0.9143686
v -0.8688743 -0.1239203 -0.9184901
v -0.8600590 -0.1239203 -0.9131834
v -0.8505381 -0.1239203 -0.9065881
v -0.8743567 -0.1239203 -0.9219717
v -0.8687927 -0.1239203 -0.9267650
v -0.8598551 -0.1239203 -0.9235285
v -0.8501788 -0.1239203 -0.9209841
v -0.8743567 -0.1239203 -0.9292013
v -0.8743567 -0.1239203 -0.9519108
v -0.8687927 -0.1239203 -0.9519108
v -0.8598551 -0.1239203 -0.9519108
v -0.8501788 -0.1239203 -0.9519108
v -0.8687927 -0.1239203 -0.9770572
v -0.8743567 -0.1239203 -0.9746209
v -0.8598551 -0.1239203 -0.9802937
v -0.8501788 -0.1239203 -0.9828381
v -0.8688743 -0.1239203 -0.9853321
v -0.8743567 -0.1239203 -0.9818506
v -0.8600590 -0.1239203 -0.9906389
v -0.8505381 -0.1239203 -0.9972341
v -0.8753179 -0.1239203 -0.9894536
v -0.8711129 -0.1239203 -0.9937820
v -0.8643739 -0.1239203 -1.0005203
v -0.8553842 -0.1239203 -1.0100480
v -0.8826728 -0.1239203 -0.9928534
v -0.8794056 -0.1239203 -0.9984587
v -0.8740061 -0.1239203 -1.0072727
v -0.8674950 -0.1239203 -1.0173329
v -0.8904821 -0.1239203 -0.9928860
v -0.8890788 -0.1239203 -0.9985495
v -0.8858405 -0.1239203 -1.0074748
v -0.8825622 -0.1239203 -1.0176762
v -0.9462807 -0.1239203 -0.9985391
v -0.9519185 -0.1239203 -0.9928786
v -0.9379647 -0.1239203 -1.0074797
v -0.9269538 -0.1239203 -1.0177094
v -0.9664766 -0.1239203 -0.9928540
v -0.9609131 -0.1239203 -0.9985225
v -0.9519750 -0.1239203 -1.0074742
v -0.9422993 -0.1239203 -1.0177223
v -0.9664766 -0.1239203 -0.9928540
v -0.9609131 -0.1239203 -1.0137586
v -0.9664766 -0.1239203 -1.0077002
v -0.9609131 -0.1239203 -0.9985225
v -0.9664766 -0.1239203 -1.0667420
v -0.9609131 -0.1239203 -1.0691783
v -0.9519750 -0.1239203 -1.0229615
v -0.9519756 -0.1239203 -1.0724148
v -0.9519750 -0.1239203 -1.0074742
v -0.9422993 -0.1239203 -1.0177223
v -0.9422993 -0.1239203 -1.0343531
v -0.9422993 -0.1239203 -1.0749586
v -0.9152988 -0.1239203 -0.6857857
v -0.8904827 -0.1239203 -0.6857857
v -0.9152988 -0.1239203 -0.6914726
v -0.8890788 -0.1239203 -0.6914723
v -0.8826728 -0.1239203 -0.6857854
v -0.8794056 -0.1239203 -0.6913909
v -0.8858405 -0.1239203 -0.7004083
v -0.9152988 -0.1239203 -0.7004086
v -0.8711129 -0.1239203 -0.6867143
v -0.8753179 -0.1239203 -0.6823858
v -0.8740061 -0.1239203 -0.7002045
v -0.9152988 -0.1239203 -0.7106235
v -0.8825622 -0.1239203 -0.7106234
v -0.8674950 -0.1239203 -0.7102646
v -0.8688743 -0.1239203 -0.6782639
v -0.8643739 -0.1239203 -0.6934520
v -0.8743561 -0.1239203 -0.6747824
v -0.8553848 -0.1239203 -0.7029803
v -0.8687927 -0.1239203 -0.6699893
v -0.8600590 -0.1239203 -0.6835707
v -0.8505375 -0.1239203 -0.6901660
v -0.8743561 -0.1239203 -0.6675531
v -0.8743561 -0.1239203 -0.6448431
v -0.8687927 -0.1239203 -0.6448431
v -0.8598551 -0.1239203 -0.6732259
v -0.8501794 -0.1239203 -0.6757699
v -0.8687927 -0.1239203 -0.6196968
v -0.8743561 -0.1239203 -0.6221331
v -0.8598551 -0.1239203 -0.6164602
v -0.8598551 -0.1239203 -0.6448431
v -0.8501794 -0.1239203 -0.6448431
v -0.8743561 -0.1239203 -0.6149039
v -0.8688743 -0.1239203 -0.6114222
v -0.8600590 -0.1239203 -0.6061155
v -0.8501794 -0.1239203 -0.6139162
v -0.8753179 -0.1239203 -0.6073005
v -0.8711129 -0.1239203 -0.6029718
v -0.8643739 -0.1239203 -0.5962341
v -0.8505375 -0.1239203 -0.5995201
v -0.8826728 -0.1239203 -0.6039007
v -0.8794056 -0.1239203 -0.5982952
v -0.8740061 -0.1239203 -0.5894818
v -0.8553848 -0.1239203 -0.5867059
v -0.8904827 -0.1239203 -0.6039010
v -0.8890788 -0.1239203 -0.5982138
v -0.8858405 -0.1239203 -0.5892779
v -0.8674950 -0.1239203 -0.5794217
v -0.9152988 -0.1239203 -0.6039010
v -0.9152988 -0.1239203 -0.5982141
v -0.9152988 -0.1239203 -0.5892782
v -0.9152988 -0.1239203 -0.5790633
v -0.8825622 -0.1239203 -0.5790629
v -0.9401148 -0.1239203 -0.6039010
v -0.9447570 -0.1239203 -0.5892779
v -0.9415187 -0.1239203 -0.5982139
v -0.9480353 -0.1239203 -0.5790631
v -0.9479247 -0.1239203 -0.6039008
v -0.9511920 -0.1239203 -0.5982953
v -0.9565914 -0.1239203 -0.5894819
v -0.9631025 -0.1239203 -0.5794218
v -0.9552796 -0.1239203 -0.6073006
v -0.9594846 -0.1239203 -0.6029719
v -0.9752127 -0.1239203 -0.5867060
v -0.9662236 -0.1239203 -0.5962343
v -0.9617232 -0.1239203 -0.6114223
v -0.9562414 -0.1239203 -0.6149040
v -0.9800600 -0.1239203 -0.5995203
v -0.9705385 -0.1239203 -0.6061155
v -0.9618048 -0.1239203 -0.6196969
v -0.9562414 -0.1239203 -0.6221332
v -0.9804181 -0.1239203 -0.6139164
v -0.9707424 -0.1239203 -0.6164603
v -0.9618048 -0.1239203 -0.6448432
v -0.9562414 -0.1239203 -0.6448432
v -0.9804181 -0.1239203 -0.6448432
v -0.9707424 -0.1239203 -0.6448432
v -0.9618048 -0.1239203 -0.6699895
v -0.9707424 -0.1239203 -0.6732260
v -0.9562414 -0.1239203 -0.6675532
v -0.9804181 -0.1239203 -0.6757700
v -0.9617232 -0.1239203 -0.6782640
v -0.9705385 -0.1239203 -0.6835708
v -0.9562414 -0.1239203 -0.6747825
v -0.9800600 -0.1239203 -0.6901661
v -0.9662236 -0.1239203 -0.6934521
v -0.9594846 -0.1239203 -0.6867144
v -0.9552796 -0.1239203 -0.6823859
v -0.9752127 -0.1239203 -0.7029804
v -0.9565914 -0.1239203 -0.7002047
v -0.9511920 -0.1239203 -0.6913911
v -0.9479247 -0.1239203 -0.6857855
v -0.9631025 -0.1239203 -0.7102648
v -0.9447570 -0.1239203 -0.7004084
v -0.9415187 -0.1239203 -0.6914724
v -0.9401148 -0.1239203 -0.6857857
v -0.9480353 -0.1239203 -0.7106235
v -0.9152988 -0.1239203 -0.7106235
v -0.9152988 -0.1239203 -0.6914726
v -0.9152988 -0.1239203 -0.7004086
v -0.9152988 -0.1239203 -0.6857857
v -0.1169214 -0.1239203 -1.3306291
v 0.0000150 -0.1239203 -1.3306291
v -0.1169214 -0.1239203 -1.3363160
v 0.0014190 -0.1239203 -1.3363154
v 0.0110922 -0.1239203 -1.3362343
v 0.0078250 -0.1239203 -1.3306284
v 0.0046573 -0.1239203 -1.3452517
v -0.1169214 -0.1239203 -1.3452517
v 0.0164917 -0.1239203 -1.3450478
v 0.0193849 -0.1239203 -1.3315576
v 0.0151799 -0.1239203 -1.3272292
v -0.1169214 -0.1239203 -1.3554666
v 0.0079356 -0.1239203 -1.3554666
v 0.0230028 -0.1239203 -1.3551079
v 0.0261238 -0.1239203 -1.3382953
v 0.0351129 -0.1239203 -1.3478237
v 0.0216234 -0.1239203 -1.3231071
v 0.0161410 -0.1239203 -1.3196256
v 0.0304387 -0.1239203 -1.3284139
v 0.0399603 -0.1239203 -1.3350091
v 0.0217051 -0.1239203 -1.3148329
v 0.0161410 -0.1239203 -1.3123966
v 0.0306426 -0.1239203 -1.3180694
v 0.0403184 -0.1239203 -1.3206131
v 0.0161410 -0.1239203 -1.2896864
v 0.0217051 -0.1239203 -1.2896864
v 0.0306426 -0.1239203 -1.2896864
v 0.0403184 -0.1239203 -1.2896864
v 0.0217051 -0.1239203 -1.2645400
v 0.0161410 -0.1239203 -1.2669763
v 0.0306426 -0.1239203 -1.2613035
v 0.0403184 -0.1239203 -1.2587591
v 0.0161410 -0.1239203 -1.2597473
v 0.0216234 -0.1239203 -1.2562657
v 0.0304387 -0.1239203 -1.2509584
v 0.0399603 -0.1239203 -1.2443632
v 0.0151799 -0.1239203 -1.2521437
v 0.0193849 -0.1239203 -1.2478152
v 0.0261238 -0.1239203 -1.2410775
v 0.0351129 -0.1239203 -1.2315492
v 0.0078250 -0.1239203 -1.2487438
v 0.0110922 -0.1239203 -1.2431386
v 0.0164917 -0.1239203 -1.2343251
v 0.0230028 -0.1239203 -1.2242649
v 0.0000150 -0.1239203 -1.2487444
v 0.0014190 -0.1239203 -1.2430569
v 0.0046573 -0.1239203 -1.2341212
v 0.0079356 -0.1239203 -1.2239063
v -0.1169214 -0.1239203 -1.2487444
v -0.1169214 -0.1239203 -1.2430575
v -0.1169214 -0.1239203 -1.2341212
v -0.1169214 -0.1239203 -1.2239063
v -0.2338579 -0.1239203 -1.2487444
v -0.2385002 -0.1239203 -1.2341212
v -0.2352618 -0.1239203 -1.2430569
v -0.2417784 -0.1239203 -1.2239063
v -0.2449351 -0.1239203 -1.2431386
v -0.2416679 -0.1239203 -1.2487438
v -0.2503346 -0.1239203 -1.2343251
v -0.2568457 -0.1239203 -1.2242649
v -0.2532278 -0.1239203 -1.2478152
v -0.2490228 -0.1239203 -1.2521437
v -0.2689558 -0.1239203 -1.2315492
v -0.2599667 -0.1239203 -1.2410775
v -0.2554663 -0.1239203 -1.2562657
v -0.2499839 -0.1239203 -1.2597473
v -0.2738032 -0.1239203 -1.2443632
v -0.2642816 -0.1239203 -1.2509590
v -0.2555480 -0.1239203 -1.2645400
v -0.2499839 -0.1239203 -1.2669763
v -0.2741612 -0.1239203 -1.2587598
v -0.2644855 -0.1239203 -1.2613035
v -0.2555480 -0.1239203 -1.2896864
v -0.2499839 -0.1239203 -1.2896864
v -0.2741612 -0.1239203 -1.2896864
v -0.2644855 -0.1239203 -1.2896864
v -0.2555480 -0.1239203 -1.3148329
v -0.2644855 -0.1239203 -1.3180694
v -0.2499839 -0.1239203 -1.3123966
v -0.2741612 -0.1239203 -1.3206131
v -0.2554663 -0.1239203 -1.3231071
v -0.2642816 -0.1239203 -1.3284139
v -0.2499839 -0.1239203 -1.3196256
v -0.2738032 -0.1239203 -1.3350091
v -0.2599667 -0.1239203 -1.3382953
v -0.2532278 -0.1239203 -1.3315576
v -0.2490228 -0.1239203 -1.3272292
v -0.2689558 -0.1239203 -1.3478237
v -0.2503346 -0.1239203 -1.3450478
v -0.2449351 -0.1239203 -1.3362343
v -0.2416679 -0.1239203 -1.3306291
v -0.2568457 -0.1239203 -1.3551079
v -0.2385002 -0.1239203 -1.3452517
v -0.2338579 -0.1239203 -1.3306291
v -0.2352618 -0.1239203 -1.3363154
v -0.2417784 -0.1239203 -1.3554666
v -0.1169214 -0.1239203 -1.3554666
v -0.1169214 -0.1239203 -1.3363160
v -0.1169214 -0.1239203 -1.3452517
v -0.1169214 -0.1239203 -1.3306291
v 2.3396241 -0.1239203 -1.4227495
v 2.4565606 -0.1239203 -1.4227495
v 2.3396241 -0.1239203 -1.4284364
v 2.4579645 -0.1239203 -1.4284358
v 2.4643706 -0.1239203 -1.4227489
v 2.4676378 -0.1239203 -1.4283547
v 2.4612029 -0.1239203 -1.4373721
v 2.3396241 -0.1239203 -1.4373721
v 2.4717255 -0.1239203 -1.4193497
v 2.4759305 -0.1239203 -1.4236781
v 2.4730373 -0.1239203 -1.4371682
v 2.3396241 -0.1239203 -1.4475870
v 2.4644811 -0.1239203 -1.4475870
v 2.4795484 -0.1239203 -1.4472284
v 2.4781690 -0.1239203 -1.4152276
v 2.4726872 -0.1239203 -1.4117460
v 2.4826694 -0.1239203 -1.4304158
v 2.4916585 -0.1239203 -1.4399441
v 2.4782507 -0.1239203 -1.4069533
v 2.4869843 -0.1239203 -1.4205343
v 2.4726872 -0.1239203 -1.4045170
v 2.4965059 -0.1239203 -1.4271295
v 2.4726872 -0.1239203 -1.3818069
v 2.4782507 -0.1239203 -1.3818069
v 2.4871882 -0.1239203 -1.4101898
v 2.4968639 -0.1239203 -1.4127336
v 2.4782507 -0.1239203 -1.3566605
v 2.4726872 -0.1239203 -1.3590967
v 2.4871882 -0.1239203 -1.3534240
v 2.4871882 -0.1239203 -1.3818069
v 2.4968639 -0.1239203 -1.3818069
v 2.4726872 -0.1239203 -1.3518677
v 2.4781690 -0.1239203 -1.3483862
v 2.4869843 -0.1239203 -1.3430788
v 2.4968639 -0.1239203 -1.3508796
v 2.4717255 -0.1239203 -1.3442641
v 2.4759305 -0.1239203 -1.3399357
v 2.4826694 -0.1239203 -1.3331980
v 2.4965059 -0.1239203 -1.3364836
v 2.4643706 -0.1239203 -1.3408643
v 2.4676378 -0.1239203 -1.3352590
v 2.4730373 -0.1239203 -1.3264456
v 2.4916585 -0.1239203 -1.3236697
v 2.4565606 -0.1239203 -1.3408649
v 2.4579645 -0.1239203 -1.3351774
v 2.4612029 -0.1239203 -1.3262417
v 2.4795484 -0.1239203 -1.3163854
v 2.3396241 -0.1239203 -1.3408649
v 2.3396241 -0.1239203 -1.3351780
v 2.3396241 -0.1239203 -1.3262417
v 2.3396241 -0.1239203 -1.3160267
v 2.4644811 -0.1239203 -1.3160267
v 2.2226877 -0.1239203 -1.3408649
v 2.2180454 -0.1239203 -1.3262417
v 2.2212837 -0.1239203 -1.3351774
v 2.2147671 -0.1239203 -1.3160267
v 2.2148777 -0.1239203 -1.3408643
v 2.2116105 -0.1239203 -1.3352590
v 2.2062110 -0.1239203 -1.3264456
v 2.1996999 -0.1239203 -1.3163854
v 2.2033178 -0.1239203 -1.3399357
v 2.2075228 -0.1239203 -1.3442641
v 2.1965789 -0.1239203 -1.3331980
v 2.1875898 -0.1239203 -1.3236697
v 2.2010793 -0.1239203 -1.3483862
v 2.2065611 -0.1239203 -1.3518677
v 2.1827424 -0.1239203 -1.3364836
v 2.1922640 -0.1239203 -1.3430795
v 2.2009976 -0.1239203 -1.3566605
v 2.2065611 -0.1239203 -1.3590967
v 2.1823844 -0.1239203 -1.3508802
v 2.1920601 -0.1239203 -1.3534240
v 2.2009976 -0.1239203 -1.3818069
v 2.2065611 -0.1239203 -1.3818069
v 2.1823844 -0.1239203 -1.3818069
v 2.1920601 -0.1239203 -1.3818069
v 2.1920601 -0.1239203 -1.4101898
v 2.2009976 -0.1239203 -1.4069533
v 2.2065611 -0.1239203 -1.4045170
v 2.1823844 -0.1239203 -1.4127336
v 2.1922640 -0.1239203 -1.4205343
v 2.2010793 -0.1239203 -1.4152276
v 2.2065611 -0.1239203 -1.4117460
v 2.1827424 -0.1239203 -1.4271295
v 2.1965789 -0.1239203 -1.4304158
v 2.2033178 -0.1239203 -1.4236781
v 2.2075228 -0.1239203 -1.4193497
v 2.1875898 -0.1239203 -1.4399441
v 2.2062110 -0.1239203 -1.4371682
v 2.2116105 -0.1239203 -1.4283547
v 2.2148777 -0.1239203 -1.4227495
v 2.1996999 -0.1239203 -1.4472284
v 2.2180454 -0.1239203 -1.4373721
v 2.2226877 -0.1239203 -1.4227495
v 2.2212837 -0.1239203 -1.4284364
v 2.2147671 -0.1239203 -1.4475870
v 2.3396241 -0.1239203 -1.4475870
v 2.3396241 -0.1239203 -1.4284364
v 2.3396241 -0.1239203 -1.4373721
v 2.3396241 -0.1239203 -1.4227495
v -2.3114353 -0.1239203 -0.2622231
v -2.3058718 -0.1239203 -0.2646594
v -2.3114359 -0.1239203 -0.2694522
v -2.3059535 -0.1239203 -0.2729337
v -2.3123964 -0.1239203 -0.2770556
v -2.3081920 -0.1239203 -0.2813841
v -2.3197519 -0.1239203 -0.2804552
v -2.3164847 -0.1239203 -0.2860607
v -2.3275619 -0.1239203 -0.2804555
v -2.3014531 -0.1239203 -0.2881218
v -2.3110852 -0.1239203 -0.2948743
v -2.2971382 -0.1239203 -0.2782405
v -2.2969343 -0.1239203 -0.2678959
v -2.3229196 -0.1239203 -0.2950780
v -2.3261580 -0.1239203 -0.2861421
v -2.4383570 -0.1239203 -0.2861424
v -2.4383570 -0.1239203 -0.2804555
v -2.2876172 -0.1239203 -0.2848358
v -2.2924634 -0.1239203 -0.2976500
v -2.3045742 -0.1239203 -0.3049344
v -2.2872580 -0.1239203 -0.2704399
v -2.3196414 -0.1239203 -0.3052932
v -2.4383570 -0.1239203 -0.3052933
v -2.4383570 -0.1239203 -0.2950784
v -2.5614349 -0.1239203 -0.2804555
v -2.5660771 -0.1239203 -0.2950782
v -2.5628388 -0.1239203 -0.2861422
v -2.5693554 -0.1239203 -0.3052933
v -2.5725120 -0.1239203 -0.2860609
v -2.5692448 -0.1239203 -0.2804553
v -2.5844226 -0.1239203 -0.3049346
v -2.5779115 -0.1239203 -0.2948745
v -2.5808047 -0.1239203 -0.2813842
v -2.5766003 -0.1239203 -0.2770557
v -2.5965334 -0.1239203 -0.2976501
v -2.5875436 -0.1239203 -0.2881219
v -2.5830433 -0.1239203 -0.2729338
v -2.5775609 -0.1239203 -0.2694523
v -2.6013795 -0.1239203 -0.2848358
v -2.5918586 -0.1239203 -0.2782406
v -2.5831249 -0.1239203 -0.2646592
v -2.5775609 -0.1239203 -0.2622230
v -2.6017388 -0.1239203 -0.2704398
v -2.5920625 -0.1239203 -0.2678958
v -2.5831249 -0.1239203 -0.2395129
v -2.5775609 -0.1239203 -0.2395129
v -2.6017388 -0.1239203 -0.2395129
v -2.5920625 -0.1239203 -0.2395129
v -2.5831249 -0.1239203 -0.2143667
v -2.5920625 -0.1239203 -0.2111301
v -2.5775609 -0.1239203 -0.2168029
v -2.6017388 -0.1239203 -0.2085861
v -2.5775609 -0.1239203 -0.2095738
v -2.5830433 -0.1239203 -0.2060921
v -2.5918586 -0.1239203 -0.2007853
v -2.6013795 -0.1239203 -0.1941901
v -2.5766003 -0.1239203 -0.2019704
v -2.5808047 -0.1239203 -0.1976417
v -2.5875436 -0.1239203 -0.1909040
v -2.5965334 -0.1239203 -0.1813758
v -2.5692448 -0.1239203 -0.1985706
v -2.5725120 -0.1239203 -0.1929650
v -2.5779115 -0.1239203 -0.1841516
v -2.5844226 -0.1239203 -0.1740915
v -2.5614349 -0.1239203 -0.1985388
v -2.5628388 -0.1239203 -0.1928746
v -2.5660771 -0.1239203 -0.1839493
v -2.5693554 -0.1239203 -0.1737481
v -2.5056363 -0.1239203 -0.1928856
v -2.4999991 -0.1239203 -0.1985462
v -2.5139523 -0.1239203 -0.1839448
v -2.5249638 -0.1239203 -0.1737151
v -2.4854404 -0.1239203 -0.1985708
v -2.4910045 -0.1239203 -0.1929020
v -2.4999420 -0.1239203 -0.1839504
v -2.5096183 -0.1239203 -0.1737023
v -2.4910045 -0.1239203 -0.1776659
v -2.4854404 -0.1239203 -0.1837242
v -2.4999420 -0.1239203 -0.1684630
v -2.5096183 -0.1239203 -0.1570713
v -2.4854404 -0.1239203 -0.1246825
v -2.4910045 -0.1239203 -0.1222462
v -2.4999420 -0.1239203 -0.1190097
v -2.5096183 -0.1239203 -0.1164657
v -2.4854404 -0.1239203 -0.1174533
v -2.4909228 -0.1239203 -0.1139716
v -2.4997381 -0.1239203 -0.1086649
v -2.5092591 -0.1239203 -0.1020696
v -2.4844799 -0.1239203 -0.1098499
v -2.4886843 -0.1239203 -0.1055213
v -2.4954232 -0.1239203 -0.0987835
v -2.5044129 -0.1239203 -0.0892553
v -2.4771244 -0.1239203 -0.1064501
v -2.4803916 -0.1239203 -0.1008446
v -2.4857911 -0.1239203 -0.0920312
v -2.4923021 -0.1239203 -0.0819711
v -2.4693144 -0.1239203 -0.1064503
v -2.4707183 -0.1239203 -0.1007633
v -2.4739567 -0.1239203 -0.0918273
v -2.4772349 -0.1239203 -0.0816124
v -2.3523779 -0.1239203 -0.1007634
v -2.3523779 -0.1239203 -0.1064503
v -2.3523779 -0.1239203 -0.0918275
v -2.3523779 -0.1239203 -0.0816125
v -2.2340375 -0.1239203 -0.1007632
v -2.2354414 -0.1239203 -0.1064503
v -2.2307992 -0.1239203 -0.0918272
v -2.2275209 -0.1239203 -0.0816123
v -2.2243643 -0.1239203 -0.1008445
v -2.2276315 -0.1239203 -0.1064500
v -2.2189648 -0.1239203 -0.0920311
v -2.2124537 -0.1239203 -0.0819710
v -2.2160716 -0.1239203 -0.1055212
v -2.2202760 -0.1239203 -0.1098498
v -2.2093327 -0.1239203 -0.0987835
v -2.2003429 -0.1239203 -0.0892552
v -2.2138330 -0.1239203 -0.1139715
v -2.2193154 -0.1239203 -0.1174532
v -2.2050177 -0.1239203 -0.1086648
v -2.1954968 -0.1239203 -0.1020695
v -2.2137514 -0.1239203 -0.1222461
v -2.2193154 -0.1239203 -0.1246824
v -2.1951375 -0.1239203 -0.1164655
v -2.2048138 -0.1239203 -0.1190096
v -2.2137514 -0.1239203 -0.1473924
v -2.2193154 -0.1239203 -0.1473924
v -2.1951375 -0.1239203 -0.1473924
v -2.2048138 -0.1239203 -0.1473924
v -2.2048138 -0.1239203 -0.1757752
v -2.2137514 -0.1239203 -0.1725387
v -2.2193154 -0.1239203 -0.1701024
v -2.1951375 -0.1239203 -0.1783192
v -2.2050177 -0.1239203 -0.1861201
v -2.2138330 -0.1239203 -0.1808132
v -2.2193154 -0.1239203 -0.1773317
v -2.1954968 -0.1239203 -0.1927153
v -2.2093327 -0.1239203 -0.1960013
v -2.2160716 -0.1239203 -0.1892636
v -2.2202760 -0.1239203 -0.1849351
v -2.2003429 -0.1239203 -0.2055296
v -2.2189648 -0.1239203 -0.2027539
v -2.2243643 -0.1239203 -0.1939403
v -2.2276315 -0.1239203 -0.1883348
v -2.2124537 -0.1239203 -0.2128140
v -2.2307992 -0.1239203 -0.2029564
v -2.2340375 -0.1239203 -0.1940310
v -2.2354408 -0.1239203 -0.1883671
v -2.2275209 -0.1239203 -0.2131576
v -2.2829234 -0.1239203 -0.2029611
v -2.2912394 -0.1239203 -0.1940203
v -2.2968772 -0.1239203 -0.1883596
v -2.2719125 -0.1239203 -0.2131909
v -2.2872580 -0.1239203 -0.2132036
v -2.2969343 -0.1239203 -0.2029555
v -2.3058718 -0.1239203 -0.1940040
v -2.3114353 -0.1239203 -0.1883351
v -2.3114353 -0.1239203 -0.1883351
v -2.3058718 -0.1239203 -0.1940040
v -2.3058718 -0.1239203 -0.2092401
v -2.3114353 -0.1239203 -0.2031817
v -2.2969343 -0.1239203 -0.2184429
v -2.2969343 -0.1239203 -0.2029555
v -2.2969343 -0.1239203 -0.2678959
v -2.3058718 -0.1239203 -0.2646594
v -2.3114353 -0.1239203 -0.2622231
v -2.2872580 -0.1239203 -0.2298347
v -2.2872580 -0.1239203 -0.2132036
v -2.2872580 -0.1239203 -0.2704399
v -2.5427602 -0.1239203 0.2354189
v -2.4258231 -0.1239203 0.2354189
v -2.5427602 -0.1239203 0.2297320
v -2.4147465 -0.1239203 0.2298136
v -2.4244198 -0.1239203 0.2297323
v -2.4180137 -0.1239203 0.2354192
v -2.4211815 -0.1239203 0.2207963
v -2.5427602 -0.1239203 0.2207960
v -2.4064539 -0.1239203 0.2344903
v -2.4106588 -0.1239203 0.2388188
v -2.4093471 -0.1239203 0.2210001
v -2.4028360 -0.1239203 0.2109399
v -2.4179032 -0.1239203 0.2105812
v -2.5427602 -0.1239203 0.2105811
v -2.3997149 -0.1239203 0.2277526
v -2.4042153 -0.1239203 0.2429407
v -2.4096971 -0.1239203 0.2464222
v -2.3907252 -0.1239203 0.2182243
v -2.3858784 -0.1239203 0.2310386
v -2.3954000 -0.1239203 0.2376339
v -2.4041336 -0.1239203 0.2512153
v -2.4096971 -0.1239203 0.2536515
v -2.3855204 -0.1239203 0.2454347
v -2.3951961 -0.1239203 0.2479787
v -2.4041336 -0.1239203 0.2763615
v -2.4096971 -0.1239203 0.2763615
v -2.3855204 -0.1239203 0.2763615
v -2.3951961 -0.1239203 0.2763615
v -2.4041336 -0.1239203 0.3015078
v -2.3951961 -0.1239203 0.3047444
v -2.4096971 -0.1239203 0.2990715
v -2.3855204 -0.1239203 0.3072884
v -2.4096971 -0.1239203 0.3063007
v -2.4042153 -0.1239203 0.3097824
v -2.3954000 -0.1239203 0.3150891
v -2.3858784 -0.1239203 0.3216845
v -2.4106588 -0.1239203 0.3139041
v -2.3997149 -0.1239203 0.3249705
v -2.4064539 -0.1239203 0.3182328
v -2.3907252 -0.1239203 0.3344987
v -2.4180137 -0.1239203 0.3173039
v -2.4093471 -0.1239203 0.3317228
v -2.4147465 -0.1239203 0.3229094
v -2.4028360 -0.1239203 0.3417829
v -2.4258231 -0.1239203 0.3173036
v -2.4211815 -0.1239203 0.3319267
v -2.4244198 -0.1239203 0.3229908
v -2.4179032 -0.1239203 0.3421417
v -2.5427602 -0.1239203 0.3229905
v -2.5427602 -0.1239203 0.3173036
v -2.5427602 -0.1239203 0.3319264
v -2.5427602 -0.1239203 0.3421413
v -2.6596973 -0.1239203 0.3173036
v -2.6611006 -0.1239203 0.3229907
v -2.6643389 -0.1239203 0.3319267
v -2.6676172 -0.1239203 0.3421415
v -2.6675067 -0.1239203 0.3173038
v -2.6707739 -0.1239203 0.3229093
v -2.6761734 -0.1239203 0.3317227
v -2.6826844 -0.1239203 0.3417828
v -2.6748616 -0.1239203 0.3139040
v -2.6790665 -0.1239203 0.3182326
v -2.6858055 -0.1239203 0.3249703
v -2.6947952 -0.1239203 0.3344986
v -2.6758233 -0.1239203 0.3063006
v -2.6813051 -0.1239203 0.3097823
v -2.6901204 -0.1239203 0.3150891
v -2.6996420 -0.1239203 0.3216843
v -2.6758233 -0.1239203 0.2990714
v -2.6813868 -0.1239203 0.3015077
v -2.6903243 -0.1239203 0.3047442
v -2.7000000 -0.1239203 0.3072882
v -2.6758233 -0.1239203 0.2763614
v -2.6813868 -0.1239203 0.2763614
v -2.6903243 -0.1239203 0.2763614
v -2.7000000 -0.1239203 0.2763614
v -2.6758233 -0.1239203 0.2536514
v -2.6813868 -0.1239203 0.2512151
v -2.6903243 -0.1239203 0.2479786
v -2.7000000 -0.1239203 0.2454346
v -2.6758233 -0.1239203 0.2464221
v -2.6813051 -0.1239203 0.2429406
v -2.6901204 -0.1239203 0.2376338
v -2.6996420 -0.1239203 0.2310385
v -2.6748616 -0.1239203 0.2388187
v -2.6790665 -0.1239203 0.2344902
v -2.6858055 -0.1239203 0.2277525
v -2.6947952 -0.1239203 0.2182242
v -2.6675067 -0.1239203 0.2354191
v -2.6707739 -0.1239203 0.2298135
v -2.6761734 -0.1239203 0.2209999
v -2.6826844 -0.1239203 0.2109398
v -2.6596973 -0.1239203 0.2354189
v -2.6611006 -0.1239203 0.2297322
v -2.6643389 -0.1239203 0.2207962
v -2.6676172 -0.1239203 0.2105811
v -2.5427602 -0.1239203 0.2354189
v -2.5427602 -0.1239203 0.2297320
v -2.5427602 -0.1239203 0.2105811
v -2.5427602 -0.1239203 0.2207960
v -1.5294351 -0.1239203 0.7574347
v -1.4124987 -0.1239203 0.7574347
v -1.5294351 -0.1239203 0.7517478
v -1.4110947 -0.1239203 0.7517484
v -1.4014215 -0.1239203 0.7518295
v -1.4046887 -0.1239203 0.7574353
v -1.4078564 -0.1239203 0.7428121
v -1.5294351 -0.1239203 0.7428121
v -1.3960220 -0.1239203 0.7430160
v -1.3931288 -0.1239203 0.7565061
v -1.3973338 -0.1239203 0.7608345
v -1.5294351 -0.1239203 0.7325972
v -1.4045781 -0.1239203 0.7325972
v -1.3895109 -0.1239203 0.7329558
v -1.3863899 -0.1239203 0.7497684
v -1.3774008 -0.1239203 0.7402401
v -1.3908903 -0.1239203 0.7649566
v -1.3963721 -0.1239203 0.7684382
v -1.3820750 -0.1239203 0.7596499
v -1.3725534 -0.1239203 0.7530547
v -1.3908086 -0.1239203 0.7732309
v -1.3963721 -0.1239203 0.7756672
v -1.3818711 -0.1239203 0.7699944
v -1.3721953 -0.1239203 0.7674506
v -1.3963721 -0.1239203 0.7983773
v -1.3908086 -0.1239203 0.7983773
v -1.3818711 -0.1239203 0.7983773
v -1.3721953 -0.1239203 0.7983773
v -1.3908086 -0.1239203 0.8235237
v -1.3963721 -0.1239203 0.8210875
v -1.3818711 -0.1239203 0.8267602
v -1.3721953 -0.1239203 0.8293046
v -1.3963721 -0.1239203 0.8283165
v -1.3908903 -0.1239203 0.8317980
v -1.3820750 -0.1239203 0.8371054
v -1.3725534 -0.1239203 0.8437006
v -1.3973338 -0.1239203 0.8359201
v -1.3931288 -0.1239203 0.8402485
v -1.3863899 -0.1239203 0.8469862
v -1.3774008 -0.1239203 0.8565145
v -1.4046887 -0.1239203 0.8393199
v -1.4014215 -0.1239203 0.8449252
v -1.3960220 -0.1239203 0.8537386
v -1.3895109 -0.1239203 0.8637988
v -1.4124987 -0.1239203 0.8393193
v -1.4110947 -0.1239203 0.8450068
v -1.4078564 -0.1239203 0.8539425
v -1.4045781 -0.1239203 0.8641575
v -1.5294351 -0.1239203 0.8393193
v -1.5294351 -0.1239203 0.8450062
v -1.5294351 -0.1239203 0.8539425
v -1.5294351 -0.1239203 0.8641575
v -1.6463716 -0.1239203 0.8393193
v -1.6477755 -0.1239203 0.8450068
v -1.6510139 -0.1239203 0.8539425
v -1.6542921 -0.1239203 0.8641575
v -1.6574488 -0.1239203 0.8449252
v -1.6541816 -0.1239203 0.8393199
v -1.6628483 -0.1239203 0.8537386
v -1.6693594 -0.1239203 0.8637988
v -1.6657415 -0.1239203 0.8402485
v -1.6615365 -0.1239203 0.8359201
v -1.6724804 -0.1239203 0.8469862
v -1.6814695 -0.1239203 0.8565145
v -1.6679800 -0.1239203 0.8317980
v -1.6624982 -0.1239203 0.8283165
v -1.6767953 -0.1239203 0.8371048
v -1.6863169 -0.1239203 0.8437006
v -1.6680617 -0.1239203 0.8235237
v -1.6624982 -0.1239203 0.8210875
v -1.6866749 -0.1239203 0.8293040
v -1.6769992 -0.1239203 0.8267602
v -1.6680617 -0.1239203 0.7983773
v -1.6624982 -0.1239203 0.7983773
v -1.6866749 -0.1239203 0.7983773
v -1.6769992 -0.1239203 0.7983773
v -1.6769992 -0.1239203 0.7699944
v -1.6680617 -0.1239203 0.7732309
v -1.6624982 -0.1239203 0.7756672
v -1.6866749 -0.1239203 0.7674506
v -1.6767953 -0.1239203 0.7596499
v -1.6679800 -0.1239203 0.7649566
v -1.6624982 -0.1239203 0.7684382
v -1.6863169 -0.1239203 0.7530547
v -1.6724804 -0.1239203 0.7497684
v -1.6657415 -0.1239203 0.7565061
v -1.6615365 -0.1239203 0.7608345
v -1.6814695 -0.1239203 0.7402401
v -1.6628483 -0.1239203 0.7430160
v -1.6574488 -0.1239203 0.7518295
v -1.6541816 -0.1239203 0.7574347
v -1.6693594 -0.1239203 0.7329558
v -1.6510139 -0.1239203 0.7428121
v -1.6477755 -0.1239203 0.7517484
v -1.6463716 -0.1239203 0.7574347
v -1.6542921 -0.1239203 0.7325972
v -1.5294351 -0.1239203 0.7325972
v -1.5294351 -0.1239203 0.7428121
v -1.5294351 -0.1239203 0.7517478
v -1.5294351 -0.1239203 0.7574347
v -1.0688329 -0.1239203 0.8802620
v -1.0440168 -0.1239203 0.8802620
v -1.0688329 -0.1239203 0.8745751
v -1.0426129 -0.1239203 0.8745757
v -1.0329396 -0.1239203 0.8746567
v -1.0362069 -0.1239203 0.8802626
v -1.0393746 -0.1239203 0.8656394
v -1.0688329 -0.1239203 0.8656394
v -1.0275402 -0.1239203 0.8658433
v -1.0246470 -0.1239203 0.8793334
v -1.0288520 -0.1239203 0.8836618
v -1.0688329 -0.1239203 0.8554244
v -1.0360963 -0.1239203 0.8554244
v -1.0210291 -0.1239203 0.8557831
v -1.0179080 -0.1239203 0.8725957
v -1.0089189 -0.1239203 0.8630674
v -1.0224084 -0.1239203 0.8877839
v -1.0278902 -0.1239203 0.8912654
v -1.0135931 -0.1239203 0.8824772
v -1.0040716 -0.1239203 0.8758819
v -1.0223268 -0.1239203 0.8960582
v -1.0278902 -0.1239203 0.8984944
v -1.0133892 -0.1239203 0.8928217
v -1.0037135 -0.1239203 0.8902779
v -1.0278902 -0.1239203 0.9212046
v -1.0223268 -0.1239203 0.9212046
v -1.0133892 -0.1239203 0.9212046
v -1.0037135 -0.1239203 0.9212046
v -1.0223268 -0.1239203 0.9463510
v -1.0278902 -0.1239203 0.9439147
v -1.0133892 -0.1239203 0.9495875
v -1.0037135 -0.1239203 0.9521319
v -1.0278902 -0.1239203 0.9511437
v -1.0224084 -0.1239203 0.9546253
v -1.0135931 -0.1239203 0.9599326
v -1.0040716 -0.1239203 0.9665279
v -1.0288520 -0.1239203 0.9587474
v -1.0246470 -0.1239203 0.9630758
v -1.0179080 -0.1239203 0.9698135
v -1.0089189 -0.1239203 0.9793418
v -1.0362069 -0.1239203 0.9621472
v -1.0329396 -0.1239203 0.9677524
v -1.0275402 -0.1239203 0.9765659
v -1.0210291 -0.1239203 0.9866261
v -1.0440168 -0.1239203 0.9621466
v -1.0426129 -0.1239203 0.9678341
v -1.0393746 -0.1239203 0.9767698
v -1.0360963 -0.1239203 0.9869847
v -1.0688329 -0.1239203 0.9621466
v -1.0688329 -0.1239203 0.9678335
v -1.0688329 -0.1239203 0.9767698
v -1.0688329 -0.1239203 0.9869847
v -1.0936489 -0.1239203 0.9621466
v -1.0950528 -0.1239203 0.9678341
v -1.0982911 -0.1239203 0.9767698
v -1.1015694 -0.1239203 0.9869847
v -1.1047261 -0.1239203 0.9677524
v -1.1014588 -0.1239203 0.9621472
v -1.1101255 -0.1239203 0.9765659
v -1.1166366 -0.1239203 0.9866261
v -1.1130187 -0.1239203 0.9630758
v -1.1088137 -0.1239203 0.9587474
v -1.1287468 -0.1239203 0.9793418
v -1.1197577 -0.1239203 0.9698135
v -1.1152573 -0.1239203 0.9546253
v -1.1097755 -0.1239203 0.9511437
v -1.1335941 -0.1239203 0.9665279
v -1.1240726 -0.1239203 0.9599320
v -1.1153389 -0.1239203 0.9463510
v -1.1097755 -0.1239203 0.9439147
v -1.1339522 -0.1239203 0.9521313
v -1.1242765 -0.1239203 0.9495875
v -1.1153389 -0.1239203 0.9212046
v -1.1097755 -0.1239203 0.9212046
v -1.1339522 -0.1239203 0.9212046
v -1.1242765 -0.1239203 0.9212046
v -1.1242765 -0.1239203 0.8928217
v -1.1153389 -0.1239203 0.8960582
v -1.1097755 -0.1239203 0.8984944
v -1.1339522 -0.1239203 0.8902779
v -1.1240726 -0.1239203 0.8824772
v -1.1152573 -0.1239203 0.8877839
v -1.1097755 -0.1239203 0.8912654
v -1.1335941 -0.1239203 0.8758819
v -1.1197577 -0.1239203 0.8725957
v -1.1130187 -0.1239203 0.8793334
v -1.1088137 -0.1239203 0.8836618
v -1.1287468 -0.1239203 0.8630674
v -1.1101255 -0.1239203 0.8658433
v -1.1047261 -0.1239203 0.8746567
v -1.1014588 -0.1239203 0.8802620
v -1.1166366 -0.1239203 0.8557831
v -1.0982911 -0.1239203 0.8656394
v -1.0950528 -0.1239203 0.8745757
v -1.0936489 -0.1239203 0.8802620
v -1.1015694 -0.1239203 0.8554244
v -1.0688329 -0.1239203 0.8554244
v -1.0688329 -0.1239203 0.8656394
v -1.0688329 -0.1239203 0.8745751
v -1.0688329 -0.1239203 0.8802620
v 0.1594399 -0.1239203 1.3408643
v 0.2763767 -0.1239203 1.3408643
v 0.1594399 -0.1239203 1.3351774
v 0.2777805 -0.1239203 1.3351780
v 0.2841863 -0.1239203 1.3408649
v 0.2874538 -0.1239203 1.3352590
v 0.2810187 -0.1239203 1.3262417
v 0.1594399 -0.1239203 1.3262417
v 0.2957462 -0.1239203 1.3399357
v 0.2915414 -0.1239203 1.3442641
v 0.2928530 -0.1239203 1.3264456
v 0.1594399 -0.1239203 1.3160267
v 0.2842967 -0.1239203 1.3160267
v 0.2993641 -0.1239203 1.3163854
v 0.2979849 -0.1239203 1.3483862
v 0.3024854 -0.1239203 1.3331980
v 0.2925027 -0.1239203 1.3518677
v 0.3114746 -0.1239203 1.3236697
v 0.2980662 -0.1239203 1.3566605
v 0.3068000 -0.1239203 1.3430795
v 0.3163215 -0.1239203 1.3364842
v 0.2925027 -0.1239203 1.3590967
v 0.2925027 -0.1239203 1.3818069
v 0.2980662 -0.1239203 1.3818069
v 0.3070041 -0.1239203 1.3534240
v 0.3166800 -0.1239203 1.3508802
v 0.2980662 -0.1239203 1.4069533
v 0.2925027 -0.1239203 1.4045170
v 0.3070041 -0.1239203 1.3818069
v 0.3070041 -0.1239203 1.4101898
v 0.3166800 -0.1239203 1.3818069
v 0.2925027 -0.1239203 1.4117460
v 0.2979849 -0.1239203 1.4152276
v 0.3068000 -0.1239203 1.4205349
v 0.3166800 -0.1239203 1.4127336
v 0.2915414 -0.1239203 1.4193497
v 0.2957462 -0.1239203 1.4236781
v 0.3024854 -0.1239203 1.4304158
v 0.3163215 -0.1239203 1.4271302
v 0.2841863 -0.1239203 1.4227495
v 0.2874538 -0.1239203 1.4283547
v 0.2928530 -0.1239203 1.4371682
v 0.3114746 -0.1239203 1.4399441
v 0.2763767 -0.1239203 1.4227489
v 0.2777805 -0.1239203 1.4284364
v 0.2810187 -0.1239203 1.4373721
v 0.2993641 -0.1239203 1.4472284
v 0.1594399 -0.1239203 1.4227489
v 0.1594399 -0.1239203 1.4284358
v 0.1594399 -0.1239203 1.4373721
v 0.1594399 -0.1239203 1.4475870
v 0.2842967 -0.1239203 1.4475870
v 0.0425035 -0.1239203 1.4227489
v 0.0378612 -0.1239203 1.4373721
v 0.0410995 -0.1239203 1.4284364
v 0.0345829 -0.1239203 1.4475870
v 0.0346935 -0.1239203 1.4227495
v 0.0314263 -0.1239203 1.4283547
v 0.0260268 -0.1239203 1.4371682
v 0.0195157 -0.1239203 1.4472284
v 0.0273386 -0.1239203 1.4193497
v 0.0231336 -0.1239203 1.4236781
v 0.0074056 -0.1239203 1.4399441
v 0.0163947 -0.1239203 1.4304158
v 0.0263775 -0.1239203 1.4117460
v 0.0208951 -0.1239203 1.4152276
v 0.0025582 -0.1239203 1.4271302
v 0.0120798 -0.1239203 1.4205343
v 0.0208134 -0.1239203 1.4069533
v 0.0263775 -0.1239203 1.4045170
v 0.0022001 -0.1239203 1.4127336
v 0.0118759 -0.1239203 1.4101898
v 0.0208134 -0.1239203 1.3818069
v 0.0263775 -0.1239203 1.3818069
v 0.0022001 -0.1239203 1.3818069
v 0.0118759 -0.1239203 1.3818069
v 0.0208134 -0.1239203 1.3566605
v 0.0118759 -0.1239203 1.3534240
v 0.0263775 -0.1239203 1.3590967
v 0.0022001 -0.1239203 1.3508802
v 0.0208951 -0.1239203 1.3483862
v 0.0120798 -0.1239203 1.3430795
v 0.0263775 -0.1239203 1.3518677
v 0.0025582 -0.1239203 1.3364842
v 0.0163947 -0.1239203 1.3331980
v 0.0231336 -0.1239203 1.3399357
v 0.0273386 -0.1239203 1.3442641
v 0.0074056 -0.1239203 1.3236697
v 0.0260268 -0.1239203 1.3264456
v 0.0314263 -0.1239203 1.3352590
v 0.0346935 -0.1239203 1.3408643
v 0.0195157 -0.1239203 1.3163854
v 0.0378612 -0.1239203 1.3262417
v 0.0410995 -0.1239203 1.3351774
v 0.0425035 -0.1239203 1.3408643
v 0.0345829 -0.1239203 1.3160267
v 0.1594399 -0.1239203 1.3160267
v 0.1594399 -0.1239203 1.3262417
v 0.1594399 -0.1239203 1.3351774
v 0.1594399 -0.1239203 1.3408643
v 1.5412468 -0.1239203 0.9416756
v 1.6581833 -0.1239203 0.9416756
v 1.5412468 -0.1239203 0.9359887
v 1.6595872 -0.1239203 0.9359893
v 1.6692605 -0.1239203 0.9360704
v 1.6659933 -0.1239203 0.9416762
v 1.6628256 -0.1239203 0.9270530
v 1.5412468 -0.1239203 0.9270530
v 1.6746600 -0.1239203 0.9272569
v 1.6775532 -0.1239203 0.9407470
v 1.6733482 -0.1239203 0.9450755
v 1.5412468 -0.1239203 0.9168381
v 1.6661038 -0.1239203 0.9168381
v 1.6811711 -0.1239203 0.9171967
v 1.6842921 -0.1239203 0.9340093
v 1.6932812 -0.1239203 0.9244810
v 1.6797917 -0.1239203 0.9491975
v 1.6743093 -0.1239203 0.9526791
v 1.6886070 -0.1239203 0.9438908
v 1.6981286 -0.1239203 0.9372956
v 1.6798734 -0.1239203 0.9574718
v 1.6743093 -0.1239203 0.9599081
v 1.6888109 -0.1239203 0.9542353
v 1.6984866 -0.1239203 0.9516916
v 1.6743093 -0.1239203 0.9826182
v 1.6798734 -0.1239203 0.9826182
v 1.6888109 -0.1239203 0.9826182
v 1.6984866 -0.1239203 0.9826182
v 1.6798734 -0.1239203 1.0077647
v 1.6743093 -0.1239203 1.0053284
v 1.6888109 -0.1239203 1.0110012
v 1.6984866 -0.1239203 1.0135455
v 1.6743093 -0.1239203 1.0125574
v 1.6797917 -0.1239203 1.0160389
v 1.6886070 -0.1239203 1.0213463
v 1.6981286 -0.1239203 1.0279415
v 1.6733482 -0.1239203 1.0201610
v 1.6775532 -0.1239203 1.0244894
v 1.6842921 -0.1239203 1.0312271
v 1.6932812 -0.1239203 1.0407555
v 1.6659933 -0.1239203 1.0235609
v 1.6692605 -0.1239203 1.0291661
v 1.6746600 -0.1239203 1.0379796
v 1.6811711 -0.1239203 1.0480397
v 1.6581833 -0.1239203 1.0235603
v 1.6595872 -0.1239203 1.0292478
v 1.6628256 -0.1239203 1.0381835
v 1.6661038 -0.1239203 1.0483984
v 1.5412468 -0.1239203 1.0235603
v 1.5412468 -0.1239203 1.0292472
v 1.5412468 -0.1239203 1.0381835
v 1.5412468 -0.1239203 1.0483984
v 1.4243104 -0.1239203 1.0235603
v 1.4229064 -0.1239203 1.0292478
v 1.4196681 -0.1239203 1.0381835
v 1.4163901 -0.1239203 1.0483984
v 1.4165004 -0.1239203 1.0235609
v 1.4132330 -0.1239203 1.0291661
v 1.4078338 -0.1239203 1.0379796
v 1.4013227 -0.1239203 1.0480397
v 1.4091454 -0.1239203 1.0201610
v 1.4049406 -0.1239203 1.0244894
v 1.3892121 -0.1239203 1.0407555
v 1.3982014 -0.1239203 1.0312271
v 1.4027019 -0.1239203 1.0160389
v 1.4081841 -0.1239203 1.0125574
v 1.3843653 -0.1239203 1.0279415
v 1.3938868 -0.1239203 1.0213457
v 1.4026205 -0.1239203 1.0077647
v 1.4081841 -0.1239203 1.0053284
v 1.3840068 -0.1239203 1.0135449
v 1.3936827 -0.1239203 1.0110012
v 1.4026205 -0.1239203 0.9826182
v 1.4081841 -0.1239203 0.9826182
v 1.3840068 -0.1239203 0.9826182
v 1.3936827 -0.1239203 0.9826182
v 1.3936827 -0.1239203 0.9542353
v 1.4026205 -0.1239203 0.9574718
v 1.4081841 -0.1239203 0.9599081
v 1.3840068 -0.1239203 0.9516916
v 1.3938868 -0.1239203 0.9438908
v 1.4027019 -0.1239203 0.9491975
v 1.4081841 -0.1239203 0.9526791
v 1.3843653 -0.1239203 0.9372956
v 1.3982014 -0.1239203 0.9340093
v 1.4049406 -0.1239203 0.9407470
v 1.4091454 -0.1239203 0.9450755
v 1.3892121 -0.1239203 0.9244810
v 1.4078338 -0.1239203 0.9272569
v 1.4132330 -0.1239203 0.9360704
v 1.4165004 -0.1239203 0.9416756
v 1.4013227 -0.1239203 0.9171967
v 1.4196681 -0.1239203 0.9270530
v 1.4229064 -0.1239203 0.9359893
v 1.4243104 -0.1239203 0.9416756
v 1.4163901 -0.1239203 0.9168381
v 1.5412468 -0.1239203 0.9168381
v 1.5412468 -0.1239203 0.9270530
v 1.5412468 -0.1239203 0.9359887
v 1.5412468 -0.1239203 0.9416756
v -1.9217019 -0.1233049 -0.3648832
v -1.9182222 -0.1233049 -0.3384506
v -1.9156551 -0.1233049 -0.3189528
v -1.9147032 -0.1233049 -0.3117192
v -1.9330886 -0.1233049 -0.3154894
v -1.9311995 -0.1233049 -0.3084423
v -1.9381779 -0.1233049 -0.3344847
v -1.9450777 -0.1233049 -0.3602361
v -1.9499165 -0.1233049 -0.3097722
v -1.9471247 -0.1233049 -0.3030315
v -1.9574428 -0.1233049 -0.3279415
v -1.9676454 -0.1233049 -0.3525728
v -1.9658595 -0.1233049 -0.3019155
v -1.9622115 -0.1233049 -0.2955970
v -1.9756918 -0.1233049 -0.3189461
v -1.9890217 -0.1233049 -0.3420341
v -1.9806350 -0.1233049 -0.2920373
v -1.9761936 -0.1233049 -0.2862489
v -1.9926070 -0.1233049 -0.3076394
v -2.0088368 -0.1233049 -0.3287908
v -1.9940005 -0.1233049 -0.2803219
v -1.9888417 -0.1233049 -0.2751630
v -2.0079064 -0.1233049 -0.2942275
v -2.0267579 -0.1233049 -0.3130787
v -2.0057163 -0.1233049 -0.2669560
v -1.9999281 -0.1233049 -0.2625144
v -2.0213185 -0.1233049 -0.2789279
v -2.0424700 -0.1233049 -0.2951579
v -2.0155941 -0.1233049 -0.2521803
v -2.0092759 -0.1233049 -0.2485324
v -2.0326253 -0.1233049 -0.2620129
v -2.0532210 -0.1233049 -0.2753426
v -2.0234514 -0.1233049 -0.2362376
v -2.0167106 -0.1233049 -0.2334454
v -2.0407884 -0.1233049 -0.2437637
v -2.0604365 -0.1233049 -0.2539663
v -2.0291690 -0.1233049 -0.2194090
v -2.0221218 -0.1233049 -0.2175206
v -2.0440256 -0.1233049 -0.2244987
v -2.0656573 -0.1233049 -0.2313988
v -2.0326315 -0.1233049 -0.2019760
v -2.0253982 -0.1233049 -0.2010238
v -2.0462917 -0.1233049 -0.2045429
v -2.0694490 -0.1233049 -0.2080229
v -2.0338106 -0.1233049 -0.1842409
v -2.0265030 -0.1233049 -0.1842409
v -2.0460387 -0.1233049 -0.1842409
v -2.0694084 -0.1233049 -0.1842409
v -2.0338069 -0.1233049 0.3684819
v -2.0265030 -0.1233049 0.3684819
v -2.0460240 -0.1233049 0.3684819
v -2.0693790 -0.1233049 0.3684819
v -2.0326321 -0.1233049 0.3862171
v -2.0253982 -0.1233049 0.3852647
v -2.0462917 -0.1233049 0.3887841
v -2.0694490 -0.1233049 0.3922641
v -2.0291684 -0.1233049 0.4036501
v -2.0221218 -0.1233049 0.4017616
v -2.0440249 -0.1233049 0.4087398
v -2.0656567 -0.1233049 0.4156401
v -2.0234514 -0.1233049 0.4204786
v -2.0167106 -0.1233049 0.4176865
v -2.0407884 -0.1233049 0.4280044
v -2.0604371 -0.1233049 0.4382070
v -2.0155947 -0.1233049 0.4364213
v -2.0092759 -0.1233049 0.4327733
v -2.0326253 -0.1233049 0.4462539
v -2.0532210 -0.1233049 0.4595836
v -2.0057163 -0.1233049 0.4511969
v -1.9999281 -0.1233049 0.4467553
v -2.0213185 -0.1233049 0.4631688
v -2.0424700 -0.1233049 0.4793986
v -1.9940011 -0.1233049 0.4645626
v -1.9888423 -0.1233049 0.4594037
v -2.0079064 -0.1233049 0.4784681
v -2.0267579 -0.1233049 0.4973191
v -1.9806350 -0.1233049 0.4762782
v -1.9761936 -0.1233049 0.4704897
v -1.9926070 -0.1233049 0.4918803
v -2.0088368 -0.1233049 0.5130317
v -1.9658595 -0.1233049 0.4861563
v -1.9622115 -0.1233049 0.4798378
v -1.9756918 -0.1233049 0.5031871
v -1.9890217 -0.1233049 0.5262750
v -1.9499165 -0.1233049 0.4940132
v -1.9471247 -0.1233049 0.4872725
v -1.9574428 -0.1233049 0.5121824
v -1.9676454 -0.1233049 0.5368136
v -1.9330886 -0.1233049 0.4997308
v -1.9311995 -0.1233049 0.4926836
v -1.9381779 -0.1233049 0.5187260
v -1.9450777 -0.1233049 0.5444774
v -1.9156551 -0.1233049 0.5031939
v -1.9147032 -0.1233049 0.4959600
v -1.9182222 -0.1233049 0.5226915
v -1.9217019 -0.1233049 0.5491239
v -0.5195296 -0.1233049 -0.7557753
v -0.5255058 -0.1233049 -0.7517803
v -0.4937267 -0.1233049 -0.7299468
v -0.5006885 -0.1233049 -0.7252872
v -0.4737285 -0.1233049 -0.7099445
v -0.5325567 -0.1233049 -0.7503758
v -0.4803446 -0.1233049 -0.7055182
v -0.4604552 -0.1233049 -0.6966591
v -0.5089050 -0.1233049 -0.7236494
v -0.5775268 -0.1233049 -0.7503377
v -0.5775268 -0.1233049 -0.7236494
v -0.4881515 -0.1233049 -0.7039628
v -0.5775268 -0.1233049 -0.6966591
v -0.5775268 -0.1233049 -0.7039628
v -0.6013086 -0.1233049 -0.7487182
v -0.5978289 -0.1233049 -0.7222858
v -0.5952618 -0.1233049 -0.7027880
v -0.5943099 -0.1233049 -0.6955544
v -0.6246851 -0.1233049 -0.7440711
v -0.6177847 -0.1233049 -0.7183199
v -0.6126947 -0.1233049 -0.6993247
v -0.6108062 -0.1233049 -0.6922776
v -0.6472522 -0.1233049 -0.7364080
v -0.6370495 -0.1233049 -0.7117767
v -0.6295233 -0.1233049 -0.6936075
v -0.6267314 -0.1233049 -0.6868668
v -0.6686284 -0.1233049 -0.7258693
v -0.6552986 -0.1233049 -0.7027813
v -0.6454663 -0.1233049 -0.6857507
v -0.6418183 -0.1233049 -0.6794322
v -0.6884435 -0.1233049 -0.7126261
v -0.6722137 -0.1233049 -0.6914747
v -0.6602418 -0.1233049 -0.6758725
v -0.6558003 -0.1233049 -0.6700841
v -0.7063640 -0.1233049 -0.6969139
v -0.6875131 -0.1233049 -0.6780628
v -0.6736078 -0.1233049 -0.6641571
v -0.6684485 -0.1233049 -0.6589982
v -0.7220767 -0.1233049 -0.6789931
v -0.7009252 -0.1233049 -0.6627631
v -0.6853231 -0.1233049 -0.6507912
v -0.6795342 -0.1233049 -0.6463496
v -0.7353199 -0.1233049 -0.6591779
v -0.7122321 -0.1233049 -0.6458481
v -0.6952015 -0.1233049 -0.6360156
v -0.6888826 -0.1233049 -0.6323676
v -0.7458585 -0.1233049 -0.6378016
v -0.7212274 -0.1233049 -0.6275989
v -0.7030581 -0.1233049 -0.6200729
v -0.6963174 -0.1233049 -0.6172807
v -0.7535223 -0.1233049 -0.6152340
v -0.7277710 -0.1233049 -0.6083340
v -0.7087757 -0.1233049 -0.6032443
v -0.7017285 -0.1233049 -0.6013558
v -0.7550313 -0.1233049 -0.6062497
v -0.7317365 -0.1233049 -0.5883782
v -0.7122382 -0.1233049 -0.5858113
v -0.7050049 -0.1233049 -0.5848590
v -0.7571341 -0.1233049 -0.5999166
v -0.7331005 -0.1233049 -0.5762448
v -0.7134137 -0.1233049 -0.5554853
v -0.7134137 -0.1233049 -0.5680761
v -0.7061098 -0.1233049 -0.5680761
v -0.7611910 -0.1233049 -0.5928657
v -0.7347316 -0.1233049 -0.5680281
v -0.7149644 -0.1233049 -0.5476781
v -0.7061098 -0.1233049 -0.5277716
v -0.7061098 -0.1233049 -0.5277716
v -0.7061098 -0.1233049 -0.5680761
v -0.7134137 -0.1233049 -0.5554853
v -0.7651842 -0.1233049 -0.5868880
v -0.7393812 -0.1233049 -0.5610593
v -0.7193831 -0.1233049 -0.5410570
v -0.7338061 -0.1233049 -0.5350753
v -0.8231814 -0.1233049 -0.5277716
v -0.7259992 -0.1233049 -0.5366307
v -0.7711603 -0.1233049 -0.5828928
v -0.7463431 -0.1233049 -0.5563997
v -0.8231814 -0.1233049 -0.5350753
v -0.7545596 -0.1233049 -0.5547619
v -0.8399645 -0.1233049 -0.5266669
v -0.7782112 -0.1233049 -0.5814880
v -0.8409164 -0.1233049 -0.5339005
v -0.8231814 -0.1233049 -0.5547619
v -0.8564608 -0.1233049 -0.5233901
v -0.8231814 -0.1233049 -0.5814504
v -0.8583499 -0.1233049 -0.5304372
v -0.8434835 -0.1233049 -0.5533983
v -0.8723860 -0.1233049 -0.5179793
v -0.8469632 -0.1233049 -0.5798309
v -0.8751778 -0.1233049 -0.5247200
v -0.8634392 -0.1233049 -0.5494324
v -0.8874728 -0.1233049 -0.5105447
v -0.8703391 -0.1233049 -0.5751838
v -0.8911208 -0.1233049 -0.5168632
v -0.8827041 -0.1233049 -0.5428892
v -0.9014549 -0.1233049 -0.5011966
v -0.8929067 -0.1233049 -0.5675205
v -0.9058963 -0.1233049 -0.5069850
v -0.9009531 -0.1233049 -0.5338938
v -0.9141030 -0.1233049 -0.4901107
v -0.9142830 -0.1233049 -0.5569818
v -0.9192618 -0.1233049 -0.4952696
v -0.9178683 -0.1233049 -0.5225871
v -0.9251894 -0.1233049 -0.4774621
v -0.9340981 -0.1233049 -0.5437386
v -0.9309777 -0.1233049 -0.4819037
v -0.9331677 -0.1233049 -0.5091753
v -0.9345372 -0.1233049 -0.4634801
v -0.9520192 -0.1233049 -0.5280264
v -0.9408554 -0.1233049 -0.4671280
v -0.9465798 -0.1233049 -0.4938756
v -0.9419719 -0.1233049 -0.4483931
v -0.9677313 -0.1233049 -0.5101056
v -0.9578867 -0.1233049 -0.4769606
v -0.9487127 -0.1233049 -0.4511854
v -0.9473831 -0.1233049 -0.4324683
v -0.9809745 -0.1233049 -0.4902904
v -0.9668819 -0.1233049 -0.4587114
v -0.9544303 -0.1233049 -0.4343567
v -0.9506595 -0.1233049 -0.4159715
v -0.9915131 -0.1233049 -0.4689141
v -0.9734255 -0.1233049 -0.4394465
v -0.9578928 -0.1233049 -0.4169237
v -0.9517643 -0.1233049 -0.3991886
v -0.9991769 -0.1233049 -0.4463465
v -0.9773910 -0.1233049 -0.4194907
v -0.9590683 -0.1233049 -0.3991886
v -1.0038234 -0.1233049 -0.4229707
v -0.9787550 -0.1233049 -0.3991886
v -0.9590683 -0.1233049 -0.3405375
v -0.9716537 -0.1233049 -0.3216830
v -0.9650377 -0.1233049 -0.3261093
v -0.9606189 -0.1233049 -0.3327304
v -1.0054435 -0.1233049 -0.3991886
v -0.9787550 -0.1233049 -0.3612971
v -0.9803862 -0.1233049 -0.3530804
v -0.9919982 -0.1233049 -0.3414520
v -0.9850358 -0.1233049 -0.3461116
v -1.0054435 -0.1233049 -0.3849689
v -1.0068450 -0.1233049 -0.3779180
v -1.0108387 -0.1233049 -0.3719402
v -1.0168149 -0.1233049 -0.3679450
v -0.4937267 -0.1233049 -0.7299468
v -0.4890770 -0.1233049 -0.7369157
v -0.5195296 -0.1233049 -0.7557753
v -0.4737285 -0.1233049 -0.7099445
v -0.4693098 -0.1233049 -0.7165656
v -0.5155365 -0.1233049 -0.7617533
v -0.4874459 -0.1233049 -0.7451323
v -0.4677591 -0.1233049 -0.7243728
v -0.4604552 -0.1233049 -0.6966591
v -0.5141344 -0.1233049 -0.7688042
v -0.4874459 -0.1233049 -0.7676705
v -0.4677591 -0.1233049 -0.7676705
v -0.4604552 -0.1233049 -0.7676705
v -0.5125143 -0.1233049 -0.7914523
v -0.4860819 -0.1233049 -0.7879726
v -0.4665837 -0.1233049 -0.7854055
v -0.4593504 -0.1233049 -0.7844536
v -0.5078678 -0.1233049 -0.8148282
v -0.4821164 -0.1233049 -0.8079284
v -0.4631212 -0.1233049 -0.8028384
v -0.4560740 -0.1233049 -0.8009499
v -0.5002040 -0.1233049 -0.8373959
v -0.4755728 -0.1233049 -0.8271932
v -0.4574036 -0.1233049 -0.8196676
v -0.4506628 -0.1233049 -0.8168751
v -0.4896654 -0.1233049 -0.8587721
v -0.4665775 -0.1233049 -0.8454423
v -0.4495469 -0.1233049 -0.8356099
v -0.4432281 -0.1233049 -0.8319620
v -0.4764221 -0.1233049 -0.8785872
v -0.4552707 -0.1233049 -0.8623574
v -0.4396685 -0.1233049 -0.8503855
v -0.4338803 -0.1233049 -0.8459440
v -0.4607095 -0.1233049 -0.8965083
v -0.4418585 -0.1233049 -0.8776574
v -0.4279527 -0.1233049 -0.8637515
v -0.4227939 -0.1233049 -0.8585928
v -0.4427890 -0.1233049 -0.9122204
v -0.4265592 -0.1233049 -0.8910689
v -0.4145872 -0.1233049 -0.8754668
v -0.4101458 -0.1233049 -0.8696786
v -0.4229739 -0.1233049 -0.9254636
v -0.4096440 -0.1233049 -0.9023758
v -0.3998117 -0.1233049 -0.8853452
v -0.3961637 -0.1233049 -0.8790269
v -0.4015976 -0.1233049 -0.9360022
v -0.3913950 -0.1233049 -0.9113710
v -0.3838687 -0.1233049 -0.8932018
v -0.3810769 -0.1233049 -0.8864611
v -0.3790306 -0.1233049 -0.9436654
v -0.3721301 -0.1233049 -0.9179141
v -0.3670402 -0.1233049 -0.8989188
v -0.3651517 -0.1233049 -0.8918722
v -0.3556547 -0.1233049 -0.9483126
v -0.3521744 -0.1233049 -0.9218801
v -0.3496073 -0.1233049 -0.9023825
v -0.3486554 -0.1233049 -0.8951486
v -0.3318722 -0.1233049 -0.9499321
v -0.3318722 -0.1233049 -0.9232435
v -0.3318722 -0.1233049 -0.9035574
v -0.3318722 -0.1233049 -0.8962535
v -0.2274691 -0.1233049 -0.9499615
v -0.2274691 -0.1233049 -0.9232583
v -0.2274691 -0.1233049 -0.9035611
v -0.2274691 -0.1233049 -0.8962535
v -0.2036872 -0.1233049 -0.9483126
v -0.2068402 -0.1233049 -0.9218801
v -0.2097340 -0.1233049 -0.9023825
v -0.2106859 -0.1233049 -0.8951486
v -0.1844513 -0.1233049 -0.9436660
v -0.1884573 -0.1233049 -0.9179147
v -0.1923005 -0.1233049 -0.8989194
v -0.1941890 -0.1233049 -0.8918722
v -0.1658804 -0.1233049 -0.9360022
v -0.1703722 -0.1233049 -0.9113710
v -0.1754726 -0.1233049 -0.8932018
v -0.1782645 -0.1233049 -0.8864611
v -0.1482897 -0.1233049 -0.9254636
v -0.1532065 -0.1233049 -0.9023758
v -0.1595296 -0.1233049 -0.8853452
v -0.1631776 -0.1233049 -0.8790263
v -0.1319844 -0.1233049 -0.9122204
v -0.1385556 -0.1233049 -0.8910689
v -0.1447541 -0.1233049 -0.8754668
v -0.1491955 -0.1233049 -0.8696786
v -0.1172371 -0.1233049 -0.8965077
v -0.1243850 -0.1233049 -0.8776568
v -0.1313880 -0.1233049 -0.8637509
v -0.1365468 -0.1233049 -0.8585922
v -0.1043077 -0.1233049 -0.8785872
v -0.1125770 -0.1233049 -0.8623574
v -0.1196728 -0.1233049 -0.8503855
v -0.1254610 -0.1233049 -0.8459440
v -0.0934098 -0.1233049 -0.8587721
v -0.1020194 -0.1233049 -0.8454423
v -0.1097944 -0.1233049 -0.8356099
v -0.1161132 -0.1233049 -0.8319620
v -0.0838060 -0.1233049 -0.8373959
v -0.0942070 -0.1233049 -0.8271932
v -0.1019377 -0.1233049 -0.8196676
v -0.1086785 -0.1233049 -0.8168751
v -0.0768785 -0.1233049 -0.8148288
v -0.0870277 -0.1233049 -0.8079284
v -0.0962201 -0.1233049 -0.8028384
v -0.1032673 -0.1233049 -0.8009499
v -0.0727435 -0.1233049 -0.7914529
v -0.0826330 -0.1233049 -0.7879726
v -0.0927570 -0.1233049 -0.7854055
v -0.0999909 -0.1233049 -0.7844536
v -0.0708643 -0.1233049 -0.7676705
v -0.0800640 -0.1233049 -0.7676705
v -0.0915822 -0.1233049 -0.7676705
v -0.0988861 -0.1233049 -0.7676705
v -0.0708643 -0.1233049 -0.6589781
v -0.0800640 -0.1233049 -0.6589781
v -0.0915822 -0.1233049 -0.6589781
v -0.0988861 -0.1233049 -0.6589781
v -0.0708643 -0.1233049 -0.5502857
v -0.0800640 -0.1233049 -0.5502857
v -0.0915828 -0.1233049 -0.5502857
v -0.0988861 -0.1233049 -0.5502857
v -0.0708643 -0.1233049 -0.4415934
v -0.0800640 -0.1233049 -0.4415934
v -0.0915828 -0.1233049 -0.4415934
v -0.0988861 -0.1233049 -0.4415934
v -0.0708643 -0.1233049 -0.3329010
v -0.0800640 -0.1233049 -0.3329010
v -0.0915828 -0.1233049 -0.3329010
v -0.0988861 -0.1233049 -0.3329010
v -0.0708643 -0.1233049 -0.2242086
v -0.0800640 -0.1233049 -0.2242086
v -0.0915828 -0.1233049 -0.2242086
v -0.0988861 -0.1233049 -0.2242086
v -0.0708643 -0.1233049 -0.1155163
v -0.0800640 -0.1233049 -0.1155163
v -0.0915828 -0.1233049 -0.1155163
v -0.0988861 -0.1233049 -0.1155163
v -0.0708643 -0.1233049 -0.0068239
v -0.0800640 -0.1233049 -0.0068239
v -0.0915828 -0.1233049 -0.0068239
v -0.0988861 -0.1233049 -0.0068239
v -0.0708643 -0.1233049 0.1018685
v -0.0800640 -0.1233049 0.1018685
v -0.0915828 -0.1233049 0.1018685
v -0.0988861 -0.1233049 0.1018685
v -0.0708643 -0.1233049 0.2105608
v -0.0800640 -0.1233049 0.2105608
v -0.0915828 -0.1233049 0.2105608
v -0.0988861 -0.1233049 0.2105608
v -0.0708643 -0.1233049 0.3192532
v -0.0800640 -0.1233049 0.3192532
v -0.0915828 -0.1233049 0.3192532
v -0.0988861 -0.1233049 0.3192532
v -0.0708643 -0.1233049 0.4279456
v -0.0800640 -0.1233049 0.4279456
v -0.0915828 -0.1233049 0.4279456
v -0.0988861 -0.1233049 0.4279456
v -0.0810528 -0.1233049 0.4411512
v -0.0718715 -0.1233049 0.4424205
v -0.0924954 -0.1233049 0.4395694
v -0.0997207 -0.1233049 0.4385706
v -0.0947554 -0.1233049 0.4509010
v -0.0836021 -0.1233049 0.4538896
v -0.0746529 -0.1233049 0.4562876
v -0.1017977 -0.1233049 0.4490140
v -0.1052203 -0.1233049 0.4590968
v -0.0984851 -0.1233049 0.4618867
v -0.0878169 -0.1233049 0.4663055
v -0.0792571 -0.1233049 0.4698511
v -0.1099301 -0.1233049 0.4686466
v -0.1036162 -0.1233049 0.4722920
v -0.0936162 -0.1233049 0.4780656
v -0.0855925 -0.1233049 0.4826981
v -0.1158455 -0.1233049 0.4774999
v -0.1100615 -0.1233049 0.4819382
v -0.1009005 -0.1233049 0.4889677
v -0.0935505 -0.1233049 0.4946076
v -0.1228663 -0.1233049 0.4855054
v -0.1177106 -0.1233049 0.4906607
v -0.1095457 -0.1233049 0.4988255
v -0.1308715 -0.1233049 0.4925263
v -0.1264338 -0.1233049 0.4983103
v -0.1397249 -0.1233049 0.4984417
v 0.0857454 -0.1233049 -0.8962535
v 0.0857454 -0.1233049 -0.9035574
v 0.0689641 -0.1233049 -0.8951486
v 0.0680116 -0.1233049 -0.9023825
v 0.0857454 -0.1233049 -0.9232441
v 0.0524672 -0.1233049 -0.8918722
v 0.0505787 -0.1233049 -0.8989188
v 0.0657915 -0.1233049 -0.9218801
v 0.0857454 -0.1233049 -0.9499327
v 0.0365420 -0.1233049 -0.8864611
v 0.0337502 -0.1233049 -0.8932018
v 0.0475259 -0.1233049 -0.9179141
v 0.0619648 -0.1233049 -0.9483126
v 0.0214558 -0.1233049 -0.8790263
v 0.0178078 -0.1233049 -0.8853452
v 0.0295003 -0.1233049 -0.9113710
v 0.0426527 -0.1233049 -0.9436654
v 0.0074737 -0.1233049 -0.8696786
v 0.0030317 -0.1233049 -0.8754668
v 0.0127965 -0.1233049 -0.9023758
v 0.0240100 -0.1233049 -0.9360022
v -0.0051750 -0.1233049 -0.8585928
v -0.0103338 -0.1233049 -0.8637515
v -0.0017058 -0.1233049 -0.8910689
v 0.0063499 -0.1233049 -0.9254636
v -0.0162608 -0.1233049 -0.8459440
v -0.0220496 -0.1233049 -0.8503855
v -0.0164942 -0.1233049 -0.8776574
v -0.0100199 -0.1233049 -0.9122204
v -0.0256092 -0.1233049 -0.8319620
v -0.0319274 -0.1233049 -0.8356099
v -0.0279865 -0.1233049 -0.8623574
v -0.0248249 -0.1233049 -0.8965083
v -0.0330439 -0.1233049 -0.8168751
v -0.0397847 -0.1233049 -0.8196676
v -0.0375511 -0.1233049 -0.8454423
v -0.0378059 -0.1233049 -0.8785872
v -0.0384545 -0.1233049 -0.8009499
v -0.0455023 -0.1233049 -0.8028384
v -0.0457848 -0.1233049 -0.8271932
v -0.0487462 -0.1233049 -0.8587721
v -0.0417309 -0.1233049 -0.7844536
v -0.0526232 -0.1233049 -0.8065945
v -0.0489648 -0.1233049 -0.7854055
v -0.0583715 -0.1233049 -0.8373959
v -0.0428363 -0.1233049 -0.7676705
v -0.0651620 -0.1233049 -0.8148282
v -0.0581934 -0.1233049 -0.7877300
v -0.0501396 -0.1233049 -0.7676705
v -0.0428369 -0.1233049 -0.6526513
v -0.0685416 -0.1233049 -0.7914523
v -0.0616614 -0.1233049 -0.7676705
v -0.0501402 -0.1233049 -0.6526513
v -0.0428382 -0.1233049 -0.5376321
v -0.0708612 -0.1233049 -0.7676705
v -0.0616621 -0.1233049 -0.6526513
v -0.0501415 -0.1233049 -0.5376321
v -0.0428394 -0.1233049 -0.4226129
v -0.0708612 -0.1233049 -0.6526513
v -0.0616627 -0.1233049 -0.5376321
v -0.0501421 -0.1233049 -0.4226129
v -0.0428400 -0.1233049 -0.3075938
v -0.0708612 -0.1233049 -0.5376321
v -0.0616639 -0.1233049 -0.4226129
v -0.0501427 -0.1233049 -0.3075938
v -0.0428412 -0.1233049 -0.1925747
v -0.0708612 -0.1233049 -0.4226129
v -0.0616645 -0.1233049 -0.3075938
v -0.0501433 -0.1233049 -0.1925747
v -0.0428418 -0.1233049 -0.0775555
v -0.0708612 -0.1233049 -0.3075938
v -0.0616651 -0.1233049 -0.1925747
v -0.0501439 -0.1233049 -0.0775555
v -0.0428431 -0.1233049 0.0374637
v -0.0708612 -0.1233049 -0.1925747
v -0.0616657 -0.1233049 -0.0775555
v -0.0501452 -0.1233049 0.0374637
v -0.0428443 -0.1233049 0.1524828
v -0.0708612 -0.1233049 -0.0775555
v -0.0616670 -0.1233049 0.0374637
v -0.0501458 -0.1233049 0.1524828
v -0.0428449 -0.1233049 0.2675020
v -0.0708612 -0.1233049 0.0374637
v -0.0616676 -0.1233049 0.1524828
v -0.0501464 -0.1233049 0.2675020
v -0.0428461 -0.1233049 0.3825211
v -0.0708612 -0.1233049 0.1524828
v -0.0616682 -0.1233049 0.2675020
v -0.0501470 -0.1233049 0.3825211
v -0.0428474 -0.1233049 0.4975401
v -0.0708612 -0.1233049 0.2675020
v -0.0616688 -0.1233049 0.3825211
v -0.0501476 -0.1233049 0.4975401
v -0.0708612 -0.1233049 0.3825211
v -0.0616700 -0.1233049 0.4975401
v -0.0708612 -0.1233049 0.4975401
v -1.2010994 -0.1233050 0.5521461
v -1.1951214 -0.1233050 0.5561392
v -1.1762619 -0.1233050 0.5256872
v -1.1844784 -0.1233050 0.5240555
v -1.2081503 -0.1233050 0.5507440
v -1.8979201 -0.1233050 0.5507440
v -1.8979201 -0.1233050 0.5240555
v -1.1637188 -0.1233050 0.5043687
v -1.8979201 -0.1233050 0.5043687
v -1.1559119 -0.1233050 0.5059194
v -1.1360052 -0.1233050 0.4970648
v -1.1692933 -0.1233050 0.5303363
v -1.1911264 -0.1233050 0.5621160
v -1.8979201 -0.1233050 0.4970648
v -1.1492909 -0.1233050 0.5103381
v -1.1433092 -0.1233050 0.5247611
v -1.1360052 -0.1233049 0.6141364
v -1.1448642 -0.1233050 0.5169542
v -1.1646332 -0.1233050 0.5372987
v -1.1897219 -0.1233050 0.5691663
v -1.1629953 -0.1233050 0.5455146
v -1.1433092 -0.1233049 0.6141364
v -1.1629953 -0.1233049 0.6141364
v -1.1896838 -0.1233049 0.6141364
v -0.3840738 -0.1233049 0.5771985
v -0.3837956 -0.1233049 0.5720459
v -0.3932625 -0.1233049 0.5771985
v -0.3827645 -0.1233049 0.5668768
v -0.3928406 -0.1233049 0.5708312
v -0.4047837 -0.1233049 0.5771985
v -0.3915761 -0.1233049 0.5645031
v -0.3810750 -0.1233049 0.5619207
v -0.4042323 -0.1233049 0.5693020
v -0.4120846 -0.1233049 0.5771985
v -0.3895016 -0.1233049 0.5584170
v -0.4026736 -0.1233049 0.5615141
v -0.3787530 -0.1233049 0.5572274
v -0.4114588 -0.1233049 0.5683316
v -0.4001139 -0.1233049 0.5540051
v -0.3866495 -0.1233049 0.5526540
v -0.4097134 -0.1233049 0.5596177
v -0.3758377 -0.1233049 0.5528769
v -0.3965955 -0.1233049 0.5468946
v -0.4068454 -0.1233049 0.5512058
v -0.3830703 -0.1233049 0.5473122
v -0.3723801 -0.1233049 0.5489452
v -0.3921792 -0.1233049 0.5403037
v -0.4029045 -0.1233049 0.5432405
v -0.3788242 -0.1233049 0.5424839
v -0.3684385 -0.1233049 0.5454974
v -0.3869400 -0.1233049 0.5343460
v -0.3979570 -0.1233049 0.5358580
v -0.3739842 -0.1233049 0.5382506
v -0.3640806 -0.1233049 0.5425944
v -0.3920883 -0.1233049 0.5291841
v -0.3809688 -0.1233049 0.5291233
v -0.3686332 -0.1233049 0.5346856
v -0.3593806 -0.1233049 0.5402847
v -0.3853991 -0.1233049 0.5233333
v -0.3743662 -0.1233049 0.5247243
v -0.3628622 -0.1233049 0.5318489
v -0.3544203 -0.1233049 0.5386074
v -0.3780031 -0.1233049 0.5184060
v -0.3672459 -0.1233049 0.5212249
v -0.3567706 -0.1233049 0.5297897
v -0.3492824 -0.1233049 0.5375929
v -0.3700273 -0.1233049 0.5144854
v -0.3597307 -0.1233049 0.5186849
v -0.3504615 -0.1233049 0.5285436
v -0.3440205 -0.1233049 0.5373693
v -0.3616081 -0.1233049 0.5116401
v -0.3519471 -0.1233049 0.5171471
v -0.3440205 -0.1233049 0.5281751
v -0.1804262 -0.1233049 0.5373693
v -0.3528892 -0.1233049 0.5099181
v -0.3440205 -0.1233049 0.5166465
v -0.1804262 -0.1233049 0.5281745
v -0.1661328 -0.1233049 0.5365132
v -0.3440205 -0.1233049 0.5093481
v -0.1804262 -0.1233049 0.5166459
v -0.1673420 -0.1233049 0.5273276
v -0.1520838 -0.1233049 0.5337189
v -0.1804262 -0.1233049 0.5093475
v -0.1688491 -0.1233049 0.5158795
v -0.1544820 -0.1233049 0.5247697
v -0.1385206 -0.1233049 0.5291147
v -0.1698010 -0.1233049 0.5086511
v -0.1574710 -0.1233049 0.5136158
v -0.1420660 -0.1233049 0.5205549
v -0.1256741 -0.1233049 0.5227793
v -0.1593576 -0.1233049 0.5065741
v -0.1464847 -0.1233049 0.5098867
v -0.1303065 -0.1233049 0.5147556
v -0.1137642 -0.1233049 0.5148213
v -0.1492748 -0.1233049 0.5031509
v -0.1360800 -0.1233049 0.5047556
v -0.1194044 -0.1233049 0.5074713
v -0.1029947 -0.1233049 0.5053765
v -0.3613158 -0.1233049 0.5966734
v -0.3540309 -0.1233049 0.5857713
v -0.3693395 -0.1233049 0.5920410
v -0.3372208 -0.1233049 0.5840781
v -0.3453857 -0.1233049 0.5759132
v -0.3613809 -0.1233049 0.5801310
v -0.3448698 -0.1233049 0.5928007
v -0.3320657 -0.1233049 0.5892338
v -0.3240598 -0.1233049 0.5822130
v -0.3284982 -0.1233049 0.5764284
v -0.3355276 -0.1233049 0.5672680
v -0.3519373 -0.1233049 0.5693622
v -0.3152064 -0.1233049 0.5762970
v -0.3188519 -0.1233049 0.5699831
v -0.3411678 -0.1233049 0.5599174
v -0.3246254 -0.1233049 0.5599831
v -0.3056566 -0.1233049 0.5715878
v -0.3084466 -0.1233049 0.5648520
v -0.3292579 -0.1233049 0.5519594
v -0.3128653 -0.1233049 0.5541838
v -0.2955737 -0.1233049 0.5681652
v -0.2974610 -0.1233049 0.5611229
v -0.3164114 -0.1233049 0.5456246
v -0.3004493 -0.1233049 0.5499690
v -0.2851303 -0.1233049 0.5660876
v -0.2860822 -0.1233049 0.5588592
v -0.3028475 -0.1233049 0.5410204
v -0.2875893 -0.1233049 0.5474111
v -0.2745052 -0.1233049 0.5653912
v -0.2745052 -0.1233049 0.5580928
v -0.2887986 -0.1233049 0.5382255
v -0.2745052 -0.1233049 0.5465648
v -0.1109109 -0.1233049 0.5653912
v -0.1109109 -0.1233049 0.5580922
v -0.2745052 -0.1233049 0.5373700
v -0.1109109 -0.1233049 0.5465636
v -0.1020421 -0.1233049 0.5648212
v -0.1029848 -0.1233049 0.5575916
v -0.1109109 -0.1233049 0.5373687
v -0.1044661 -0.1233049 0.5462221
v -0.0933239 -0.1233049 0.5630992
v -0.0952013 -0.1233049 0.5560544
v -0.1056367 -0.1233049 0.5372422
v -0.0981540 -0.1233049 0.5449754
v -0.0849040 -0.1233049 0.5602533
v -0.0876855 -0.1233049 0.5535138
v -0.1004865 -0.1233049 0.5362246
v -0.0920594 -0.1233049 0.5429150
v -0.0769283 -0.1233049 0.5563333
v -0.0805652 -0.1233049 0.5500144
v -0.0955139 -0.1233049 0.5345437
v -0.0862852 -0.1233049 0.5400771
v -0.0695328 -0.1233049 0.5514054
v -0.0739632 -0.1233049 0.5456160
v -0.0908028 -0.1233049 0.5322284
v -0.0809306 -0.1233049 0.5365102
v -0.0628430 -0.1233049 0.5455546
v -0.0679913 -0.1233049 0.5403927
v -0.0864345 -0.1233049 0.5293180
v -0.0760881 -0.1233049 0.5322745
v -0.0569744 -0.1233049 0.5388814
v -0.0627528 -0.1233049 0.5344350
v -0.0824831 -0.1233049 0.5258623
v -0.0718401 -0.1233049 0.5274431
v -0.0520275 -0.1233049 0.5314982
v -0.0583365 -0.1233049 0.5278447
v -0.0790169 -0.1233049 0.5219207
v -0.0682585 -0.1233049 0.5220982
v -0.0480860 -0.1233049 0.5235329
v -0.0548181 -0.1233049 0.5207342
v -0.0760949 -0.1233049 0.5175598
v -0.0654052 -0.1233049 0.5163321
v -0.0452186 -0.1233049 0.5151210
v -0.0522578 -0.1233049 0.5132252
v -0.0737673 -0.1233049 0.5128555
v -0.0633294 -0.1233049 0.5102429
v -0.0434732 -0.1233049 0.5064070
v -0.0506991 -0.1233049 0.5054373
v -0.0720735 -0.1233049 0.5078871
v -0.0620643 -0.1233049 0.5039112
v -0.0710405 -0.1233049 0.5027063
v -1.1880644 -0.1233049 0.6379188
v -1.1616319 -0.1233049 0.6344385
v -1.1421343 -0.1233049 0.6318714
v -1.1349004 -0.1233049 0.6309195
v -1.1386706 -0.1233049 0.6493043
v -1.1316240 -0.1233049 0.6474158
v -1.1576658 -0.1233049 0.6543943
v -1.1834178 -0.1233049 0.6612947
v -1.1329536 -0.1233049 0.6661335
v -1.1262128 -0.1233049 0.6633410
v -1.1511228 -0.1233049 0.6736591
v -1.1757540 -0.1233049 0.6838618
v -1.1187781 -0.1233049 0.6784279
v -1.1250970 -0.1233049 0.6820758
v -1.1421276 -0.1233049 0.6919082
v -1.1652154 -0.1233049 0.7052380
v -1.1094303 -0.1233049 0.6924099
v -1.1152186 -0.1233049 0.6968514
v -1.1308207 -0.1233049 0.7088233
v -1.1519722 -0.1233049 0.7250531
v -1.0983446 -0.1233049 0.7050581
v -1.1035033 -0.1233049 0.7102174
v -1.1174086 -0.1233049 0.7241227
v -1.1362601 -0.1233049 0.7429736
v -1.0856958 -0.1233049 0.7161445
v -1.0901372 -0.1233049 0.7219327
v -1.1021092 -0.1233049 0.7375348
v -1.1183390 -0.1233049 0.7586863
v -1.0717138 -0.1233049 0.7254922
v -1.0753617 -0.1233049 0.7318111
v -1.0851941 -0.1233049 0.7488417
v -1.0985239 -0.1233049 0.7719295
v -1.0566269 -0.1233049 0.7329270
v -1.0594188 -0.1233049 0.7396677
v -1.0669450 -0.1233049 0.7578369
v -1.0771476 -0.1233049 0.7824681
v -1.0407017 -0.1233049 0.7383381
v -1.0425908 -0.1233049 0.7453853
v -1.0476802 -0.1233049 0.7643806
v -1.0545800 -0.1233049 0.7901319
v -1.0242054 -0.1233049 0.7416145
v -1.0251573 -0.1233049 0.7488484
v -1.0277244 -0.1233049 0.7683460
v -1.0312041 -0.1233049 0.7947785
v -1.0074223 -0.1233049 0.7427194
v -1.0074223 -0.1233049 0.7500233
v -1.0074223 -0.1233049 0.7697100
v -1.0074223 -0.1233049 0.7963986
v -0.9210575 -0.1233049 0.7427194
v -0.9487710 -0.1233049 0.7500233
v -0.9695307 -0.1233049 0.7697100
v -0.9932026 -0.1233049 0.7963986
v -0.9283614 -0.1233049 0.7704157
v -0.9210575 -0.1233049 0.9212046
v -0.9409641 -0.1233049 0.7515740
v -0.9343431 -0.1233049 0.7559927
v -0.9299164 -0.1233049 0.7626088
v -0.9613141 -0.1233049 0.7713418
v -0.9861517 -0.1233049 0.7978006
v -0.9480476 -0.1233049 0.7911692
v -0.9283614 -0.1233049 0.9212046
v -0.9199527 -0.1233049 0.9379877
v -0.9543455 -0.1233049 0.7759908
v -0.9496855 -0.1233049 0.7829533
v -0.9801737 -0.1233049 0.8017938
v -0.9747742 -0.1233049 0.8148208
v -0.9480476 -0.1233049 0.9212046
v -0.9271866 -0.1233049 0.9389396
v -0.9166763 -0.1233049 0.9544840
v -0.9761787 -0.1233049 0.8077705
v -0.9747361 -0.1233049 0.9212046
v -0.9466842 -0.1233049 0.9415067
v -0.9237229 -0.1233049 0.9563725
v -0.9112651 -0.1233049 0.9704092
v -0.9731166 -0.1233049 0.9449870
v -0.9427181 -0.1233049 0.9614625
v -0.9180059 -0.1233049 0.9732017
v -0.9038304 -0.1233049 0.9854961
v -0.9684701 -0.1233049 0.9683629
v -0.9361751 -0.1233049 0.9807273
v -0.9101492 -0.1233049 0.9891440
v -0.8944826 -0.1233049 0.9994781
v -0.9608063 -0.1233049 0.9909300
v -0.9271798 -0.1233049 0.9989764
v -0.9002708 -0.1233049 1.0039196
v -0.8833968 -0.1233049 1.0121263
v -0.9502677 -0.1233049 1.0123062
v -0.9158730 -0.1233049 1.0158915
v -0.8885556 -0.1233049 1.0172850
v -0.8707481 -0.1233049 1.0232126
v -0.9370244 -0.1233049 1.0321213
v -0.9024608 -0.1233049 1.0311909
v -0.8751895 -0.1233049 1.0290009
v -0.8567660 -0.1233049 1.0325604
v -0.9213124 -0.1233049 1.0500418
v -0.8871615 -0.1233049 1.0446030
v -0.8604140 -0.1233049 1.0388793
v -0.8416792 -0.1233049 1.0399952
v -0.9033913 -0.1233049 1.0657545
v -0.8702463 -0.1233049 1.0559099
v -0.8444710 -0.1233049 1.0467359
v -0.8257540 -0.1233049 1.0454063
v -0.8835762 -0.1233049 1.0789977
v -0.8519973 -0.1233049 1.0649051
v -0.8276431 -0.1233049 1.0524535
v -0.8092577 -0.1233049 1.0486827
v -0.8621999 -0.1233049 1.0895363
v -0.8327324 -0.1233049 1.0714488
v -0.8102096 -0.1233049 1.0559166
v -0.7924745 -0.1233049 1.0497876
v -0.8396322 -0.1233049 1.0972001
v -0.8127767 -0.1233049 1.0754142
v -0.7924745 -0.1233049 1.0570915
v -0.5406786 -0.1233049 1.0497876
v -0.8162564 -0.1233049 1.1018467
v -0.7924745 -0.1233049 1.0767782
v -0.5406786 -0.1233049 1.0570915
v -0.5238955 -0.1233049 1.0486827
v -0.7924745 -0.1233049 1.1034668
v -0.5406786 -0.1233049 1.0767782
v -0.5229430 -0.1233049 1.0559166
v -0.5073986 -0.1233049 1.0454063
v -0.5406786 -0.1233049 1.1034668
v -0.5207229 -0.1233049 1.0754142
v -0.5055101 -0.1233049 1.0524535
v -0.4914740 -0.1233049 1.0399952
v -0.5168962 -0.1233049 1.1018467
v -0.5024572 -0.1233049 1.0714482
v -0.4886815 -0.1233049 1.0467359
v -0.4763871 -0.1233049 1.0325610
v -0.4975847 -0.1233049 1.0971995
v -0.4844317 -0.1233049 1.0649051
v -0.4727392 -0.1233049 1.0388793
v -0.4624051 -0.1233049 1.0232126
v -0.4789413 -0.1233049 1.0895363
v -0.4677278 -0.1233049 1.0559099
v -0.4579637 -0.1233049 1.0290009
v -0.4497570 -0.1233049 1.0121269
v -0.4612812 -0.1233049 1.0789977
v -0.4532256 -0.1233049 1.0446030
v -0.4445976 -0.1233049 1.0172856
v -0.4386706 -0.1233049 0.9994781
v -0.4449114 -0.1233049 1.0657545
v -0.4384378 -0.1233049 1.0311915
v -0.4328823 -0.1233049 1.0039196
v -0.4293228 -0.1233049 0.9854961
v -0.4301064 -0.1233049 1.0500424
v -0.4269455 -0.1233049 1.0158915
v -0.4230039 -0.1233049 0.9891440
v -0.4218881 -0.1233049 0.9704092
v -0.4171260 -0.1233049 1.0321213
v -0.4173803 -0.1233049 0.9989764
v -0.4151473 -0.1233049 0.9732017
v -0.4164769 -0.1233049 0.9544840
v -0.4052057 -0.1233049 1.0123062
v -0.4068859 -0.1233049 0.9807273
v -0.4094297 -0.1233049 0.9563725
v -0.4132005 -0.1233049 0.9379877
v -0.3961723 -0.1233049 0.9909300
v -0.4012193 -0.1233049 0.9614625
v -0.4059666 -0.1233049 0.9389396
v -0.4120957 -0.1233049 0.9212046
v -0.3901679 -0.1233049 0.9683623
v -0.3960329 -0.1233049 0.9415067
v -0.4047917 -0.1233049 0.9212046
v -0.3863289 -0.1233049 0.9449864
v -0.3932711 -0.1233049 0.9212046
v -0.3840738 -0.1233049 0.9212046
v 0.8964037 -0.1233049 0.8578116
v 0.8964037 -0.1233049 0.8311231
v 0.3294172 -0.1233049 0.8578497
v 0.3057660 -0.1233049 0.8311231
v 0.8964037 -0.1233049 0.8114369
v 0.2975495 -0.1233049 0.8327610
v 0.3223668 -0.1233049 0.8592542
v 0.2850126 -0.1233049 0.8114369
v 0.2772053 -0.1233049 0.8129919
v 0.8964037 -0.1233049 0.8041330
v 0.2705892 -0.1233049 0.8174186
v 0.2905875 -0.1233049 0.8374204
v 0.3163904 -0.1233049 0.8632492
v 0.2573161 -0.1233049 0.8041330
v 0.2661706 -0.1233049 0.8240396
v 0.2859381 -0.1233049 0.8443896
v 0.3123972 -0.1233049 0.8692272
v 0.2646199 -0.1233049 0.8318465
v 0.2573161 -0.1233049 0.9211751
v 0.2646199 -0.1233049 0.9211751
v 0.2843064 -0.1233049 0.8526062
v 0.3109950 -0.1233049 0.8762781
v 0.2843064 -0.1233049 0.9211751
v 0.2562111 -0.1233049 0.9379582
v 0.2634447 -0.1233049 0.9389108
v 0.2829426 -0.1233049 0.9414772
v 0.3109950 -0.1233049 0.9211751
v 0.3093753 -0.1233049 0.9449575
v 0.2529347 -0.1233049 0.9544552
v 0.2599820 -0.1233049 0.9563436
v 0.2789772 -0.1233049 0.9614330
v 0.3047284 -0.1233049 0.9683334
v 0.2542644 -0.1233049 0.9731722
v 0.2475237 -0.1233049 0.9703797
v 0.2724334 -0.1233049 0.9806984
v 0.2970648 -0.1233049 0.9909011
v 0.2464076 -0.1233049 0.9891146
v 0.2634382 -0.1233049 0.9989475
v 0.2400889 -0.1233049 0.9854666
v 0.2865262 -0.1233049 1.0122773
v 0.2365294 -0.1233049 1.0038907
v 0.2521316 -0.1233049 1.0158621
v 0.2732830 -0.1233049 1.0320924
v 0.2307408 -0.1233049 0.9994486
v 0.2387192 -0.1233049 1.0311620
v 0.2248138 -0.1233049 1.0172561
v 0.2575705 -0.1233049 1.0500129
v 0.2196549 -0.1233049 1.0120974
v 0.2396498 -0.1233049 1.0657250
v 0.2234198 -0.1233049 1.0445742
v 0.2114480 -0.1233049 1.0289720
v 0.2070063 -0.1233049 1.0231832
v 0.2198349 -0.1233049 1.0789683
v 0.2065050 -0.1233049 1.0558804
v 0.1966724 -0.1233049 1.0388498
v 0.1930245 -0.1233049 1.0325316
v 0.1984581 -0.1233049 1.0895074
v 0.1882558 -0.1233049 1.0648757
v 0.1807296 -0.1233049 1.0467064
v 0.1779377 -0.1233049 1.0399663
v 0.1758914 -0.1233049 1.0971706
v 0.1689910 -0.1233049 1.0714193
v 0.1639010 -0.1233049 1.0524240
v 0.1620126 -0.1233049 1.0453768
v 0.1525149 -0.1233049 1.1018178
v 0.1490352 -0.1233049 1.0753848
v 0.1464682 -0.1233049 1.0558872
v 0.1455156 -0.1233049 1.0486539
v 0.1287331 -0.1233049 1.1034520
v 0.1287331 -0.1233049 1.0767635
v 0.1287331 -0.1233049 1.0570767
v 0.1287331 -0.1233049 1.0497728
v -0.2274629 -0.1233049 1.1034956
v -0.2274629 -0.1233049 1.0767924
v -0.2274629 -0.1233049 1.0570958
v -0.2274629 -0.1233049 1.0497882
v -0.2512447 -0.1233049 1.1018467
v -0.2480918 -0.1233049 1.0754142
v -0.2451979 -0.1233049 1.0559166
v -0.2442454 -0.1233049 1.0486827
v -0.2704807 -0.1233049 1.0972001
v -0.2664747 -0.1233049 1.0714488
v -0.2626308 -0.1233049 1.0524535
v -0.2607424 -0.1233049 1.0454063
v -0.2890516 -0.1233049 1.0895363
v -0.2845592 -0.1233049 1.0649051
v -0.2794594 -0.1233049 1.0467359
v -0.2766675 -0.1233049 1.0399952
v -0.3066417 -0.1233049 1.0789977
v -0.3017249 -0.1233049 1.0559099
v -0.2954018 -0.1233049 1.0388793
v -0.2917538 -0.1233049 1.0325604
v -0.3229476 -0.1233049 1.0657545
v -0.3163764 -0.1233049 1.0446030
v -0.3101779 -0.1233049 1.0290009
v -0.3057364 -0.1233049 1.0232126
v -0.3376943 -0.1233049 1.0500418
v -0.3305463 -0.1233049 1.0311909
v -0.3235433 -0.1233049 1.0172850
v -0.3183846 -0.1233049 1.0121263
v -0.3506237 -0.1233049 1.0321213
v -0.3423549 -0.1233049 1.0158915
v -0.3352592 -0.1233049 1.0039196
v -0.3294704 -0.1233049 0.9994781
v -0.3615215 -0.1233049 1.0123062
v -0.3529119 -0.1233049 0.9989764
v -0.3451370 -0.1233049 0.9891440
v -0.3388187 -0.1233049 0.9854961
v -0.3701937 -0.1233049 0.9909300
v -0.3607244 -0.1233049 0.9807273
v -0.3529942 -0.1233049 0.9732017
v -0.3462535 -0.1233049 0.9704092
v -0.3782156 -0.1233049 0.9683629
v -0.3669714 -0.1233049 0.9614625
v -0.3587112 -0.1233049 0.9563725
v -0.3516640 -0.1233049 0.9544840
v -0.3826122 -0.1233049 0.9449870
v -0.3719281 -0.1233049 0.9415067
v -0.3621743 -0.1233049 0.9389396
v -0.3549411 -0.1233049 0.9379877
v -0.3840708 -0.1233049 0.9212046
v -0.3748685 -0.1233049 0.9212046
v -0.3633492 -0.1233049 0.9212046
v -0.3560453 -0.1233049 0.9212046
v -0.3840708 -0.1233049 0.6467931
v -0.3748685 -0.1233049 0.6467931
v -0.3633492 -0.1233049 0.6467931
v -0.3560453 -0.1233049 0.6467931
v -0.3738792 -0.1233049 0.6335879
v -0.3830605 -0.1233049 0.6323185
v -0.3624360 -0.1233049 0.6351693
v -0.3552113 -0.1233049 0.6361685
v -0.3713293 -0.1233049 0.6208495
v -0.3601760 -0.1233049 0.6238379
v -0.3802785 -0.1233049 0.6184513
v -0.3531336 -0.1233049 0.6257252
v -0.3564469 -0.1233049 0.6128522
v -0.3671151 -0.1233049 0.6084335
v -0.3497111 -0.1233049 0.6156423
v -0.3756749 -0.1233049 0.6048881
v -0.3513158 -0.1233049 0.6024469
v -0.3450019 -0.1233049 0.6060924
v -0.3390859 -0.1233049 0.5972390
v 0.6269668 -0.1233050 -1.2430980
v 0.6304468 -0.1233050 -1.2166656
v 0.6330137 -0.1233050 -1.1971680
v 0.6339662 -0.1233050 -1.1899341
v 0.6155809 -0.1233050 -1.1937043
v 0.6174693 -0.1233050 -1.1866577
v 0.6104911 -0.1233050 -1.2126995
v 0.6035908 -0.1233050 -1.2384509
v 0.5987523 -0.1233050 -1.1879873
v 0.6015445 -0.1233050 -1.1812465
v 0.5912265 -0.1233050 -1.2061565
v 0.5810239 -0.1233050 -1.2307877
v 0.5828097 -0.1233050 -1.1801306
v 0.5864576 -0.1233050 -1.1738118
v 0.5729770 -0.1233050 -1.1971613
v 0.5596472 -0.1233050 -1.2202491
v 0.5680340 -0.1233050 -1.1702523
v 0.5724757 -0.1233050 -1.1644640
v 0.5560622 -0.1233050 -1.1858544
v 0.5398323 -0.1233050 -1.2070059
v 0.5546682 -0.1233050 -1.1585370
v 0.5598271 -0.1233050 -1.1533782
v 0.5407628 -0.1233050 -1.1724429
v 0.5219116 -0.1233050 -1.1912938
v 0.5429526 -0.1233050 -1.1451709
v 0.5487413 -0.1233050 -1.1407295
v 0.5273505 -0.1233050 -1.1571429
v 0.5061991 -0.1233050 -1.1733727
v 0.5330745 -0.1233050 -1.1303954
v 0.5393932 -0.1233050 -1.1267474
v 0.5160439 -0.1233050 -1.1402277
v 0.4929559 -0.1233050 -1.1535576
v 0.5252177 -0.1233050 -1.1144531
v 0.5319584 -0.1233050 -1.1116606
v 0.5070487 -0.1233050 -1.1219787
v 0.4824172 -0.1233050 -1.1321813
v 0.5195001 -0.1233050 -1.0976239
v 0.5265474 -0.1233050 -1.0957354
v 0.5005049 -0.1233050 -1.1027138
v 0.4747537 -0.1233050 -1.1096137
v 0.5160373 -0.1233050 -1.0801910
v 0.5232710 -0.1233050 -1.0792391
v 0.4965395 -0.1233050 -1.0827581
v 0.4701068 -0.1233050 -1.0862378
v 0.5148622 -0.1233050 -1.0624560
v 0.5221659 -0.1233050 -1.0624560
v 0.4951757 -0.1233050 -1.0624560
v 0.4684871 -0.1233050 -1.0624560
v 0.5148622 -0.1233050 -0.9239676
v 0.5221659 -0.1233050 -0.8962535
v 0.4951757 -0.1233050 -0.9447266
v 0.4684871 -0.1233050 -0.9683985
v 0.4935440 -0.1233050 -0.9365101
v 0.5133115 -0.1233050 -0.9161601
v 0.4944695 -0.1233050 -0.9035574
v 0.5022768 -0.1233050 -0.9051130
v 0.5088929 -0.1233050 -0.9095391
v 0.4670848 -0.1233050 -0.9613476
v 0.4630917 -0.1233050 -0.9553702
v 0.4888946 -0.1233050 -0.9295415
v 0.4737161 -0.1233050 -0.9232441
v 0.4819326 -0.1233050 -0.9248820
v 0.4571152 -0.1233050 -0.9513747
v 0.4500649 -0.1233050 -0.9499701
v 1.9010343 -0.1233050 -1.1088620
v 1.8832754 -0.1233050 -1.0830590
v 1.8902440 -0.1233050 -1.0784100
v 1.9070123 -0.1233050 -1.1048688
v 1.8984611 -0.1233050 -1.0767782
v 1.9140632 -0.1233050 -1.1034668
v 2.2475037 -0.1233050 -1.1034668
v 1.8817842 -0.1233050 -1.0570915
v 2.2475037 -0.1233050 -1.0767782
v 1.8739773 -0.1233050 -1.0586422
v 1.8673563 -0.1233050 -1.0630609
v 2.2712855 -0.1233049 -1.1018467
v 1.8540707 -0.1233050 -1.0497876
v 2.2475037 -0.1233050 -1.0570915
v 2.2678058 -0.1233049 -1.0754142
v 2.2946614 -0.1233049 -1.0972001
v 2.2475037 -0.1233050 -1.0497876
v 2.2652387 -0.1233049 -1.0559166
v 2.2877616 -0.1233049 -1.0714488
v 2.3172291 -0.1233049 -1.0895363
v 2.2642868 -0.1233049 -1.0486827
v 2.2826716 -0.1233049 -1.0524535
v 2.3070264 -0.1233049 -1.0649051
v 2.3386053 -0.1233049 -1.0789977
v 2.2807831 -0.1233049 -1.0454063
v 2.2995008 -0.1233049 -1.0467359
v 2.3252755 -0.1233049 -1.0559099
v 2.3584204 -0.1233049 -1.0657545
v 2.2967083 -0.1233049 -1.0399952
v 2.3154431 -0.1233049 -1.0388793
v 2.3421906 -0.1233049 -1.0446030
v 2.3763415 -0.1233049 -1.0500418
v 2.3117952 -0.1233049 -1.0325604
v 2.3302186 -0.1233049 -1.0290009
v 2.3574906 -0.1233049 -1.0311909
v 2.3920536 -0.1233049 -1.0321213
v 2.3257772 -0.1233049 -1.0232126
v 2.3435847 -0.1233049 -1.0172856
v 2.3709021 -0.1233049 -1.0158915
v 2.4052968 -0.1233049 -1.0123062
v 2.3384260 -0.1233049 -1.0121263
v 2.3553000 -0.1233049 -1.0039196
v 2.3822090 -0.1233049 -0.9989764
v 2.4158354 -0.1233049 -0.9909300
v 2.3495117 -0.1233049 -0.9994781
v 2.3651784 -0.1233049 -0.9891440
v 2.3912042 -0.1233049 -0.9807273
v 2.4234986 -0.1233049 -0.9683629
v 2.3588595 -0.1233049 -0.9854961
v 2.3730350 -0.1233049 -0.9732017
v 2.3977472 -0.1233049 -0.9614625
v 2.4281458 -0.1233049 -0.9449870
v 2.3662942 -0.1233049 -0.9704092
v 2.3787520 -0.1233049 -0.9563725
v 2.4017133 -0.1233049 -0.9415067
v 2.4297652 -0.1233050 -0.9212046
v 2.3717054 -0.1233049 -0.9544840
v 2.3822157 -0.1233049 -0.9389396
v 2.4030767 -0.1233050 -0.9212046
v 2.3749818 -0.1233049 -0.9379877
v 2.3833906 -0.1233050 -0.9212046
v 2.3760867 -0.1233050 -0.9212046
v 1.9010343 -0.1233050 -1.1088620
v 1.8970394 -0.1233050 -1.1148381
v 1.8832754 -0.1233050 -1.0830590
v 1.8956349 -0.1233050 -1.1218890
v 1.8786159 -0.1233050 -1.0900209
v 1.8673563 -0.1233050 -1.0630609
v 1.8769780 -0.1233050 -1.0982374
v 1.8938195 -0.1233049 -1.1321813
v 1.8629296 -0.1233050 -1.0696770
v 1.8540707 -0.1233050 -1.0497876
v 1.8691883 -0.1233049 -1.1219787
v 1.8510191 -0.1233049 -1.1144531
v 1.8567361 -0.1233049 -1.0976239
v 1.8567361 -0.1233049 -1.0976239
v 1.8613746 -0.1233050 -1.0774839
v 1.8601930 -0.1233049 -1.1402277
v 1.8832809 -0.1233049 -1.1535576
v 1.8540707 -0.1233050 -1.0624560
v 1.8431624 -0.1233049 -1.1303954
v 1.8368436 -0.1233049 -1.1267474
v 1.8442783 -0.1233049 -1.1116606
v 1.8496895 -0.1233049 -1.0957354
v 1.8529659 -0.1233049 -1.0792391
v 1.8488862 -0.1233049 -1.1571429
v 1.8332840 -0.1233049 -1.1451709
v 1.8700376 -0.1233049 -1.1733727
v 1.8274958 -0.1233049 -1.1407295
v 1.8354747 -0.1233049 -1.1724423
v 1.8215688 -0.1233049 -1.1585370
v 1.8164100 -0.1233049 -1.1533776
v 1.8543256 -0.1233049 -1.1912932
v 1.8082027 -0.1233049 -1.1702523
v 1.8201747 -0.1233049 -1.1858544
v 1.8037613 -0.1233049 -1.1644640
v 1.8364045 -0.1233049 -1.2070059
v 1.7897792 -0.1233049 -1.1738118
v 1.7934272 -0.1233049 -1.1801306
v 1.8032595 -0.1233049 -1.1971613
v 1.8165894 -0.1233049 -1.2202491
v 1.7746924 -0.1233049 -1.1812465
v 1.7774848 -0.1233049 -1.1879873
v 1.7850105 -0.1233049 -1.2061565
v 1.7952131 -0.1233049 -1.2307877
v 1.7587672 -0.1233049 -1.1866577
v 1.7606557 -0.1233049 -1.1937049
v 1.7657456 -0.1233049 -1.2127001
v 1.7726454 -0.1233049 -1.2384515
v 1.7422709 -0.1233049 -1.1899341
v 1.7432228 -0.1233049 -1.1971680
v 1.7457899 -0.1233049 -1.2166656
v 1.7492696 -0.1233049 -1.2430980
v 1.7655872 -0.1233050 0.3310969
v 1.7338081 -0.1233050 0.3092634
v 1.7596110 -0.1233050 0.3350921
v 1.7407699 -0.1233050 0.3046038
v 1.7291591 -0.1233050 0.3162323
v 1.7556179 -0.1233050 0.3410699
v 1.7275273 -0.1233050 0.3244489
v 1.7542158 -0.1233050 0.3481208
v 1.7078405 -0.1233050 0.3036894
v 1.7093912 -0.1233050 0.2958823
v 1.7204260 -0.1233050 0.2848348
v 1.7138099 -0.1233050 0.2892611
v 1.7275273 -0.1233050 0.3991887
v 1.7542158 -0.1233050 0.3991887
v 1.7078405 -0.1233050 0.3991887
v 1.7261633 -0.1233049 0.4194907
v 1.7525957 -0.1233049 0.4229707
v 1.7005366 -0.1233050 0.3991887
v 1.7066657 -0.1233049 0.4169238
v 1.7221978 -0.1233049 0.4394466
v 1.7479492 -0.1233049 0.4463466
v 1.6994318 -0.1233049 0.4159715
v 1.7032026 -0.1233049 0.4343568
v 1.7156542 -0.1233049 0.4587114
v 1.7402854 -0.1233049 0.4689141
v 1.6961554 -0.1233049 0.4324684
v 1.6974850 -0.1233049 0.4511854
v 1.7066589 -0.1233049 0.4769607
v 1.7297468 -0.1233049 0.4902905
v 1.6907442 -0.1233049 0.4483932
v 1.6896283 -0.1233049 0.4671280
v 1.6953521 -0.1233049 0.4938756
v 1.7165036 -0.1233049 0.5101054
v 1.6833095 -0.1233049 0.4634801
v 1.6797499 -0.1233049 0.4819039
v 1.6819400 -0.1233049 0.5091756
v 1.7007909 -0.1233049 0.5280265
v 1.6739617 -0.1233049 0.4774622
v 1.6680347 -0.1233049 0.4952697
v 1.6666406 -0.1233049 0.5225871
v 1.6828704 -0.1233049 0.5437386
v 1.6628753 -0.1233049 0.4901108
v 1.6546686 -0.1233049 0.5069849
v 1.6497254 -0.1233049 0.5338939
v 1.6630553 -0.1233049 0.5569818
v 1.6502272 -0.1233049 0.5011967
v 1.6398931 -0.1233049 0.5168633
v 1.6314764 -0.1233049 0.5428892
v 1.6416790 -0.1233049 0.5675204
v 1.6362451 -0.1233049 0.5105445
v 1.6239507 -0.1233049 0.5247200
v 1.6122115 -0.1233049 0.5494322
v 1.6191120 -0.1233049 0.5751836
v 1.6211583 -0.1233049 0.5179792
v 1.6071216 -0.1233049 0.5304370
v 1.5922558 -0.1233049 0.5533983
v 1.5957361 -0.1233049 0.5798307
v 1.6052331 -0.1233049 0.5233904
v 1.5896887 -0.1233049 0.5339007
v 1.5719537 -0.1233050 0.5547617
v 1.5719537 -0.1233050 0.5814502
v 1.5887368 -0.1233049 0.5266668
v 1.5719537 -0.1233050 0.5350755
v 1.0734367 -0.1233050 0.5547617
v 1.0970879 -0.1233050 0.5814883
v 1.5719537 -0.1233050 0.5277716
v 1.0526833 -0.1233050 0.5350755
v 1.0448760 -0.1233050 0.5366305
v 1.0652202 -0.1233050 0.5563996
v 1.0900375 -0.1233050 0.5828928
v 1.0249868 -0.1233050 0.5277716
v 1.0382599 -0.1233050 0.5410572
v 1.0582581 -0.1233050 0.5610590
v 1.0840611 -0.1233050 0.5868878
v 1.0322906 -0.1233050 0.6755500
v 1.0322906 -0.1233050 0.5554851
v 1.0249868 -0.1233050 0.6755500
v 1.0338413 -0.1233050 0.5476782
v 1.0536088 -0.1233050 0.5680283
v 1.0800679 -0.1233050 0.5928658
v 1.0311155 -0.1233050 0.6932851
v 1.0506133 -0.1233050 0.6958522
v 1.0519771 -0.1233050 0.6755500
v 1.0519771 -0.1233050 0.5762448
v 1.0238818 -0.1233050 0.6923332
v 1.0786657 -0.1233050 0.5999167
v 1.0276527 -0.1233050 0.7107179
v 1.0466478 -0.1233050 0.7158079
v 1.0723991 -0.1233050 0.7227083
v 1.0770460 -0.1233050 0.6993319
v 1.0786657 -0.1233050 0.6755500
v 1.0206053 -0.1233050 0.7088295
v 1.0219351 -0.1233050 0.7275471
v 1.0401041 -0.1233050 0.7350727
v 1.0647355 -0.1233050 0.7452760
v 1.0151944 -0.1233050 0.7247546
v 1.0140783 -0.1233050 0.7434895
v 1.0311089 -0.1233050 0.7533218
v 1.0541969 -0.1233050 0.7666523
v 1.0077596 -0.1233050 0.7398415
v 1.0042002 -0.1233050 0.7582656
v 1.0198022 -0.1233050 0.7702370
v 1.0409536 -0.1233050 0.7864674
v 0.9984115 -0.1233050 0.7538236
v 0.9924845 -0.1233050 0.7716311
v 1.0063899 -0.1233050 0.7855370
v 1.0252411 -0.1233050 0.8043879
v 0.9873257 -0.1233050 0.7664723
v 0.9791187 -0.1233050 0.7833469
v 0.9910905 -0.1233050 0.7989485
v 1.0073205 -0.1233050 0.8200999
v 0.9746771 -0.1233050 0.7775581
v 0.9643431 -0.1233050 0.7932247
v 0.9741757 -0.1233050 0.8102553
v 0.9875055 -0.1233050 0.8333432
v 0.9606952 -0.1233050 0.7869059
v 0.9484005 -0.1233050 0.8010814
v 0.9559263 -0.1233050 0.8192506
v 0.9661289 -0.1233050 0.8438818
v 0.9456083 -0.1233050 0.7943406
v 0.9315719 -0.1233050 0.8067990
v 0.9366616 -0.1233050 0.8257936
v 0.9435620 -0.1233050 0.8515449
v 0.9296834 -0.1233050 0.7997518
v 0.9141390 -0.1233050 0.8102621
v 0.9167059 -0.1233050 0.8297597
v 0.9201859 -0.1233050 0.8561927
v 0.9131866 -0.1233050 0.8030282
v 2.4298033 -0.1233050 -0.3480769
v 2.4030767 -0.1233050 -0.3244257
v 2.4047146 -0.1233050 -0.3162092
v 2.4312079 -0.1233050 -0.3410266
v 2.3833906 -0.1233050 -0.3036723
v 2.3849456 -0.1233050 -0.2958650
v 2.3893723 -0.1233050 -0.2892489
v 2.4093741 -0.1233050 -0.3092472
v 2.4352028 -0.1233050 -0.3350501
v 2.3760867 -0.1233050 -0.2759759
v 2.3959933 -0.1233050 -0.2848303
v 2.4163433 -0.1233050 -0.3045978
v 2.4411808 -0.1233050 -0.3310570
v 2.4038002 -0.1233050 -0.2832796
v 2.5177237 -0.1233050 -0.2759759
v 2.5177237 -0.1233050 -0.2832796
v 2.4245598 -0.1233050 -0.3029661
v 2.4482317 -0.1233050 -0.3296547
v 2.5177237 -0.1233050 -0.3029661
v 2.5345068 -0.1233050 -0.2748708
v 2.5354587 -0.1233050 -0.2821045
v 2.5380258 -0.1233050 -0.3016023
v 2.5177237 -0.1233050 -0.3296547
v 2.5415055 -0.1233050 -0.3280350
v 2.5510031 -0.1233050 -0.2715944
v 2.5528916 -0.1233050 -0.2786417
v 2.5579816 -0.1233050 -0.2976368
v 2.5648814 -0.1233050 -0.3233881
v 2.5669283 -0.1233050 -0.2661834
v 2.5697208 -0.1233050 -0.2729241
v 2.5772464 -0.1233050 -0.2910931
v 2.5874491 -0.1233050 -0.3157246
v 2.5820152 -0.1233050 -0.2587486
v 2.5856632 -0.1233050 -0.2650673
v 2.5954955 -0.1233050 -0.2820979
v 2.6088253 -0.1233050 -0.3051859
v 2.5959972 -0.1233050 -0.2494005
v 2.6004387 -0.1233050 -0.2551891
v 2.6124106 -0.1233050 -0.2707913
v 2.6286404 -0.1233050 -0.2919427
v 2.6086460 -0.1233050 -0.2383146
v 2.6138047 -0.1233050 -0.2434736
v 2.6277106 -0.1233050 -0.2573790
v 2.6465615 -0.1233050 -0.2762302
v 2.6197318 -0.1233050 -0.2256661
v 2.6255200 -0.1233050 -0.2301078
v 2.6411221 -0.1233050 -0.2420795
v 2.6622736 -0.1233050 -0.2583095
v 2.6290795 -0.1233050 -0.2116842
v 2.6353984 -0.1233050 -0.2153321
v 2.6524290 -0.1233050 -0.2251648
v 2.6755168 -0.1233050 -0.2384946
v 2.6365143 -0.1233050 -0.1965973
v 2.6432550 -0.1233050 -0.1993895
v 2.6614243 -0.1233050 -0.2069153
v 2.6860554 -0.1233050 -0.2171179
v 2.6419254 -0.1233050 -0.1806724
v 2.6489720 -0.1233050 -0.1825609
v 2.6679673 -0.1233050 -0.1876507
v 2.6937186 -0.1233050 -0.1945510
v 2.6452018 -0.1233050 -0.1641756
v 2.6524358 -0.1233050 -0.1651281
v 2.6719334 -0.1233050 -0.1676950
v 2.6983658 -0.1233050 -0.1711750
v 2.6536106 -0.1233050 -0.1473927
v 2.6463067 -0.1233050 -0.1473927
v 2.6732967 -0.1233050 -0.1473927
v 2.6999853 -0.1233050 -0.1473927
v 2.6536124 -0.1233050 0.1473927
v 2.6733047 -0.1233050 0.1473927
v 2.6463067 -0.1233050 0.1473927
v 2.7000000 -0.1233050 0.1473927
v 2.6524358 -0.1233049 0.1651279
v 2.6719334 -0.1233049 0.1676948
v 2.6983658 -0.1233049 0.1711748
v 2.6452018 -0.1233049 0.1641756
v 2.6489726 -0.1233049 0.1825609
v 2.6679679 -0.1233049 0.1876507
v 2.6937192 -0.1233049 0.1945507
v 2.6419254 -0.1233049 0.1806725
v 2.6432550 -0.1233049 0.1993895
v 2.6614243 -0.1233049 0.2069155
v 2.6860554 -0.1233049 0.2171182
v 2.6365143 -0.1233049 0.1965973
v 2.6353984 -0.1233049 0.2153321
v 2.6524290 -0.1233049 0.2251648
v 2.6755168 -0.1233049 0.2384946
v 2.6290795 -0.1233049 0.2116842
v 2.6255200 -0.1233049 0.2301079
v 2.6411221 -0.1233049 0.2420797
v 2.6622736 -0.1233049 0.2583097
v 2.6197318 -0.1233049 0.2256663
v 2.6138047 -0.1233049 0.2434738
v 2.6277100 -0.1233049 0.2573793
v 2.6465609 -0.1233049 0.2762306
v 2.6086454 -0.1233049 0.2383148
v 2.6004387 -0.1233049 0.2551891
v 2.6124106 -0.1233049 0.2707913
v 2.6286404 -0.1233049 0.2919427
v 2.5959972 -0.1233049 0.2494007
v 2.5856632 -0.1233049 0.2650673
v 2.5954955 -0.1233049 0.2820979
v 2.6088253 -0.1233049 0.3051859
v 2.5820152 -0.1233049 0.2587488
v 2.5697208 -0.1233049 0.2729241
v 2.5772464 -0.1233049 0.2910933
v 2.5874491 -0.1233049 0.3157246
v 2.5669283 -0.1233049 0.2661834
v 2.5528916 -0.1233049 0.2786414
v 2.5579816 -0.1233049 0.2976365
v 2.5648820 -0.1233049 0.3233880
v 2.5510031 -0.1233049 0.2715941
v 2.5354587 -0.1233049 0.2821047
v 2.5380258 -0.1233049 0.3016025
v 2.5415061 -0.1233049 0.3280350
v 2.5345068 -0.1233049 0.2748710
vt 16.9950500 0.4944720
vt 22.7628600 0.4944705
vt 22.6191700 0.2889026
vt 16.9959100 0.2889039
vt 16.9944200 0.7499893
vt 22.8866000 0.7499876
vt 16.9943900 0.9999899
vt 23.0602400 0.9999880
vt -7.8974580 0.5133998
vt -0.9136341 0.3077819
vt -7.8965920 0.3078316
vt -0.9127358 0.5133500
vt -7.8981910 0.7689170
vt -0.9119451 0.7688673
vt -7.8983150 1.0189177
vt -0.9118064 1.0188678
vt -44.2941900 0.7497964
vt -49.3321300 0.7497957
vt -49.3321100 0.9997964
vt -44.1236300 0.9997969
vt -44.4124900 0.4942797
vt -49.3317000 0.4942784
vt -44.5528100 0.2887117
vt -49.3309300 0.2887104
vt 17.4061700 1.0013257
vt 17.4061700 0.8508784
vt 17.3389200 1.0013261
vt 17.3389200 0.8508787
vt 17.2716700 1.0013264
vt 17.2716700 0.8508791
vt 17.2044300 1.0013269
vt 17.2044300 0.8508795
vt 17.0220500 1.0013279
vt 17.2044300 0.6983358
vt 17.2716700 0.6983354
vt 17.3389200 0.6983351
vt 17.4061700 0.6983347
vt 17.0426500 0.8508804
vt 17.0702500 0.6983366
vt 16.3521400 0.8508844
vt 16.3521400 1.0013318
vt 17.2044200 0.5298982
vt 17.2716700 0.5298978
vt 17.3389200 0.5298975
vt 17.4061600 0.5298971
vt 16.3521400 0.6983408
vt 16.3521400 0.5299032
vt 17.1174600 0.5298988
vt 15.6822300 1.0013340
vt 15.6340200 0.6983430
vt 15.6616300 0.8508866
vt 15.5868100 0.5299056
vt 15.4998500 0.8508871
vt 15.4998500 1.0013344
vt 15.4998500 0.5299058
vt 15.4998500 0.6983434
vt 15.4326000 0.8508873
vt 15.4326000 1.0013347
vt 15.4326000 0.5299060
vt 15.4326000 0.6983436
vt 15.3653600 0.8508875
vt 15.3653600 1.0013349
vt 15.3653500 0.5299063
vt 15.3653600 0.6983439
vt 15.2981100 0.8508877
vt 15.2981100 1.0013351
vt 15.2981100 0.5299065
vt 15.2981100 0.6983441
vt 15.1155600 0.8508883
vt 15.1155700 1.0013356
vt 15.1155600 0.5299070
vt 15.1155600 0.6983446
vt 14.9330200 0.6983455
vt 14.9330200 0.8508892
vt 14.9330200 1.0013366
vt 14.9330200 0.5299079
vt 14.8657700 0.6983459
vt 14.8657700 0.8508896
vt 14.8657700 1.0013369
vt 14.8657700 0.5299083
vt 14.7985300 0.6983461
vt 14.7985300 0.8508899
vt 14.7985300 1.0013372
vt 14.7985200 0.5299085
vt 14.7312800 0.6983465
vt 14.7312800 0.8508902
vt 14.7312800 1.0013375
vt 14.7312800 0.5299089
vt 14.5956600 0.6983472
vt 14.5956600 0.8508909
vt 14.5956600 1.0013382
vt 14.5956600 0.5299096
vt 14.3312800 0.6983469
vt 14.3312800 0.8508906
vt 14.3312800 1.0013380
vt 14.3312800 0.5299093
vt 14.2440300 0.5299093
vt 14.2440300 0.6983469
vt 14.2440300 0.8508905
vt 14.2440300 1.0013379
vt 14.1466300 0.5299096
vt 14.1466300 0.6983472
vt 14.1466300 0.8508909
vt 14.1466300 1.0013382
vt 13.9861500 0.5299102
vt 13.9861500 0.6983478
vt 13.9861500 0.8508915
vt 13.9861500 1.0013388
vt 13.9189100 0.5299103
vt 13.9189100 0.6983479
vt 13.9189100 0.8508916
vt 13.9189100 1.0013390
vt 13.8516600 0.5299103
vt 13.8516600 0.6983479
vt 13.8516600 0.8508916
vt 13.8516600 1.0013390
vt 13.7844100 0.5299104
vt 13.7844100 0.6983480
vt 13.7844100 0.8508917
vt 13.7844100 1.0013391
vt 13.6974500 0.5299106
vt 13.6502400 0.6983482
vt 13.6226300 0.8508919
vt 13.6020400 1.0013393
vt 12.9321300 0.5299115
vt 12.9321300 0.6983491
vt 12.9321300 0.8508927
vt 12.9321300 1.0013402
vt 12.2140100 0.6983491
vt 12.1668000 0.5299115
vt 12.2622200 1.0013402
vt 12.2416200 0.8508927
vt 12.0798400 0.8508927
vt 12.0798400 0.6983491
vt 12.0798400 0.5299115
vt 12.0798400 1.0013402
vt 12.0125900 0.8508927
vt 12.0125900 0.6983491
vt 12.0125900 0.5299115
vt 12.0125900 1.0013402
vt 11.9453400 0.8508927
vt 11.9453400 0.6983491
vt 11.9453400 0.5299115
vt 11.9453400 1.0013402
vt 11.8781000 0.8508927
vt 11.8781000 0.6983491
vt 11.8781000 0.5299115
vt 11.8781000 1.0013402
vt 11.6955500 1.0013402
vt 11.6955500 0.8508927
vt 11.6955500 0.6983491
vt 11.6955500 0.5299115
vt 11.5130100 0.8508929
vt 11.5130100 1.0013403
vt 11.5130100 0.6983492
vt 11.5130100 0.5299116
vt 11.4457600 0.8508930
vt 11.4457600 1.0013404
vt 11.4457600 0.6983493
vt 11.4457600 0.5299117
vt 11.3785100 1.0013404
vt 11.3785100 0.8508930
vt 11.3785100 0.6983494
vt 11.3785100 0.5299118
vt 11.3112700 1.0013405
vt 11.3112700 0.8508931
vt 11.3112700 0.6983495
vt 11.3112700 0.5299119
vt 11.1676100 1.0013406
vt 11.1676100 0.8508933
vt 11.1676100 0.6983496
vt 11.1676100 0.5299120
vt 10.9032200 0.8508961
vt 10.9032300 1.0013435
vt 10.9032200 0.6983524
vt 10.9032200 0.5299148
vt 10.8159800 1.0013443
vt 10.8159800 0.8508970
vt 10.8159700 0.6983534
vt 10.8159700 0.5299158
vt 6.4614130 1.0013402
vt 6.3640160 0.8508927
vt 6.3640160 1.0013402
vt 6.4614130 0.8508927
vt 6.2035370 1.0013402
vt 6.2035370 0.8508927
vt 6.3640160 0.6983491
vt 6.2035370 0.6983491
vt 6.4614130 0.6983491
vt 6.4614130 0.5299115
vt 6.3640160 0.5299115
vt 6.2035370 0.5299115
vt 3.8566380 1.0013413
vt 4.1025090 1.0013406
vt 3.8566380 0.8508940
vt 4.1231090 0.8508933
vt 4.2848880 1.0013405
vt 4.2848880 0.8508931
vt 4.1507150 0.6983496
vt 3.8566380 0.6983503
vt 4.3521350 0.8508930
vt 4.3521350 1.0013404
vt 4.2848880 0.6983495
vt 3.8566370 0.5299127
vt 4.1979260 0.5299119
vt 4.2848880 0.5299119
vt 4.4193830 0.8508930
vt 4.3521350 0.6983494
vt 4.4193830 1.0013404
vt 4.3521350 0.5299118
vt 4.4866290 0.8508929
vt 4.4193830 0.6983493
vt 4.4193820 0.5299117
vt 4.4866290 1.0013403
vt 4.6691740 1.0013402
vt 4.6691740 0.8508927
vt 4.4866290 0.6983492
vt 4.4866290 0.5299116
vt 4.8517180 0.8508927
vt 4.8517180 1.0013402
vt 4.8517180 0.6983491
vt 4.6691740 0.6983491
vt 4.6691730 0.5299115
vt 4.9189650 1.0013402
vt 4.9189650 0.8508927
vt 4.9189650 0.6983491
vt 4.8517180 0.5299115
vt 4.9862120 1.0013402
vt 4.9862120 0.8508927
vt 4.9862120 0.6983491
vt 4.9189650 0.5299115
vt 5.0534590 1.0013402
vt 5.0534590 0.8508927
vt 5.0534590 0.6983491
vt 4.9862120 0.5299115
vt 5.2358380 1.0013402
vt 5.2152380 0.8508927
vt 5.1876320 0.6983491
vt 5.0534590 0.5299115
vt 5.4652240 1.0013402
vt 5.4652240 0.8508927
vt 5.4652240 0.6983491
vt 5.4652240 0.5299115
vt 5.1404210 0.5299115
vt 5.7288730 1.0013393
vt 5.7770790 0.6983482
vt 5.7494730 0.8508919
vt 5.8242900 0.5299106
vt 5.9112520 1.0013391
vt 5.9112520 0.8508917
vt 5.9112520 0.6983480
vt 5.9112520 0.5299104
vt 5.9784990 1.0013390
vt 5.9784990 0.8508916
vt 5.9784990 0.5299103
vt 5.9784990 0.6983479
vt 6.0457460 0.8508916
vt 6.0457470 1.0013390
vt 6.0457460 0.5299103
vt 6.0457460 0.6983479
vt 6.1129930 0.8508915
vt 6.1129940 1.0013388
vt 6.1129930 0.5299102
vt 6.1129930 0.6983478
vt 6.2955370 0.8508913
vt 6.2955380 1.0013386
vt 6.2955370 0.5299100
vt 6.2955370 0.6983476
vt 6.4780820 0.8508914
vt 6.4780820 0.6983477
vt 6.4780820 1.0013387
vt 6.4780820 0.5299101
vt 6.5453290 0.8508915
vt 6.5453290 0.6983478
vt 6.5453290 1.0013388
vt 6.5453290 0.5299102
vt 6.6125770 0.6983478
vt 6.6125770 0.8508915
vt 6.6125770 1.0013388
vt 6.6125760 0.5299102
vt 6.6798230 0.6983479
vt 6.6798230 0.8508915
vt 6.6798230 1.0013388
vt 6.6798230 0.5299103
vt 6.8139970 0.6983479
vt 6.8416030 0.8508916
vt 6.8622030 1.0013390
vt 6.7667850 0.5299103
vt 7.1503250 0.5299108
vt 7.1503240 0.8508921
vt 7.1503250 0.6983484
vt 7.1503240 1.0013394
vt 3.4326010 1.0013413
vt 4.1025090 1.0013406
vt 3.4326010 0.8508940
vt 4.1231090 0.8508933
vt 4.2848880 0.8508931
vt 4.2848880 1.0013405
vt 4.1507150 0.6983496
vt 3.4326010 0.6983503
vt 4.2848880 0.6983495
vt 4.3521350 0.8508930
vt 4.3521350 1.0013404
vt 3.4326010 0.5299127
vt 4.1979260 0.5299119
vt 4.2848880 0.5299119
vt 4.3521350 0.6983494
vt 4.3521350 0.5299118
vt 4.4193830 0.8508930
vt 4.4193830 1.0013404
vt 4.4193830 0.6983493
vt 4.4193820 0.5299117
vt 4.4866290 0.8508929
vt 4.4866290 1.0013403
vt 4.4866290 0.6983492
vt 4.4866290 0.5299116
vt 4.6691740 1.0013402
vt 4.6691740 0.8508927
vt 4.6691740 0.6983491
vt 4.6691730 0.5299115
vt 4.8517180 0.8508927
vt 4.8517180 1.0013402
vt 4.8517180 0.6983491
vt 4.8517180 0.5299115
vt 4.9189650 1.0013402
vt 4.9189650 0.8508927
vt 4.9189650 0.6983491
vt 4.9189650 0.5299115
vt 4.9862120 1.0013402
vt 4.9862120 0.8508927
vt 4.9862120 0.6983491
vt 4.9862120 0.5299115
vt 5.0534590 1.0013402
vt 5.0534590 0.8508927
vt 5.0534590 0.6983491
vt 5.0534590 0.5299115
vt 5.2358380 1.0013402
vt 5.2152380 0.8508927
vt 5.1876320 0.6983491
vt 5.1404210 0.5299115
vt 5.9057460 1.0013402
vt 5.9057460 0.8508927
vt 5.9057460 0.6983491
vt 5.9057460 0.5299115
vt 6.5756550 1.0013393
vt 6.6238610 0.6983482
vt 6.5962550 0.8508919
vt 6.6710720 0.5299106
vt 6.7580340 0.8508917
vt 6.7580340 1.0013391
vt 6.7580340 0.6983480
vt 6.7580330 0.5299104
vt 6.8252810 0.8508916
vt 6.8252810 1.0013390
vt 6.8252810 0.5299103
vt 6.8252810 0.6983479
vt 6.8925280 0.8508916
vt 6.8925290 1.0013390
vt 6.8925280 0.5299103
vt 6.8925280 0.6983479
vt 6.9597750 0.8508915
vt 6.9597750 1.0013388
vt 6.9597740 0.5299102
vt 6.9597750 0.6983478
vt 7.1423190 0.8508913
vt 7.1423200 1.0013386
vt 7.1423190 0.5299100
vt 7.1423190 0.6983476
vt 7.3248640 0.8508914
vt 7.3248640 0.6983477
vt 7.3248640 1.0013387
vt 7.3248640 0.5299101
vt 7.3921110 0.8508915
vt 7.3921110 0.6983478
vt 7.3921110 1.0013388
vt 7.3921110 0.5299102
vt 7.4593590 0.6983478
vt 7.4593590 0.8508915
vt 7.4593590 1.0013388
vt 7.4593580 0.5299102
vt 7.5266050 0.6983479
vt 7.5266050 0.8508915
vt 7.5266050 1.0013388
vt 7.5266050 0.5299103
vt 7.6607790 0.6983479
vt 7.7089850 1.0013390
vt 7.6883850 0.8508916
vt 7.6135670 0.5299103
vt 8.3788930 0.5299108
vt 8.3788920 0.8508921
vt 8.3788930 0.6983484
vt 8.3788920 1.0013394
vt 3.4326010 1.0013413
vt 4.1025090 1.0013406
vt 3.4326010 0.8508940
vt 4.1231090 0.8508933
vt 4.2848880 1.0013405
vt 4.2848880 0.8508931
vt 4.1507150 0.6983496
vt 3.4326010 0.6983503
vt 4.3521350 1.0013404
vt 4.3521350 0.8508930
vt 4.2848880 0.6983495
vt 3.4326010 0.5299127
vt 4.1979260 0.5299119
vt 4.2848880 0.5299119
vt 4.4193830 0.8508930
vt 4.4193830 1.0013404
vt 4.3521350 0.6983494
vt 4.3521350 0.5299118
vt 4.4866290 0.8508929
vt 4.4193830 0.6983493
vt 4.4866290 1.0013403
vt 4.4193820 0.5299117
vt 4.6691740 1.0013402
vt 4.6691740 0.8508927
vt 4.4866290 0.6983492
vt 4.4866290 0.5299116
vt 4.8517180 0.8508927
vt 4.8517180 1.0013402
vt 4.8517180 0.6983491
vt 4.6691740 0.6983491
vt 4.6691730 0.5299115
vt 4.9189650 1.0013402
vt 4.9189650 0.8508927
vt 4.9189650 0.6983491
vt 4.8517180 0.5299115
vt 4.9862120 1.0013402
vt 4.9862120 0.8508927
vt 4.9862120 0.6983491
vt 4.9189650 0.5299115
vt 5.0534590 1.0013402
vt 5.0534590 0.8508927
vt 5.0534590 0.6983491
vt 4.9862120 0.5299115
vt 5.2358380 1.0013402
vt 5.2152380 0.8508927
vt 5.1876320 0.6983491
vt 5.0534590 0.5299115
vt 5.9057460 1.0013402
vt 5.9057460 0.8508927
vt 5.9057460 0.6983491
vt 5.9057460 0.5299115
vt 5.1404210 0.5299115
vt 6.5756550 1.0013393
vt 6.6238610 0.6983482
vt 6.5962550 0.8508919
vt 6.6710720 0.5299106
vt 6.7580340 1.0013391
vt 6.7580340 0.8508917
vt 6.7580340 0.6983480
vt 6.7580330 0.5299104
vt 6.8252810 0.8508916
vt 6.8252810 1.0013390
vt 6.8252810 0.6983479
vt 6.8252810 0.5299103
vt 6.8925280 0.8508916
vt 6.8925290 1.0013390
vt 6.8925280 0.5299103
vt 6.8925280 0.6983479
vt 6.9597750 0.8508915
vt 6.9597750 1.0013388
vt 6.9597740 0.5299102
vt 6.9597750 0.6983478
vt 7.1423190 0.8508913
vt 7.1423200 1.0013386
vt 7.1423190 0.5299100
vt 7.1423190 0.6983476
vt 7.3248640 0.6983477
vt 7.3248640 0.8508914
vt 7.3248640 1.0013387
vt 7.3248640 0.5299101
vt 7.3921110 0.6983478
vt 7.3921110 0.8508915
vt 7.3921110 1.0013388
vt 7.3921110 0.5299102
vt 7.4593590 0.6983478
vt 7.4593590 0.8508915
vt 7.4593590 1.0013388
vt 7.4593580 0.5299102
vt 7.5266050 0.6983479
vt 7.5266050 0.8508915
vt 7.5266050 1.0013388
vt 7.5266050 0.5299103
vt 7.6607790 0.6983479
vt 7.7089850 1.0013390
vt 7.6883850 0.8508916
vt 7.6135670 0.5299103
vt 8.3788930 0.5299108
vt 8.3788920 0.8508921
vt 8.3788930 0.6983484
vt 8.3788920 1.0013394
vt 17.4061700 1.0013257
vt 17.4061700 0.8508784
vt 17.3389200 1.0013261
vt 17.3389200 0.8508787
vt 17.2716700 1.0013264
vt 17.2716700 0.8508791
vt 17.2044300 1.0013269
vt 17.2044300 0.8508795
vt 17.0220500 1.0013279
vt 17.2716700 0.6983354
vt 17.2044300 0.6983358
vt 17.3389200 0.6983351
vt 17.4061700 0.6983347
vt 17.0702500 0.6983366
vt 17.0426500 0.8508804
vt 16.3521400 0.8508844
vt 16.3521400 1.0013318
vt 17.3389200 0.5298975
vt 17.2716700 0.5298978
vt 17.2044200 0.5298982
vt 17.4061600 0.5298971
vt 17.1174600 0.5298988
vt 16.3521400 0.5299032
vt 16.3521400 0.6983408
vt 15.6822300 1.0013340
vt 15.6340200 0.6983430
vt 15.6616300 0.8508866
vt 15.5868100 0.5299056
vt 15.4998500 0.8508871
vt 15.4998500 1.0013344
vt 15.4998500 0.5299058
vt 15.4998500 0.6983434
vt 15.4326000 0.8508873
vt 15.4326000 1.0013347
vt 15.4326000 0.5299060
vt 15.4326000 0.6983436
vt 15.3653600 0.8508875
vt 15.3653600 1.0013349
vt 15.3653500 0.5299063
vt 15.3653600 0.6983439
vt 15.2981100 0.8508877
vt 15.2981100 1.0013351
vt 15.2981100 0.5299065
vt 15.2981100 0.6983441
vt 15.1155600 0.8508883
vt 15.1155700 1.0013356
vt 15.1155600 0.5299070
vt 15.1155600 0.6983446
vt 14.9330200 0.8508892
vt 14.9330200 0.6983455
vt 14.9330200 1.0013366
vt 14.9330200 0.5299079
vt 14.8657700 1.0013369
vt 14.8657700 0.8508896
vt 14.8657700 0.6983459
vt 14.8657700 0.5299083
vt 14.7985300 1.0013372
vt 14.7985300 0.8508899
vt 14.7985300 0.6983461
vt 14.7985200 0.5299085
vt 14.7312800 1.0013375
vt 14.7312800 0.8508902
vt 14.7312800 0.6983465
vt 14.7312800 0.5299089
vt 14.5956600 1.0013382
vt 14.5956600 0.8508909
vt 14.5956600 0.6983472
vt 14.5956600 0.5299096
vt 14.3312800 0.8508906
vt 14.3312800 1.0013380
vt 14.3312800 0.6983469
vt 14.3312800 0.5299093
vt 14.2440300 1.0013379
vt 14.2440300 0.8508905
vt 14.2440300 0.6983469
vt 14.2440300 0.5299093
vt 14.1466300 0.8508909
vt 14.1466300 1.0013382
vt 14.1466300 0.6983472
vt 14.1466300 0.5299096
vt 13.9861500 1.0013388
vt 13.9861500 0.8508915
vt 13.9861500 0.6983478
vt 13.9861500 0.5299102
vt 13.9189100 1.0013390
vt 13.9189100 0.8508916
vt 13.9189100 0.6983479
vt 13.9189100 0.5299103
vt 13.8516600 1.0013390
vt 13.8516600 0.8508916
vt 13.8516600 0.6983479
vt 13.8516600 0.5299103
vt 13.7844100 1.0013391
vt 13.7844100 0.8508917
vt 13.7844100 0.6983480
vt 13.7844100 0.5299104
vt 13.6020400 1.0013393
vt 13.6226300 0.8508919
vt 13.6502400 0.6983482
vt 13.6974500 0.5299106
vt 12.9321300 0.8508927
vt 12.9321300 1.0013402
vt 12.9321300 0.6983491
vt 12.9321300 0.5299115
vt 12.2416200 0.8508927
vt 12.2622200 1.0013402
vt 12.2140100 0.6983491
vt 12.1668000 0.5299115
vt 12.0798400 0.8508927
vt 12.0798400 1.0013402
vt 12.0798400 0.6983491
vt 12.0798400 0.5299115
vt 12.0125900 0.8508927
vt 12.0125900 1.0013402
vt 12.0125900 0.6983491
vt 12.0125900 0.5299115
vt 11.9453400 0.8508927
vt 11.9453400 1.0013402
vt 11.9453400 0.6983491
vt 11.9453400 0.5299115
vt 11.8781000 0.8508927
vt 11.8781000 1.0013402
vt 11.8781000 0.5299115
vt 11.8781000 0.6983491
vt 11.6955500 0.8508927
vt 11.6955500 1.0013402
vt 11.6955500 0.5299115
vt 11.6955500 0.6983491
vt 11.5130100 0.6983492
vt 11.5130100 0.8508929
vt 11.5130100 1.0013403
vt 11.5130100 0.5299116
vt 11.4457600 0.6983493
vt 11.4457600 0.8508930
vt 11.4457600 1.0013404
vt 11.4457600 0.5299117
vt 11.3785100 0.6983494
vt 11.3785100 0.8508930
vt 11.3785100 1.0013404
vt 11.3785100 0.5299118
vt 11.3112700 0.6983495
vt 11.3112700 0.8508931
vt 11.3112700 1.0013405
vt 11.3112700 0.5299119
vt 11.1676100 0.6983496
vt 11.1676100 0.8508933
vt 11.1676100 1.0013406
vt 11.1676100 0.5299120
vt 10.9032200 0.6983524
vt 10.9032200 0.8508961
vt 10.9032300 1.0013435
vt 10.9032200 0.5299148
vt 10.8159700 0.5299158
vt 10.8159700 0.6983534
vt 10.8159800 0.8508970
vt 10.8159800 1.0013443
vt 6.4614130 1.0013402
vt 6.4614130 0.8508927
vt 6.3640160 0.8508927
vt 6.3640160 1.0013402
vt 6.3640160 0.6983491
vt 6.4614130 0.6983491
vt 6.2035370 0.6983491
vt 6.2035370 0.8508927
vt 6.2035370 1.0013402
vt 6.3640160 0.5299115
vt 6.4614130 0.5299115
vt 6.2035370 0.5299115
vt 3.4326010 1.0013413
vt 4.1025090 1.0013406
vt 3.4326010 0.8508940
vt 4.2848880 0.8508931
vt 4.1231090 0.8508933
vt 4.2848880 1.0013405
vt 4.1507150 0.6983496
vt 3.4326010 0.6983503
vt 4.3521350 0.8508930
vt 4.3521350 1.0013404
vt 4.2848880 0.6983495
vt 4.2848880 0.5299119
vt 4.1979260 0.5299119
vt 3.4326010 0.5299127
vt 4.3521350 0.6983494
vt 4.4193830 0.8508930
vt 4.4193830 1.0013404
vt 4.3521350 0.5299118
vt 4.4193820 0.5299117
vt 4.4193830 0.6983493
vt 4.4866290 0.8508929
vt 4.4866290 1.0013403
vt 4.4866290 0.5299116
vt 4.4866290 0.6983492
vt 4.6691740 0.8508927
vt 4.6691740 1.0013402
vt 4.6691730 0.5299115
vt 4.6691740 0.6983491
vt 4.8517180 0.8508927
vt 4.8517180 0.6983491
vt 4.8517180 1.0013402
vt 4.8517180 0.5299115
vt 4.9189650 1.0013402
vt 4.9189650 0.8508927
vt 4.9189650 0.6983491
vt 4.9189650 0.5299115
vt 4.9862120 1.0013402
vt 4.9862120 0.6983491
vt 4.9862120 0.8508927
vt 4.9862120 0.5299115
vt 5.0534590 1.0013402
vt 5.0534590 0.6983491
vt 5.0534590 0.8508927
vt 5.0534590 0.5299115
vt 5.2358380 1.0013402
vt 5.1876320 0.6983491
vt 5.2152380 0.8508927
vt 5.1404210 0.5299115
vt 5.9057460 0.8508927
vt 5.9057460 1.0013402
vt 5.9057460 0.6983491
vt 5.9057460 0.5299115
vt 6.5756550 1.0013393
vt 6.5962550 0.8508919
vt 6.6238610 0.6983482
vt 6.6710720 0.5299106
vt 6.7580340 1.0013391
vt 6.7580340 0.8508917
vt 6.7580340 0.6983480
vt 6.7580330 0.5299104
vt 6.8252810 1.0013390
vt 6.8252810 0.8508916
vt 6.8252810 0.6983479
vt 6.8252810 0.5299103
vt 6.8925290 1.0013390
vt 6.8925280 0.8508916
vt 6.8925280 0.6983479
vt 6.8925280 0.5299103
vt 6.9597750 1.0013388
vt 6.9597750 0.8508915
vt 6.9597750 0.6983478
vt 6.9597740 0.5299102
vt 7.1423200 1.0013386
vt 7.1423190 0.8508913
vt 7.1423190 0.6983476
vt 7.1423190 0.5299100
vt 7.3248640 1.0013387
vt 7.3248640 0.8508914
vt 7.3248640 0.6983477
vt 7.3248640 0.5299101
vt 7.3921110 1.0013388
vt 7.3921110 0.8508915
vt 7.3921110 0.6983478
vt 7.3921110 0.5299102
vt 7.4593590 1.0013388
vt 7.4593590 0.8508915
vt 7.4593590 0.6983478
vt 7.4593580 0.5299102
vt 7.5266050 1.0013388
vt 7.5266050 0.8508915
vt 7.5266050 0.6983479
vt 7.5266050 0.5299103
vt 7.7089850 1.0013390
vt 7.6883850 0.8508916
vt 7.6607790 0.6983479
vt 7.6135670 0.5299103
vt 8.3788920 1.0013394
vt 8.3788920 0.8508921
vt 8.3788930 0.5299108
vt 8.3788930 0.6983484
vt 3.4326010 1.0013413
vt 4.1025090 1.0013406
vt 3.4326010 0.8508940
vt 4.1231090 0.8508933
vt 4.2848880 0.8508931
vt 4.2848880 1.0013405
vt 4.1507150 0.6983496
vt 3.4326010 0.6983503
vt 4.2848880 0.6983495
vt 4.3521350 0.8508930
vt 4.3521350 1.0013404
vt 3.4326010 0.5299127
vt 4.1979260 0.5299119
vt 4.2848880 0.5299119
vt 4.3521350 0.6983494
vt 4.3521350 0.5299118
vt 4.4193830 0.8508930
vt 4.4193830 1.0013404
vt 4.4193830 0.6983493
vt 4.4193820 0.5299117
vt 4.4866290 0.8508929
vt 4.4866290 1.0013403
vt 4.4866290 0.6983492
vt 4.4866290 0.5299116
vt 4.6691740 1.0013402
vt 4.6691740 0.8508927
vt 4.6691740 0.6983491
vt 4.6691730 0.5299115
vt 4.8517180 0.8508927
vt 4.8517180 1.0013402
vt 4.8517180 0.6983491
vt 4.8517180 0.5299115
vt 4.9189650 1.0013402
vt 4.9189650 0.8508927
vt 4.9189650 0.6983491
vt 4.9189650 0.5299115
vt 4.9862120 1.0013402
vt 4.9862120 0.8508927
vt 4.9862120 0.6983491
vt 4.9862120 0.5299115
vt 5.0534590 1.0013402
vt 5.0534590 0.8508927
vt 5.0534590 0.6983491
vt 5.0534590 0.5299115
vt 5.2358380 1.0013402
vt 5.2152380 0.8508927
vt 5.1876320 0.6983491
vt 5.1404210 0.5299115
vt 5.9057460 1.0013402
vt 5.9057460 0.8508927
vt 5.9057460 0.6983491
vt 5.9057460 0.5299115
vt 6.5756550 1.0013393
vt 6.5962550 0.8508919
vt 6.6238610 0.6983482
vt 6.6710720 0.5299106
vt 6.7580340 0.8508917
vt 6.7580340 1.0013391
vt 6.7580340 0.6983480
vt 6.7580330 0.5299104
vt 6.8252810 0.8508916
vt 6.8252810 1.0013390
vt 6.8252810 0.6983479
vt 6.8252810 0.5299103
vt 6.8925280 0.8508916
vt 6.8925290 1.0013390
vt 6.8925280 0.6983479
vt 6.8925280 0.5299103
vt 6.9597750 0.8508915
vt 6.9597750 1.0013388
vt 6.9597740 0.5299102
vt 6.9597750 0.6983478
vt 7.1423190 0.8508913
vt 7.1423200 1.0013386
vt 7.1423190 0.5299100
vt 7.1423190 0.6983476
vt 7.3248640 0.6983477
vt 7.3248640 0.8508914
vt 7.3248640 1.0013387
vt 7.3248640 0.5299101
vt 7.3921110 0.6983478
vt 7.3921110 0.8508915
vt 7.3921110 1.0013388
vt 7.3921110 0.5299102
vt 7.4593590 0.6983478
vt 7.4593590 0.8508915
vt 7.4593590 1.0013388
vt 7.4593580 0.5299102
vt 7.5266050 0.6983479
vt 7.5266050 0.8508915
vt 7.5266050 1.0013388
vt 7.5266050 0.5299103
vt 7.6607790 0.6983479
vt 7.6883850 0.8508916
vt 7.7089850 1.0013390
vt 7.6135670 0.5299103
vt 8.3788930 0.5299108
vt 8.3788930 0.6983484
vt 8.3788920 0.8508921
vt 8.3788920 1.0013394
vt 3.8566380 1.0013413
vt 4.1025090 1.0013406
vt 3.8566380 0.8508940
vt 4.1231090 0.8508933
vt 4.2848880 0.8508931
vt 4.2848880 1.0013405
vt 4.1507150 0.6983496
vt 3.8566380 0.6983503
vt 4.2848880 0.6983495
vt 4.3521350 0.8508930
vt 4.3521350 1.0013404
vt 3.8566370 0.5299127
vt 4.1979260 0.5299119
vt 4.2848880 0.5299119
vt 4.3521350 0.6983494
vt 4.3521350 0.5299118
vt 4.4193830 0.8508930
vt 4.4193830 1.0013404
vt 4.4193830 0.6983493
vt 4.4193820 0.5299117
vt 4.4866290 0.8508929
vt 4.4866290 1.0013403
vt 4.4866290 0.6983492
vt 4.4866290 0.5299116
vt 4.6691740 1.0013402
vt 4.6691740 0.8508927
vt 4.6691740 0.6983491
vt 4.6691730 0.5299115
vt 4.8517180 0.8508927
vt 4.8517180 1.0013402
vt 4.8517180 0.6983491
vt 4.8517180 0.5299115
vt 4.9189650 1.0013402
vt 4.9189650 0.8508927
vt 4.9189650 0.6983491
vt 4.9189650 0.5299115
vt 4.9862120 1.0013402
vt 4.9862120 0.8508927
vt 4.9862120 0.6983491
vt 4.9862120 0.5299115
vt 5.0534590 1.0013402
vt 5.0534590 0.8508927
vt 5.0534590 0.6983491
vt 5.0534590 0.5299115
vt 5.2358380 1.0013402
vt 5.2152380 0.8508927
vt 5.1876320 0.6983491
vt 5.1404210 0.5299115
vt 5.4652240 1.0013402
vt 5.4652240 0.8508927
vt 5.4652240 0.6983491
vt 5.4652240 0.5299115
vt 5.7288730 1.0013393
vt 5.7494730 0.8508919
vt 5.7770790 0.6983482
vt 5.8242900 0.5299106
vt 5.9112520 0.8508917
vt 5.9112520 1.0013391
vt 5.9112520 0.6983480
vt 5.9112520 0.5299104
vt 5.9784990 0.8508916
vt 5.9784990 1.0013390
vt 5.9784990 0.5299103
vt 5.9784990 0.6983479
vt 6.0457460 0.8508916
vt 6.0457470 1.0013390
vt 6.0457460 0.5299103
vt 6.0457460 0.6983479
vt 6.1129930 0.8508915
vt 6.1129940 1.0013388
vt 6.1129930 0.5299102
vt 6.1129930 0.6983478
vt 6.2955370 0.8508913
vt 6.2955380 1.0013386
vt 6.2955370 0.5299100
vt 6.2955370 0.6983476
vt 6.4780820 0.6983477
vt 6.4780820 0.8508914
vt 6.4780820 1.0013387
vt 6.4780820 0.5299101
vt 6.5453290 0.6983478
vt 6.5453290 0.8508915
vt 6.5453290 1.0013388
vt 6.5453290 0.5299102
vt 6.6125770 0.6983478
vt 6.6125770 0.8508915
vt 6.6125770 1.0013388
vt 6.6125760 0.5299102
vt 6.6798230 0.6983479
vt 6.6798230 0.8508915
vt 6.6798230 1.0013388
vt 6.6798230 0.5299103
vt 6.8139970 0.6983479
vt 6.8416030 0.8508916
vt 6.8622030 1.0013390
vt 6.7667850 0.5299103
vt 7.1503250 0.5299108
vt 7.1503250 0.6983484
vt 7.1503240 0.8508921
vt 7.1503240 1.0013394
vt 3.4326010 1.0013413
vt 4.1025090 1.0013406
vt 3.4326010 0.8508940
vt 4.1231090 0.8508933
vt 4.2848880 1.0013405
vt 4.2848880 0.8508931
vt 4.1507150 0.6983496
vt 3.4326010 0.6983503
vt 4.3521350 0.8508930
vt 4.3521350 1.0013404
vt 4.2848880 0.6983495
vt 3.4326010 0.5299127
vt 4.1979260 0.5299119
vt 4.2848880 0.5299119
vt 4.4193830 0.8508930
vt 4.3521350 0.6983494
vt 4.4193830 1.0013404
vt 4.3521350 0.5299118
vt 4.4866290 0.8508929
vt 4.4193830 0.6983493
vt 4.4193820 0.5299117
vt 4.4866290 1.0013403
vt 4.6691740 1.0013402
vt 4.6691740 0.8508927
vt 4.4866290 0.6983492
vt 4.4866290 0.5299116
vt 4.8517180 0.8508927
vt 4.8517180 1.0013402
vt 4.6691740 0.6983491
vt 4.8517180 0.6983491
vt 4.6691730 0.5299115
vt 4.9189650 1.0013402
vt 4.9189650 0.8508927
vt 4.9189650 0.6983491
vt 4.8517180 0.5299115
vt 4.9862120 1.0013402
vt 4.9862120 0.8508927
vt 4.9862120 0.6983491
vt 4.9189650 0.5299115
vt 5.0534590 1.0013402
vt 5.0534590 0.8508927
vt 5.0534590 0.6983491
vt 4.9862120 0.5299115
vt 5.2358380 1.0013402
vt 5.2152380 0.8508927
vt 5.1876320 0.6983491
vt 5.0534590 0.5299115
vt 5.9057460 1.0013402
vt 5.9057460 0.8508927
vt 5.9057460 0.6983491
vt 5.9057460 0.5299115
vt 5.1404210 0.5299115
vt 6.5756550 1.0013393
vt 6.6238610 0.6983482
vt 6.5962550 0.8508919
vt 6.6710720 0.5299106
vt 6.7580340 1.0013391
vt 6.7580340 0.8508917
vt 6.7580340 0.6983480
vt 6.7580330 0.5299104
vt 6.8252810 1.0013390
vt 6.8252810 0.8508916
vt 6.8252810 0.5299103
vt 6.8252810 0.6983479
vt 6.8925290 1.0013390
vt 6.8925280 0.8508916
vt 6.8925280 0.5299103
vt 6.8925280 0.6983479
vt 6.9597750 0.8508915
vt 6.9597750 1.0013388
vt 6.9597740 0.5299102
vt 6.9597750 0.6983478
vt 7.1423190 0.8508913
vt 7.1423200 1.0013386
vt 7.1423190 0.5299100
vt 7.1423190 0.6983476
vt 7.3248640 0.8508914
vt 7.3248640 0.6983477
vt 7.3248640 1.0013387
vt 7.3248640 0.5299101
vt 7.3921110 0.8508915
vt 7.3921110 0.6983478
vt 7.3921110 1.0013388
vt 7.3921110 0.5299102
vt 7.4593590 0.6983478
vt 7.4593590 0.8508915
vt 7.4593590 1.0013388
vt 7.4593580 0.5299102
vt 7.5266050 0.6983479
vt 7.5266050 0.8508915
vt 7.5266050 1.0013388
vt 7.5266050 0.5299103
vt 7.6607790 0.6983479
vt 7.6883850 0.8508916
vt 7.7089850 1.0013390
vt 7.6135670 0.5299103
vt 8.3788930 0.5299108
vt 8.3788930 0.6983484
vt 8.3788920 0.8508921
vt 8.3788920 1.0013394
vt 3.4326010 1.0013413
vt 4.1025090 1.0013406
vt 3.4326010 0.8508940
vt 4.1231090 0.8508933
vt 4.2848880 0.8508931
vt 4.2848880 1.0013405
vt 4.1507150 0.6983496
vt 3.4326010 0.6983503
vt 4.2848880 0.6983495
vt 4.3521350 0.8508930
vt 4.3521350 1.0013404
vt 3.4326010 0.5299127
vt 4.1979260 0.5299119
vt 4.2848880 0.5299119
vt 4.3521350 0.6983494
vt 4.3521350 0.5299118
vt 4.4193830 0.8508930
vt 4.4193830 1.0013404
vt 4.4193830 0.6983493
vt 4.4193820 0.5299117
vt 4.4866290 0.8508929
vt 4.4866290 1.0013403
vt 4.4866290 0.6983492
vt 4.4866290 0.5299116
vt 4.6691740 1.0013402
vt 4.6691740 0.8508927
vt 4.6691740 0.6983491
vt 4.6691730 0.5299115
vt 4.8517180 0.8508927
vt 4.8517180 1.0013402
vt 4.8517180 0.6983491
vt 4.8517180 0.5299115
vt 4.9189650 1.0013402
vt 4.9189650 0.8508927
vt 4.9189650 0.6983491
vt 4.9189650 0.5299115
vt 4.9862120 1.0013402
vt 4.9862120 0.8508927
vt 4.9862120 0.6983491
vt 4.9862120 0.5299115
vt 5.0534590 1.0013402
vt 5.0534590 0.8508927
vt 5.0534590 0.6983491
vt 5.0534590 0.5299115
vt 5.2358380 1.0013402
vt 5.2152380 0.8508927
vt 5.1876320 0.6983491
vt 5.1404210 0.5299115
vt 5.9057460 1.0013402
vt 5.9057460 0.8508927
vt 5.9057460 0.6983491
vt 5.9057460 0.5299115
vt 6.5756550 1.0013393
vt 6.5962550 0.8508919
vt 6.6238610 0.6983482
vt 6.6710720 0.5299106
vt 6.7580340 1.0013391
vt 6.7580340 0.8508917
vt 6.7580340 0.6983480
vt 6.7580330 0.5299104
vt 6.8252810 1.0013390
vt 6.8252810 0.8508916
vt 6.8252810 0.5299103
vt 6.8252810 0.6983479
vt 6.8925280 0.8508916
vt 6.8925290 1.0013390
vt 6.8925280 0.5299103
vt 6.8925280 0.6983479
vt 6.9597750 0.8508915
vt 6.9597750 1.0013388
vt 6.9597740 0.5299102
vt 6.9597750 0.6983478
vt 7.1423190 0.8508913
vt 7.1423200 1.0013386
vt 7.1423190 0.5299100
vt 7.1423190 0.6983476
vt 7.3248640 0.6983477
vt 7.3248640 0.8508914
vt 7.3248640 1.0013387
vt 7.3248640 0.5299101
vt 7.3921110 0.6983478
vt 7.3921110 0.8508915
vt 7.3921110 1.0013388
vt 7.3921110 0.5299102
vt 7.4593590 0.6983478
vt 7.4593590 0.8508915
vt 7.4593590 1.0013388
vt 7.4593580 0.5299102
vt 7.5266050 0.6983479
vt 7.5266050 0.8508915
vt 7.5266050 1.0013388
vt 7.5266050 0.5299103
vt 7.6607790 0.6983479
vt 7.6883850 0.8508916
vt 7.7089850 1.0013390
vt 7.6135670 0.5299103
vt 8.3788930 0.5299108
vt 8.3788930 0.6983484
vt 8.3788920 0.8508921
vt 8.3788920 1.0013394
vt 16.8601300 0.2889042
vt 16.8599900 0.4944723
vt 16.8596600 0.7499896
vt 16.8595800 0.9999902
vt 16.7245700 0.7499899
vt 16.7245800 0.9999905
vt 16.7246200 0.4944726
vt 16.7245100 0.2889044
vt 16.5897300 0.7499901
vt 16.5896100 0.9999908
vt 16.5899300 0.4944729
vt 16.5895200 0.2889047
vt 16.4555700 0.7499904
vt 16.4553300 0.9999910
vt 16.4560500 0.4944732
vt 16.4558300 0.2889050
vt 16.3224000 0.7499907
vt 16.3223100 0.9999913
vt 16.3230100 0.4944735
vt 16.3237000 0.2889053
vt 16.1898300 0.7499909
vt 16.1896000 0.9999915
vt 16.1912100 0.4944737
vt 16.1930700 0.2889056
vt 16.0565300 0.7499912
vt 16.0560600 0.9999918
vt 16.0598400 0.4944740
vt 16.0651800 0.2889059
vt 15.9201900 0.7499915
vt 15.9197600 0.9999921
vt 15.9249200 0.4944743
vt 15.9432800 0.2889062
vt 15.7782900 0.7499918
vt 15.7778000 0.9999924
vt 15.7847900 0.4944745
vt 15.8098100 0.2889064
vt 15.6287400 0.7499920
vt 15.6285300 0.9999927
vt 15.6396800 0.4944748
vt 15.6569900 0.2889067
vt 15.4745700 0.7499924
vt 15.4743900 0.9999930
vt 15.4821100 0.4944751
vt 15.4916100 0.2889070
vt 15.3190700 0.7499926
vt 15.3193000 0.9999933
vt 15.3184900 0.4944754
vt 15.3176700 0.2889072
vt 10.7847400 0.7499949
vt 10.7845400 0.9999955
vt 10.7852500 0.4944777
vt 10.7860000 0.2889096
vt 10.6298400 0.7499952
vt 10.6301500 0.9999958
vt 10.6222800 0.4944779
vt 10.6131700 0.2889098
vt 10.4770400 0.7499955
vt 10.4773300 0.9999961
vt 10.4659200 0.4944782
vt 10.4488900 0.2889101
vt 10.3283300 0.7499957
vt 10.3290200 0.9999963
vt 10.3217100 0.4944785
vt 10.2970000 0.2889103
vt 10.1867600 0.7499959
vt 10.1871500 0.9999966
vt 10.1819800 0.4944787
vt 10.1638300 0.2889106
vt 10.0502200 0.7499962
vt 10.0506200 0.9999968
vt 10.0473200 0.4944790
vt 10.0417800 0.2889109
vt 9.9172790 0.7499965
vt 9.9172930 0.9999971
vt 9.9161010 0.4944792
vt 9.9141010 0.2889111
vt 9.7855630 0.7499967
vt 9.7856030 0.9999974
vt 9.7850270 0.4944795
vt 9.7843350 0.2889113
vt 9.6535780 0.7499970
vt 9.6539420 0.9999976
vt 9.6530110 0.4944798
vt 9.6530550 0.2889116
vt 9.5207690 0.7499973
vt 9.5208560 0.9999979
vt 9.5201980 0.4944800
vt 9.5206650 0.2889119
vt 9.3869500 0.7499975
vt 9.3871060 0.9999982
vt 9.3868980 0.4944803
vt 9.3868810 0.2889121
vt 9.2532060 0.7499977
vt 9.2531630 0.9999984
vt 9.2528900 0.4944805
vt 9.2524860 0.2889124
vt 27.0999500 0.2888977
vt 27.0691100 0.2888975
vt 27.2688000 0.4944659
vt 27.2300900 0.4944658
vt 27.4401800 0.7499833
vt 27.0237700 0.2888973
vt 27.3911200 0.7499832
vt 27.5316900 0.9999840
vt 27.1804800 0.4944657
vt 26.7320100 0.2888958
vt 26.7219400 0.4944640
vt 27.3350800 0.7499831
vt 26.7114100 0.9999818
vt 26.7131500 0.7499812
vt 26.5949600 0.2888960
vt 26.5918200 0.4944641
vt 26.5881600 0.7499813
vt 26.5875700 0.9999820
vt 26.4634600 0.2888961
vt 26.4623500 0.4944642
vt 26.4613900 0.7499815
vt 26.4613800 0.9999821
vt 26.3331900 0.2888962
vt 26.3327500 0.4944643
vt 26.3331700 0.7499816
vt 26.3333700 0.9999822
vt 26.2026400 0.2888964
vt 26.2024600 0.4944645
vt 26.2029600 0.7499817
vt 26.2032500 0.9999823
vt 26.0709300 0.2888964
vt 26.0714800 0.4944646
vt 26.0721000 0.7499818
vt 26.0721800 0.9999824
vt 25.9391400 0.2888966
vt 25.9400500 0.4944647
vt 25.9408300 0.7499819
vt 25.9410400 0.9999825
vt 25.8073300 0.2888967
vt 25.8081800 0.4944648
vt 25.8094200 0.7499821
vt 25.8096900 0.9999827
vt 25.6735200 0.2888968
vt 25.6764100 0.4944649
vt 25.6790600 0.7499822
vt 25.6794000 0.9999828
vt 25.5365400 0.2888969
vt 25.5453600 0.4944651
vt 25.5514900 0.7499823
vt 25.5520200 0.9999829
vt 25.3883500 0.2888970
vt 25.4153900 0.4944652
vt 25.4303000 0.7499824
vt 25.4317100 0.9999830
vt 25.3230700 0.2888973
vt 25.2949300 0.4944653
vt 25.3239400 0.7499825
vt 25.3263700 0.9999831
vt 25.2682700 0.2888974
vt 25.2353300 0.4944655
vt 25.2269000 0.7499827
vt 25.2468900 0.7499826
vt 25.2415400 0.9999833
vt 25.1996400 0.2888975
vt 25.2010300 0.4944656
vt 25.2190200 0.7499828
vt 25.2506400 0.9999834
vt 25.2506400 0.9999834
vt 25.2415400 0.9999833
vt 25.2269000 0.7499827
vt 25.1369100 0.2888975
vt 25.1637200 0.4944656
vt 25.1993400 0.7499828
vt 25.1361500 0.7499828
vt 24.7173400 0.9999841
vt 25.1703700 0.7499828
vt 25.0705800 0.2888976
vt 25.1219700 0.4944656
vt 24.7163200 0.7499835
vt 25.0789100 0.4944656
vt 24.5861700 0.9999844
vt 25.0073800 0.2888976
vt 24.5860400 0.7499838
vt 24.7189100 0.4944663
vt 24.4529000 0.9999847
vt 24.7278300 0.2888982
vt 24.4530800 0.7499841
vt 24.5868200 0.4944666
vt 24.3190600 0.9999850
vt 24.5895200 0.2888984
vt 24.3190800 0.7499844
vt 24.4536000 0.4944668
vt 24.1845100 0.9999853
vt 24.4539600 0.2888987
vt 24.1842700 0.7499847
vt 24.3191900 0.4944671
vt 24.0490000 0.9999856
vt 24.3196200 0.2888990
vt 24.0488400 0.7499850
vt 24.1840600 0.4944674
vt 23.9120500 0.9999859
vt 24.1847900 0.2888993
vt 23.9120600 0.7499853
vt 24.0486400 0.4944677
vt 23.7746900 0.9999862
vt 24.0491000 0.2888996
vt 23.7746100 0.7499856
vt 23.9120400 0.4944680
vt 23.6365800 0.9999865
vt 23.9118500 0.2888999
vt 23.6366200 0.7499859
vt 23.7745300 0.4944683
vt 23.4997300 0.9999868
vt 23.7743700 0.2889002
vt 23.6368400 0.4944686
vt 23.4999400 0.7499862
vt 23.3647400 0.9999871
vt 23.6370600 0.2889005
vt 23.4998600 0.4944689
vt 23.3648200 0.7499865
vt 23.2311500 0.9999874
vt 23.4991400 0.2889008
vt 23.3644000 0.4944692
vt 23.2315700 0.7499868
vt 23.0930800 0.9999877
vt 23.3617400 0.2889011
vt 23.2304200 0.4944695
vt 23.1005500 0.7499870
vt 23.2217300 0.2889014
vt 23.1018000 0.4944698
vt 23.0332000 0.7499874
vt 22.9387400 0.7499875
vt 22.9844200 0.7499875
vt 23.0174300 0.7499874
vt 23.0688100 0.2889017
vt 22.9686200 0.4944701
vt 22.9344700 0.4944702
vt 22.8287900 0.4944704
vt 22.8874400 0.4944703
vt 22.9589200 0.2889019
vt 22.8938600 0.2889021
vt 22.8101200 0.2889022
vt 22.7147700 0.2889024
vt -22.1027900 0.4942511
vt -22.0635500 0.4942515
vt -21.9419200 0.2886827
vt -22.2846700 0.7497686
vt -22.2343300 0.7497690
vt -21.9114000 0.2886835
vt -22.0115300 0.4942520
vt -22.1752400 0.7497693
vt -22.3886200 0.9997696
vt -21.8683300 0.2886843
vt -21.8631000 0.4942533
vt -21.8531500 0.7497705
vt -21.8507800 0.9997711
vt -21.7332500 0.2886864
vt -21.7294600 0.4942547
vt -21.7254400 0.7497720
vt -21.7252800 0.9997726
vt -21.5985900 0.2886880
vt -21.5969000 0.4942562
vt -21.5951100 0.7497735
vt -21.5949900 0.9997741
vt -21.4646900 0.2886896
vt -21.4642100 0.4942578
vt -21.4630800 0.7497751
vt -21.4630200 0.9997756
vt -21.3324800 0.2886912
vt -21.3318200 0.4942593
vt -21.3308400 0.7497766
vt -21.3305900 0.9997772
vt -21.2009300 0.2886928
vt -21.1997300 0.4942609
vt -21.1986800 0.7497782
vt -21.1983000 0.9997787
vt -21.0679800 0.2886944
vt -21.0674000 0.4942625
vt -21.0660900 0.7497797
vt -21.0656000 0.9997804
vt -20.9356500 0.2886959
vt -20.9354300 0.4942641
vt -20.9343300 0.7497813
vt -20.9343100 0.9997819
vt -20.8050700 0.2886975
vt -20.8045000 0.4942657
vt -20.8035200 0.7497829
vt -20.8032700 0.9997835
vt -20.6744300 0.2886991
vt -20.6736900 0.4942672
vt -20.6729400 0.7497845
vt -20.6727600 0.9997851
vt -20.5419300 0.2887007
vt -20.5425300 0.4942688
vt -20.5430900 0.7497860
vt -20.5430700 0.9997866
vt -20.4088400 0.2887022
vt -20.4115200 0.4942704
vt -20.4139500 0.7497876
vt -20.4142600 0.9997882
vt -20.2742900 0.2887039
vt -20.2805900 0.4942719
vt -20.2860800 0.7497891
vt -20.2867800 0.9997897
vt -19.5946100 0.2887132
vt -19.5977300 0.5471982
vt -19.5961800 0.7497987
vt -19.5957500 0.9997994
vt -19.4576000 0.3759114
vt -19.4729600 0.5719728
vt -19.4782400 0.7498004
vt -19.4783600 0.9998010
vt -19.3699700 0.4124398
vt -19.3674500 0.5885087
vt -19.3631500 0.7498020
vt -19.3631500 0.9998026
vt -19.2853200 0.4341020
vt -19.2626400 0.5982108
vt -19.2491500 0.7498037
vt -19.2491600 0.9998043
vt -19.1941200 0.4482358
vt -19.1549500 0.6026614
vt -19.1336200 0.7498053
vt -19.1330800 0.9998059
vt -19.0941400 0.4583765
vt -19.0469800 0.6101421
vt -19.0130200 0.7498069
vt -19.0118500 0.9998075
vt -18.9814200 0.4663133
vt -18.9242200 0.6121296
vt -18.8859000 0.7498086
vt -18.8845600 0.9998092
vt -18.8501400 0.4733148
vt -18.7918900 0.6181578
vt -18.7502100 0.7498103
vt -18.7493700 0.9998109
vt -18.7007900 0.4800742
vt -18.6442700 0.6194363
vt -18.6052000 0.7498119
vt -18.6045000 0.9998126
vt -18.5311500 0.4877560
vt -18.4867700 0.6275121
vt -18.4518100 0.7498137
vt -18.4513100 0.9998143
vt -18.3468200 0.4944814
vt -18.3154200 0.6301075
vt -18.2942900 0.7498153
vt -18.2943800 0.9998159
vt -18.1560600 0.5224005
vt -18.1454800 0.6629303
vt -18.1385600 0.7498170
vt -18.1397800 0.9998176
vt -17.9831900 0.5698971
vt -17.9860200 0.6686491
vt -17.9888000 0.7498187
vt -17.9900800 0.9998193
vt -17.1541400 0.5699655
vt -17.1541700 0.6885949
vt -17.1541400 0.7939258
vt -17.1541100 0.9998266
vt -16.3134300 0.5700339
vt -16.3135700 0.6889112
vt -16.3136100 0.7943407
vt -16.3135600 0.9998339
vt -15.4830500 0.5701023
vt -15.4829800 0.6889423
vt -15.4828600 0.7943569
vt -15.4828300 0.9998412
vt -14.6446800 0.5701708
vt -14.6446900 0.6889712
vt -14.6446000 0.7943708
vt -14.6445500 0.9998485
vt -13.8122500 0.5702392
vt -13.8122100 0.6889995
vt -13.8123200 0.7943853
vt -13.8124000 0.9998558
vt -12.9739400 0.5703076
vt -12.9740600 0.6890359
vt -12.9742100 0.7943904
vt -12.9742600 0.9998631
vt -12.1277200 0.5703760
vt -12.1275500 0.6890599
vt -12.1274900 0.7944099
vt -12.1275400 0.9998704
vt -11.2788900 0.5704443
vt -11.2789600 0.6890844
vt -11.2789600 0.7944254
vt -11.2789200 0.9998778
vt -10.4270000 0.5705128
vt -10.4271500 0.6891129
vt -10.4271900 0.7944436
vt -10.4271100 0.9998851
vt -9.5733820 0.5705812
vt -9.5733470 0.6891382
vt -9.5733380 0.7944447
vt -9.5733490 0.9998924
vt -8.7188240 0.5706496
vt -8.7179750 0.6880181
vt -8.7158890 0.7933480
vt -8.7149580 0.9998997
vt -8.6196900 0.6869007
vt -8.6173560 0.5803342
vt -8.6204200 0.7904415
vt -8.6202500 0.9999037
vt -8.5267030 0.7896166
vt -8.5260620 0.6871224
vt -8.5247750 0.5836884
vt -8.5263580 0.9999078
vt -8.4343500 0.9999118
vt -8.4341970 0.7895743
vt -8.4334960 0.6873170
vt -8.4330180 0.5847561
vt -8.3413130 0.9999159
vt -8.3411580 0.7897263
vt -8.3410840 0.6875949
vt -8.3414500 0.5853226
vt -8.2477150 0.9999200
vt -8.2476300 0.7898299
vt -8.2478980 0.6878242
vt -8.2485280 0.5858214
vt -8.1534480 0.9999241
vt -8.1538530 0.7898249
vt -8.1542630 0.6878192
vt -8.0600430 0.9999281
vt -8.0607940 0.7897351
vt -7.9685190 0.9999322
vt -12.2717300 1.0094916
vt -12.2719800 0.7594910
vt -12.3949700 1.0000007
vt -12.3942900 0.7500001
vt -12.2724100 0.5324466
vt -12.5155400 1.0000007
vt -12.5152500 0.7500001
vt -12.3929100 0.5401961
vt -12.2727600 0.2984056
vt -12.6383800 1.0000007
vt -12.6372900 0.7500001
vt -12.5029100 0.5366527
vt -12.4024400 0.3352934
vt -12.7633800 1.0000008
vt -12.7620400 0.7500002
vt -12.6149400 0.5339094
vt -12.4979700 0.3630134
vt -12.8930300 1.0000008
vt -12.8923300 0.7500002
vt -12.7293800 0.5330971
vt -12.5893000 0.3748340
vt -13.0342100 1.0000010
vt -13.0337400 0.7500003
vt -12.8472800 0.5407681
vt -12.6886800 0.3785573
vt -13.1883100 1.0000010
vt -13.1880300 0.7500004
vt -12.9870500 0.5348555
vt -12.8000900 0.3776563
vt -13.3531300 1.0000011
vt -13.3519900 0.7500004
vt -13.1345000 0.5463564
vt -12.9278100 0.3756167
vt -13.5239800 1.0000011
vt -13.5231500 0.7500005
vt -13.2976000 0.5629985
vt -13.0760300 0.3831202
vt -13.7006500 1.0000012
vt -13.7004900 0.7500005
vt -13.4774500 0.5704178
vt -13.2452100 0.4014720
vt -13.8779000 1.0000012
vt -13.6679200 0.5778063
vt -13.8781300 0.7500006
vt -13.4315500 0.4194753
vt -14.0555000 1.0000012
vt -13.6362700 0.4325662
vt -13.8616000 0.5908614
vt -14.0556900 0.7500006
vt -14.6962900 1.0000012
vt -13.8468700 0.4567665
vt -14.0556400 0.6338570
vt -14.6964700 0.7500006
vt -15.3370900 1.0000012
vt -14.0558700 0.4954111
vt -14.6964500 0.6342081
vt -15.3173600 0.7500007
vt -15.9778800 1.0000012
vt -14.6966700 0.4958295
vt -15.3173600 0.6345592
vt -15.9581400 0.7500007
vt -16.6186800 1.0000012
vt -15.3374700 0.4962479
vt -15.9581700 0.6349102
vt -16.6188200 0.7500007
vt -17.2594700 1.0000012
vt -15.9782800 0.4966664
vt -16.6188800 0.6352612
vt -17.2596000 0.7500007
vt -17.9002600 1.0000013
vt -16.6190800 0.4970848
vt -17.2596900 0.6356123
vt -17.9438800 0.7500007
vt -18.5410600 1.0000013
vt -17.2598800 0.4975032
vt -17.9440000 0.6359634
vt -18.5846600 0.7500007
vt -19.1818500 1.0000013
vt -17.9006800 0.4979216
vt -18.5848100 0.6363144
vt -19.1719000 0.7500007
vt -19.8226500 1.0000013
vt -18.5414800 0.4983401
vt -19.1720700 0.6366655
vt -19.8227200 0.7500007
vt -20.4634400 1.0000013
vt -19.1822800 0.4987584
vt -19.8229200 0.6370165
vt -20.4635000 0.7500007
vt -21.1042400 1.0000013
vt -19.8230800 0.4991769
vt -20.4637300 0.6373676
vt -21.1042800 0.7500007
vt -20.4638800 0.4995953
vt -21.1045300 0.6377187
vt -21.1046800 0.5000137
vt 4.7302740 0.2889130
vt 4.6280490 0.2889131
vt 4.6247370 0.4944811
vt 4.6954060 0.4944811
vt 4.8308570 0.2889129
vt 9.1180050 0.2889127
vt 9.1189820 0.4944807
vt 4.5812990 0.7499983
vt 9.1194960 0.7499980
vt 4.5273340 0.7499983
vt 4.4161830 0.9999989
vt 4.5591850 0.4944812
vt 4.5356900 0.2889133
vt 9.1194850 0.9999986
vt 4.4761470 0.7499984
vt 4.4100740 0.7499986
vt 4.2256380 1.0000006
vt 4.4351600 0.7499985
vt 4.5032930 0.4944813
vt 4.4631260 0.2889134
vt 4.4602560 0.4944814
vt 4.2196760 0.7500000
vt 4.2107190 0.4944828
vt 4.2138050 0.2889146
vt -5.7050300 0.5705198
vt -5.7545080 0.5651983
vt -5.7044440 0.6897270
vt -5.8078570 0.5621320
vt -5.7559340 0.6958089
vt -5.7033310 0.7950597
vt -5.8085990 0.6984771
vt -5.8610370 0.5607706
vt -5.7559570 0.8007932
vt -5.7029160 1.0000013
vt -5.8619590 0.6995941
vt -5.8089010 0.8031526
vt -5.9149040 0.5600625
vt -5.7558770 0.9999972
vt -5.8623540 0.8041018
vt -5.9154490 0.7000611
vt -5.8086330 0.9999932
vt -5.9686550 0.5597043
vt -5.9159090 0.8043927
vt -5.8619310 0.9999891
vt -5.9690600 0.7004195
vt -6.0222660 0.5598592
vt -5.9693520 0.8045880
vt -5.9156910 0.9999851
vt -6.0224930 0.7006688
vt -6.0759520 0.5605468
vt -6.0230720 0.8047080
vt -5.9695780 0.9999810
vt -6.0759120 0.7007254
vt -6.1291230 0.5616904
vt -6.0234160 0.9999769
vt -6.0761560 0.8047047
vt -6.1289070 0.7006528
vt -6.1823250 0.5629091
vt -6.0770310 0.9999728
vt -6.1291330 0.8045993
vt -6.1819850 0.7004713
vt -6.2355160 0.5647681
vt -6.1296230 0.9999688
vt -6.1821340 0.8044306
vt -6.2347080 0.6996795
vt -6.2881970 0.5682775
vt -6.1823720 0.9999647
vt -6.2350340 0.8036526
vt -6.2877020 0.6975121
vt -6.3392720 0.5737574
vt -6.2352600 0.9999607
vt -6.2882860 0.8015981
vt -6.3402310 0.6917537
vt -7.5959120 0.5755475
vt -6.2882400 0.9999566
vt -6.3421770 0.7961609
vt -7.5965020 0.6902931
vt -7.6919700 0.5817178
vt -6.3428000 0.9999525
vt -7.5978660 0.7945384
vt -7.6908520 0.6874709
vt -7.7838030 0.5836409
vt -7.5983590 0.9999484
vt -7.6910350 0.7905904
vt -7.7834870 0.6871430
vt -7.8761330 0.5835189
vt -7.6916490 0.9999444
vt -7.7837310 0.7896280
vt -7.8759470 0.6869407
vt -7.9686990 0.5839479
vt -7.7844630 0.9999403
vt -7.8760390 0.7894542
vt -7.9686940 0.6871369
vt -8.0609440 0.5851582
vt -7.8765090 0.9999363
vt -7.9685350 0.7895694
vt -8.0612490 0.6875679
vt -8.1543510 0.5858344
vt -24.1139900 0.6323820
vt -24.0015600 0.6327353
vt -24.1132100 0.5017127
vt -23.8877300 0.7499235
vt -23.8873500 0.6328117
vt -24.0010100 0.5025125
vt -24.0019800 0.7499194
vt -23.8880300 0.9999241
vt -23.7710800 0.9999281
vt -23.7713400 0.7499275
vt -23.7712800 0.6327908
vt -23.8870500 0.5025641
vt -23.6551000 0.9999322
vt -23.6555500 0.7499316
vt -23.7709400 0.5026011
vt -23.6555700 0.6325548
vt -23.5418500 0.9999363
vt -23.5423800 0.7499357
vt -23.6551200 0.5020632
vt -23.5423000 0.6323233
vt -23.4313400 0.9999403
vt -23.4313100 0.7499397
vt -23.5415300 0.5014868
vt -23.4311600 0.6321821
vt -23.3225100 0.9999444
vt -23.3226100 0.7499438
vt -23.4309200 0.5011651
vt -23.3225000 0.6319708
vt -23.2132800 0.9999484
vt -23.2127300 0.7499478
vt -23.3226800 0.4997804
vt -23.2117000 0.6333102
vt -21.8257700 0.9999525
vt -21.8251800 0.7499519
vt -23.2109100 0.4922675
vt -21.8239700 0.6337104
vt -21.7634600 0.9999566
vt -21.7630800 0.7499560
vt -21.8226800 0.4904681
vt -21.7627800 0.6388725
vt -21.7018100 0.9999607
vt -21.7015300 0.7499601
vt -21.7624500 0.4855810
vt -21.7016300 0.6403537
vt -21.6402700 0.9999647
vt -21.6402200 0.7499641
vt -21.7013400 0.4840346
vt -21.6403700 0.6409235
vt -21.5793300 0.9999688
vt -21.5794400 0.7499682
vt -21.6403800 0.4840769
vt -21.5792000 0.6412601
vt -21.5186600 0.9999728
vt -21.5191700 0.7499722
vt -21.5790000 0.4846758
vt -21.5186300 0.6414635
vt -21.4580500 0.9999769
vt -21.4586700 0.7499763
vt -21.5186100 0.4851114
vt -21.4580800 0.6415863
vt -21.3979100 0.9999809
vt -21.3983500 0.7499803
vt -21.4581000 0.4852613
vt -21.3979800 0.6417547
vt -21.3382400 0.9999850
vt -21.3387100 0.7499844
vt -21.3980800 0.4855415
vt -21.3387700 0.6419281
vt -21.2795900 0.9999891
vt -21.2796600 0.7499885
vt -21.3389000 0.4859383
vt -21.2797600 0.6422020
vt -21.2213600 0.9999932
vt -21.2209400 0.7499925
vt -21.2791000 0.4868589
vt -21.2208800 0.6423711
vt -21.1626700 0.9999972
vt -21.1624300 0.7499967
vt -21.2194400 0.4888586
vt -21.1623700 0.6416152
vt -21.1610000 0.4924265
vt 4.0818560 0.2889146
vt 4.0816480 0.4944828
vt 4.0843590 0.7500000
vt 4.0853920 1.0000006
vt 3.9509700 0.7500000
vt 3.9510010 1.0000006
vt 3.9500400 0.4944828
vt 3.9498090 0.2889146
vt 3.8181040 0.7500000
vt 3.8180780 1.0000006
vt 3.8181310 0.4944828
vt 3.8186760 0.2889146
vt 3.6853370 1.0000006
vt 3.6854150 0.7500000
vt 3.6855710 0.4944828
vt 3.6861530 0.2889146
vt 3.5528680 1.0000006
vt 3.5530020 0.7500000
vt 3.5529590 0.4944828
vt 3.5530570 0.2889146
vt 3.4198170 1.0000006
vt 3.4199200 0.7500000
vt 3.4200930 0.4944828
vt 3.4197280 0.2889146
vt 3.2871820 1.0000006
vt 3.2871460 0.7500000
vt 3.2872770 0.4944828
vt 3.2863060 0.2889146
vt 3.1537620 1.0000006
vt 3.1539120 0.7500000
vt 3.1544250 0.4944828
vt 3.1545560 0.2889146
vt 3.0209590 1.0000006
vt 3.0209260 0.7500000
vt 3.0208350 0.4944828
vt 3.0205990 0.2889146
vt 2.8882940 1.0000006
vt 2.8882350 0.7500000
vt 2.8871620 0.4944828
vt 2.8853890 0.2889146
vt 2.7567540 1.0000006
vt 2.7568320 0.7500000
vt 2.7550480 0.4944828
vt 2.7477140 0.2889146
vt 2.6226240 1.0000006
vt 2.6281800 0.7500000
vt 2.6268010 0.4944828
vt 2.5979430 0.2889146
vt 2.4771490 1.0000006
vt 2.4949020 0.7500000
vt 2.4727300 0.4944828
vt 2.4914540 0.2889146
vt 2.3550090 0.7500000
vt 1.5918610 1.0000006
vt 2.4722960 0.7500000
vt 2.4379240 0.7500000
vt 2.3967000 0.7500000
vt 2.4363970 0.4944828
vt 2.4301230 0.2889146
vt 2.2906130 0.4944828
vt 1.5907720 0.7500000
vt 1.4580870 1.0000006
vt 2.3917820 0.4944828
vt 2.3416130 0.4944828
vt 2.3568510 0.2889146
vt 2.2042170 0.2889146
vt 1.5904700 0.4944828
vt 1.4580260 0.7500000
vt 1.3243090 1.0000006
vt 2.2782130 0.2889146
vt 1.5930710 0.2889146
vt 1.4582820 0.4944828
vt 1.3245190 0.7500000
vt 1.1915890 1.0000006
vt 1.4595990 0.2889146
vt 1.3251390 0.4944828
vt 1.1918230 0.7500000
vt 1.0595710 1.0000006
vt 1.3256180 0.2889146
vt 1.1925810 0.4944828
vt 1.0596560 0.7500000
vt 0.9266520 1.0000006
vt 1.1933470 0.2889146
vt 1.0602670 0.4944828
vt 0.9268711 0.7500000
vt 0.7950293 1.0000006
vt 1.0610760 0.2889146
vt 0.9273139 0.4944828
vt 0.7948486 0.7500000
vt 0.6624424 1.0000006
vt 0.9275382 0.2889146
vt 0.7945670 0.4944828
vt 0.6622494 0.7500000
vt 0.5288972 1.0000006
vt 0.7945351 0.2889146
vt 0.6617931 0.4944828
vt 0.5290951 0.7500000
vt 0.3976058 1.0000006
vt 0.6612790 0.2889146
vt 0.5290318 0.4944828
vt 0.3975711 0.7500000
vt 0.2671510 1.0000006
vt 0.5283201 0.2889146
vt 0.3971267 0.4944828
vt 0.2668141 0.7500000
vt 0.1357395 1.0000006
vt 0.3966880 0.2889146
vt 0.2656504 0.4944828
vt 0.1354591 0.7500000
vt 0.0052458 1.0000006
vt 0.2647358 0.2889146
vt 0.1338512 0.4944828
vt 0.0048081 0.7500000
vt -1.6473210 1.0000006
vt 0.1320533 0.2889146
vt 0.0021176 0.4944828
vt -1.6470550 0.7500000
vt -1.7611260 1.0000007
vt -0.0013140 0.2889146
vt -1.6465780 0.5514284
vt -1.7613580 0.7500001
vt -1.8715600 1.0000007
vt -1.6489120 0.2889146
vt -1.7641310 0.5791275
vt -1.8720030 0.7500001
vt -1.9794590 1.0000007
vt -1.7882890 0.3882402
vt -1.8654400 0.6013476
vt -1.9796970 0.7500001
vt -2.0893760 1.0000008
vt -1.8727540 0.4376152
vt -1.9653350 0.6156958
vt -2.0889870 0.7500002
vt -2.2022810 1.0000008
vt -1.9524310 0.4672890
vt -2.0647310 0.6243031
vt -2.2017140 0.7500002
vt -2.3182180 1.0000010
vt -2.0360660 0.4837460
vt -2.1656110 0.6336523
vt -2.3179760 0.7500003
vt -2.4430690 1.0000010
vt -2.1300240 0.4925433
vt -2.2814620 0.6345837
vt -2.4421710 0.7500004
vt -2.5730250 1.0000011
vt -2.2353980 0.4992816
vt -2.4005690 0.6451102
vt -2.5720040 0.7500004
vt -2.7059960 1.0000011
vt -2.3553710 0.5081106
vt -2.5295780 0.6587213
vt -2.7055840 0.7500005
vt -2.8459680 1.0000012
vt -2.4930450 0.5207859
vt -2.6762860 0.6674845
vt -2.8455700 0.7500005
vt -2.9872860 1.0000012
vt -2.6395200 0.5354217
vt -2.8228580 0.6752559
vt -2.9877930 0.7500006
vt -3.1283290 1.0000012
vt -2.7949660 0.5488878
vt -2.9785030 0.6807846
vt -3.1285180 0.7500006
vt -2.9635700 0.5592576
vt -3.1291210 0.6693237
vt -3.1296580 0.5711323
vt -36.8579300 0.2887262
vt -36.8590200 0.4942943
vt -33.2577400 0.2887241
vt -33.1221300 0.4942921
vt -36.8596000 0.7498115
vt -33.0503600 0.4942918
vt -33.1556900 0.2887236
vt -33.0087400 0.7498093
vt -32.9539500 0.7498091
vt -36.8594900 0.9998122
vt -32.9015800 0.7498089
vt -32.9829400 0.4942915
vt -33.0500500 0.2887232
vt -32.8418200 0.9998096
vt -32.8585500 0.7498087
vt -32.9252700 0.4942912
vt -32.9563900 0.2887228
vt -32.8320600 0.7498084
vt -32.6339500 0.9997986
vt -32.6278200 0.7497979
vt -32.8808400 0.4942909
vt -32.8806700 0.2887223
vt -32.6189300 0.4942808
vt -32.4896200 0.9997979
vt -32.4892300 0.7497972
vt -32.4861700 0.4942800
vt -32.6225400 0.2887127
vt -32.4871900 0.2887119
vt -32.3520900 0.9997972
vt -32.3519900 0.7497965
vt -32.3511800 0.4942793
vt -32.3514900 0.2887112
vt -32.2150600 0.7497958
vt -32.2149000 0.9997965
vt -32.2152700 0.4942786
vt -32.2153700 0.2887105
vt -32.0787600 0.7497951
vt -32.0786300 0.4942778
vt -32.0785400 0.9997957
vt -32.0781800 0.2887097
vt -31.9432100 0.7497944
vt -31.9432800 0.4942771
vt -31.9426000 0.2887090
vt -31.9431200 0.9997950
vt -31.8089000 0.4942763
vt -31.8091300 0.7497936
vt -31.8081000 0.2887082
vt -31.8092100 0.9997942
vt -31.6736100 0.2887075
vt -31.6742800 0.4942756
vt -31.6745400 0.7497929
vt -31.6744300 0.9997935
vt -31.5401900 0.2887067
vt -31.5406100 0.4942749
vt -31.5410900 0.7497921
vt -31.5408500 0.9997928
vt -31.4063400 0.2887060
vt -31.4071000 0.4942741
vt -31.4077100 0.7497914
vt -31.4080100 0.9997920
vt -31.2729900 0.2887053
vt -31.2740900 0.4942734
vt -31.2746900 0.7497907
vt -31.2746700 0.9997913
vt -31.1398800 0.2887045
vt -31.1417800 0.4942726
vt -31.1431700 0.7497899
vt -31.1431100 0.9997905
vt -31.0080400 0.2887038
vt -31.0103400 0.4942719
vt -31.0123700 0.7497891
vt -31.0126600 0.9997898
vt -28.6889800 0.2887132
vt -28.6863800 0.5471982
vt -28.6841200 0.7497987
vt -28.6838900 0.9997994
vt -28.5601800 0.2887149
vt -28.5539700 0.5375603
vt -28.5531100 0.7498004
vt -28.5523000 0.9998010
vt -28.4559600 0.2887166
vt -28.4334200 0.5335031
vt -28.4213700 0.7498020
vt -28.4205200 0.9998026
vt -28.3478700 0.2887183
vt -28.3074700 0.5291963
vt -28.2867200 0.7498037
vt -28.2860200 0.9998043
vt -28.2309100 0.2887199
vt -28.1739300 0.5237018
vt -28.1448500 0.7498053
vt -28.1440600 0.9998059
vt -28.1008700 0.2887216
vt -28.0351200 0.5270616
vt -27.9902500 0.7498069
vt -27.9895200 0.9998075
vt -27.9517900 0.2887232
vt -27.8738900 0.5236732
vt -27.8224000 0.7498086
vt -27.8213200 0.9998092
vt -27.7794000 0.2887249
vt -27.6986100 0.5282454
vt -27.6404400 0.7498103
vt -27.6390700 0.9998109
vt -27.5810500 0.2887266
vt -27.4995700 0.5248749
vt -27.4429000 0.7498119
vt -27.4411000 0.9998126
vt -27.3535600 0.2887283
vt -27.2825600 0.5330548
vt -27.2304500 0.7498137
vt -27.2287300 0.9998143
vt -27.0975200 0.2887299
vt -27.0419700 0.5292152
vt -27.0059000 0.7498153
vt -27.0056000 0.9998159
vt -26.8007600 0.2887316
vt -26.7924900 0.5794136
vt -26.7761200 0.7498170
vt -26.7773200 0.9998176
vt -26.5554600 0.4880630
vt -26.5588100 0.6316359
vt -26.5605400 0.7498187
vt -26.5613700 0.9998193
vt -24.5622400 0.4890425
vt -24.5618300 0.6322746
vt -24.5613400 0.7498991
vt -24.5610200 0.9998997
vt -24.4481000 0.6316650
vt -24.4470000 0.4988469
vt -24.4486700 0.7499031
vt -24.4490700 0.9999037
vt -24.3360200 0.6317086
vt -24.3362700 0.7499072
vt -24.3351500 0.5000464
vt -24.3360900 0.9999077
vt -24.2242200 0.7499112
vt -24.2241500 0.6319460
vt -24.2244200 0.9999118
vt -24.2241600 0.5006809
vt -24.1140100 0.7499154
vt -24.1133800 0.9999159
vt -24.0021600 0.9999200
vt -8.0271010 0.3078336
vt -8.0274970 0.5134017
vt -8.0278730 0.7689190
vt -8.0277560 1.0189196
vt -8.1579660 0.7689209
vt -8.1582300 1.0189215
vt -8.1575730 0.5134037
vt -8.1571950 0.3078355
vt -8.2885310 0.7689228
vt -8.2883740 1.0189234
vt -8.2884660 0.5134056
vt -8.2885220 0.3078374
vt -8.4188360 0.7689247
vt -8.4193730 1.0189254
vt -8.4189390 0.5134075
vt -8.4182020 0.3078393
vt -8.5488200 0.7689267
vt -8.5487190 1.0189273
vt -8.5484000 0.5134095
vt -8.5480260 0.3078413
vt -8.6772090 0.7689286
vt -8.6769870 1.0189292
vt -8.6774280 0.5134113
vt -8.6776720 0.3078432
vt -8.8057540 0.7689306
vt -8.8056740 1.0189312
vt -8.8057060 0.5134133
vt -8.8057270 0.3078452
vt -8.9343020 0.7689325
vt -8.9343570 1.0189331
vt -8.9341690 0.5134152
vt -8.9347200 0.3078471
vt -9.0643670 0.7689344
vt -9.0645750 1.0189350
vt -9.0636710 0.5134171
vt -9.0627730 0.3078490
vt -9.1940110 0.7689362
vt -9.1940900 1.0189369
vt -9.1932760 0.5134190
vt -9.1915330 0.3078509
vt -9.3230970 0.7689381
vt -9.3234840 1.0189388
vt -9.3206540 0.5134208
vt -9.3189370 0.3078527
vt -9.4544370 0.7689400
vt -9.4576470 1.0189406
vt -9.4469640 0.5134227
vt -9.4458200 0.3078546
vt -9.9044020 0.7689754
vt -9.9539590 1.0189779
vt -9.9158910 0.5134569
vt -9.8884630 0.3078873
vt -9.9693690 0.5134579
vt -9.9392240 0.7689761
vt -10.0886600 0.7689778
vt -10.0386500 0.7689773
vt -9.9864040 0.7689768
vt -9.9713930 0.3078886
vt -10.0713200 0.3078899
vt -10.0326300 0.5134587
vt -10.1703200 0.5134602
vt -10.1011600 0.5134595
vt -10.1774800 0.3078912
vt -10.2755200 0.3078921
vt -62.6865200 0.2886863
vt -62.7990400 0.4942544
vt -62.7618400 0.4942545
vt -62.6564200 0.2886863
vt -62.7146000 0.4942545
vt -62.6111900 0.2886863
vt -60.4067100 0.2886881
vt -62.8279900 0.7497717
vt -60.4040400 0.4942561
vt -62.8816500 0.7497716
vt -62.9299400 0.7497716
vt -60.2714200 0.2886882
vt -63.0127100 0.9997722
vt -60.4016600 0.7497734
vt -60.2710100 0.4942563
vt -60.1371400 0.2886884
vt -60.4012800 0.9997740
vt -60.2698400 0.7497736
vt -60.1372900 0.4942565
vt -60.0032200 0.2886885
vt -60.2694900 0.9997742
vt -60.1368300 0.7497737
vt -60.0027500 0.4942567
vt -59.8694500 0.2886887
vt -60.1368000 0.9997743
vt -60.0025100 0.7497739
vt -59.8689800 0.4942569
vt -59.7367100 0.2886889
vt -60.0023700 0.9997745
vt -59.8688200 0.7497741
vt -59.7367900 0.4942570
vt -59.6051500 0.2886890
vt -59.8688100 0.9997747
vt -59.7368000 0.7497742
vt -59.6050700 0.4942572
vt -59.4735200 0.2886892
vt -59.7367400 0.9997749
vt -59.6048100 0.7497745
vt -59.4734200 0.4942573
vt -59.3410600 0.2886894
vt -59.6047200 0.9997751
vt -59.4735200 0.7497746
vt -59.3414800 0.4942575
vt -59.2081100 0.2886896
vt -59.4736300 0.9997752
vt -59.3416200 0.7497748
vt -59.2084300 0.4942577
vt -59.0745200 0.2886897
vt -59.3416500 0.9997754
vt -59.2088300 0.7497749
vt -59.0747300 0.4942579
vt -58.9408500 0.2886899
vt -59.2089800 0.9997755
vt -59.0751800 0.7497751
vt -58.9410300 0.4942580
vt -58.8059600 0.2886900
vt -59.0753400 0.9997757
vt -58.9412700 0.7497753
vt -58.8069800 0.4942582
vt -58.9413500 0.9997759
vt -58.8073800 0.7497754
vt -58.8072600 0.9997761
vt 0.3723308 0.3078024
vt 0.3360492 0.3078013
vt 0.5137130 0.5133708
vt 0.2939006 0.3077999
vt 0.4651519 0.5133698
vt 0.6754611 0.7688882
vt 0.4100335 0.5133687
vt 0.2409337 0.3077954
vt 0.6180193 0.7688876
vt 0.7919515 1.0188894
vt 0.2464516 0.5133635
vt 0.2507021 0.7688808
vt 0.3847506 0.7688863
vt 0.3847506 0.7688863
vt 0.5503619 0.7688868
vt 0.1178772 0.5133621
vt 0.1163380 0.3077939
vt 0.6802876 1.0188898
vt 0.1194155 0.7688793
vt 0.1196186 1.0188799
vt 0.2510197 1.0188813
vt 0.3853161 1.0188868
vt 0.5275738 1.0188891
vt -0.0108879 0.5133606
vt -0.0097044 0.7688779
vt -0.0110919 0.3077925
vt -0.0092494 1.0188785
vt -0.1397216 0.5133591
vt -0.1393888 0.7688764
vt -0.1391628 1.0188770
vt -0.1397960 0.3077910
vt -0.2694280 0.7688749
vt -0.2693832 0.5133577
vt -0.2695224 1.0188755
vt -0.2690113 0.3077896
vt -0.3992255 1.0188740
vt -0.3991773 0.7688735
vt -0.3986633 0.5133562
vt -0.3983715 0.3077881
vt -0.5274642 1.0188725
vt -0.5271604 0.7688719
vt -0.5271805 0.5133547
vt -0.5276936 0.3077865
vt -0.6545013 1.0188711
vt -0.6548765 0.7688705
vt -0.6557701 0.5133532
vt -0.6566227 0.3077850
vt -0.7825187 1.0188696
vt -0.7827718 0.7688690
vt -0.7838219 0.5133518
vt -0.7847355 0.3077835
vt -44.4483800 0.2887123
vt -44.2703000 0.4942805
vt -44.3407900 0.2887130
vt -44.3384400 0.4942800
vt -44.2112900 0.4942811
vt -44.2447500 0.2887139
vt -44.1657300 0.4942816
vt -44.1678700 0.2887147
vt -44.1147500 0.7497978
vt -44.1414300 0.7497973
vt -44.2382900 0.7497966
vt -44.1841400 0.7497969
vt -43.8902900 0.4943092
vt -43.8910600 0.2887411
vt -43.9003900 0.7498264
vt -43.7580000 0.4943089
vt -43.7569300 0.2887408
vt -43.9065100 0.9998271
vt -43.7608500 0.7498262
vt -43.6225600 0.4943088
vt -43.6221400 0.2887406
vt -43.7622300 0.9998268
vt -43.6232100 0.7498260
vt -43.4863100 0.4943085
vt -43.4871000 0.2887404
vt -43.6238400 0.9998266
vt -43.4870600 0.7498258
vt -43.3507200 0.4943084
vt -43.3504600 0.2887402
vt -43.4866800 0.9998264
vt -43.3508500 0.7498256
vt -43.2142700 0.4943081
vt -43.2142900 0.2887400
vt -43.3508400 0.9998262
vt -43.2142300 0.7498254
vt -43.0779000 0.4943079
vt -43.0771400 0.2887398
vt -43.2138700 0.9998260
vt -43.0781300 0.7498252
vt -42.9419600 0.4943077
vt -42.9409300 0.2887396
vt -43.0778900 0.9998258
vt -42.9426700 0.7498250
vt -42.8062500 0.4943075
vt -42.8049600 0.2887394
vt -42.9430100 0.9998256
vt -42.8066900 0.7498248
vt -42.6697500 0.4943073
vt -42.6689200 0.2887392
vt -42.8071400 0.9998254
vt -42.6702500 0.7498245
vt -42.5330400 0.4943071
vt -42.5330500 0.2887390
vt -42.6699700 0.9998252
vt -42.5325200 0.7498244
vt -42.3965400 0.4943069
vt -42.3965000 0.2887388
vt -42.5323900 0.9998249
vt -42.3959600 0.7498242
vt -42.2598200 0.4943067
vt -42.2589600 0.2887386
vt -42.3958200 0.9998248
vt -42.2599100 0.7498239
vt -39.1842300 0.4943050
vt -39.3115800 0.2887370
vt -42.2598200 0.9998245
vt -39.0810500 0.7498221
vt -39.0249500 0.7498220
vt -39.1088100 0.4943048
vt -39.2038800 0.2887368
vt -38.9220900 0.9998225
vt -38.9684800 0.7498219
vt -39.0354300 0.4943047
vt -39.0899800 0.2887365
vt -38.5227500 0.7498171
vt -38.8863700 0.7498217
vt -38.5276600 0.9998177
vt -38.9200400 0.7498218
vt -38.9699900 0.4943045
vt -38.9852300 0.2887362
vt -38.3813400 0.7498167
vt -38.3779900 0.4942994
vt -38.5131800 0.4942998
vt -38.9163300 0.4943043
vt -38.3817900 0.9998173
vt -38.8999600 0.2887359
vt -38.2424500 0.7498162
vt -38.2407900 0.4942989
vt -38.2403900 0.2887308
vt -38.3769000 0.2887313
vt -38.5110200 0.2887317
vt -38.2431400 0.9998168
vt -38.1034400 0.7498157
vt -38.1020500 0.4942985
vt -38.1010500 0.2887304
vt -38.1038100 0.9998164
vt -37.9638100 0.7498152
vt -37.9637100 0.4942980
vt -37.9637000 0.2887299
vt -37.9638900 0.9998159
vt -37.8241100 0.7498147
vt -37.8240800 0.4942976
vt -37.8245200 0.2887294
vt -37.8241300 0.9998154
vt -37.6846100 0.7498144
vt -37.6844800 0.4942971
vt -37.6849700 0.2887290
vt -37.6842800 0.9998149
vt -37.5465800 0.7498139
vt -37.5466800 0.4942967
vt -37.5463600 0.2887285
vt -37.5462700 0.9998145
vt -37.4083600 0.7498134
vt -37.4085000 0.4942961
vt -37.4077200 0.2887280
vt -37.4086100 0.9998140
vt -37.2701300 0.7498130
vt -37.2695200 0.4942957
vt -37.2692500 0.2887276
vt -37.2704800 0.9998136
vt -37.1325400 0.7498125
vt -37.1324900 0.4942953
vt -37.1325600 0.2887272
vt -37.1326900 0.9998131
vt -36.9963300 0.7498120
vt -36.9960800 0.4942948
vt -36.9950100 0.2887266
vt -36.9957100 0.9998127
vt -55.3081000 0.2886892
vt -55.1791400 0.4942572
vt -55.1051600 0.4942572
vt -55.2031700 0.2886891
vt -55.0728800 0.7497742
vt -55.0182300 0.7497742
vt -54.9638900 0.7497742
vt -55.0339800 0.4942571
vt -55.0938300 0.2886891
vt -54.9139500 0.9997746
vt -54.9175400 0.7497742
vt -54.9713100 0.4942571
vt -54.9920700 0.2886891
vt -54.8861900 0.7497742
vt -54.5782900 0.9997782
vt -54.5731500 0.7497776
vt -54.9214700 0.4942572
vt -54.9114300 0.2886891
vt -54.5635600 0.4942603
vt -54.4369200 0.9997781
vt -54.4360700 0.7497775
vt -54.4327900 0.4942602
vt -54.5632000 0.2886922
vt -54.4316000 0.2886921
vt -54.3018900 0.9997780
vt -54.3019300 0.7497774
vt -54.3013000 0.4942601
vt -54.2993100 0.2886920
vt -54.1697800 0.9997779
vt -54.1702300 0.7497773
vt -54.1706500 0.4942601
vt -54.1699100 0.2886919
vt -54.0393400 0.9997778
vt -54.0393000 0.7497772
vt -54.0390300 0.4942600
vt -54.0382700 0.2886919
vt -53.9091900 0.9997777
vt -53.9084800 0.7497771
vt -53.9074900 0.4942599
vt -53.9072100 0.2886918
vt -53.7760600 0.9997777
vt -53.7759800 0.7497771
vt -53.7746000 0.4942598
vt -53.7755400 0.2886917
vt -53.6409300 0.9997776
vt -53.6409800 0.7497770
vt -53.6401000 0.4942597
vt -53.6407100 0.2886916
vt -53.5062600 0.9997775
vt -53.5058100 0.7497768
vt -53.5055800 0.4942596
vt -53.5059400 0.2886915
vt -53.3707500 0.9997774
vt -53.3703900 0.7497768
vt -53.3709800 0.4942595
vt -53.3707000 0.2886914
vt -53.2352400 0.9997773
vt -53.2353700 0.7497767
vt -53.2353100 0.4942595
vt -53.2347500 0.2886913
vt -53.0982700 0.9997773
vt -53.0988800 0.7497766
vt -53.0979300 0.4942594
vt -53.0971300 0.2886912
vt -52.9624000 0.7497765
vt -52.9628900 0.9997771
vt -52.9601900 0.4942593
vt -52.9569800 0.2886912
vt -50.9674400 0.7497791
vt -50.9694200 0.4942619
vt -50.9670200 0.9997798
vt -50.9725000 0.2886937
vt -50.8329200 0.7497808
vt -50.8338400 0.4942635
vt -50.8352200 0.2886953
vt -50.8326600 0.9997814
vt -50.6983100 0.7497821
vt -50.6984000 0.4942648
vt -50.6987700 0.2886967
vt -50.6983200 0.9997827
vt -50.5625500 0.7497835
vt -50.5624000 0.4942663
vt -50.5625900 0.2886981
vt -50.5625600 0.9997841
vt -50.4258400 0.7497848
vt -50.4254500 0.4942676
vt -50.4257900 0.2886995
vt -50.4260700 0.9997855
vt -50.2888400 0.7497863
vt -50.2886500 0.4942690
vt -50.2884900 0.2887009
vt -50.2889300 0.9997869
vt -50.1513400 0.7497876
vt -50.1516300 0.4942703
vt -50.1512000 0.2887022
vt -50.1511300 0.9997882
vt -50.0142400 0.7497889
vt -50.0140200 0.4942717
vt -50.0139400 0.2887036
vt -50.0144200 0.9997895
vt -49.8771200 0.7497903
vt -49.8770300 0.4942731
vt -49.8771400 0.2887049
vt -49.8770800 0.9997909
vt -49.7408100 0.7497916
vt -49.7410200 0.4942744
vt -49.7405700 0.2887063
vt -49.7405800 0.9997923
vt -49.6046000 0.7497930
vt -49.6046100 0.4942757
vt -49.6039400 0.2887076
vt -49.6045100 0.9997936
vt -49.4682600 0.7497944
vt -49.4678700 0.4942771
vt -49.4680300 0.2887090
vt -49.4685000 0.9997950
vn 0.0000000 1.0000000 0.0000000
vn 0.0000000 1.0000000 0.0000000
vn 0.0000000 1.0000000 0.0000000
vn 0.0000000 1.0000000 0.0000000
vn 0.0000000 1.0000000 0.0000000
vn 0.0000000 1.0000000 0.0000000
vn 0.0000000 1.0000000 0.0000000
vn 0.0000000 1.0000000 0.0000000
vn 0.0000000 1.0000000 0.0000000
vn 0.0000000 1.0000000 0.0000000
vn 0.0000000 1.0000000 0.0000000
vn 0.0000000 1.0000000 0.0000000
vn 0.0000000 1.0000000 0.0000000
vn 0.0000000 1.0000000 0.0000000
vn 0.0000000 1.0000000 0.0000000
vn 0.0000000 1.0000000 0.0000000
vn 0.0000000 1.0000000 0.0000000
vn 0.0000000 1.0000000 0.0000000
vn 0.0000000 1.0000000 0.0000000
vn 0.0000000 1.0000000 0.0000000
vn 0.0000000 1.0000000 0.0000000
vn 0.0000000 1.0000000 0.0000000
vn 0.0000000 1.0000000 0.0000000
vn 0.0000000 1.0000000 0.0000000
vn 0.0000000 1.0000000 0.0000000
vn 0.0000000 1.0000000 0.0000000
vn 0.0000000 1.0000000 0.0000000
vn 0.0000000 1.0000000 0.0000000
vn 0.0000000 1.0000000 0.0000000
vn 0.0000000 1.0000000 0.0000000
vn 0.0000000 1.0000000 0.0000000
vn 0.0000000 1.0000000 0.0000000
vn 0.0000000 1.0000000 0.0000000
vn 0.0000000 1.0000000 0.0000000
vn 0.0000000 1.0000000 0.0000000
vn 0.0000000 1.0000000 0.0000000
vn 0.0000000 1.0000000 0.0000000
vn 0.0000000 1.0000000 0.0000000
vn 0.0000000 1.0000000 0.0000000
vn 0.0000000 1.0000000 0.0000000
vn 0.0000000 1.0000000 0.0000000
vn 0.0000000 1.0000000 0.0000000
vn 0.0000000 1.0000000 0.0000000
vn 0.0000000 1.0000000 0.0000000
vn 0.0000000 1.0000000 0.0000000
vn 0.0000000 1.0000000 0.0000000
vn 0.0000000 1.0000000 0.0000000
vn 0.0000000 1.0000000 0.0000000
vn 0.0000000 1.0000000 0.0000000
vn 0.0000000 1.0000000 0.0000000
vn 0.0000000 1.0000000 0.0000000
vn 0.0000000 1.0000000 0.0000000
vn 0.0000000 1.0000000 0.0000000
vn 0.0000000 1.0000000 0.0000000
vn 0.0000000 1.0000000 0.0000000
vn 0.0000000 1.0000000 0.0000000
vn 0.0000000 1.0000000 0.0000000
vn 0.0000000 1.0000000 0.0000000
vn 0.0000000 1.0000000 0.0000000
vn 0.0000000 1.0000000 0.0000000
vn 0.0000000 1.0000000 0.0000000
vn 0.0000000 1.0000000 0.0000000
vn 0.0000000 1.0000000 0.0000000
vn 0.0000000 1.0000000 0.0000000
vn 0.0000000 1.0000000 0.0000000
vn 0.0000000 1.0000000 0.0000000
vn 0.0000000 1.0000000 0.0000000
vn 0.0000000 1.0000000 0.0000000
vn 0.0000000 1.0000000 0.0000000
vn 0.0000000 1.0000000 0.0000000
vn 0.0000000 1.0000000 0.0000000
vn 0.0000000 1.0000000 0.0000000
vn 0.0000000 1.0000000 0.0000000
vn 0.0000000 1.0000000 0.0000000
vn 0.0000000 1.0000000 0.0000000
vn 0.0000000 1.0000000 0.0000000
vn 0.0000000 1.0000000 0.0000000
vn 0.0000000 1.0000000 0.0000000
vn 0.0000000 1.0000000 0.0000000
vn 0.0000000 1.0000000 0.0000000
vn 0.0000000 1.0000000 0.0000000
vn 0.0000000 1.0000000 0.0000000
vn 0.0000000 1.0000000 0.0000000
vn 0.0000000 1.0000000 0.0000000
vn 0.0000000 1.0000000 0.0000000
vn 0.0000000 1.0000000 0.0000000
vn 0.0000000 1.0000000 0.0000000
vn 0.0000000 1.0000000 0.0000000
vn 0.0000000 1.0000000 0.0000000
vn 0.0000000 1.0000000 0.0000000
vn 0.0000000 1.0000000 0.0000000
vn 0.0000000 1.0000000 0.0000000
vn 0.0000000 1.0000000 0.0000000
vn 0.0000000 1.0000000 0.0000000
vn 0.0000000 1.0000000 0.0000000
vn 0.0000000 1.0000000 0.0000000
vn 0.0000000 1.0000000 0.0000000
vn 0.0000000 1.0000000 0.0000000
vn 0.0000000 1.0000000 0.0000000
vn 0.0000000 1.0000000 0.0000000
vn 0.0000000 1.0000000 0.0000000
vn 0.0000000 1.0000000 0.0000000
vn 0.0000000 1.0000000 0.0000000
vn 0.0000000 1.0000000 0.0000000
vn 0.0000000 1.0000000 0.0000000
vn 0.0000000 1.0000000 0.0000000
vn 0.0000000 1.0000000 0.0000000
vn 0.0000000 1.0000000 0.0000000
vn 0.0000000 1.0000000 0.0000000
vn 0.0000000 1.0000000 0.0000000
vn 0.0000000 1.0000000 0.0000000
vn 0.0000000 1.0000000 0.0000000
vn 0.0000000 1.0000000 0.0000000
vn 0.0000000 1.0000000 0.0000000
vn 0.0000000 1.0000000 0.0000000
vn 0.0000000 1.0000000 0.0000000
vn 0.0000000 1.0000000 0.0000000
vn 0.0000000 1.0000000 0.0000000
vn 0.0000000 1.0000000 0.0000000
vn 0.0000000 1.0000000 0.0000000
vn 0.0000000 1.0000000 0.0000000
vn 0.0000000 1.0000000 0.0000000
vn 0.0000000 1.0000000 0.0000000
vn 0.0000000 1.0000000 0.0000000
vn 0.0000000 1.0000000 0.0000000
vn 0.0000000 1.0000000 0.0000000
vn 0.0000000 1.0000000 0.0000000
vn 0.0000000 1.0000000 0.0000000
vn 0.0000000 1.0000000 0.0000000
vn 0.0000000 1.0000000 0.0000000
vn 0.0000000 1.0000000 0.0000000
vn 0.0000000 1.0000000 0.0000000
vn 0.0000000 1.0000000 0.0000000
vn 0.0000000 1.0000000 0.0000000
vn 0.0000000 1.0000000 0.0000000
vn 0.0000000 1.0000000 0.0000000
vn 0.0000000 1.0000000 0.0000000
vn 0.0000000 1.0000000 0.0000000
vn 0.0000000 1.0000000 0.0000000
vn 0.0000000 1.0000000 0.0000000
vn 0.0000000 1.0000000 0.0000000
vn 0.0000000 1.0000000 0.0000000
vn 0.0000000 1.0000000 0.0000000
vn 0.0000000 1.0000000 0.0000000
vn 0.0000000 1.0000000 0.0000000
vn 0.0000000 1.0000000 0.0000000
vn 0.0000000 1.0000000 0.0000000
vn 0.0000000 1.0000000 0.0000000
vn 0.0000000 1.0000000 0.0000000
vn 0.0000000 1.0000000 0.0000000
vn 0.0000000 1.0000000 0.0000000
vn 0.0000000 1.0000000 0.0000000
vn 0.0000000 1.0000000 0.0000000
vn 0.0000000 1.0000000 0.0000000
vn 0.0000000 1.0000000 0.0000000
vn 0.0000000 1.0000000 0.0000000
vn 0.0000000 1.0000000 0.0000000
vn 0.0000000 1.0000000 0.0000000
vn 0.0000000 1.0000000 0.0000000
vn 0.0000000 1.0000000 0.0000000
vn 0.0000000 1.0000000 0.0000000
vn 0.0000000 1.0000000 0.0000000
vn 0.0000000 1.0000000 0.0000000
vn 0.0000000 1.0000000 0.0000000
vn 0.0000000 1.0000000 0.0000000
vn 0.0000000 1.0000000 0.0000000
vn 0.0000000 1.0000000 0.0000000
vn 0.0000000 1.0000000 0.0000000
vn 0.0000000 1.0000000 0.0000000
vn 0.0000000 1.0000000 0.0000000
vn 0.0000000 1.0000000 0.0000000
vn 0.0000000 1.0000000 0.0000000
vn 0.0000000 1.0000000 0.0000000
vn 0.0000000 1.0000000 0.0000000
vn 0.0000000 1.0000000 0.0000000
vn 0.0000000 1.0000000 0.0000000
vn 0.0000000 1.0000000 0.0000000
vn 0.0000000 1.0000000 0.0000000
vn 0.0000000 1.0000000 0.0000000
vn 0.0000000 1.0000000 0.0000000
vn 0.0000000 1.0000000 0.0000000
vn 0.0000000 1.0000000 0.0000000
vn 0.0000000 1.0000000 0.0000000
vn 0.0000000 1.0000000 0.0000000
vn 0.0000000 1.0000000 0.0000000
vn 0.0000000 1.0000000 0.0000000
vn 0.0000000 1.0000000 0.0000000
vn 0.0000000 1.0000000 0.0000000
vn 0.0000000 1.0000000 0.0000000
vn 0.0000000 1.0000000 0.0000000
vn 0.0000000 1.0000000 0.0000000
vn 0.0000000 1.0000000 0.0000000
vn 0.0000000 1.0000000 0.0000000
vn 0.0000000 1.0000000 0.0000000
vn 0.0000000 1.0000000 0.0000000
vn 0.0000000 1.0000000 0.0000000
vn 0.0000000 1.0000000 0.0000000
vn 0.0000000 1.0000000 0.0000000
vn 0.0000000 1.0000000 0.0000000
vn 0.0000000 1.0000000 0.0000000
vn 0.0000000 1.0000000 0.0000000
vn 0.0000000 1.0000000 0.0000000
vn 0.0000000 1.0000000 0.0000000
vn 0.0000000 1.0000000 0.0000000
vn 0.0000000 1.0000000 0.0000000
vn 0.0000000 1.0000000 0.0000000
vn 0.0000000 1.0000000 0.0000000
vn 0.0000000 1.0000000 0.0000000
vn 0.0000000 1.0000000 0.0000000
vn 0.0000000 1.0000000 0.0000000
vn 0.0000000 1.0000000 0.0000000
vn 0.0000000 1.0000000 0.0000000
vn 0.0000000 1.0000000 0.0000000
vn 0.0000000 1.0000000 0.0000000
vn 0.0000000 1.0000000 0.0000000
vn 0.0000000 1.0000000 0.0000000
vn 0.0000000 1.0000000 0.0000000
vn 0.0000000 1.0000000 0.0000000
vn 0.0000000 1.0000000 0.0000000
vn 0.0000000 1.0000000 0.0000000
vn 0.0000000 1.0000000 0.0000000
vn 0.0000000 1.0000000 0.0000000
vn 0.0000000 1.0000000 0.0000000
vn 0.0000000 1.0000000 0.0000000
vn 0.0000000 1.0000000 0.0000000
vn 0.0000000 1.0000000 0.0000000
vn 0.0000000 1.0000000 0.0000000
vn 0.0000000 1.0000000 0.0000000
vn 0.0000000 1.0000000 0.0000000
vn 0.0000000 1.0000000 0.0000000
vn 0.0000000 1.0000000 0.0000000
vn 0.0000000 1.0000000 0.0000000
vn 0.0000000 1.0000000 0.0000000
vn 0.0000000 1.0000000 0.0000000
vn 0.0000000 1.0000000 0.0000000
vn 0.0000000 1.0000000 0.0000000
vn 0.0000000 1.0000000 0.0000000
vn 0.0000000 1.0000000 0.0000000
vn 0.0000000 1.0000000 0.0000000
vn 0.0000000 1.0000000 0.0000000
vn 0.0000000 1.0000000 0.0000000
vn 0.0000000 1.0000000 0.0000000
vn 0.0000000 1.0000000 0.0000000
vn 0.0000000 1.0000000 0.0000000
vn 0.0000000 1.0000000 0.0000000
vn 0.0000000 1.0000000 0.0000000
vn 0.0000000 1.0000000 0.0000000
vn 0.0000000 1.0000000 0.0000000
vn 0.0000000 1.0000000 0.0000000
vn 0.0000000 1.0000000 0.0000000
vn 0.0000000 1.0000000 0.0000000
vn 0.0000000 1.0000000 0.0000000
vn 0.0000000 1.0000000 0.0000000
vn 0.0000000 1.0000000 0.0000000
vn 0.0000000 1.0000000 0.0000000
vn 0.0000000 1.0000000 0.0000000
vn 0.0000000 1.0000000 0.0000000
vn 0.0000000 1.0000000 0.0000000
vn 0.0000000 1.0000000 0.0000000
vn 0.0000000 1.0000000 0.0000000
vn 0.0000000 1.0000000 0.0000000
vn 0.0000000 1.0000000 0.0000000
vn 0.0000000 1.0000000 0.0000000
vn 0.0000000 1.0000000 0.0000000
vn 0.0000000 1.0000000 0.0000000
vn 0.0000000 1.0000000 0.0000000
vn 0.0000000 1.0000000 0.0000000
vn 0.0000000 1.0000000 0.0000000
vn 0.0000000 1.0000000 0.0000000
vn 0.0000000 1.0000000 0.0000000
vn 0.0000000 1.0000000 0.0000000
vn 0.0000000 1.0000000 0.0000000
vn 0.0000000 1.0000000 0.0000000
vn 0.0000000 1.0000000 0.0000000
vn 0.0000000 1.0000000 0.0000000
vn 0.0000000 1.0000000 0.0000000
vn 0.0000000 1.0000000 0.0000000
vn 0.0000000 1.0000000 0.0000000
vn 0.0000000 1.0000000 0.0000000
vn 0.0000000 1.0000000 0.0000000
vn 0.0000000 1.0000000 0.0000000
vn 0.0000000 1.0000000 0.0000000
vn 0.0000000 1.0000000 0.0000000
vn 0.0000000 1.0000000 0.0000000
vn 0.0000000 1.0000000 0.0000000
vn 0.0000000 1.0000000 0.0000000
vn 0.0000000 1.0000000 0.0000000
vn 0.0000000 1.0000000 0.0000000
vn 0.0000000 1.0000000 0.0000000
vn 0.0000000 1.0000000 0.0000000
vn 0.0000000 1.0000000 0.0000000
vn 0.0000000 1.0000000 0.0000000
vn 0.0000000 1.0000000 0.0000000
vn 0.0000000 1.0000000 0.0000000
vn 0.0000000 1.0000000 0.0000000
vn 0.0000000 1.0000000 0.0000000
vn 0.0000000 1.0000000 0.0000000
vn 0.0000000 1.0000000 0.0000000
vn 0.0000000 1.0000000 0.0000000
vn 0.0000000 1.0000000 0.0000000
vn 0.0000000 1.0000000 0.0000000
vn 0.0000000 1.0000000 0.0000000
vn 0.0000000 1.0000000 0.0000000
vn 0.0000000 1.0000000 0.0000000
vn 0.0000000 1.0000000 0.0000000
vn 0.0000000 1.0000000 0.0000000
vn 0.0000000 1.0000000 0.0000000
vn 0.0000000 1.0000000 0.0000000
vn 0.0000000 1.0000000 0.0000000
vn 0.0000000 1.0000000 0.0000000
vn 0.0000000 1.0000000 0.0000000
vn 0.0000000 1.0000000 0.0000000
vn 0.0000000 1.0000000 0.0000000
vn 0.0000000 1.0000000 0.0000000
vn 0.0000000 1.0000000 0.0000000
vn 0.0000000 1.0000000 0.0000000
vn 0.0000000 1.0000000 0.0000000
vn 0.0000000 1.0000000 0.0000000
vn 0.0000000 1.0000000 0.0000000
vn 0.0000000 1.0000000 0.0000000
vn 0.0000000 1.0000000 0.0000000
vn 0.0000000 1.0000000 0.0000000
vn 0.0000000 1.0000000 0.0000000
vn 0.0000000 1.0000000 0.0000000
vn 0.0000000 1.0000000 0.0000000
vn 0.0000000 1.0000000 0.0000000
vn 0.0000000 1.0000000 0.0000000
vn 0.0000000 1.0000000 0.0000000
vn 0.0000000 1.0000000 0.0000000
vn 0.0000000 1.0000000 0.0000000
vn 0.0000000 1.0000000 0.0000000
vn 0.0000000 1.0000000 0.0000000
vn 0.0000000 1.0000000 0.0000000
vn 0.0000000 1.0000000 0.0000000
vn 0.0000000 1.0000000 0.0000000
vn 0.0000000 1.0000000 0.0000000
vn 0.0000000 1.0000000 0.0000000
vn 0.0000000 1.0000000 0.0000000
vn 0.0000000 1.0000000 0.0000000
vn 0.0000000 1.0000000 0.0000000
vn 0.0000000 1.0000000 0.0000000
vn 0.0000000 1.0000000 0.0000000
vn 0.0000000 1.0000000 0.0000000
vn 0.0000000 1.0000000 0.0000000
vn 0.0000000 1.0000000 0.0000000
vn 0.0000000 1.0000000 0.0000000
vn 0.0000000 1.0000000 0.0000000
vn 0.0000000 1.0000000 0.0000000
vn 0.0000000 1.0000000 0.0000000
vn 0.0000000 1.0000000 0.0000000
vn 0.0000000 1.0000000 0.0000000
vn 0.0000000 1.0000000 0.0000000
vn 0.0000000 1.0000000 0.0000000
vn 0.0000000 1.0000000 0.0000000
vn 0.0000000 1.0000000 0.0000000
vn 0.0000000 1.0000000 0.0000000
vn 0.0000000 1.0000000 0.0000000
vn 0.0000000 1.0000000 0.0000000
vn 0.0000000 1.0000000 0.0000000
vn 0.0000000 1.0000000 0.0000000
vn 0.0000000 1.0000000 0.0000000
vn 0.0000000 1.0000000 0.0000000
vn 0.0000000 1.0000000 0.0000000
vn 0.0000000 1.0000000 0.0000000
vn 0.0000000 1.0000000 0.0000000
vn 0.0000000 1.0000000 0.0000000
vn 0.0000000 1.0000000 0.0000000
vn 0.0000000 1.0000000 0.0000000
vn 0.0000000 1.0000000 0.0000000
vn 0.0000000 1.0000000 0.0000000
vn 0.0000000 1.0000000 0.0000000
vn 0.0000000 1.0000000 0.0000000
vn 0.0000000 1.0000000 0.0000000
vn 0.0000000 1.0000000 0.0000000
vn 0.0000000 1.0000000 0.0000000
vn 0.0000000 1.0000000 0.0000000
vn 0.0000000 1.0000000 0.0000000
vn 0.0000000 1.0000000 0.0000000
vn 0.0000000 1.0000000 0.0000000
vn 0.0000000 1.0000000 0.0000000
vn 0.0000000 1.0000000 0.0000000
vn 0.0000000 1.0000000 0.0000000
vn 0.0000000 1.0000000 0.0000000
vn 0.0000000 1.0000000 0.0000000
vn 0.0000000 1.0000000 0.0000000
vn 0.0000000 1.0000000 0.0000000
vn 0.0000000 1.0000000 0.0000000
vn 0.0000000 1.0000000 0.0000000
vn 0.0000000 1.0000000 0.0000000
vn 0.0000000 1.0000000 0.0000000
vn 0.0000000 1.0000000 0.0000000
vn 0.0000000 1.0000000 0.0000000
vn 0.0000000 1.0000000 0.0000000
vn 0.0000000 1.0000000 0.0000000
vn 0.0000000 1.0000000 0.0000000
vn 0.0000000 1.0000000 0.0000000
vn 0.0000000 1.0000000 0.0000000
vn 0.0000000 1.0000000 0.0000000
vn 0.0000000 1.0000000 0.0000000
vn 0.0000000 1.0000000 0.0000000
vn 0.0000000 1.0000000 0.0000000
vn 0.0000000 1.0000000 0.0000000
vn 0.0000000 1.0000000 0.0000000
vn 0.0000000 1.0000000 0.0000000
vn 0.0000000 1.0000000 0.0000000
vn 0.0000000 1.0000000 0.0000000
vn 0.0000000 1.0000000 0.0000000
vn 0.0000000 1.0000000 0.0000000
vn 0.0000000 1.0000000 0.0000000
vn 0.0000000 1.0000000 0.0000000
vn 0.0000000 1.0000000 0.0000000
vn 0.0000000 1.0000000 0.0000000
vn 0.0000000 1.0000000 0.0000000
vn 0.0000000 1.0000000 0.0000000
vn 0.0000000 1.0000000 0.0000000
vn 0.0000000 1.0000000 0.0000000
vn 0.0000000 1.0000000 0.0000000
vn 0.0000000 1.0000000 0.0000000
vn 0.0000000 1.0000000 0.0000000
vn 0.0000000 1.0000000 0.0000000
vn 0.0000000 1.0000000 0.0000000
vn 0.0000000 1.0000000 0.0000000
vn 0.0000000 1.0000000 0.0000000
vn 0.0000000 1.0000000 0.0000000
vn 0.0000000 1.0000000 0.0000000
vn 0.0000000 1.0000000 0.0000000
vn 0.0000000 1.0000000 0.0000000
vn 0.0000000 1.0000000 0.0000000
vn 0.0000000 1.0000000 0.0000000
vn 0.0000000 1.0000000 0.0000000
vn 0.0000000 1.0000000 0.0000000
vn 0.0000000 1.0000000 0.0000000
vn 0.0000000 1.0000000 0.0000000
vn 0.0000000 1.0000000 0.0000000
vn 0.0000000 1.0000000 0.0000000
vn 0.0000000 1.0000000 0.0000000
vn 0.0000000 1.0000000 0.0000000
vn 0.0000000 1.0000000 0.0000000
vn 0.0000000 1.0000000 0.0000000
vn 0.0000000 1.0000000 0.0000000
vn 0.0000000 1.0000000 0.0000000
vn 0.0000000 1.0000000 0.0000000
vn 0.0000000 1.0000000 0.0000000
vn 0.0000000 1.0000000 0.0000000
vn 0.0000000 1.0000000 0.0000000
vn 0.0000000 1.0000000 0.0000000
vn 0.0000000 1.0000000 0.0000000
vn 0.0000000 1.0000000 0.0000000
vn 0.0000000 1.0000000 0.0000000
vn 0.0000000 1.0000000 0.0000000
vn 0.0000000 1.0000000 0.0000000
vn 0.0000000 1.0000000 0.0000000
vn 0.0000000 1.0000000 0.0000000
vn 0.0000000 1.0000000 0.0000000
vn 0.0000000 1.0000000 0.0000000
vn 0.0000000 1.0000000 0.0000000
vn 0.0000000 1.0000000 0.0000000
vn 0.0000000 1.0000000 0.0000000
vn 0.0000000 1.0000000 0.0000000
vn 0.0000000 1.0000000 0.0000000
vn 0.0000000 1.0000000 0.0000000
vn 0.0000000 1.0000000 0.0000000
vn 0.0000000 1.0000000 0.0000000
vn 0.0000000 1.0000000 0.0000000
vn 0.0000000 1.0000000 0.0000000
vn 0.0000000 1.0000000 0.0000000
vn 0.0000000 1.0000000 0.0000000
vn 0.0000000 1.0000000 0.0000000
vn 0.0000000 1.0000000 0.0000000
vn 0.0000000 1.0000000 0.0000000
vn 0.0000000 1.0000000 0.0000000
vn 0.0000000 1.0000000 0.0000000
vn 0.0000000 1.0000000 0.0000000
vn 0.0000000 1.0000000 0.0000000
vn 0.0000000 1.0000000 0.0000000
vn 0.0000000 1.0000000 0.0000000
vn 0.0000000 1.0000000 0.0000000
vn 0.0000000 1.0000000 0.0000000
vn 0.0000000 1.0000000 0.0000000
vn 0.0000000 1.0000000 0.0000000
vn 0.0000000 1.0000000 0.0000000
vn 0.0000000 1.0000000 0.0000000
vn 0.0000000 1.0000000 0.0000000
vn 0.0000000 1.0000000 0.0000000
vn 0.0000000 1.0000000 0.0000000
vn 0.0000000 1.0000000 0.0000000
vn 0.0000000 1.0000000 0.0000000
vn 0.0000000 1.0000000 0.0000000
vn 0.0000000 1.0000000 0.0000000
vn 0.0000000 1.0000000 0.0000000
vn 0.0000000 1.0000000 0.0000000
vn 0.0000000 1.0000000 0.0000000
vn 0.0000000 1.0000000 0.0000000
vn 0.0000000 1.0000000 0.0000000
vn 0.0000000 1.0000000 0.0000000
vn 0.0000000 1.0000000 0.0000000
vn 0.0000000 1.0000000 0.0000000
vn 0.0000000 1.0000000 0.0000000
vn 0.0000000 1.0000000 0.0000000
vn 0.0000000 1.0000000 0.0000000
vn 0.0000000 1.0000000 0.0000000
vn 0.0000000 1.0000000 0.0000000
vn 0.0000000 1.0000000 0.0000000
vn 0.0000000 1.0000000 0.0000000
vn 0.0000000 1.0000000 0.0000000
vn 0.0000000 1.0000000 0.0000000
vn 0.0000000 1.0000000 0.0000000
vn 0.0000000 1.0000000 0.0000000
vn 0.0000000 1.0000000 0.0000000
vn 0.0000000 1.0000000 0.0000000
vn 0.0000000 1.0000000 0.0000000
vn 0.0000000 1.0000000 0.0000000
vn 0.0000000 1.0000000 0.0000000
vn 0.0000000 1.0000000 0.0000000
vn 0.0000000 1.0000000 0.0000000
vn 0.0000000 1.0000000 0.0000000
vn 0.0000000 1.0000000 0.0000000
vn 0.0000000 1.0000000 0.0000000
vn 0.0000000 1.0000000 0.0000000
vn 0.0000000 1.0000000 0.0000000
vn 0.0000000 1.0000000 0.0000000
vn 0.0000000 1.0000000 0.0000000
vn 0.0000000 1.0000000 0.0000000
vn 0.0000000 1.0000000 0.0000000
vn 0.0000000 1.0000000 0.0000000
vn 0.0000000 1.0000000 0.0000000
vn 0.0000000 1.0000000 0.0000000
vn 0.0000000 1.0000000 0.0000000
vn 0.0000000 1.0000000 0.0000000
vn 0.0000000 1.0000000 0.0000000
vn 0.0000000 1.0000000 0.0000000
vn 0.0000000 1.0000000 0.0000000
vn 0.0000000 1.0000000 0.0000000
vn 0.0000000 1.0000000 0.0000000
vn 0.0000000 1.0000000 0.0000000
vn 0.0000000 1.0000000 0.0000000
vn 0.0000000 1.0000000 0.0000000
vn 0.0000000 1.0000000 0.0000000
vn 0.0000000 1.0000000 0.0000000
vn 0.0000000 1.0000000 0.0000000
vn 0.0000000 1.0000000 0.0000000
vn 0.0000000 1.0000000 0.0000000
vn 0.0000000 1.0000000 0.0000000
vn 0.0000000 1.0000000 0.0000000
vn 0.0000000 1.0000000 0.0000000
vn 0.0000000 1.0000000 0.0000000
vn 0.0000000 1.0000000 0.0000000
vn 0.0000000 1.0000000 0.0000000
vn 0.0000000 1.0000000 0.0000000
vn 0.0000000 1.0000000 0.0000000
vn 0.0000000 1.0000000 0.0000000
vn 0.0000000 1.0000000 0.0000000
vn 0.0000000 1.0000000 0.0000000
vn 0.0000000 1.0000000 0.0000000
vn 0.0000000 1.0000000 0.0000000
vn 0.0000000 1.0000000 0.0000000
vn 0.0000000 1.0000000 0.0000000
vn 0.0000000 1.0000000 0.0000000
vn 0.0000000 1.0000000 0.0000000
vn 0.0000000 1.0000000 0.0000000
vn 0.0000000 1.0000000 0.0000000
vn 0.0000000 1.0000000 0.0000000
vn 0.0000000 1.0000000 0.0000000
vn 0.0000000 1.0000000 0.0000000
vn 0.0000000 1.0000000 0.0000000
vn 0.0000000 1.0000000 0.0000000
vn 0.0000000 1.0000000 0.0000000
vn 0.0000000 1.0000000 0.0000000
vn 0.0000000 1.0000000 0.0000000
vn 0.0000000 1.0000000 0.0000000
vn 0.0000000 1.0000000 0.0000000
vn 0.0000000 1.0000000 0.0000000
vn 0.0000000 1.0000000 0.0000000
vn 0.0000000 1.0000000 0.0000000
vn 0.0000000 1.0000000 0.0000000
vn 0.0000000 1.0000000 0.0000000
vn 0.0000000 1.0000000 0.0000000
vn 0.0000000 1.0000000 0.0000000
vn 0.0000000 1.0000000 0.0000000
vn 0.0000000 1.0000000 0.0000000
vn 0.0000000 1.0000000 0.0000000
vn 0.0000000 1.0000000 0.0000000
vn 0.0000000 1.0000000 0.0000000
vn 0.0000000 1.0000000 0.0000000
vn 0.0000000 1.0000000 0.0000000
vn 0.0000000 1.0000000 0.0000000
vn 0.0000000 1.0000000 0.0000000
vn 0.0000000 1.0000000 0.0000000
vn 0.0000000 1.0000000 0.0000000
vn 0.0000000 1.0000000 0.0000000
vn 0.0000000 1.0000000 0.0000000
vn 0.0000000 1.0000000 0.0000000
vn 0.0000000 1.0000000 0.0000000
vn 0.0000000 1.0000000 0.0000000
vn 0.0000000 1.0000000 0.0000000
vn 0.0000000 1.0000000 0.0000000
vn 0.0000000 1.0000000 0.0000000
vn 0.0000000 1.0000000 0.0000000
vn 0.0000000 1.0000000 0.0000000
vn 0.0000000 1.0000000 0.0000000
vn 0.0000000 1.0000000 0.0000000
vn 0.0000000 1.0000000 0.0000000
vn 0.0000000 1.0000000 0.0000000
vn 0.0000000 1.0000000 0.0000000
vn 0.0000000 1.0000000 0.0000000
vn 0.0000000 1.0000000 0.0000000
vn 0.0000000 1.0000000 0.0000000
vn 0.0000000 1.0000000 0.0000000
vn 0.0000000 1.0000000 0.0000000
vn 0.0000000 1.0000000 0.0000000
vn 0.0000000 1.0000000 0.0000000
vn 0.0000000 1.0000000 0.0000000
vn 0.0000000 1.0000000 0.0000000
vn 0.0000000 1.0000000 0.0000000
vn 0.0000000 1.0000000 0.0000000
vn 0.0000000 1.0000000 0.0000000
vn 0.0000000 1.0000000 0.0000000
vn 0.0000000 1.0000000 0.0000000
vn 0.0000000 1.0000000 0.0000000
vn 0.0000000 1.0000000 0.0000000
vn 0.0000000 1.0000000 0.0000000
vn 0.0000000 1.0000000 0.0000000
vn 0.0000000 1.0000000 0.0000000
vn 0.0000000 1.0000000 0.0000000
vn 0.0000000 1.0000000 0.0000000
vn 0.0000000 1.0000000 0.0000000
vn 0.0000000 1.0000000 0.0000000
vn 0.0000000 1.0000000 0.0000000
vn 0.0000000 1.0000000 0.0000000
vn 0.0000000 1.0000000 0.0000000
vn 0.0000000 1.0000000 0.0000000
vn 0.0000000 1.0000000 0.0000000
vn 0.0000000 1.0000000 0.0000000
vn 0.0000000 1.0000000 0.0000000
vn 0.0000000 1.0000000 0.0000000
vn 0.0000000 1.0000000 0.0000000
vn 0.0000000 1.0000000 0.0000000
vn 0.0000000 1.0000000 0.0000000
vn 0.0000000 1.0000000 0.0000000
vn 0.0000000 1.0000000 0.0000000
vn 0.0000000 1.0000000 0.0000000
vn 0.0000000 1.0000000 0.0000000
vn 0.0000000 1.0000000 0.0000000
vn 0.0000000 1.0000000 0.0000000
vn 0.0000000 1.0000000 0.0000000
vn 0.0000000 1.0000000 0.0000000
vn 0.0000000 1.0000000 0.0000000
vn 0.0000000 1.0000000 0.0000000
vn 0.0000000 1.0000000 0.0000000
vn 0.0000000 1.0000000 0.0000000
vn 0.0000000 1.0000000 0.0000000
vn 0.0000000 1.0000000 0.0000000
vn 0.0000000 1.0000000 0.0000000
vn 0.0000000 1.0000000 0.0000000
vn 0.0000000 1.0000000 0.0000000
vn 0.0000000 1.0000000 0.0000000
vn 0.0000000 1.0000000 0.0000000
vn 0.0000000 1.0000000 0.0000000
vn 0.0000000 1.0000000 0.0000000
vn 0.0000000 1.0000000 0.0000000
vn 0.0000000 1.0000000 0.0000000
vn 0.0000000 1.0000000 0.0000000
vn 0.0000000 1.0000000 0.0000000
vn 0.0000000 1.0000000 0.0000000
vn 0.0000000 1.0000000 0.0000000
vn 0.0000000 1.0000000 0.0000000
vn 0.0000000 1.0000000 0.0000000
vn 0.0000000 1.0000000 0.0000000
vn 0.0000000 1.0000000 0.0000000
vn 0.0000000 1.0000000 0.0000000
vn 0.0000000 1.0000000 0.0000000
vn 0.0000000 1.0000000 0.0000000
vn 0.0000000 1.0000000 0.0000000
vn 0.0000000 1.0000000 0.0000000
vn 0.0000000 1.0000000 0.0000000
vn 0.0000000 1.0000000 0.0000000
vn 0.0000000 1.0000000 0.0000000
vn 0.0000000 1.0000000 0.0000000
vn 0.0000000 1.0000000 0.0000000
vn 0.0000000 1.0000000 0.0000000
vn 0.0000000 1.0000000 0.0000000
vn 0.0000000 1.0000000 0.0000000
vn 0.0000000 1.0000000 0.0000000
vn 0.0000000 1.0000000 0.0000000
vn 0.0000000 1.0000000 0.0000000
vn 0.0000000 1.0000000 0.0000000
vn 0.0000000 1.0000000 0.0000000
vn 0.0000000 1.0000000 0.0000000
vn 0.0000000 1.0000000 0.0000000
vn 0.0000000 1.0000000 0.0000000
vn 0.0000000 1.0000000 0.0000000
vn 0.0000000 1.0000000 0.0000000
vn 0.0000000 1.0000000 0.0000000
vn 0.0000000 1.0000000 0.0000000
vn 0.0000000 1.0000000 0.0000000
vn 0.0000000 1.0000000 0.0000000
vn 0.0000000 1.0000000 0.0000000
vn 0.0000000 1.0000000 0.0000000
vn 0.0000000 1.0000000 0.0000000
vn 0.0000000 1.0000000 0.0000000
vn 0.0000000 1.0000000 0.0000000
vn 0.0000000 1.0000000 0.0000000
vn 0.0000000 1.0000000 0.0000000
vn 0.0000000 1.0000000 0.0000000
vn 0.0000000 1.0000000 0.0000000
vn 0.0000000 1.0000000 0.0000000
vn 0.0000000 1.0000000 0.0000000
vn 0.0000000 1.0000000 0.0000000
vn 0.0000000 1.0000000 0.0000000
vn 0.0000000 1.0000000 0.0000000
vn 0.0000000 1.0000000 0.0000000
vn 0.0000000 1.0000000 0.0000000
vn 0.0000000 1.0000000 0.0000000
vn 0.0000000 1.0000000 0.0000000
vn 0.0000000 1.0000000 0.0000000
vn 0.0000000 1.0000000 0.0000000
vn 0.0000000 1.0000000 0.0000000
vn 0.0000000 1.0000000 0.0000000
vn 0.0000000 1.0000000 0.0000000
vn 0.0000000 1.0000000 0.0000000
vn 0.0000000 1.0000000 0.0000000
vn 0.0000000 1.0000000 0.0000000
vn 0.0000000 1.0000000 0.0000000
vn 0.0000000 1.0000000 0.0000000
vn 0.0000000 1.0000000 0.0000000
vn 0.0000000 1.0000000 0.0000000
vn 0.0000000 1.0000000 0.0000000
vn 0.0000000 1.0000000 0.0000000
vn 0.0000000 1.0000000 0.0000000
vn 0.0000000 1.0000000 0.0000000
vn 0.0000000 1.0000000 0.0000000
vn 0.0000000 1.0000000 0.0000000
vn 0.0000000 1.0000000 0.0000000
vn 0.0000000 1.0000000 0.0000000
vn 0.0000000 1.0000000 0.0000000
vn 0.0000000 1.0000000 0.0000000
vn 0.0000000 1.0000000 0.0000000
vn 0.0000000 1.0000000 0.0000000
vn 0.0000000 1.0000000 0.0000000
vn 0.0000000 1.0000000 0.0000000
vn 0.0000000 1.0000000 0.0000000
vn 0.0000000 1.0000000 0.0000000
vn 0.0000000 1.0000000 0.0000000
vn 0.0000000 1.0000000 0.0000000
vn 0.0000000 1.0000000 0.0000000
vn 0.0000000 1.0000000 0.0000000
vn 0.0000000 1.0000000 0.0000000
vn 0.0000000 1.0000000 0.0000000
vn 0.0000000 1.0000000 0.0000000
vn 0.0000000 1.0000000 0.0000000
vn 0.0000000 1.0000000 0.0000000
vn 0.0000000 1.0000000 0.0000000
vn 0.0000000 1.0000000 0.0000000
vn 0.0000000 1.0000000 0.0000000
vn 0.0000000 1.0000000 0.0000000
vn 0.0000000 1.0000000 0.0000000
vn 0.0000000 1.0000000 0.0000000
vn 0.0000000 1.0000000 0.0000000
vn 0.0000000 1.0000000 0.0000000
vn 0.0000000 1.0000000 0.0000000
vn 0.0000000 1.0000000 0.0000000
vn 0.0000000 1.0000000 0.0000000
vn 0.0000000 1.0000000 0.0000000
vn 0.0000000 1.0000000 0.0000000
vn 0.0000000 1.0000000 0.0000000
vn 0.0000000 1.0000000 0.0000000
vn 0.0000000 1.0000000 0.0000000
vn 0.0000000 1.0000000 0.0000000
vn 0.0000000 1.0000000 0.0000000
vn 0.0000000 1.0000000 0.0000000
vn 0.0000000 1.0000000 0.0000000
vn 0.0000000 1.0000000 0.0000000
vn 0.0000000 1.0000000 0.0000000
vn 0.0000000 1.0000000 0.0000000
vn 0.0000000 1.0000000 0.0000000
vn 0.0000000 1.0000000 0.0000000
vn 0.0000000 1.0000000 0.0000000
vn 0.0000000 1.0000000 0.0000000
vn 0.0000000 1.0000000 0.0000000
vn 0.0000000 1.0000000 0.0000000
vn 0.0000000 1.0000000 0.0000000
vn 0.0000000 1.0000000 0.0000000
vn 0.0000000 1.0000000 0.0000000
vn 0.0000000 1.0000000 0.0000000
vn 0.0000000 1.0000000 0.0000000
vn 0.0000000 1.0000000 0.0000000
vn 0.0000000 1.0000000 0.0000000
vn 0.0000000 1.0000000 0.0000000
vn 0.0000000 1.0000000 0.0000000
vn 0.0000000 1.0000000 0.0000000
vn 0.0000000 1.0000000 0.0000000
vn 0.0000000 1.0000000 0.0000000
vn 0.0000000 1.0000000 0.0000000
vn 0.0000000 1.0000000 0.0000000
vn 0.0000000 1.0000000 0.0000000
vn 0.0000000 1.0000000 0.0000000
vn 0.0000000 1.0000000 0.0000000
vn 0.0000000 1.0000000 0.0000000
vn 0.0000000 1.0000000 0.0000000
vn 0.0000000 1.0000000 0.0000000
vn 0.0000000 1.0000000 0.0000000
vn 0.0000000 1.0000000 0.0000000
vn 0.0000000 1.0000000 0.0000000
vn 0.0000000 1.0000000 0.0000000
vn 0.0000000 1.0000000 0.0000000
vn 0.0000000 1.0000000 0.0000000
vn 0.0000000 1.0000000 0.0000000
vn 0.0000000 1.0000000 0.0000000
vn 0.0000000 1.0000000 0.0000000
vn 0.0000000 1.0000000 0.0000000
vn 0.0000000 1.0000000 0.0000000
vn 0.0000000 1.0000000 0.0000000
vn 0.0000000 1.0000000 0.0000000
vn 0.0000000 1.0000000 0.0000000
vn 0.0000000 1.0000000 0.0000000
vn 0.0000000 1.0000000 0.0000000
vn 0.0000000 1.0000000 0.0000000
vn 0.0000000 1.0000000 0.0000000
vn 0.0000000 1.0000000 0.0000000
vn 0.0000000 1.0000000 0.0000000
vn 0.0000000 1.0000000 0.0000000
vn 0.0000000 1.0000000 0.0000000
vn 0.0000000 1.0000000 0.0000000
vn 0.0000000 1.0000000 0.0000000
vn 0.0000000 1.0000000 0.0000000
vn 0.0000000 1.0000000 0.0000000
vn 0.0000000 1.0000000 0.0000000
vn 0.0000000 1.0000000 0.0000000
vn 0.0000000 1.0000000 0.0000000
vn 0.0000000 1.0000000 0.0000000
vn 0.0000000 1.0000000 0.0000000
vn 0.0000000 1.0000000 0.0000000
vn 0.0000000 1.0000000 0.0000000
vn 0.0000000 1.0000000 0.0000000
vn 0.0000000 1.0000000 0.0000000
vn 0.0000000 1.0000000 0.0000000
vn 0.0000000 1.0000000 0.0000000
vn 0.0000000 1.0000000 0.0000000
vn 0.0000000 1.0000000 0.0000000
vn 0.0000000 1.0000000 0.0000000
vn 0.0000000 1.0000000 0.0000000
vn 0.0000000 1.0000000 0.0000000
vn 0.0000000 1.0000000 0.0000000
vn 0.0000000 1.0000000 0.0000000
vn 0.0000000 1.0000000 0.0000000
vn 0.0000000 1.0000000 0.0000000
vn 0.0000000 1.0000000 0.0000000
vn 0.0000000 1.0000000 0.0000000
vn 0.0000000 1.0000000 0.0000000
vn 0.0000000 1.0000000 0.0000000
vn 0.0000000 1.0000000 0.0000000
vn 0.0000000 1.0000000 0.0000000
vn 0.0000000 1.0000000 0.0000000
vn 0.0000000 1.0000000 0.0000000
vn 0.0000000 1.0000000 0.0000000
vn 0.0000000 1.0000000 0.0000000
vn 0.0000000 1.0000000 0.0000000
vn 0.0000000 1.0000000 0.0000000
vn 0.0000000 1.0000000 0.0000000
vn 0.0000000 1.0000000 0.0000000
vn 0.0000000 1.0000000 0.0000000
vn 0.0000000 1.0000000 0.0000000
vn 0.0000000 1.0000000 0.0000000
vn 0.0000000 1.0000000 0.0000000
vn 0.0000000 1.0000000 0.0000000
vn 0.0000000 1.0000000 0.0000000
vn 0.0000000 1.0000000 0.0000000
vn 0.0000000 1.0000000 0.0000000
vn 0.0000000 1.0000000 0.0000000
vn 0.0000000 1.0000000 0.0000000
vn 0.0000000 1.0000000 0.0000000
vn 0.0000000 1.0000000 0.0000000
vn 0.0000000 1.0000000 0.0000000
vn 0.0000000 1.0000000 0.0000000
vn 0.0000000 1.0000000 0.0000000
vn 0.0000000 1.0000000 0.0000000
vn 0.0000000 1.0000000 0.0000000
vn 0.0000000 1.0000000 0.0000000
vn 0.0000000 1.0000000 0.0000000
vn 0.0000000 1.0000000 0.0000000
vn 0.0000000 1.0000000 0.0000000
vn 0.0000000 1.0000000 0.0000000
vn 0.0000000 1.0000000 0.0000000
vn 0.0000000 1.0000000 0.0000000
vn 0.0000000 1.0000000 0.0000000
vn 0.0000000 1.0000000 0.0000000
vn 0.0000000 1.0000000 0.0000000
vn 0.0000000 1.0000000 0.0000000
vn 0.0000000 1.0000000 0.0000000
vn 0.0000000 1.0000000 0.0000000
vn 0.0000000 1.0000000 0.0000000
vn 0.0000000 1.0000000 0.0000000
vn 0.0000000 1.0000000 0.0000000
vn 0.0000000 1.0000000 0.0000000
vn 0.0000000 1.0000000 0.0000000
vn 0.0000000 1.0000000 0.0000000
vn 0.0000000 1.0000000 0.0000000
vn 0.0000000 1.0000000 0.0000000
vn 0.0000000 1.0000000 0.0000000
vn 0.0000000 1.0000000 0.0000000
vn 0.0000000 1.0000000 0.0000000
vn 0.0000000 1.0000000 0.0000000
vn 0.0000000 1.0000000 0.0000000
vn 0.0000000 1.0000000 0.0000000
vn 0.0000000 1.0000000 0.0000000
vn 0.0000000 1.0000000 0.0000000
vn 0.0000000 1.0000000 0.0000000
vn 0.0000000 1.0000000 0.0000000
vn 0.0000000 1.0000000 0.0000000
vn 0.0000000 1.0000000 0.0000000
vn 0.0000000 1.0000000 0.0000000
vn 0.0000000 1.0000000 0.0000000
vn 0.0000000 1.0000000 0.0000000
vn 0.0000000 1.0000000 0.0000000
vn 0.0000000 1.0000000 0.0000000
vn 0.0000000 1.0000000 0.0000000
vn 0.0000000 1.0000000 0.0000000
vn 0.0000000 1.0000000 0.0000000
vn 0.0000000 1.0000000 0.0000000
vn 0.0000000 1.0000000 0.0000000
vn 0.0000000 1.0000000 0.0000000
vn 0.0000000 1.0000000 0.0000000
vn 0.0000000 1.0000000 0.0000000
vn 0.0000000 1.0000000 0.0000000
vn 0.0000000 1.0000000 0.0000000
vn 0.0000000 1.0000000 0.0000000
vn 0.0000000 1.0000000 0.0000000
vn 0.0000000 1.0000000 0.0000000
vn 0.0000000 1.0000000 0.0000000
vn 0.0000000 1.0000000 0.0000000
vn 0.0000000 1.0000000 0.0000000
vn 0.0000000 1.0000000 0.0000000
vn 0.0000000 1.0000000 0.0000000
vn 0.0000000 1.0000000 0.0000000
vn 0.0000000 1.0000000 0.0000000
vn 0.0000000 1.0000000 0.0000000
vn 0.0000000 1.0000000 0.0000000
vn 0.0000000 1.0000000 0.0000000
vn 0.0000000 1.0000000 0.0000000
vn 0.0000000 1.0000000 0.0000000
vn 0.0000000 1.0000000 0.0000000
vn 0.0000000 1.0000000 0.0000000
vn 0.0000000 1.0000000 0.0000000
vn 0.0000000 1.0000000 0.0000000
vn 0.0000000 1.0000000 0.0000000
vn 0.0000000 1.0000000 0.0000000
vn 0.0000000 1.0000000 0.0000000
vn 0.0000000 1.0000000 0.0000000
vn 0.0000000 1.0000000 0.0000000
vn 0.0000000 1.0000000 0.0000000
vn 0.0000000 1.0000000 0.0000000
vn 0.0000000 1.0000000 0.0000000
vn 0.0000000 1.0000000 0.0000000
vn 0.0000000 1.0000000 0.0000000
vn 0.0000000 1.0000000 0.0000000
vn 0.0000000 1.0000000 0.0000000
vn 0.0000000 1.0000000 0.0000000
vn 0.0000000 1.0000000 0.0000000
vn 0.0000000 1.0000000 0.0000000
vn 0.0000000 1.0000000 0.0000000
vn 0.0000000 1.0000000 0.0000000
vn 0.0000000 1.0000000 0.0000000
vn 0.0000000 1.0000000 0.0000000
vn 0.0000000 1.0000000 0.0000000
vn 0.0000000 1.0000000 0.0000000
vn 0.0000000 1.0000000 0.0000000
vn 0.0000000 1.0000000 0.0000000
vn 0.0000000 1.0000000 0.0000000
vn 0.0000000 1.0000000 0.0000000
vn 0.0000000 1.0000000 0.0000000
vn 0.0000000 1.0000000 0.0000000
vn 0.0000000 1.0000000 0.0000000
vn 0.0000000 1.0000000 0.0000000
vn 0.0000000 1.0000000 0.0000000
vn 0.0000000 1.0000000 0.0000000
vn 0.0000000 1.0000000 0.0000000
vn 0.0000000 1.0000000 0.0000000
vn 0.0000000 1.0000000 0.0000000
vn 0.0000000 1.0000000 0.0000000
vn 0.0000000 1.0000000 0.0000000
vn 0.0000000 1.0000000 0.0000000
vn 0.0000000 1.0000000 0.0000000
vn 0.0000000 1.0000000 0.0000000
vn 0.0000000 1.0000000 0.0000000
vn 0.0000000 1.0000000 0.0000000
vn 0.0000000 1.0000000 0.0000000
vn 0.0000000 1.0000000 0.0000000
vn 0.0000000 1.0000000 0.0000000
vn 0.0000000 1.0000000 0.0000000
vn 0.0000000 1.0000000 0.0000000
vn 0.0000000 1.0000000 0.0000000
vn 0.0000000 1.0000000 0.0000000
vn 0.0000000 1.0000000 0.0000000
vn 0.0000000 1.0000000 0.0000000
vn 0.0000000 1.0000000 0.0000000
vn 0.0000000 1.0000000 0.0000000
vn 0.0000000 1.0000000 0.0000000
vn 0.0000000 1.0000000 0.0000000
vn 0.0000000 1.0000000 0.0000000
vn 0.0000000 1.0000000 0.0000000
vn 0.0000000 1.0000000 0.0000000
vn 0.0000000 1.0000000 0.0000000
vn 0.0000000 1.0000000 0.0000000
vn 0.0000000 1.0000000 0.0000000
vn 0.0000000 1.0000000 0.0000000
vn 0.0000000 1.0000000 0.0000000
vn 0.0000000 1.0000000 0.0000000
vn 0.0000000 1.0000000 0.0000000
vn 0.0000000 1.0000000 0.0000000
vn 0.0000000 1.0000000 0.0000000
vn 0.0000000 1.0000000 0.0000000
vn 0.0000000 1.0000000 0.0000000
vn 0.0000000 1.0000000 0.0000000
vn 0.0000000 1.0000000 0.0000000
vn 0.0000000 1.0000000 0.0000000
vn 0.0000000 1.0000000 0.0000000
vn 0.0000000 1.0000000 0.0000000
vn 0.0000000 1.0000000 0.0000000
vn 0.0000000 1.0000000 0.0000000
vn 0.0000000 1.0000000 0.0000000
vn 0.0000000 1.0000000 0.0000000
vn 0.0000000 1.0000000 0.0000000
vn 0.0000000 1.0000000 0.0000000
vn 0.0000000 1.0000000 0.0000000
vn 0.0000000 1.0000000 0.0000000
vn 0.0000000 1.0000000 0.0000000
vn 0.0000000 1.0000000 0.0000000
vn 0.0000000 1.0000000 0.0000000
vn 0.0000000 1.0000000 0.0000000
vn 0.0000000 1.0000000 0.0000000
vn 0.0000000 1.0000000 0.0000000
vn 0.0000000 1.0000000 0.0000000
vn 0.0000000 1.0000000 0.0000000
vn 0.0000000 1.0000000 0.0000000
vn 0.0000000 1.0000000 0.0000000
vn 0.0000000 1.0000000 0.0000000
vn 0.0000000 1.0000000 0.0000000
vn 0.0000000 1.0000000 0.0000000
vn 0.0000000 1.0000000 0.0000000
vn 0.0000000 1.0000000 0.0000000
vn 0.0000000 1.0000000 0.0000000
vn 0.0000000 1.0000000 0.0000000
vn 0.0000000 1.0000000 0.0000000
vn 0.0000000 1.0000000 0.0000000
vn 0.0000000 1.0000000 0.0000000
vn 0.0000000 1.0000000 0.0000000
vn 0.0000000 1.0000000 0.0000000
vn 0.0000000 1.0000000 0.0000000
vn 0.0000000 1.0000000 0.0000000
vn 0.0000000 1.0000000 0.0000000
vn 0.0000000 1.0000000 0.0000000
vn 0.0000000 1.0000000 0.0000000
vn 0.0000000 1.0000000 0.0000000
vn 0.0000000 1.0000000 0.0000000
vn 0.0000000 1.0000000 0.0000000
vn 0.0000000 1.0000000 0.0000000
vn 0.0000000 1.0000000 0.0000000
vn 0.0000000 1.0000000 0.0000000
vn 0.0000000 1.0000000 0.0000000
vn 0.0000000 1.0000000 0.0000000
vn 0.0000000 1.0000000 0.0000000
vn 0.0000000 1.0000000 0.0000000
vn 0.0000000 1.0000000 0.0000000
vn 0.0000000 1.0000000 0.0000000
vn 0.0000000 1.0000000 0.0000000
vn 0.0000000 1.0000000 0.0000000
vn 0.0000000 1.0000000 0.0000000
vn 0.0000000 1.0000000 0.0000000
vn 0.0000000 1.0000000 0.0000000
vn 0.0000000 1.0000000 0.0000000
vn 0.0000000 1.0000000 0.0000000
vn 0.0000000 1.0000000 0.0000000
vn 0.0000000 1.0000000 0.0000000
vn 0.0000000 1.0000000 0.0000000
vn 0.0000000 1.0000000 0.0000000
vn 0.0000000 1.0000000 0.0000000
vn 0.0000000 1.0000000 0.0000000
vn 0.0000000 1.0000000 0.0000000
vn 0.0000000 1.0000000 0.0000000
vn 0.0000000 1.0000000 0.0000000
vn 0.0000000 1.0000000 0.0000000
vn 0.0000000 1.0000000 0.0000000
vn 0.0000000 1.0000000 0.0000000
vn 0.0000000 1.0000000 0.0000000
vn 0.0000000 1.0000000 0.0000000
vn 0.0000000 1.0000000 0.0000000
vn 0.0000000 1.0000000 0.0000000
vn 0.0000000 1.0000000 0.0000000
vn 0.0000000 1.0000000 0.0000000
vn 0.0000000 1.0000000 0.0000000
vn 0.0000000 1.0000000 0.0000000
vn 0.0000000 1.0000000 0.0000000
vn 0.0000000 1.0000000 0.0000000
vn 0.0000000 1.0000000 0.0000000
vn 0.0000000 1.0000000 0.0000000
vn 0.0000000 1.0000000 0.0000000
vn 0.0000000 1.0000000 0.0000000
vn 0.0000000 1.0000000 0.0000000
vn 0.0000000 1.0000000 0.0000000
vn 0.0000000 1.0000000 0.0000000
vn 0.0000000 1.0000000 0.0000000
vn 0.0000000 1.0000000 0.0000000
vn 0.0000000 1.0000000 0.0000000
vn 0.0000000 1.0000000 0.0000000
vn 0.0000000 1.0000000 0.0000000
vn 0.0000000 1.0000000 0.0000000
vn 0.0000000 1.0000000 0.0000000
vn 0.0000000 1.0000000 0.0000000
vn 0.0000000 1.0000000 0.0000000
vn 0.0000000 1.0000000 0.0000000
vn 0.0000000 1.0000000 0.0000000
vn 0.0000000 1.0000000 0.0000000
vn 0.0000000 1.0000000 0.0000000
vn 0.0000000 1.0000000 0.0000000
vn 0.0000000 1.0000000 0.0000000
vn 0.0000000 1.0000000 0.0000000
vn 0.0000000 1.0000000 0.0000000
vn 0.0000000 1.0000000 0.0000000
vn 0.0000000 1.0000000 0.0000000
vn 0.0000000 1.0000000 0.0000000
vn 0.0000000 1.0000000 0.0000000
vn 0.0000000 1.0000000 0.0000000
vn 0.0000000 1.0000000 0.0000000
vn 0.0000000 1.0000000 0.0000000
vn 0.0000000 1.0000000 0.0000000
vn 0.0000000 1.0000000 0.0000000
vn 0.0000000 1.0000000 0.0000000
vn 0.0000000 1.0000000 0.0000000
vn 0.0000000 1.0000000 0.0000000
vn 0.0000000 1.0000000 0.0000000
vn 0.0000000 1.0000000 0.0000000
vn 0.0000000 1.0000000 0.0000000
vn 0.0000000 1.0000000 0.0000000
vn 0.0000000 1.0000000 0.0000000
vn 0.0000000 1.0000000 0.0000000
vn 0.0000000 1.0000000 0.0000000
vn 0.0000000 1.0000000 0.0000000
vn 0.0000000 1.0000000 0.0000000
vn 0.0000000 1.0000000 0.0000000
vn 0.0000000 1.0000000 0.0000000
vn 0.0000000 1.0000000 0.0000000
vn 0.0000000 1.0000000 0.0000000
vn 0.0000000 1.0000000 0.0000000
vn 0.0000000 1.0000000 0.0000000
vn 0.0000000 1.0000000 0.0000000
vn 0.0000000 1.0000000 0.0000000
vn 0.0000000 1.0000000 0.0000000
vn 0.0000000 1.0000000 0.0000000
vn 0.0000000 1.0000000 0.0000000
vn 0.0000000 1.0000000 0.0000000
vn 0.0000000 1.0000000 0.0000000
vn 0.0000000 1.0000000 0.0000000
vn 0.0000000 1.0000000 0.0000000
vn 0.0000000 1.0000000 0.0000000
vn 0.0000000 1.0000000 0.0000000
vn 0.0000000 1.0000000 0.0000000
vn 0.0000000 1.0000000 0.0000000
vn 0.0000000 1.0000000 0.0000000
vn 0.0000000 1.0000000 0.0000000
vn 0.0000000 1.0000000 0.0000000
vn 0.0000000 1.0000000 0.0000000
vn 0.0000000 1.0000000 0.0000000
vn 0.0000000 1.0000000 0.0000000
vn 0.0000000 1.0000000 0.0000000
vn 0.0000000 1.0000000 0.0000000
vn 0.0000000 1.0000000 0.0000000
vn 0.0000000 1.0000000 0.0000000
vn 0.0000000 1.0000000 0.0000000
vn 0.0000000 1.0000000 0.0000000
vn 0.0000000 1.0000000 0.0000000
vn 0.0000000 1.0000000 0.0000000
vn 0.0000000 1.0000000 0.0000000
vn 0.0000000 1.0000000 0.0000000
vn 0.0000000 1.0000000 0.0000000
vn 0.0000000 1.0000000 0.0000000
vn 0.0000000 1.0000000 0.0000000
vn 0.0000000 1.0000000 0.0000000
vn 0.0000000 1.0000000 0.0000000
vn 0.0000000 1.0000000 0.0000000
vn 0.0000000 1.0000000 0.0000000
vn 0.0000000 1.0000000 0.0000000
vn 0.0000000 1.0000000 0.0000000
vn 0.0000000 1.0000000 0.0000000
vn 0.0000000 1.0000000 0.0000000
vn 0.0000000 1.0000000 0.0000000
vn 0.0000000 1.0000000 0.0000000
vn 0.0000000 1.0000000 0.0000000
vn 0.0000000 1.0000000 0.0000000
vn 0.0000000 1.0000000 0.0000000
vn 0.0000000 1.0000000 0.0000000
vn 0.0000000 1.0000000 0.0000000
vn 0.0000000 1.0000000 0.0000000
vn 0.0000000 1.0000000 0.0000000
vn 0.0000000 1.0000000 0.0000000
vn 0.0000000 1.0000000 0.0000000
vn 0.0000000 1.0000000 0.0000000
vn 0.0000000 1.0000000 0.0000000
vn 0.0000000 1.0000000 0.0000000
vn 0.0000000 1.0000000 0.0000000
vn 0.0000000 1.0000000 0.0000000
vn 0.0000000 1.0000000 0.0000000
vn 0.0000000 1.0000000 0.0000000
vn 0.0000000 1.0000000 0.0000000
vn 0.0000000 1.0000000 0.0000000
vn 0.0000000 1.0000000 0.0000000
vn 0.0000000 1.0000000 0.0000000
vn 0.0000000 1.0000000 0.0000000
vn 0.0000000 1.0000000 0.0000000
vn 0.0000000 1.0000000 0.0000000
vn 0.0000000 1.0000000 0.0000000
vn 0.0000000 1.0000000 0.0000000
vn 0.0000000 1.0000000 0.0000000
vn 0.0000000 1.0000000 0.0000000
vn 0.0000000 1.0000000 0.0000000
vn 0.0000000 1.0000000 0.0000000
vn 0.0000000 1.0000000 0.0000000
vn 0.0000000 1.0000000 0.0000000
vn 0.0000000 1.0000000 0.0000000
vn 0.0000000 1.0000000 0.0000000
vn 0.0000000 1.0000000 0.0000000
vn 0.0000000 1.0000000 0.0000000
vn 0.0000000 1.0000000 0.0000000
vn 0.0000000 1.0000000 0.0000000
vn 0.0000000 1.0000000 0.0000000
vn 0.0000000 1.0000000 0.0000000
vn 0.0000000 1.0000000 0.0000000
vn 0.0000000 1.0000000 0.0000000
vn 0.0000000 1.0000000 0.0000000
vn 0.0000000 1.0000000 0.0000000
vn 0.0000000 1.0000000 0.0000000
vn 0.0000000 1.0000000 0.0000000
vn 0.0000000 1.0000000 0.0000000
vn 0.0000000 1.0000000 0.0000000
vn 0.0000000 1.0000000 0.0000000
vn 0.0000000 1.0000000 0.0000000
vn 0.0000000 1.0000000 0.0000000
vn 0.0000000 1.0000000 0.0000000
vn 0.0000000 1.0000000 0.0000000
vn 0.0000000 1.0000000 0.0000000
vn 0.0000000 1.0000000 0.0000000
vn 0.0000000 1.0000000 0.0000000
vn 0.0000000 1.0000000 0.0000000
vn 0.0000000 1.0000000 0.0000000
vn 0.0000000 1.0000000 0.0000000
vn 0.0000000 1.0000000 0.0000000
vn 0.0000000 1.0000000 0.0000000
vn 0.0000000 1.0000000 0.0000000
vn 0.0000000 1.0000000 0.0000000
vn 0.0000000 1.0000000 0.0000000
vn 0.0000000 1.0000000 0.0000000
vn 0.0000000 1.0000000 0.0000000
vn 0.0000000 1.0000000 0.0000000
vn 0.0000000 1.0000000 0.0000000
vn 0.0000000 1.0000000 0.0000000
vn 0.0000000 1.0000000 0.0000000
vn 0.0000000 1.0000000 0.0000000
vn 0.0000000 1.0000000 0.0000000
vn 0.0000000 1.0000000 0.0000000
vn 0.0000000 1.0000000 0.0000000
vn 0.0000000 1.0000000 0.0000000
vn 0.0000000 1.0000000 0.0000000
vn 0.0000000 1.0000000 0.0000000
vn 0.0000000 1.0000000 0.0000000
vn 0.0000000 1.0000000 0.0000000
vn 0.0000000 1.0000000 0.0000000
vn 0.0000000 1.0000000 0.0000000
vn 0.0000000 1.0000000 0.0000000
vn 0.0000000 1.0000000 0.0000000
vn 0.0000000 1.0000000 0.0000000
vn 0.0000000 1.0000000 0.0000000
vn 0.0000000 1.0000000 0.0000000
vn 0.0000000 1.0000000 0.0000000
vn 0.0000000 1.0000000 0.0000000
vn 0.0000000 1.0000000 0.0000000
vn 0.0000000 1.0000000 0.0000000
vn 0.0000000 1.0000000 0.0000000
vn 0.0000000 1.0000000 0.0000000
vn 0.0000000 1.0000000 0.0000000
vn 0.0000000 1.0000000 0.0000000
vn 0.0000000 1.0000000 0.0000000
vn 0.0000000 1.0000000 0.0000000
vn 0.0000000 1.0000000 0.0000000
vn 0.0000000 1.0000000 0.0000000
vn 0.0000000 1.0000000 0.0000000
vn 0.0000000 1.0000000 0.0000000
vn 0.0000000 1.0000000 0.0000000
vn 0.0000000 1.0000000 0.0000000
vn 0.0000000 1.0000000 0.0000000
vn 0.0000000 1.0000000 0.0000000
vn 0.0000000 1.0000000 0.0000000
vn 0.0000000 1.0000000 0.0000000
vn 0.0000000 1.0000000 0.0000000
vn 0.0000000 1.0000000 0.0000000
vn 0.0000000 1.0000000 0.0000000
vn 0.0000000 1.0000000 0.0000000
vn 0.0000000 1.0000000 0.0000000
vn 0.0000000 1.0000000 0.0000000
vn 0.0000000 1.0000000 0.0000000
vn 0.0000000 1.0000000 0.0000000
vn 0.0000000 1.0000000 0.0000000
vn 0.0000000 1.0000000 0.0000000
vn 0.0000000 1.0000000 0.0000000
vn 0.0000000 1.0000000 0.0000000
vn 0.0000000 1.0000000 0.0000000
vn 0.0000000 1.0000000 0.0000000
vn 0.0000000 1.0000000 0.0000000
vn 0.0000000 1.0000000 0.0000000
vn 0.0000000 1.0000000 0.0000000
vn 0.0000000 1.0000000 0.0000000
vn 0.0000000 1.0000000 0.0000000
vn 0.0000000 1.0000000 0.0000000
vn 0.0000000 1.0000000 0.0000000
vn 0.0000000 1.0000000 0.0000000
vn 0.0000000 1.0000000 0.0000000
vn 0.0000000 1.0000000 0.0000000
vn 0.0000000 1.0000000 0.0000000
vn 0.0000000 1.0000000 0.0000000
vn 0.0000000 1.0000000 0.0000000
vn 0.0000000 1.0000000 0.0000000
vn 0.0000000 1.0000000 0.0000000
vn 0.0000000 1.0000000 0.0000000
vn 0.0000000 1.0000000 0.0000000
vn 0.0000000 1.0000000 0.0000000
vn 0.0000000 1.0000000 0.0000000
vn 0.0000000 1.0000000 0.0000000
vn 0.0000000 1.0000000 0.0000000
vn 0.0000000 1.0000000 0.0000000
vn 0.0000000 1.0000000 0.0000000
vn 0.0000000 1.0000000 0.0000000
vn 0.0000000 1.0000000 0.0000000
vn 0.0000000 1.0000000 0.0000000
vn 0.0000000 1.0000000 0.0000000
vn 0.0000000 1.0000000 0.0000000
vn 0.0000000 1.0000000 0.0000000
vn 0.0000000 1.0000000 0.0000000
vn 0.0000000 1.0000000 0.0000000
vn 0.0000000 1.0000000 0.0000000
vn 0.0000000 1.0000000 0.0000000
vn 0.0000000 1.0000000 0.0000000
vn 0.0000000 1.0000000 0.0000000
vn 0.0000000 1.0000000 0.0000000
vn 0.0000000 1.0000000 0.0000000
vn 0.0000000 1.0000000 0.0000000
vn 0.0000000 1.0000000 0.0000000
vn 0.0000000 1.0000000 0.0000000
vn 0.0000000 1.0000000 0.0000000
vn 0.0000000 1.0000000 0.0000000
vn 0.0000000 1.0000000 0.0000000
vn 0.0000000 1.0000000 0.0000000
vn 0.0000000 1.0000000 0.0000000
vn 0.0000000 1.0000000 0.0000000
vn 0.0000000 1.0000000 0.0000000
vn 0.0000000 1.0000000 0.0000000
vn 0.0000000 1.0000000 0.0000000
vn 0.0000000 1.0000000 0.0000000
vn 0.0000000 1.0000000 0.0000000
vn 0.0000000 1.0000000 0.0000000
vn 0.0000000 1.0000000 0.0000000
vn 0.0000000 1.0000000 0.0000000
vn 0.0000000 1.0000000 0.0000000
vn 0.0000000 1.0000000 0.0000000
vn 0.0000000 1.0000000 0.0000000
vn 0.0000000 1.0000000 0.0000000
vn 0.0000000 1.0000000 0.0000000
vn 0.0000000 1.0000000 0.0000000
vn 0.0000000 1.0000000 0.0000000
vn 0.0000000 1.0000000 0.0000000
vn 0.0000000 1.0000000 0.0000000
vn 0.0000000 1.0000000 0.0000000
vn 0.0000000 1.0000000 0.0000000
vn 0.0000000 1.0000000 0.0000000
vn 0.0000000 1.0000000 0.0000000
vn 0.0000000 1.0000000 0.0000000
vn 0.0000000 1.0000000 0.0000000
vn 0.0000000 1.0000000 0.0000000
vn 0.0000000 1.0000000 0.0000000
vn 0.0000000 1.0000000 0.0000000
vn 0.0000000 1.0000000 0.0000000
vn 0.0000000 1.0000000 0.0000000
vn 0.0000000 1.0000000 0.0000000
vn 0.0000000 1.0000000 0.0000000
vn 0.0000000 1.0000000 0.0000000
vn 0.0000000 1.0000000 0.0000000
vn 0.0000000 1.0000000 0.0000000
vn 0.0000000 1.0000000 0.0000000
vn 0.0000000 1.0000000 0.0000000
vn 0.0000000 1.0000000 0.0000000
vn 0.0000000 1.0000000 0.0000000
vn 0.0000000 1.0000000 0.0000000
vn 0.0000000 1.0000000 0.0000000
vn 0.0000000 1.0000000 0.0000000
vn 0.0000000 1.0000000 0.0000000
vn 0.0000000 1.0000000 0.0000000
vn 0.0000000 1.0000000 0.0000000
vn 0.0000000 1.0000000 0.0000000
vn 0.0000000 1.0000000 0.0000000
vn 0.0000000 1.0000000 0.0000000
vn 0.0000000 1.0000000 0.0000000
vn 0.0000000 1.0000000 0.0000000
vn 0.0000000 1.0000000 0.0000000
vn 0.0000000 1.0000000 0.0000000
vn 0.0000000 1.0000000 0.0000000
vn 0.0000000 1.0000000 0.0000000
vn 0.0000000 1.0000000 0.0000000
vn 0.0000000 1.0000000 0.0000000
vn 0.0000000 1.0000000 0.0000000
vn 0.0000000 1.0000000 0.0000000
vn 0.0000000 1.0000000 0.0000000
vn 0.0000000 1.0000000 0.0000000
vn 0.0000000 1.0000000 0.0000000
vn 0.0000000 1.0000000 0.0000000
vn 0.0000000 1.0000000 0.0000000
vn 0.0000000 1.0000000 0.0000000
vn 0.0000000 1.0000000 0.0000000
vn 0.0000000 1.0000000 0.0000000
vn 0.0000000 1.0000000 0.0000000
vn 0.0000000 1.0000000 0.0000000
vn 0.0000000 1.0000000 0.0000000
vn 0.0000000 1.0000000 0.0000000
vn 0.0000000 1.0000000 0.0000000
vn 0.0000000 1.0000000 0.0000000
vn 0.0000000 1.0000000 0.0000000
vn 0.0000000 1.0000000 0.0000000
vn 0.0000000 1.0000000 0.0000000
vn 0.0000000 1.0000000 0.0000000
vn 0.0000000 1.0000000 0.0000000
vn 0.0000000 1.0000000 0.0000000
vn 0.0000000 1.0000000 0.0000000
vn 0.0000000 1.0000000 0.0000000
vn 0.0000000 1.0000000 0.0000000
vn 0.0000000 1.0000000 0.0000000
vn 0.0000000 1.0000000 0.0000000
vn 0.0000000 1.0000000 0.0000000
vn 0.0000000 1.0000000 0.0000000
vn 0.0000000 1.0000000 0.0000000
vn 0.0000000 1.0000000 0.0000000
vn 0.0000000 1.0000000 0.0000000
vn 0.0000000 1.0000000 0.0000000
vn 0.0000000 1.0000000 0.0000000
vn 0.0000000 1.0000000 0.0000000
vn 0.0000000 1.0000000 0.0000000
vn 0.0000000 1.0000000 0.0000000
vn 0.0000000 1.0000000 0.0000000
vn 0.0000000 1.0000000 0.0000000
vn 0.0000000 1.0000000 0.0000000
vn 0.0000000 1.0000000 0.0000000
vn 0.0000000 1.0000000 0.0000000
vn 0.0000000 1.0000000 0.0000000
vn 0.0000000 1.0000000 0.0000000
vn 0.0000000 1.0000000 0.0000000
vn 0.0000000 1.0000000 0.0000000
vn 0.0000000 1.0000000 0.0000000
vn 0.0000000 1.0000000 0.0000000
vn 0.0000000 1.0000000 0.0000000
vn 0.0000000 1.0000000 0.0000000
vn 0.0000000 1.0000000 0.0000000
vn 0.0000000 1.0000000 0.0000000
vn 0.0000000 1.0000000 0.0000000
vn 0.0000000 1.0000000 0.0000000
vn 0.0000000 1.0000000 0.0000000
vn 0.0000000 1.0000000 0.0000000
vn 0.0000000 1.0000000 0.0000000
vn 0.0000000 1.0000000 0.0000000
vn 0.0000000 1.0000000 0.0000000
vn 0.0000000 1.0000000 0.0000000
vn 0.0000000 1.0000000 0.0000000
vn 0.0000000 1.0000000 0.0000000
vn 0.0000000 1.0000000 0.0000000
vn 0.0000000 1.0000000 0.0000000
vn 0.0000000 1.0000000 0.0000000
vn 0.0000000 1.0000000 0.0000000
vn 0.0000000 1.0000000 0.0000000
vn 0.0000000 1.0000000 0.0000000
vn 0.0000000 1.0000000 0.0000000
vn 0.0000000 1.0000000 0.0000000
vn 0.0000000 1.0000000 0.0000000
vn 0.0000000 1.0000000 0.0000000
vn 0.0000000 1.0000000 0.0000000
vn 0.0000000 1.0000000 0.0000000
vn 0.0000000 1.0000000 0.0000000
vn 0.0000000 1.0000000 0.0000000
vn 0.0000000 1.0000000 0.0000000
vn 0.0000000 1.0000000 0.0000000
vn 0.0000000 1.0000000 0.0000000
vn 0.0000000 1.0000000 0.0000000
vn 0.0000000 1.0000000 0.0000000
vn 0.0000000 1.0000000 0.0000000
vn 0.0000000 1.0000000 0.0000000
vn 0.0000000 1.0000000 0.0000000
vn 0.0000000 1.0000000 0.0000000
vn 0.0000000 1.0000000 0.0000000
vn 0.0000000 1.0000000 0.0000000
vn 0.0000000 1.0000000 0.0000000
vn 0.0000000 1.0000000 0.0000000
vn 0.0000000 1.0000000 0.0000000
vn 0.0000000 1.0000000 0.0000000
vn 0.0000000 1.0000000 0.0000000
vn 0.0000000 1.0000000 0.0000000
vn 0.0000000 1.0000000 0.0000000
vn 0.0000000 1.0000000 0.0000000
vn 0.0000000 1.0000000 0.0000000
vn 0.0000000 1.0000000 0.0000000
vn 0.0000000 1.0000000 0.0000000
vn 0.0000000 1.0000000 0.0000000
vn 0.0000000 1.0000000 0.0000000
vn 0.0000000 1.0000000 0.0000000
vn 0.0000000 1.0000000 0.0000000
vn 0.0000000 1.0000000 0.0000000
vn 0.0000000 1.0000000 0.0000000
vn 0.0000000 1.0000000 0.0000000
vn 0.0000000 1.0000000 0.0000000
vn 0.0000000 1.0000000 0.0000000
vn 0.0000000 1.0000000 0.0000000
vn 0.0000000 1.0000000 0.0000000
vn 0.0000000 1.0000000 0.0000000
vn 0.0000000 1.0000000 0.0000000
vn 0.0000000 1.0000000 0.0000000
vn 0.0000000 1.0000000 0.0000000
vn 0.0000000 1.0000000 0.0000000
vn 0.0000000 1.0000000 0.0000000
vn 0.0000000 1.0000000 0.0000000
vn 0.0000000 1.0000000 0.0000000
vn 0.0000000 1.0000000 0.0000000
vn 0.0000000 1.0000000 0.0000000
vn 0.0000000 1.0000000 0.0000000
vn 0.0000000 1.0000000 0.0000000
vn 0.0000000 1.0000000 0.0000000
vn 0.0000000 1.0000000 0.0000000
vn 0.0000000 1.0000000 0.0000000
vn 0.0000000 1.0000000 0.0000000
vn 0.0000000 1.0000000 0.0000000
vn 0.0000000 1.0000000 0.0000000
vn 0.0000000 1.0000000 0.0000000
vn 0.0000000 1.0000000 0.0000000
vn 0.0000000 1.0000000 0.0000000
vn 0.0000000 1.0000000 0.0000000
vn 0.0000000 1.0000000 0.0000000
vn 0.0000000 1.0000000 0.0000000
vn 0.0000000 1.0000000 0.0000000
vn 0.0000000 1.0000000 0.0000000
vn 0.0000000 1.0000000 0.0000000
vn 0.0000000 1.0000000 0.0000000
vn 0.0000000 1.0000000 0.0000000
vn 0.0000000 1.0000000 0.0000000
vn 0.0000000 1.0000000 0.0000000
vn 0.0000000 1.0000000 0.0000000
vn 0.0000000 1.0000000 0.0000000
vn 0.0000000 1.0000000 0.0000000
vn 0.0000000 1.0000000 0.0000000
vn 0.0000000 1.0000000 0.0000000
vn 0.0000000 1.0000000 0.0000000
vn 0.0000000 1.0000000 0.0000000
vn 0.0000000 1.0000000 0.0000000
vn 0.0000000 1.0000000 0.0000000
vn 0.0000000 1.0000000 0.0000000
vn 0.0000000 1.0000000 0.0000000
vn 0.0000000 1.0000000 0.0000000
vn 0.0000000 1.0000000 0.0000000
vn 0.0000000 1.0000000 0.0000000
vn 0.0000000 1.0000000 0.0000000
vn 0.0000000 1.0000000 0.0000000
vn 0.0000000 1.0000000 0.0000000
vn 0.0000000 1.0000000 0.0000000
vn 0.0000000 1.0000000 0.0000000
vn 0.0000000 1.0000000 0.0000000
vn 0.0000000 1.0000000 0.0000000
vn 0.0000000 1.0000000 0.0000000
vn 0.0000000 1.0000000 0.0000000
vn 0.0000000 1.0000000 0.0000000
vn 0.0000000 1.0000000 0.0000000
vn 0.0000000 1.0000000 0.0000000
vn 0.0000000 1.0000000 0.0000000
vn 0.0000000 1.0000000 0.0000000
vn 0.0000000 1.0000000 0.0000000
vn 0.0000000 1.0000000 0.0000000
vn 0.0000000 1.0000000 0.0000000
vn 0.0000000 1.0000000 0.0000000
vn 0.0000000 1.0000000 0.0000000
vn 0.0000000 1.0000000 0.0000000
vn 0.0000000 1.0000000 0.0000000
vn 0.0000000 1.0000000 0.0000000
vn 0.0000000 1.0000000 0.0000000
vn 0.0000000 1.0000000 0.0000000
vn 0.0000000 1.0000000 0.0000000
vn 0.0000000 1.0000000 0.0000000
vn 0.0000000 1.0000000 0.0000000
vn 0.0000000 1.0000000 0.0000000
vn 0.0000000 1.0000000 0.0000000
vn 0.0000000 1.0000000 0.0000000
vn 0.0000000 1.0000000 0.0000000
vn 0.0000000 1.0000000 0.0000000
vn 0.0000000 1.0000000 0.0000000
vn 0.0000000 1.0000000 0.0000000
vn 0.0000000 1.0000000 0.0000000
vn 0.0000000 1.0000000 0.0000000
vn 0.0000000 1.0000000 0.0000000
vn 0.0000000 1.0000000 0.0000000
vn 0.0000000 1.0000000 0.0000000
vn 0.0000000 1.0000000 0.0000000
vn 0.0000000 1.0000000 0.0000000
vn 0.0000000 1.0000000 0.0000000
vn 0.0000000 1.0000000 0.0000000
vn 0.0000000 1.0000000 0.0000000
vn 0.0000000 1.0000000 0.0000000
vn 0.0000000 1.0000000 0.0000000
vn 0.0000000 1.0000000 0.0000000
vn 0.0000000 1.0000000 0.0000000
vn 0.0000000 1.0000000 0.0000000
vn 0.0000000 1.0000000 0.0000000
vn 0.0000000 1.0000000 0.0000000
vn 0.0000000 1.0000000 0.0000000
vn 0.0000000 1.0000000 0.0000000
vn 0.0000000 1.0000000 0.0000000
vn 0.0000000 1.0000000 0.0000000
vn 0.0000000 1.0000000 0.0000000
vn 0.0000000 1.0000000 0.0000000
vn 0.0000000 1.0000000 0.0000000
vn 0.0000000 1.0000000 0.0000000
vn 0.0000000 1.0000000 0.0000000
vn 0.0000000 1.0000000 0.0000000
vn 0.0000000 1.0000000 0.0000000
vn 0.0000000 1.0000000 0.0000000
vn 0.0000000 1.0000000 0.0000000
vn 0.0000000 1.0000000 0.0000000
vn 0.0000000 1.0000000 0.0000000
vn 0.0000000 1.0000000 0.0000000
vn 0.0000000 1.0000000 0.0000000
vn 0.0000000 1.0000000 0.0000000
vn 0.0000000 1.0000000 0.0000000
vn 0.0000000 1.0000000 0.0000000
vn 0.0000000 1.0000000 0.0000000
vn 0.0000000 1.0000000 0.0000000
vn 0.0000000 1.0000000 0.0000000
vn 0.0000000 1.0000000 0.0000000
vn 0.0000000 1.0000000 0.0000000
vn 0.0000000 1.0000000 0.0000000
vn 0.0000000 1.0000000 0.0000000
vn 0.0000000 1.0000000 0.0000000
vn 0.0000000 1.0000000 0.0000000
vn 0.0000000 1.0000000 0.0000000
vn 0.0000000 1.0000000 0.0000000
vn 0.0000000 1.0000000 0.0000000
vn 0.0000000 1.0000000 0.0000000
vn 0.0000000 1.0000000 0.0000000
vn 0.0000000 1.0000000 0.0000000
vn 0.0000000 1.0000000 0.0000000
vn 0.0000000 1.0000000 0.0000000
vn 0.0000000 1.0000000 0.0000000
vn 0.0000000 1.0000000 0.0000000
vn 0.0000000 1.0000000 0.0000000
vn 0.0000000 1.0000000 0.0000000
vn 0.0000000 1.0000000 0.0000000
vn 0.0000000 1.0000000 0.0000000
vn 0.0000000 1.0000000 0.0000000
vn 0.0000000 1.0000000 0.0000000
vn 0.0000000 1.0000000 0.0000000
vn 0.0000000 1.0000000 0.0000000
vn 0.0000000 1.0000000 0.0000000
vn 0.0000000 1.0000000 0.0000000
vn 0.0000000 1.0000000 0.0000000
vn 0.0000000 1.0000000 0.0000000
vn 0.0000000 1.0000000 0.0000000
vn 0.0000000 1.0000000 0.0000000
vn 0.0000000 1.0000000 0.0000000
vn 0.0000000 1.0000000 0.0000000
vn 0.0000000 1.0000000 0.0000000
vn 0.0000000 1.0000000 0.0000000
vn 0.0000000 1.0000000 0.0000000
vn 0.0000000 1.0000000 0.0000000
vn 0.0000000 1.0000000 0.0000000
vn 0.0000000 1.0000000 0.0000000
vn 0.0000000 1.0000000 0.0000000
vn 0.0000000 1.0000000 0.0000000
vn 0.0000000 1.0000000 0.0000000
vn 0.0000000 1.0000000 0.0000000
vn 0.0000000 1.0000000 0.0000000
vn 0.0000000 1.0000000 0.0000000
vn 0.0000000 1.0000000 0.0000000
vn 0.0000000 1.0000000 0.0000000
vn 0.0000000 1.0000000 0.0000000
vn 0.0000000 1.0000000 0.0000000
vn 0.0000000 1.0000000 0.0000000
vn 0.0000000 1.0000000 0.0000000
vn 0.0000000 1.0000000 0.0000000
vn 0.0000000 1.0000000 0.0000000
vn 0.0000000 1.0000000 0.0000000
vn 0.0000000 1.0000000 0.0000000
vn 0.0000000 1.0000000 0.0000000
vn 0.0000000 1.0000000 0.0000000
vn 0.0000000 1.0000000 0.0000000
vn 0.0000000 1.0000000 0.0000000
vn 0.0000000 1.0000000 0.0000000
vn 0.0000000 1.0000000 0.0000000
vn 0.0000000 1.0000000 0.0000000
vn 0.0000000 1.0000000 0.0000000
vn 0.0000000 1.0000000 0.0000000
vn 0.0000000 1.0000000 0.0000000
vn 0.0000000 1.0000000 0.0000000
vn 0.0000000 1.0000000 0.0000000
vn 0.0000000 1.0000000 0.0000000
vn 0.0000000 1.0000000 0.0000000
vn 0.0000000 1.0000000 0.0000000
vn 0.0000000 1.0000000 0.0000000
vn 0.0000000 1.0000000 0.0000000
vn 0.0000000 1.0000000 0.0000000
vn 0.0000000 1.0000000 0.0000000
vn 0.0000000 1.0000000 0.0000000
vn 0.0000000 1.0000000 0.0000000
vn 0.0000000 1.0000000 0.0000000
vn 0.0000000 1.0000000 0.0000000
vn 0.0000000 1.0000000 0.0000000
vn 0.0000000 1.0000000 0.0000000
vn 0.0000000 1.0000000 0.0000000
vn 0.0000000 1.0000000 0.0000000
vn 0.0000000 1.0000000 0.0000000
vn 0.0000000 1.0000000 0.0000000
vn 0.0000000 1.0000000 0.0000000
vn 0.0000000 1.0000000 0.0000000
vn 0.0000000 1.0000000 0.0000000
vn 0.0000000 1.0000000 0.0000000
vn 0.0000000 1.0000000 0.0000000
vn 0.0000000 1.0000000 0.0000000
vn 0.0000000 1.0000000 0.0000000
vn 0.0000000 1.0000000 0.0000000
vn 0.0000000 1.0000000 0.0000000
vn 0.0000000 1.0000000 0.0000000
vn 0.0000000 1.0000000 0.0000000
vn 0.0000000 1.0000000 0.0000000
vn 0.0000000 1.0000000 0.0000000
vn 0.0000000 1.0000000 0.0000000
vn 0.0000000 1.0000000 0.0000000
vn 0.0000000 1.0000000 0.0000000
vn 0.0000000 1.0000000 0.0000000
vn 0.0000000 1.0000000 0.0000000
vn 0.0000000 1.0000000 0.0000000
vn 0.0000000 1.0000000 0.0000000
vn 0.0000000 1.0000000 0.0000000
vn 0.0000000 1.0000000 0.0000000
vn 0.0000000 1.0000000 0.0000000
vn 0.0000000 1.0000000 0.0000000
vn 0.0000000 1.0000000 0.0000000
vn 0.0000000 1.0000000 0.0000000
vn 0.0000000 1.0000000 0.0000000
vn 0.0000000 1.0000000 0.0000000
vn 0.0000000 1.0000000 0.0000000
vn 0.0000000 1.0000000 0.0000000
vn 0.0000000 1.0000000 0.0000000
vn 0.0000000 1.0000000 0.0000000
vn 0.0000000 1.0000000 0.0000000
vn 0.0000000 1.0000000 0.0000000
vn 0.0000000 1.0000000 0.0000000
vn 0.0000000 1.0000000 0.0000000
vn 0.0000000 1.0000000 0.0000000
vn 0.0000000 1.0000000 0.0000000
vn 0.0000000 1.0000000 0.0000000
vn 0.0000000 1.0000000 0.0000000
vn 0.0000000 1.0000000 0.0000000
vn 0.0000000 1.0000000 0.0000000
vn 0.0000000 1.0000000 0.0000000
vn 0.0000000 1.0000000 0.0000000
vn 0.0000000 1.0000000 0.0000000
vn 0.0000000 1.0000000 0.0000000
vn 0.0000000 1.0000000 0.0000000
vn 0.0000000 1.0000000 0.0000000
vn 0.0000000 1.0000000 0.0000000
vn 0.0000000 1.0000000 0.0000000
vn 0.0000000 1.0000000 0.0000000
vn 0.0000000 1.0000000 0.0000000
vn 0.0000000 1.0000000 0.0000000
vn 0.0000000 1.0000000 0.0000000
vn 0.0000000 1.0000000 0.0000000
vn 0.0000000 1.0000000 0.0000000
vn 0.0000000 1.0000000 0.0000000
vn 0.0000000 1.0000000 0.0000000
vn 0.0000000 1.0000000 0.0000000
vn 0.0000000 1.0000000 0.0000000
vn 0.0000000 1.0000000 0.0000000
vn 0.0000000 1.0000000 0.0000000
vn 0.0000000 1.0000000 0.0000000
vn 0.0000000 1.0000000 0.0000000
vn 0.0000000 1.0000000 0.0000000
vn 0.0000000 1.0000000 0.0000000
vn 0.0000000 1.0000000 0.0000000
vn 0.0000000 1.0000000 0.0000000
vn 0.0000000 1.0000000 0.0000000
vn 0.0000000 1.0000000 0.0000000
vn 0.0000000 1.0000000 0.0000000
vn 0.0000000 1.0000000 0.0000000
vn 0.0000000 1.0000000 0.0000000
vn 0.0000000 1.0000000 0.0000000
vn 0.0000000 1.0000000 0.0000000
vn 0.0000000 1.0000000 0.0000000
vn 0.0000000 1.0000000 0.0000000
vn 0.0000000 1.0000000 0.0000000
vn 0.0000000 1.0000000 0.0000000
vn 0.0000000 1.0000000 0.0000000
vn 0.0000000 1.0000000 0.0000000
vn 0.0000000 1.0000000 0.0000000
vn 0.0000000 1.0000000 0.0000000
vn 0.0000000 1.0000000 0.0000000
vn 0.0000000 1.0000000 0.0000000
vn 0.0000000 1.0000000 0.0000000
vn 0.0000000 1.0000000 0.0000000
vn 0.0000000 1.0000000 0.0000000
vn 0.0000000 1.0000000 0.0000000
vn 0.0000000 1.0000000 0.0000000
vn 0.0000000 1.0000000 0.0000000
vn 0.0000000 1.0000000 0.0000000
vn 0.0000000 1.0000000 0.0000000
vn 0.0000000 1.0000000 0.0000000
vn 0.0000000 1.0000000 0.0000000
vn 0.0000000 1.0000000 0.0000000
vn 0.0000000 1.0000000 0.0000000
vn 0.0000000 1.0000000 0.0000000
vn 0.0000000 1.0000000 0.0000000
vn 0.0000000 1.0000000 0.0000000
vn 0.0000000 1.0000000 0.0000000
vn 0.0000000 1.0000000 0.0000000
vn 0.0000000 1.0000000 0.0000000
vn 0.0000000 1.0000000 0.0000000
vn 0.0000000 1.0000000 0.0000000
vn 0.0000000 1.0000000 0.0000000
vn 0.0000000 1.0000000 0.0000000
vn 0.0000000 1.0000000 0.0000000
vn 0.0000000 1.0000000 0.0000000
vn 0.0000000 1.0000000 0.0000000
vn 0.0000000 1.0000000 0.0000000
vn 0.0000000 1.0000000 0.0000000
vn 0.0000000 1.0000000 0.0000000
vn 0.0000000 1.0000000 0.0000000
vn 0.0000000 1.0000000 0.0000000
vn 0.0000000 1.0000000 0.0000000
vn 0.0000000 1.0000000 0.0000000
vn 0.0000000 1.0000000 0.0000000
vn 0.0000000 1.0000000 0.0000000
vn 0.0000000 1.0000000 0.0000000
vn 0.0000000 1.0000000 0.0000000
vn 0.0000000 1.0000000 0.0000000
vn 0.0000000 1.0000000 0.0000000
vn 0.0000000 1.0000000 0.0000000
vn 0.0000000 1.0000000 0.0000000
vn 0.0000000 1.0000000 0.0000000
vn 0.0000000 1.0000000 0.0000000
vn 0.0000000 1.0000000 0.0000000
vn 0.0000000 1.0000000 0.0000000
vn 0.0000000 1.0000000 0.0000000
vn 0.0000000 1.0000000 0.0000000
vn 0.0000000 1.0000000 0.0000000
vn 0.0000000 1.0000000 0.0000000
vn 0.0000000 1.0000000 0.0000000
vn 0.0000000 1.0000000 0.0000000
vn 0.0000000 1.0000000 0.0000000
vn 0.0000000 1.0000000 0.0000000
vn 0.0000000 1.0000000 0.0000000
vn 0.0000000 1.0000000 0.0000000
vn 0.0000000 1.0000000 0.0000000
vn 0.0000000 1.0000000 0.0000000
vn 0.0000000 1.0000000 0.0000000
vn 0.0000000 1.0000000 0.0000000
vn 0.0000000 1.0000000 0.0000000
vn 0.0000000 1.0000000 0.0000000
vn 0.0000000 1.0000000 0.0000000
vn 0.0000000 1.0000000 0.0000000
vn 0.0000000 1.0000000 0.0000000
vn 0.0000000 1.0000000 0.0000000
vn 0.0000000 1.0000000 0.0000000
vn 0.0000000 1.0000000 0.0000000
vn 0.0000000 1.0000000 0.0000000
vn 0.0000000 1.0000000 0.0000000
vn 0.0000000 1.0000000 0.0000000
vn 0.0000000 1.0000000 0.0000000
vn 0.0000000 1.0000000 0.0000000
vn 0.0000000 1.0000000 0.0000000
vn 0.0000000 1.0000000 0.0000000
vn 0.0000000 1.0000000 0.0000000
vn 0.0000000 1.0000000 0.0000000
vn 0.0000000 1.0000000 0.0000000
vn 0.0000000 1.0000000 0.0000000
vn 0.0000000 1.0000000 0.0000000
vn 0.0000000 1.0000000 0.0000000
vn 0.0000000 1.0000000 0.0000000
vn 0.0000000 1.0000000 0.0000000
vn 0.0000000 1.0000000 0.0000000
vn 0.0000000 1.0000000 0.0000000
vn 0.0000000 1.0000000 0.0000000
vn 0.0000000 1.0000000 0.0000000
vn 0.0000000 1.0000000 0.0000000
vn 0.0000000 1.0000000 0.0000000
vn 0.0000000 1.0000000 0.0000000
vn 0.0000000 1.0000000 0.0000000
vn 0.0000000 1.0000000 0.0000000
vn 0.0000000 1.0000000 0.0000000
vn 0.0000000 1.0000000 0.0000000
vn 0.0000000 1.0000000 0.0000000
vn 0.0000000 1.0000000 0.0000000
vn 0.0000000 1.0000000 0.0000000
vn 0.0000000 1.0000000 0.0000000
vn 0.0000000 1.0000000 0.0000000
vn 0.0000000 1.0000000 0.0000000
vn 0.0000000 1.0000000 0.0000000
vn 0.0000000 1.0000000 0.0000000
vn 0.0000000 1.0000000 0.0000000
vn 0.0000000 1.0000000 0.0000000
vn 0.0000000 1.0000000 0.0000000
vn 0.0000000 1.0000000 0.0000000
vn 0.0000000 1.0000000 0.0000000
vn 0.0000000 1.0000000 0.0000000
vn 0.0000000 1.0000000 0.0000000
vn 0.0000000 1.0000000 0.0000000
vn 0.0000000 1.0000000 0.0000000
vn 0.0000000 1.0000000 0.0000000
vn 0.0000000 1.0000000 0.0000000
vn 0.0000000 1.0000000 0.0000000
vn 0.0000000 1.0000000 0.0000000
vn 0.0000000 1.0000000 0.0000000
vn 0.0000000 1.0000000 0.0000000
vn 0.0000000 1.0000000 0.0000000
vn 0.0000000 1.0000000 0.0000000
vn 0.0000000 1.0000000 0.0000000
vn 0.0000000 1.0000000 0.0000000
vn 0.0000000 1.0000000 0.0000000
vn 0.0000000 1.0000000 0.0000000
vn 0.0000000 1.0000000 0.0000000
vn 0.0000000 1.0000000 0.0000000
vn 0.0000000 1.0000000 0.0000000
vn 0.0000000 1.0000000 0.0000000
vn 0.0000000 1.0000000 0.0000000
vn 0.0000000 1.0000000 0.0000000
vn 0.0000000 1.0000000 0.0000000
vn 0.0000000 1.0000000 0.0000000
vn 0.0000000 1.0000000 0.0000000
vn 0.0000000 1.0000000 0.0000000
vn 0.0000000 1.0000000 0.0000000
vn 0.0000000 1.0000000 0.0000000
vn 0.0000000 1.0000000 0.0000000
vn 0.0000000 1.0000000 0.0000000
vn 0.0000000 1.0000000 0.0000000
vn 0.0000000 1.0000000 0.0000000
vn 0.0000000 1.0000000 0.0000000
vn 0.0000000 1.0000000 0.0000000
vn 0.0000000 1.0000000 0.0000000
vn 0.0000000 1.0000000 0.0000000
vn 0.0000000 1.0000000 0.0000000
vn 0.0000000 1.0000000 0.0000000
vn 0.0000000 1.0000000 0.0000000
vn 0.0000000 1.0000000 0.0000000
vn 0.0000000 1.0000000 0.0000000
vn 0.0000000 1.0000000 0.0000000
vn 0.0000000 1.0000000 0.0000000
vn 0.0000000 1.0000000 0.0000000
vn 0.0000000 1.0000000 0.0000000
vn 0.0000000 1.0000000 0.0000000
vn 0.0000000 1.0000000 0.0000000
vn 0.0000000 1.0000000 0.0000000
vn 0.0000000 1.0000000 0.0000000
vn 0.0000000 1.0000000 0.0000000
vn 0.0000000 1.0000000 0.0000000
vn 0.0000000 1.0000000 0.0000000
vn 0.0000000 1.0000000 0.0000000
vn 0.0000000 1.0000000 0.0000000
vn 0.0000000 1.0000000 0.0000000
vn 0.0000000 1.0000000 0.0000000
vn 0.0000000 1.0000000 0.0000000
vn 0.0000000 1.0000000 0.0000000
vn 0.0000000 1.0000000 0.0000000
vn 0.0000000 1.0000000 0.0000000
vn 0.0000000 1.0000000 0.0000000
vn 0.0000000 1.0000000 0.0000000
vn 0.0000000 1.0000000 0.0000000
vn 0.0000000 1.0000000 0.0000000
vn 0.0000000 1.0000000 0.0000000
vn 0.0000000 1.0000000 0.0000000
vn 0.0000000 1.0000000 0.0000000
vn 0.0000000 1.0000000 0.0000000
vn 0.0000000 1.0000000 0.0000000
vn 0.0000000 1.0000000 0.0000000
vn 0.0000000 1.0000000 0.0000000
vn 0.0000000 1.0000000 0.0000000
vn 0.0000000 1.0000000 0.0000000
vn 0.0000000 1.0000000 0.0000000
vn 0.0000000 1.0000000 0.0000000
vn 0.0000000 1.0000000 0.0000000
vn 0.0000000 1.0000000 0.0000000
vn 0.0000000 1.0000000 0.0000000
vn 0.0000000 1.0000000 0.0000000
vn 0.0000000 1.0000000 0.0000000
vn 0.0000000 1.0000000 0.0000000
vn 0.0000000 1.0000000 0.0000000
vn 0.0000000 1.0000000 0.0000000
vn 0.0000000 1.0000000 0.0000000
vn 0.0000000 1.0000000 0.0000000
vn 0.0000000 1.0000000 0.0000000
vn 0.0000000 1.0000000 0.0000000
vn 0.0000000 1.0000000 0.0000000
vn 0.0000000 1.0000000 0.0000000
vn 0.0000000 1.0000000 0.0000000
vn 0.0000000 1.0000000 0.0000000
vn 0.0000000 1.0000000 0.0000000
vn 0.0000000 1.0000000 0.0000000
vn 0.0000000 1.0000000 0.0000000
vn 0.0000000 1.0000000 0.0000000
vn 0.0000000 1.0000000 0.0000000
vn 0.0000000 1.0000000 0.0000000
vn 0.0000000 1.0000000 0.0000000
vn 0.0000000 1.0000000 0.0000000
vn 0.0000000 1.0000000 0.0000000
vn 0.0000000 1.0000000 0.0000000
vn 0.0000000 1.0000000 0.0000000
vn 0.0000000 1.0000000 0.0000000
vn 0.0000000 1.0000000 0.0000000
vn 0.0000000 1.0000000 0.0000000
vn 0.0000000 1.0000000 0.0000000
vn 0.0000000 1.0000000 0.0000000
vn 0.0000000 1.0000000 0.0000000
vn 0.0000000 1.0000000 0.0000000
vn 0.0000000 1.0000000 0.0000000
vn 0.0000000 1.0000000 0.0000000
vn 0.0000000 1.0000000 0.0000000
vn 0.0000000 1.0000000 0.0000000
vn 0.0000000 1.0000000 0.0000000
vn 0.0000000 1.0000000 0.0000000
vn 0.0000000 1.0000000 0.0000000
vn 0.0000000 1.0000000 0.0000000
vn 0.0000000 1.0000000 0.0000000
vn 0.0000000 1.0000000 0.0000000
vn 0.0000000 1.0000000 0.0000000
vn 0.0000000 1.0000000 0.0000000
vn 0.0000000 1.0000000 0.0000000
vn 0.0000000 1.0000000 0.0000000
vn 0.0000000 1.0000000 0.0000000
vn 0.0000000 1.0000000 0.0000000
vn 0.0000000 1.0000000 0.0000000
vn 0.0000000 1.0000000 0.0000000
vn 0.0000000 1.0000000 0.0000000
vn 0.0000000 1.0000000 0.0000000
vn 0.0000000 1.0000000 0.0000000
vn 0.0000000 1.0000000 0.0000000
vn 0.0000000 1.0000000 0.0000000
vn 0.0000000 1.0000000 0.0000000
vn 0.0000000 1.0000000 0.0000000
vn 0.0000000 1.0000000 0.0000000
vn 0.0000000 1.0000000 0.0000000
vn 0.0000000 1.0000000 0.0000000
vn 0.0000000 1.0000000 0.0000000
vn 0.0000000 1.0000000 0.0000000
vn 0.0000000 1.0000000 0.0000000
vn 0.0000000 1.0000000 0.0000000
vn 0.0000000 1.0000000 0.0000000
vn 0.0000000 1.0000000 0.0000000
vn 0.0000000 1.0000000 0.0000000
vn 0.0000000 1.0000000 0.0000000
vn 0.0000000 1.0000000 0.0000000
vn 0.0000000 1.0000000 0.0000000
vn 0.0000000 1.0000000 0.0000000
vn 0.0000000 1.0000000 0.0000000
vn 0.0000000 1.0000000 0.0000000
vn 0.0000000 1.0000000 0.0000000
vn 0.0000000 1.0000000 0.0000000
vn 0.0000000 1.0000000 0.0000000
vn 0.0000000 1.0000000 0.0000000
vn 0.0000000 1.0000000 0.0000000
vn 0.0000000 1.0000000 0.0000000
vn 0.0000000 1.0000000 0.0000000
vn 0.0000000 1.0000000 0.0000000
vn 0.0000000 1.0000000 0.0000000
vn 0.0000000 1.0000000 0.0000000
vn 0.0000000 1.0000000 0.0000000
vn 0.0000000 1.0000000 0.0000000
vn 0.0000000 1.0000000 0.0000000
vn 0.0000000 1.0000000 0.0000000
vn 0.0000000 1.0000000 0.0000000
vn 0.0000000 1.0000000 0.0000000
vn 0.0000000 1.0000000 0.0000000
vn 0.0000000 1.0000000 0.0000000
vn 0.0000000 1.0000000 0.0000000
vn 0.0000000 1.0000000 0.0000000
vn 0.0000000 1.0000000 0.0000000
vn 0.0000000 1.0000000 0.0000000
vn 0.0000000 1.0000000 0.0000000
vn 0.0000000 1.0000000 0.0000000
vn 0.0000000 1.0000000 0.0000000
vn 0.0000000 1.0000000 0.0000000
vn 0.0000000 1.0000000 0.0000000
vn 0.0000000 1.0000000 0.0000000
vn 0.0000000 1.0000000 0.0000000
vn 0.0000000 1.0000000 0.0000000
vn 0.0000000 1.0000000 0.0000000
vn 0.0000000 1.0000000 0.0000000
vn 0.0000000 1.0000000 0.0000000
vn 0.0000000 1.0000000 0.0000000
vn 0.0000000 1.0000000 0.0000000
vn 0.0000000 1.0000000 0.0000000
vn 0.0000000 1.0000000 0.0000000
vn 0.0000000 1.0000000 0.0000000
vn 0.0000000 1.0000000 0.0000000
vn 0.0000000 1.0000000 0.0000000
vn 0.0000000 1.0000000 0.0000000
vn 0.0000000 1.0000000 0.0000000
vn 0.0000000 1.0000000 0.0000000
vn 0.0000000 1.0000000 0.0000000
vn 0.0000000 1.0000000 0.0000000
vn 0.0000000 1.0000000 0.0000000
vn 0.0000000 1.0000000 0.0000000
vn 0.0000000 1.0000000 0.0000000
vn 0.0000000 1.0000000 0.0000000
vn 0.0000000 1.0000000 0.0000000
vn 0.0000000 1.0000000 0.0000000
vn 0.0000000 1.0000000 0.0000000
vn 0.0000000 1.0000000 0.0000000
vn 0.0000000 1.0000000 0.0000000
vn 0.0000000 1.0000000 0.0000000
vn 0.0000000 1.0000000 0.0000000
vn 0.0000000 1.0000000 0.0000000
vn 0.0000000 1.0000000 0.0000000
vn 0.0000000 1.0000000 0.0000000
vn 0.0000000 1.0000000 0.0000000
vn 0.0000000 1.0000000 0.0000000
vn 0.0000000 1.0000000 0.0000000
vn 0.0000000 1.0000000 0.0000000
vn 0.0000000 1.0000000 0.0000000
vn 0.0000000 1.0000000 0.0000000
vn 0.0000000 1.0000000 0.0000000
vn 0.0000000 1.0000000 0.0000000
vn 0.0000000 1.0000000 0.0000000
vn 0.0000000 1.0000000 0.0000000
vn 0.0000000 1.0000000 0.0000000
vn 0.0000000 1.0000000 0.0000000
vn 0.0000000 1.0000000 0.0000000
vn 0.0000000 1.0000000 0.0000000
vn 0.0000000 1.0000000 0.0000000
vn 0.0000000 1.0000000 0.0000000
vn 0.0000000 1.0000000 0.0000000
vn 0.0000000 1.0000000 0.0000000
vn 0.0000000 1.0000000 0.0000000
vn 0.0000000 1.0000000 0.0000000
vn 0.0000000 1.0000000 0.0000000
vn 0.0000000 1.0000000 0.0000000
vn 0.0000000 1.0000000 0.0000000
vn 0.0000000 1.0000000 0.0000000
vn 0.0000000 1.0000000 0.0000000
vn 0.0000000 1.0000000 0.0000000
vn 0.0000000 1.0000000 0.0000000
vn 0.0000000 1.0000000 0.0000000
vn 0.0000000 1.0000000 0.0000000
vn 0.0000000 1.0000000 0.0000000
vn 0.0000000 1.0000000 0.0000000
vn 0.0000000 1.0000000 0.0000000
vn 0.0000000 1.0000000 0.0000000
vn 0.0000000 1.0000000 0.0000000
vn 0.0000000 1.0000000 0.0000000
vn 0.0000000 1.0000000 0.0000000
vn 0.0000000 1.0000000 0.0000000
vn 0.0000000 1.0000000 0.0000000
vn 0.0000000 1.0000000 0.0000000
vn 0.0000000 1.0000000 0.0000000
vn 0.0000000 1.0000000 0.0000000
vn 0.0000000 1.0000000 0.0000000
vn 0.0000000 1.0000000 0.0000000
vn 0.0000000 1.0000000 0.0000000
vn 0.0000000 1.0000000 0.0000000
vn 0.0000000 1.0000000 0.0000000
vn 0.0000000 1.0000000 0.0000000
vn 0.0000000 1.0000000 0.0000000
vn 0.0000000 1.0000000 0.0000000
vn 0.0000000 1.0000000 0.0000000
vn 0.0000000 1.0000000 0.0000000
vn 0.0000000 1.0000000 0.0000000
vn 0.0000000 1.0000000 0.0000000
vn 0.0000000 1.0000000 0.0000000
vn 0.0000000 1.0000000 0.0000000
vn 0.0000000 1.0000000 0.0000000
vn 0.0000000 1.0000000 0.0000000
vn 0.0000000 1.0000000 0.0000000
vn 0.0000000 1.0000000 0.0000000
vn 0.0000000 1.0000000 0.0000000
vn 0.0000000 1.0000000 0.0000000
vn 0.0000000 1.0000000 0.0000000
vn 0.0000000 1.0000000 0.0000000
vn 0.0000000 1.0000000 0.0000000
vn 0.0000000 1.0000000 0.0000000
vn 0.0000000 1.0000000 0.0000000
vn 0.0000000 1.0000000 0.0000000
vn 0.0000000 1.0000000 0.0000000
vn 0.0000000 1.0000000 0.0000000
vn 0.0000000 1.0000000 0.0000000
vn 0.0000000 1.0000000 0.0000000
vn 0.0000000 1.0000000 0.0000000
vn 0.0000000 1.0000000 0.0000000
vn 0.0000000 1.0000000 0.0000000
vn 0.0000000 1.0000000 0.0000000
vn 0.0000000 1.0000000 0.0000000
vn 0.0000000 1.0000000 0.0000000
vn 0.0000000 1.0000000 0.0000000
vn 0.0000000 1.0000000 0.0000000
vn 0.0000000 1.0000000 0.0000000
vn 0.0000000 1.0000000 0.0000000
vn 0.0000000 1.0000000 0.0000000
vn 0.0000000 1.0000000 0.0000000
vn 0.0000000 1.0000000 0.0000000
vn 0.0000000 1.0000000 0.0000000
vn 0.0000000 1.0000000 0.0000000
vn 0.0000000 1.0000000 0.0000000
vn 0.0000000 1.0000000 0.0000000
vn 0.0000000 1.0000000 0.0000000
vn 0.0000000 1.0000000 0.0000000
vn 0.0000000 1.0000000 0.0000000
vn 0.0000000 1.0000000 0.0000000
vn 0.0000000 1.0000000 0.0000000
vn 0.0000000 1.0000000 0.0000000
vn 0.0000000 1.0000000 0.0000000
vn 0.0000000 1.0000000 0.0000000
vn 0.0000000 1.0000000 0.0000000
vn 0.0000000 1.0000000 0.0000000
vn 0.0000000 1.0000000 0.0000000
vn 0.0000000 1.0000000 0.0000000
vn 0.0000000 1.0000000 0.0000000
vn 0.0000000 1.0000000 0.0000000
vn 0.0000000 1.0000000 0.0000000
vn 0.0000000 1.0000000 0.0000000
vn 0.0000000 1.0000000 0.0000000
vn 0.0000000 1.0000000 0.0000000
vn 0.0000000 1.0000000 0.0000000
vn 0.0000000 1.0000000 0.0000000
vn 0.0000000 1.0000000 0.0000000
vn 0.0000000 1.0000000 0.0000000
vn 0.0000000 1.0000000 0.0000000
vn 0.0000000 1.0000000 0.0000000
vn 0.0000000 1.0000000 0.0000000
vn 0.0000000 1.0000000 0.0000000
vn 0.0000000 1.0000000 0.0000000
vn 0.0000000 1.0000000 0.0000000
vn 0.0000000 1.0000000 0.0000000
vn 0.0000000 1.0000000 0.0000000
vn 0.0000000 1.0000000 0.0000000
vn 0.0000000 1.0000000 0.0000000
vn 0.0000000 1.0000000 0.0000000
vn 0.0000000 1.0000000 0.0000000
vn 0.0000000 1.0000000 0.0000000
vn 0.0000000 1.0000000 0.0000000
vn 0.0000000 1.0000000 0.0000000
vn 0.0000000 1.0000000 0.0000000
vn 0.0000000 1.0000000 0.0000000
vn 0.0000000 1.0000000 0.0000000
vn 0.0000000 1.0000000 0.0000000
vn 0.0000000 1.0000000 0.0000000
vn 0.0000000 1.0000000 0.0000000
vn 0.0000000 1.0000000 0.0000000
vn 0.0000000 1.0000000 0.0000000
vn 0.0000000 1.0000000 0.0000000
vn 0.0000000 1.0000000 0.0000000
vn 0.0000000 1.0000000 0.0000000
vn 0.0000000 1.0000000 0.0000000
vn 0.0000000 1.0000000 0.0000000
vn 0.0000000 1.0000000 0.0000000
vn 0.0000000 1.0000000 0.0000000
vn 0.0000000 1.0000000 0.0000000
vn 0.0000000 1.0000000 0.0000000
vn 0.0000000 1.0000000 0.0000000
vn 0.0000000 1.0000000 0.0000000
vn 0.0000000 1.0000000 0.0000000
vn 0.0000000 1.0000000 0.0000000
vn 0.0000000 1.0000000 0.0000000
vn 0.0000000 1.0000000 0.0000000
vn 0.0000000 1.0000000 0.0000000
vn 0.0000000 1.0000000 0.0000000
vn 0.0000000 1.0000000 0.0000000
vn 0.0000000 1.0000000 0.0000000
vn 0.0000000 1.0000000 0.0000000
vn 0.0000000 1.0000000 0.0000000
vn 0.0000000 1.0000000 0.0000000
vn 0.0000000 1.0000000 0.0000000
vn 0.0000000 1.0000000 0.0000000
vn 0.0000000 1.0000000 0.0000000
vn 0.0000000 1.0000000 0.0000000
vn 0.0000000 1.0000000 0.0000000
vn 0.0000000 1.0000000 0.0000000
vn 0.0000000 1.0000000 0.0000000
vn 0.0000000 1.0000000 0.0000000
vn 0.0000000 1.0000000 0.0000000
vn 0.0000000 1.0000000 0.0000000
vn 0.0000000 1.0000000 0.0000000
vn 0.0000000 1.0000000 0.0000000
vn 0.0000000 1.0000000 0.0000000
vn 0.0000000 1.0000000 0.0000000
vn 0.0000000 1.0000000 0.0000000
vn 0.0000000 1.0000000 0.0000000
vn 0.0000000 1.0000000 0.0000000
vn 0.0000000 1.0000000 0.0000000
vn 0.0000000 1.0000000 0.0000000
vn 0.0000000 1.0000000 0.0000000
vn 0.0000000 1.0000000 0.0000000
vn 0.0000000 1.0000000 0.0000000
vn 0.0000000 1.0000000 0.0000000
vn 0.0000000 1.0000000 0.0000000
vn 0.0000000 1.0000000 0.0000000
vn 0.0000000 1.0000000 0.0000000
vn 0.0000000 1.0000000 0.0000000
vn 0.0000000 1.0000000 0.0000000
vn 0.0000000 1.0000000 0.0000000
vn 0.0000000 1.0000000 0.0000000
vn 0.0000000 1.0000000 0.0000000
vn 0.0000000 1.0000000 0.0000000
vn 0.0000000 1.0000000 0.0000000
vn 0.0000000 1.0000000 0.0000000
vn 0.0000000 1.0000000 0.0000000
vn 0.0000000 1.0000000 0.0000000
vn 0.0000000 1.0000000 0.0000000
vn 0.0000000 1.0000000 0.0000000
vn 0.0000000 1.0000000 0.0000000
vn 0.0000000 1.0000000 0.0000000
vn 0.0000000 1.0000000 0.0000000
vn 0.0000000 1.0000000 0.0000000
vn 0.0000000 1.0000000 0.0000000
vn 0.0000000 1.0000000 0.0000000
vn 0.0000000 1.0000000 0.0000000
vn 0.0000000 1.0000000 0.0000000
vn 0.0000000 1.0000000 0.0000000
vn 0.0000000 1.0000000 0.0000000
vn 0.0000000 1.0000000 0.0000000
vn 0.0000000 1.0000000 0.0000000
vn 0.0000000 1.0000000 0.0000000
vn 0.0000000 1.0000000 0.0000000
vn 0.0000000 1.0000000 0.0000000
vn 0.0000000 1.0000000 0.0000000
vn 0.0000000 1.0000000 0.0000000
vn 0.0000000 1.0000000 0.0000000
vn 0.0000000 1.0000000 0.0000000
vn 0.0000000 1.0000000 0.0000000
vn 0.0000000 1.0000000 0.0000000
vn 0.0000000 1.0000000 0.0000000
vn 0.0000000 1.0000000 0.0000000
vn 0.0000000 1.0000000 0.0000000
vn 0.0000000 1.0000000 0.0000000
vn 0.0000000 1.0000000 0.0000000
vn 0.0000000 1.0000000 0.0000000
vn 0.0000000 1.0000000 0.0000000
vn 0.0000000 1.0000000 0.0000000
vn 0.0000000 1.0000000 0.0000000
vn 0.0000000 1.0000000 0.0000000
vn 0.0000000 1.0000000 0.0000000
vn 0.0000000 1.0000000 0.0000000
vn 0.0000000 1.0000000 0.0000000
vn 0.0000000 1.0000000 0.0000000
vn 0.0000000 1.0000000 0.0000000
vn 0.0000000 1.0000000 0.0000000
vn 0.0000000 1.0000000 0.0000000
vn 0.0000000 1.0000000 0.0000000
vn 0.0000000 1.0000000 0.0000000
vn 0.0000000 1.0000000 0.0000000
vn 0.0000000 1.0000000 0.0000000
vn 0.0000000 1.0000000 0.0000000
vn 0.0000000 1.0000000 0.0000000
vn 0.0000000 1.0000000 0.0000000
vn 0.0000000 1.0000000 0.0000000
vn 0.0000000 1.0000000 0.0000000
vn 0.0000000 1.0000000 0.0000000
vn 0.0000000 1.0000000 0.0000000
vn 0.0000000 1.0000000 0.0000000
vn 0.0000000 1.0000000 0.0000000
vn 0.0000000 1.0000000 0.0000000
vn 0.0000000 1.0000000 0.0000000
vn 0.0000000 1.0000000 0.0000000
vn 0.0000000 1.0000000 0.0000000
vn 0.0000000 1.0000000 0.0000000
vn 0.0000000 1.0000000 0.0000000
vn 0.0000000 1.0000000 0.0000000
vn 0.0000000 1.0000000 0.0000000
vn 0.0000000 1.0000000 0.0000000
vn 0.0000000 1.0000000 0.0000000
vn 0.0000000 1.0000000 0.0000000
vn 0.0000000 1.0000000 0.0000000
vn 0.0000000 1.0000000 0.0000000
vn 0.0000000 1.0000000 0.0000000
vn 0.0000000 1.0000000 0.0000000
vn 0.0000000 1.0000000 0.0000000
vn 0.0000000 1.0000000 0.0000000
vn 0.0000000 1.0000000 0.0000000
vn 0.0000000 1.0000000 0.0000000
vn 0.0000000 1.0000000 0.0000000
vn 0.0000000 1.0000000 0.0000000
vn 0.0000000 1.0000000 0.0000000
vn 0.0000000 1.0000000 0.0000000
vn 0.0000000 1.0000000 0.0000000
vn 0.0000000 1.0000000 0.0000000
vn 0.0000000 1.0000000 0.0000000
vn 0.0000000 1.0000000 0.0000000
vn 0.0000000 1.0000000 0.0000000
vn 0.0000000 1.0000000 0.0000000
vn 0.0000000 1.0000000 0.0000000
vn 0.0000000 1.0000000 0.0000000
vn 0.0000000 1.0000000 0.0000000
vn 0.0000000 1.0000000 0.0000000
vn 0.0000000 1.0000000 0.0000000
vn 0.0000000 1.0000000 0.0000000
vn 0.0000000 1.0000000 0.0000000
vn 0.0000000 1.0000000 0.0000000
vn 0.0000000 1.0000000 0.0000000
vn 0.0000000 1.0000000 0.0000000
vn 0.0000000 1.0000000 0.0000000
vn 0.0000000 1.0000000 0.0000000
vn 0.0000000 1.0000000 0.0000000
vn 0.0000000 1.0000000 0.0000000
vn 0.0000000 1.0000000 0.0000000
vn 0.0000000 1.0000000 0.0000000
vn 0.0000000 1.0000000 0.0000000
vn 0.0000000 1.0000000 0.0000000
vn 0.0000000 1.0000000 0.0000000
vn 0.0000000 1.0000000 0.0000000
vn 0.0000000 1.0000000 0.0000000
vn 0.0000000 1.0000000 0.0000000
vn 0.0000000 1.0000000 0.0000000
vn 0.0000000 1.0000000 0.0000000
vn 0.0000000 1.0000000 0.0000000
vn 0.0000000 1.0000000 0.0000000
vn 0.0000000 1.0000000 0.0000000
vn 0.0000000 1.0000000 0.0000000
vn 0.0000000 1.0000000 0.0000000
vn 0.0000000 1.0000000 0.0000000
vn 0.0000000 1.0000000 0.0000000
vn 0.0000000 1.0000000 0.0000000
vn 0.0000000 1.0000000 0.0000000
vn 0.0000000 1.0000000 0.0000000
vn 0.0000000 1.0000000 0.0000000
vn 0.0000000 1.0000000 0.0000000
vn 0.0000000 1.0000000 0.0000000
vn 0.0000000 1.0000000 0.0000000
vn 0.0000000 1.0000000 0.0000000
vn 0.0000000 1.0000000 0.0000000
vn 0.0000000 1.0000000 0.0000000
vn 0.0000000 1.0000000 0.0000000
vn 0.0000000 1.0000000 0.0000000
vn 0.0000000 1.0000000 0.0000000
vn 0.0000000 1.0000000 0.0000000
vn 0.0000000 1.0000000 0.0000000
vn 0.0000000 1.0000000 0.0000000
vn 0.0000000 1.0000000 0.0000000
vn 0.0000000 1.0000000 0.0000000
vn 0.0000000 1.0000000 0.0000000
vn 0.0000000 1.0000000 0.0000000
vn 0.0000000 1.0000000 0.0000000
vn 0.0000000 1.0000000 0.0000000
vn 0.0000000 1.0000000 0.0000000
vn 0.0000000 1.0000000 0.0000000
vn 0.0000000 1.0000000 0.0000000
vn 0.0000000 1.0000000 0.0000000
vn 0.0000000 1.0000000 0.0000000
vn 0.0000000 1.0000000 0.0000000
vn 0.0000000 1.0000000 0.0000000
vn 0.0000000 1.0000000 0.0000000
vn 0.0000000 1.0000000 0.0000000
vn 0.0000000 1.0000000 0.0000000
vn 0.0000000 1.0000000 0.0000000
vn 0.0000000 1.0000000 0.0000000
vn 0.0000000 1.0000000 0.0000000
vn 0.0000000 1.0000000 0.0000000
vn 0.0000000 1.0000000 0.0000000
vn 0.0000000 1.0000000 0.0000000
vn 0.0000000 1.0000000 0.0000000
vn 0.0000000 1.0000000 0.0000000
vn 0.0000000 1.0000000 0.0000000
vn 0.0000000 1.0000000 0.0000000
vn 0.0000000 1.0000000 0.0000000
vn 0.0000000 1.0000000 0.0000000
vn 0.0000000 1.0000000 0.0000000
vn 0.0000000 1.0000000 0.0000000
vn 0.0000000 1.0000000 0.0000000
vn 0.0000000 1.0000000 0.0000000
vn 0.0000000 1.0000000 0.0000000
vn 0.0000000 1.0000000 0.0000000
vn 0.0000000 1.0000000 0.0000000
vn 0.0000000 1.0000000 0.0000000
vn 0.0000000 1.0000000 0.0000000
vn 0.0000000 1.0000000 0.0000000
vn 0.0000000 1.0000000 0.0000000
vn 0.0000000 1.0000000 0.0000000
vn 0.0000000 1.0000000 0.0000000
vn 0.0000000 1.0000000 0.0000000
vn 0.0000000 1.0000000 0.0000000
vn 0.0000000 1.0000000 0.0000000
vn 0.0000000 1.0000000 0.0000000
vn 0.0000000 1.0000000 0.0000000
vn 0.0000000 1.0000000 0.0000000
vn 0.0000000 1.0000000 0.0000000
vn 0.0000000 1.0000000 0.0000000
vn 0.0000000 1.0000000 0.0000000
vn 0.0000000 1.0000000 0.0000000
vn 0.0000000 1.0000000 0.0000000
vn 0.0000000 1.0000000 0.0000000
vn 0.0000000 1.0000000 0.0000000
vn 0.0000000 1.0000000 0.0000000
vn 0.0000000 1.0000000 0.0000000
vn 0.0000000 1.0000000 0.0000000
vn 0.0000000 1.0000000 0.0000000
vn 0.0000000 1.0000000 0.0000000
vn 0.0000000 1.0000000 0.0000000
vn 0.0000000 1.0000000 0.0000000
vn 0.0000000 1.0000000 0.0000000
vn 0.0000000 1.0000000 0.0000000
vn 0.0000000 1.0000000 0.0000000
vn 0.0000000 1.0000000 0.0000000
vn 0.0000000 1.0000000 0.0000000
vn 0.0000000 1.0000000 0.0000000
vn 0.0000000 1.0000000 0.0000000
vn 0.0000000 1.0000000 0.0000000
vn 0.0000000 1.0000000 0.0000000
vn 0.0000000 1.0000000 0.0000000
vn 0.0000000 1.0000000 0.0000000
vn 0.0000000 1.0000000 0.0000000
vn 0.0000000 1.0000000 0.0000000
vn 0.0000000 1.0000000 0.0000000
vn 0.0000000 1.0000000 0.0000000
vn 0.0000000 1.0000000 0.0000000
vn 0.0000000 1.0000000 0.0000000
vn 0.0000000 1.0000000 0.0000000
vn 0.0000000 1.0000000 0.0000000
vn 0.0000000 1.0000000 0.0000000
vn 0.0000000 1.0000000 0.0000000
vn 0.0000000 1.0000000 0.0000000
vn 0.0000000 1.0000000 0.0000000
vn 0.0000000 1.0000000 0.0000000
vn 0.0000000 1.0000000 0.0000000
vn 0.0000000 1.0000000 0.0000000
vn 0.0000000 1.0000000 0.0000000
vn 0.0000000 1.0000000 0.0000000
vn 0.0000000 1.0000000 0.0000000
vn 0.0000000 1.0000000 0.0000000
vn 0.0000000 1.0000000 0.0000000
vn 0.0000000 1.0000000 0.0000000
vn 0.0000000 1.0000000 0.0000000
vn 0.0000000 1.0000000 0.0000000
vn 0.0000000 1.0000000 0.0000000
vn 0.0000000 1.0000000 0.0000000
vn 0.0000000 1.0000000 0.0000000
vn 0.0000000 1.0000000 0.0000000
vn 0.0000000 1.0000000 0.0000000
vn 0.0000000 1.0000000 0.0000000
vn 0.0000000 1.0000000 0.0000000
vn 0.0000000 1.0000000 0.0000000
vn 0.0000000 1.0000000 0.0000000
vn 0.0000000 1.0000000 0.0000000
vn 0.0000000 1.0000000 0.0000000
vn 0.0000000 1.0000000 0.0000000
vn 0.0000000 1.0000000 0.0000000
vn 0.0000000 1.0000000 0.0000000
vn 0.0000000 1.0000000 0.0000000
vn 0.0000000 1.0000000 0.0000000
vn 0.0000000 1.0000000 0.0000000
vn 0.0000000 1.0000000 0.0000000
vn 0.0000000 1.0000000 0.0000000
vn 0.0000000 1.0000000 0.0000000
vn 0.0000000 1.0000000 0.0000000
vn 0.0000000 1.0000000 0.0000000
vn 0.0000000 1.0000000 0.0000000
vn 0.0000000 1.0000000 0.0000000
vn 0.0000000 1.0000000 0.0000000
vn 0.0000000 1.0000000 0.0000000
vn 0.0000000 1.0000000 0.0000000
vn 0.0000000 1.0000000 0.0000000
vn 0.0000000 1.0000000 0.0000000
vn 0.0000000 1.0000000 0.0000000
vn 0.0000000 1.0000000 0.0000000
vn 0.0000000 1.0000000 0.0000000
vn 0.0000000 1.0000000 0.0000000
vn 0.0000000 1.0000000 0.0000000
vn 0.0000000 1.0000000 0.0000000
vn 0.0000000 1.0000000 0.0000000
vn 0.0000000 1.0000000 0.0000000
vn 0.0000000 1.0000000 0.0000000
vn 0.0000000 1.0000000 0.0000000
vn 0.0000000 1.0000000 0.0000000
vn 0.0000000 1.0000000 0.0000000
vn 0.0000000 1.0000000 0.0000000
vn 0.0000000 1.0000000 0.0000000
vn 0.0000000 1.0000000 0.0000000
vn 0.0000000 1.0000000 0.0000000
vn 0.0000000 1.0000000 0.0000000
vn 0.0000000 1.0000000 0.0000000
vn 0.0000000 1.0000000 0.0000000
vn 0.0000000 1.0000000 0.0000000
vn 0.0000000 1.0000000 0.0000000
vn 0.0000000 1.0000000 0.0000000
vn 0.0000000 1.0000000 0.0000000
vn 0.0000000 1.0000000 0.0000000
vn 0.0000000 1.0000000 0.0000000
vn 0.0000000 1.0000000 0.0000000
vn 0.0000000 1.0000000 0.0000000
vn 0.0000000 1.0000000 0.0000000
vn 0.0000000 1.0000000 0.0000000
vn 0.0000000 1.0000000 0.0000000
f 1/1/1 2/2/2 3/3/3
f 1/1/1 3/3/3 4/4/4
f 5/5/5 6/6/6 2/2/2
f 7/7/7 8/8/8 6/6/6
f 5/5/5 2/2/2 1/1/1
f 7/7/7 6/6/6 5/5/5
f 9/9/9 10/10/10 11/11/11
f 9/9/9 12/12/12 10/10/10
f 13/13/13 12/12/12 9/9/9
f 13/13/13 14/14/14 12/12/12
f 15/15/15 16/16/16 14/14/14
f 15/15/15 14/14/14 13/13/13
f 17/17/17 18/18/18 19/19/19
f 20/20/20 17/17/17 19/19/19
f 18/18/18 21/21/21 22/22/22
f 17/17/17 21/21/21 18/18/18
f 22/22/22 23/23/23 24/24/24
f 21/21/21 23/23/23 22/22/22
f 25/25/25 26/26/26 27/27/27
f 27/27/27 28/28/28 29/29/29
f 27/27/27 26/26/26 28/28/28
f 29/29/29 30/30/30 31/31/31
f 29/29/29 28/28/28 30/30/30
f 31/31/31 32/32/32 33/33/33
f 31/31/31 30/30/30 32/32/32
f 30/30/30 34/34/34 32/32/32
f 30/30/30 35/35/35 34/34/34
f 30/30/30 28/28/28 35/35/35
f 28/28/28 26/26/26 36/36/36
f 28/28/28 36/36/36 35/35/35
f 26/26/26 37/37/37 36/36/36
f 32/32/32 38/38/38 33/33/33
f 32/32/32 39/39/39 38/38/38
f 32/32/32 34/34/34 39/39/39
f 33/33/33 40/40/40 41/41/41
f 33/33/33 38/38/38 40/40/40
f 34/34/34 42/42/42 39/39/39
f 34/34/34 35/35/35 43/43/43
f 34/34/34 43/43/43 42/42/42
f 35/35/35 36/36/36 44/44/44
f 35/35/35 44/44/44 43/43/43
f 36/36/36 37/37/37 45/45/45
f 36/36/36 45/45/45 44/44/44
f 38/38/38 39/39/39 40/40/40
f 39/39/39 46/46/46 40/40/40
f 39/39/39 47/47/47 46/46/46
f 39/39/39 48/48/48 47/47/47
f 39/39/39 42/42/42 48/48/48
f 41/41/41 40/40/40 49/49/49
f 40/40/40 46/46/46 50/50/50
f 40/40/40 51/51/51 49/49/49
f 40/40/40 50/50/50 51/51/51
f 46/46/46 47/47/47 50/50/50
f 47/47/47 52/52/52 50/50/50
f 49/49/49 53/53/53 54/54/54
f 49/49/49 51/51/51 53/53/53
f 50/50/50 52/52/52 55/55/55
f 50/50/50 55/55/55 56/56/56
f 50/50/50 56/56/56 53/53/53
f 50/50/50 53/53/53 51/51/51
f 53/53/53 56/56/56 57/57/57
f 53/53/53 57/57/57 54/54/54
f 54/54/54 57/57/57 58/58/58
f 55/55/55 59/59/59 56/56/56
f 56/56/56 59/59/59 60/60/60
f 56/56/56 60/60/60 57/57/57
f 57/57/57 60/60/60 61/61/61
f 57/57/57 61/61/61 58/58/58
f 58/58/58 61/61/61 62/62/62
f 59/59/59 63/63/63 60/60/60
f 60/60/60 63/63/63 64/64/64
f 60/60/60 64/64/64 61/61/61
f 61/61/61 64/64/64 65/65/65
f 61/61/61 65/65/65 62/62/62
f 62/62/62 65/65/65 66/66/66
f 63/63/63 67/67/67 64/64/64
f 64/64/64 67/67/67 68/68/68
f 64/64/64 68/68/68 65/65/65
f 65/65/65 68/68/68 69/69/69
f 65/65/65 69/69/69 70/70/70
f 65/65/65 70/70/70 66/66/66
f 67/67/67 71/71/71 68/68/68
f 68/68/68 71/71/71 72/72/72
f 68/68/68 72/72/72 69/69/69
f 69/69/69 73/73/73 74/74/74
f 69/69/69 72/72/72 73/73/73
f 69/69/69 74/74/74 70/70/70
f 70/70/70 74/74/74 75/75/75
f 71/71/71 76/76/76 73/73/73
f 71/71/71 73/73/73 72/72/72
f 73/73/73 76/76/76 77/77/77
f 73/73/73 77/77/77 74/74/74
f 74/74/74 77/77/77 78/78/78
f 74/74/74 78/78/78 79/79/79
f 74/74/74 79/79/79 75/75/75
f 76/76/76 80/80/80 77/77/77
f 77/77/77 80/80/80 81/81/81
f 77/77/77 81/81/81 78/78/78
f 78/78/78 81/81/81 82/82/82
f 78/78/78 83/83/83 79/79/79
f 78/78/78 82/82/82 83/83/83
f 80/80/80 84/84/84 81/81/81
f 81/81/81 84/84/84 85/85/85
f 81/81/81 85/85/85 82/82/82
f 82/82/82 85/85/85 86/86/86
f 82/82/82 87/87/87 83/83/83
f 82/82/82 86/86/86 87/87/87
f 84/84/84 88/88/88 85/85/85
f 85/85/85 88/88/88 89/89/89
f 85/85/85 89/89/89 86/86/86
f 86/86/86 89/89/89 90/90/90
f 86/86/86 90/90/90 91/91/91
f 86/86/86 91/91/91 87/87/87
f 88/88/88 92/92/92 89/89/89
f 89/89/89 92/92/92 93/93/93
f 89/89/89 93/93/93 90/90/90
f 90/90/90 93/93/93 94/94/94
f 90/90/90 94/94/94 91/91/91
f 91/91/91 94/94/94 95/95/95
f 92/92/92 96/96/96 93/93/93
f 93/93/93 96/96/96 97/97/97
f 93/93/93 97/97/97 98/98/98
f 93/93/93 98/98/98 99/99/99
f 93/93/93 99/99/99 94/94/94
f 94/94/94 99/99/99 100/100/100
f 94/94/94 100/100/100 95/95/95
f 97/97/97 101/101/101 102/102/102
f 97/97/97 102/102/102 98/98/98
f 98/98/98 102/102/102 99/99/99
f 99/99/99 102/102/102 103/103/103
f 99/99/99 103/103/103 100/100/100
f 100/100/100 103/103/103 104/104/104
f 101/101/101 105/105/105 106/106/106
f 101/101/101 106/106/106 102/102/102
f 102/102/102 106/106/106 103/103/103
f 103/103/103 106/106/106 107/107/107
f 103/103/103 107/107/107 108/108/108
f 103/103/103 108/108/108 104/104/104
f 105/105/105 109/109/109 110/110/110
f 105/105/105 110/110/110 106/106/106
f 106/106/106 110/110/110 107/107/107
f 107/107/107 110/110/110 111/111/111
f 107/107/107 112/112/112 108/108/108
f 107/107/107 111/111/111 112/112/112
f 109/109/109 113/113/113 114/114/114
f 109/109/109 114/114/114 110/110/110
f 110/110/110 114/114/114 111/111/111
f 111/111/111 114/114/114 115/115/115
f 111/111/111 115/115/115 116/116/116
f 111/111/111 116/116/116 112/112/112
f 113/113/113 117/117/117 118/118/118
f 113/113/113 118/118/118 114/114/114
f 114/114/114 118/118/118 115/115/115
f 115/115/115 118/118/118 119/119/119
f 115/115/115 120/120/120 116/116/116
f 115/115/115 119/119/119 120/120/120
f 117/117/117 121/121/121 122/122/122
f 117/117/117 122/122/122 118/118/118
f 118/118/118 122/122/122 119/119/119
f 119/119/119 122/122/122 123/123/123
f 119/119/119 123/123/123 124/124/124
f 119/119/119 124/124/124 120/120/120
f 121/121/121 125/125/125 122/122/122
f 122/122/122 125/125/125 126/126/126
f 122/122/122 126/126/126 127/127/127
f 122/122/122 127/127/127 123/123/123
f 123/123/123 127/127/127 124/124/124
f 124/124/124 127/127/127 128/128/128
f 125/125/125 129/129/129 126/126/126
f 125/125/125 130/130/130 129/129/129
f 126/126/126 129/129/129 127/127/127
f 127/127/127 131/131/131 128/128/128
f 127/127/127 132/132/132 131/131/131
f 127/127/127 129/129/129 132/132/132
f 129/129/129 133/133/133 132/132/132
f 129/129/129 134/134/134 133/133/133
f 129/129/129 135/135/135 134/134/134
f 129/129/129 130/130/130 135/135/135
f 131/131/131 132/132/132 133/133/133
f 131/131/131 133/133/133 136/136/136
f 133/133/133 137/137/137 136/136/136
f 133/133/133 134/134/134 137/137/137
f 134/134/134 138/138/138 137/137/137
f 134/134/134 135/135/135 139/139/139
f 134/134/134 139/139/139 138/138/138
f 136/136/136 137/137/137 140/140/140
f 137/137/137 141/141/141 140/140/140
f 137/137/137 138/138/138 141/141/141
f 138/138/138 142/142/142 141/141/141
f 138/138/138 139/139/139 143/143/143
f 138/138/138 143/143/143 142/142/142
f 140/140/140 141/141/141 144/144/144
f 141/141/141 145/145/145 144/144/144
f 141/141/141 142/142/142 145/145/145
f 142/142/142 146/146/146 145/145/145
f 142/142/142 143/143/143 147/147/147
f 142/142/142 147/147/147 146/146/146
f 144/144/144 145/145/145 148/148/148
f 145/145/145 149/149/149 148/148/148
f 145/145/145 150/150/150 149/149/149
f 145/145/145 146/146/146 150/150/150
f 146/146/146 151/151/151 150/150/150
f 146/146/146 147/147/147 152/152/152
f 146/146/146 152/152/152 151/151/151
f 149/149/149 153/153/153 154/154/154
f 149/149/149 150/150/150 153/153/153
f 150/150/150 155/155/155 153/153/153
f 150/150/150 151/151/151 155/155/155
f 151/151/151 152/152/152 155/155/155
f 152/152/152 156/156/156 155/155/155
f 153/153/153 157/157/157 158/158/158
f 153/153/153 158/158/158 154/154/154
f 153/153/153 159/159/159 157/157/157
f 153/153/153 155/155/155 159/159/159
f 155/155/155 156/156/156 159/159/159
f 156/156/156 160/160/160 159/159/159
f 157/157/157 161/161/161 158/158/158
f 157/157/157 162/162/162 161/161/161
f 157/157/157 163/163/163 162/162/162
f 157/157/157 159/159/159 163/163/163
f 159/159/159 160/160/160 163/163/163
f 160/160/160 164/164/164 163/163/163
f 161/161/161 162/162/162 165/165/165
f 162/162/162 166/166/166 165/165/165
f 162/162/162 167/167/167 166/166/166
f 162/162/162 163/163/163 167/167/167
f 163/163/163 164/164/164 167/167/167
f 164/164/164 168/168/168 167/167/167
f 165/165/165 166/166/166 169/169/169
f 166/166/166 170/170/170 169/169/169
f 166/166/166 171/171/171 170/170/170
f 166/166/166 167/167/167 171/171/171
f 167/167/167 168/168/168 171/171/171
f 168/168/168 172/172/172 171/171/171
f 169/169/169 173/173/173 174/174/174
f 169/169/169 170/170/170 173/173/173
f 170/170/170 175/175/175 173/173/173
f 170/170/170 171/171/171 175/175/175
f 171/171/171 172/172/172 175/175/175
f 172/172/172 176/176/176 175/175/175
f 173/173/173 177/177/177 174/174/174
f 173/173/173 178/178/178 177/177/177
f 173/173/173 175/175/175 178/178/178
f 175/175/175 179/179/179 178/178/178
f 175/175/175 180/180/180 179/179/179
f 175/175/175 176/176/176 180/180/180
f 181/181/181 182/182/182 183/183/183
f 181/181/181 184/184/184 182/182/182
f 182/182/182 185/185/185 183/183/183
f 182/182/182 186/186/186 185/185/185
f 182/182/182 184/184/184 187/187/187
f 182/182/182 188/188/188 186/186/186
f 182/182/182 187/187/187 188/188/188
f 184/184/184 189/189/189 187/187/187
f 187/187/187 189/189/189 190/190/190
f 187/187/187 190/190/190 191/191/191
f 187/187/187 191/191/191 188/188/188
f 188/188/188 191/191/191 192/192/192
f 193/193/193 194/194/194 195/195/195
f 194/194/194 196/196/196 195/195/195
f 194/194/194 197/197/197 198/198/198
f 194/194/194 198/198/198 196/196/196
f 195/195/195 196/196/196 199/199/199
f 195/195/195 199/199/199 200/200/200
f 196/196/196 198/198/198 199/199/199
f 197/197/197 201/201/201 198/198/198
f 197/197/197 202/202/202 201/201/201
f 198/198/198 203/203/203 199/199/199
f 198/198/198 201/201/201 203/203/203
f 199/199/199 204/204/204 200/200/200
f 199/199/199 205/205/205 204/204/204
f 199/199/199 206/206/206 205/205/205
f 199/199/199 203/203/203 206/206/206
f 201/201/201 202/202/202 207/207/207
f 201/201/201 208/208/208 203/203/203
f 201/201/201 207/207/207 208/208/208
f 202/202/202 209/209/209 207/207/207
f 203/203/203 208/208/208 210/210/210
f 203/203/203 210/210/210 206/206/206
f 207/207/207 209/209/209 211/211/211
f 207/207/207 211/211/211 212/212/212
f 207/207/207 212/212/212 208/208/208
f 208/208/208 212/212/212 213/213/213
f 208/208/208 213/213/213 210/210/210
f 209/209/209 214/214/214 211/211/211
f 211/211/211 215/215/215 216/216/216
f 211/211/211 214/214/214 215/215/215
f 211/211/211 216/216/216 217/217/217
f 211/211/211 217/217/217 212/212/212
f 212/212/212 217/217/217 218/218/218
f 212/212/212 218/218/218 213/213/213
f 215/215/215 219/219/219 216/216/216
f 215/215/215 220/220/220 219/219/219
f 216/216/216 219/219/219 221/221/221
f 216/216/216 221/221/221 222/222/222
f 216/216/216 222/222/222 217/217/217
f 217/217/217 222/222/222 223/223/223
f 217/217/217 223/223/223 218/218/218
f 219/219/219 220/220/220 224/224/224
f 219/219/219 224/224/224 225/225/225
f 219/219/219 226/226/226 221/221/221
f 219/219/219 225/225/225 226/226/226
f 221/221/221 226/226/226 227/227/227
f 221/221/221 223/223/223 222/222/222
f 221/221/221 227/227/227 223/223/223
f 224/224/224 228/228/228 225/225/225
f 225/225/225 228/228/228 229/229/229
f 225/225/225 229/229/229 230/230/230
f 225/225/225 230/230/230 226/226/226
f 226/226/226 230/230/230 231/231/231
f 226/226/226 231/231/231 227/227/227
f 228/228/228 232/232/232 229/229/229
f 229/229/229 233/233/233 234/234/234
f 229/229/229 232/232/232 233/233/233
f 229/229/229 234/234/234 230/230/230
f 230/230/230 234/234/234 235/235/235
f 230/230/230 235/235/235 231/231/231
f 232/232/232 236/236/236 233/233/233
f 233/233/233 236/236/236 237/237/237
f 233/233/233 237/237/237 238/238/238
f 233/233/233 238/238/238 234/234/234
f 234/234/234 238/238/238 239/239/239
f 234/234/234 239/239/239 235/235/235
f 236/236/236 240/240/240 241/241/241
f 236/236/236 241/241/241 237/237/237
f 237/237/237 241/241/241 238/238/238
f 238/238/238 242/242/242 243/243/243
f 238/238/238 243/243/243 244/244/244
f 238/238/238 241/241/241 242/242/242
f 238/238/238 244/244/244 239/239/239
f 240/240/240 245/245/245 241/241/241
f 241/241/241 246/246/246 242/242/242
f 241/241/241 247/247/247 246/246/246
f 241/241/241 245/245/245 247/247/247
f 242/242/242 246/246/246 243/243/243
f 243/243/243 246/246/246 248/248/248
f 245/245/245 249/249/249 250/250/250
f 245/245/245 250/250/250 247/247/247
f 246/246/246 251/251/251 252/252/252
f 246/246/246 252/252/252 248/248/248
f 246/246/246 250/250/250 251/251/251
f 246/246/246 247/247/247 250/250/250
f 249/249/249 253/253/253 254/254/254
f 249/249/249 254/254/254 250/250/250
f 250/250/250 254/254/254 251/251/251
f 251/251/251 255/255/255 252/252/252
f 251/251/251 256/256/256 255/255/255
f 251/251/251 254/254/254 256/256/256
f 253/253/253 257/257/257 254/254/254
f 253/253/253 258/258/258 257/257/257
f 254/254/254 257/257/257 256/256/256
f 255/255/255 256/256/256 259/259/259
f 256/256/256 260/260/260 259/259/259
f 256/256/256 257/257/257 260/260/260
f 257/257/257 261/261/261 260/260/260
f 257/257/257 258/258/258 261/261/261
f 258/258/258 262/262/262 261/261/261
f 259/259/259 260/260/260 263/263/263
f 260/260/260 264/264/264 263/263/263
f 260/260/260 261/261/261 264/264/264
f 261/261/261 265/265/265 264/264/264
f 261/261/261 266/266/266 265/265/265
f 261/261/261 262/262/262 266/266/266
f 263/263/263 264/264/264 267/267/267
f 264/264/264 268/268/268 267/267/267
f 264/264/264 265/265/265 268/268/268
f 265/265/265 269/269/269 270/270/270
f 265/265/265 270/270/270 268/268/268
f 265/265/265 266/266/266 269/269/269
f 266/266/266 271/271/271 269/269/269
f 267/267/267 268/268/268 270/270/270
f 267/267/267 270/270/270 272/272/272
f 269/269/269 273/273/273 274/274/274
f 269/269/269 274/274/274 270/270/270
f 269/269/269 271/271/271 275/275/275
f 269/269/269 275/275/275 273/273/273
f 270/270/270 274/274/274 272/272/272
f 272/272/272 274/274/274 276/276/276
f 273/273/273 277/277/277 274/274/274
f 273/273/273 278/278/278 277/277/277
f 273/273/273 275/275/275 279/279/279
f 273/273/273 279/279/279 278/278/278
f 274/274/274 277/277/277 276/276/276
f 276/276/276 277/277/277 280/280/280
f 277/277/277 281/281/281 280/280/280
f 277/277/277 278/278/278 281/281/281
f 278/278/278 282/282/282 281/281/281
f 278/278/278 283/283/283 282/282/282
f 278/278/278 279/279/279 283/283/283
f 280/280/280 281/281/281 284/284/284
f 281/281/281 285/285/285 284/284/284
f 281/281/281 282/282/282 285/285/285
f 282/282/282 286/286/286 285/285/285
f 282/282/282 283/283/283 287/287/287
f 282/282/282 287/287/287 286/286/286
f 284/284/284 285/285/285 288/288/288
f 285/285/285 289/289/289 288/288/288
f 285/285/285 290/290/290 291/291/291
f 285/285/285 286/286/286 290/290/290
f 285/285/285 291/291/291 289/289/289
f 286/286/286 287/287/287 290/290/290
f 287/287/287 292/292/292 290/290/290
f 293/293/293 294/294/294 295/295/295
f 294/294/294 296/296/296 295/295/295
f 294/294/294 297/297/297 296/296/296
f 294/294/294 298/298/298 297/297/297
f 295/295/295 296/296/296 299/299/299
f 295/295/295 299/299/299 300/300/300
f 296/296/296 297/297/297 299/299/299
f 297/297/297 301/301/301 299/299/299
f 297/297/297 298/298/298 302/302/302
f 297/297/297 302/302/302 301/301/301
f 298/298/298 303/303/303 302/302/302
f 299/299/299 304/304/304 300/300/300
f 299/299/299 305/305/305 304/304/304
f 299/299/299 301/301/301 306/306/306
f 299/299/299 306/306/306 305/305/305
f 301/301/301 302/302/302 307/307/307
f 301/301/301 308/308/308 306/306/306
f 301/301/301 307/307/307 308/308/308
f 302/302/302 303/303/303 309/309/309
f 302/302/302 309/309/309 307/307/307
f 303/303/303 310/310/310 309/309/309
f 307/307/307 309/309/309 311/311/311
f 307/307/307 311/311/311 312/312/312
f 307/307/307 312/312/312 308/308/308
f 309/309/309 310/310/310 313/313/313
f 309/309/309 313/313/313 311/311/311
f 310/310/310 314/314/314 313/313/313
f 311/311/311 313/313/313 315/315/315
f 311/311/311 316/316/316 312/312/312
f 311/311/311 315/315/315 316/316/316
f 313/313/313 317/317/317 318/318/318
f 313/313/313 314/314/314 317/317/317
f 313/313/313 318/318/318 315/315/315
f 315/315/315 318/318/318 319/319/319
f 315/315/315 319/319/319 320/320/320
f 315/315/315 320/320/320 316/316/316
f 317/317/317 321/321/321 318/318/318
f 317/317/317 322/322/322 321/321/321
f 318/318/318 321/321/321 323/323/323
f 318/318/318 323/323/323 319/319/319
f 319/319/319 323/323/323 320/320/320
f 320/320/320 323/323/323 324/324/324
f 321/321/321 322/322/322 325/325/325
f 321/321/321 325/325/325 326/326/326
f 321/321/321 326/326/326 327/327/327
f 321/321/321 327/327/327 323/323/323
f 323/323/323 327/327/327 324/324/324
f 324/324/324 327/327/327 328/328/328
f 325/325/325 329/329/329 326/326/326
f 326/326/326 329/329/329 330/330/330
f 326/326/326 330/330/330 331/331/331
f 326/326/326 331/331/331 327/327/327
f 327/327/327 331/331/331 328/328/328
f 328/328/328 331/331/331 332/332/332
f 329/329/329 333/333/333 330/330/330
f 330/330/330 333/333/333 334/334/334
f 330/330/330 334/334/334 335/335/335
f 330/330/330 335/335/335 331/331/331
f 331/331/331 335/335/335 332/332/332
f 332/332/332 335/335/335 336/336/336
f 333/333/333 337/337/337 334/334/334
f 334/334/334 338/338/338 339/339/339
f 334/334/334 337/337/337 338/338/338
f 334/334/334 339/339/339 335/335/335
f 335/335/335 339/339/339 336/336/336
f 336/336/336 339/339/339 340/340/340
f 337/337/337 341/341/341 342/342/342
f 337/337/337 342/342/342 338/338/338
f 338/338/338 342/342/342 339/339/339
f 339/339/339 343/343/343 344/344/344
f 339/339/339 342/342/342 343/343/343
f 339/339/339 344/344/344 340/340/340
f 341/341/341 345/345/345 342/342/342
f 342/342/342 346/346/346 343/343/343
f 342/342/342 347/347/347 346/346/346
f 342/342/342 345/345/345 347/347/347
f 343/343/343 346/346/346 344/344/344
f 344/344/344 346/346/346 348/348/348
f 345/345/345 349/349/349 347/347/347
f 345/345/345 350/350/350 349/349/349
f 346/346/346 351/351/351 352/352/352
f 346/346/346 352/352/352 348/348/348
f 346/346/346 349/349/349 351/351/351
f 346/346/346 347/347/347 349/349/349
f 349/349/349 353/353/353 351/351/351
f 349/349/349 350/350/350 353/353/353
f 350/350/350 354/354/354 353/353/353
f 351/351/351 355/355/355 352/352/352
f 351/351/351 356/356/356 355/355/355
f 351/351/351 353/353/353 356/356/356
f 353/353/353 357/357/357 356/356/356
f 353/353/353 354/354/354 357/357/357
f 354/354/354 358/358/358 357/357/357
f 355/355/355 356/356/356 359/359/359
f 356/356/356 360/360/360 359/359/359
f 356/356/356 357/357/357 360/360/360
f 357/357/357 361/361/361 360/360/360
f 357/357/357 358/358/358 361/361/361
f 358/358/358 362/362/362 361/361/361
f 359/359/359 360/360/360 363/363/363
f 360/360/360 364/364/364 363/363/363
f 360/360/360 361/361/361 364/364/364
f 361/361/361 365/365/365 364/364/364
f 361/361/361 362/362/362 366/366/366
f 361/361/361 366/366/366 365/365/365
f 363/363/363 364/364/364 367/367/367
f 364/364/364 368/368/368 367/367/367
f 364/364/364 365/365/365 368/368/368
f 365/365/365 369/369/369 370/370/370
f 365/365/365 370/370/370 368/368/368
f 365/365/365 366/366/366 369/369/369
f 366/366/366 371/371/371 369/369/369
f 367/367/367 370/370/370 372/372/372
f 367/367/367 368/368/368 370/370/370
f 369/369/369 373/373/373 374/374/374
f 369/369/369 374/374/374 370/370/370
f 369/369/369 375/375/375 373/373/373
f 369/369/369 371/371/371 375/375/375
f 370/370/370 374/374/374 372/372/372
f 372/372/372 374/374/374 376/376/376
f 373/373/373 377/377/377 374/374/374
f 373/373/373 378/378/378 377/377/377
f 373/373/373 379/379/379 378/378/378
f 373/373/373 375/375/375 379/379/379
f 374/374/374 377/377/377 376/376/376
f 376/376/376 377/377/377 380/380/380
f 377/377/377 381/381/381 380/380/380
f 377/377/377 378/378/378 381/381/381
f 378/378/378 382/382/382 381/381/381
f 378/378/378 383/383/383 382/382/382
f 378/378/378 379/379/379 383/383/383
f 380/380/380 381/381/381 384/384/384
f 381/381/381 385/385/385 384/384/384
f 381/381/381 382/382/382 385/385/385
f 382/382/382 383/383/383 386/386/386
f 382/382/382 386/386/386 387/387/387
f 382/382/382 387/387/387 385/385/385
f 384/384/384 385/385/385 388/388/388
f 385/385/385 389/389/389 388/388/388
f 385/385/385 390/390/390 391/391/391
f 385/385/385 387/387/387 390/390/390
f 385/385/385 391/391/391 389/389/389
f 386/386/386 390/390/390 387/387/387
f 386/386/386 392/392/392 390/390/390
f 393/393/393 394/394/394 395/395/395
f 394/394/394 396/396/396 395/395/395
f 394/394/394 397/397/397 398/398/398
f 394/394/394 398/398/398 396/396/396
f 395/395/395 396/396/396 399/399/399
f 395/395/395 399/399/399 400/400/400
f 396/396/396 398/398/398 399/399/399
f 397/397/397 401/401/401 402/402/402
f 397/397/397 402/402/402 398/398/398
f 398/398/398 403/403/403 399/399/399
f 398/398/398 402/402/402 403/403/403
f 399/399/399 404/404/404 400/400/400
f 399/399/399 405/405/405 404/404/404
f 399/399/399 403/403/403 406/406/406
f 399/399/399 406/406/406 405/405/405
f 401/401/401 407/407/407 402/402/402
f 401/401/401 408/408/408 407/407/407
f 402/402/402 409/409/409 403/403/403
f 402/402/402 407/407/407 409/409/409
f 403/403/403 410/410/410 406/406/406
f 403/403/403 409/409/409 410/410/410
f 407/407/407 408/408/408 411/411/411
f 407/407/407 411/411/411 412/412/412
f 407/407/407 412/412/412 409/409/409
f 408/408/408 413/413/413 411/411/411
f 409/409/409 414/414/414 410/410/410
f 409/409/409 412/412/412 414/414/414
f 411/411/411 415/415/415 416/416/416
f 411/411/411 413/413/413 415/415/415
f 411/411/411 416/416/416 417/417/417
f 411/411/411 417/417/417 412/412/412
f 412/412/412 417/417/417 418/418/418
f 412/412/412 418/418/418 414/414/414
f 415/415/415 419/419/419 416/416/416
f 415/415/415 420/420/420 419/419/419
f 416/416/416 421/421/421 422/422/422
f 416/416/416 419/419/419 421/421/421
f 416/416/416 422/422/422 417/417/417
f 417/417/417 422/422/422 423/423/423
f 417/417/417 423/423/423 418/418/418
f 419/419/419 424/424/424 425/425/425
f 419/419/419 420/420/420 424/424/424
f 419/419/419 425/425/425 426/426/426
f 419/419/419 426/426/426 421/421/421
f 421/421/421 426/426/426 427/427/427
f 421/421/421 427/427/427 423/423/423
f 421/421/421 423/423/423 422/422/422
f 424/424/424 428/428/428 425/425/425
f 425/425/425 428/428/428 429/429/429
f 425/425/425 429/429/429 430/430/430
f 425/425/425 430/430/430 426/426/426
f 426/426/426 430/430/430 431/431/431
f 426/426/426 431/431/431 427/427/427
f 428/428/428 432/432/432 429/429/429
f 429/429/429 432/432/432 433/433/433
f 429/429/429 433/433/433 434/434/434
f 429/429/429 434/434/434 430/430/430
f 430/430/430 434/434/434 435/435/435
f 430/430/430 435/435/435 431/431/431
f 432/432/432 436/436/436 433/433/433
f 433/433/433 436/436/436 437/437/437
f 433/433/433 437/437/437 438/438/438
f 433/433/433 438/438/438 434/434/434
f 434/434/434 438/438/438 439/439/439
f 434/434/434 439/439/439 435/435/435
f 436/436/436 440/440/440 441/441/441
f 436/436/436 441/441/441 437/437/437
f 437/437/437 441/441/441 438/438/438
f 438/438/438 442/442/442 443/443/443
f 438/438/438 441/441/441 442/442/442
f 438/438/438 443/443/443 444/444/444
f 438/438/438 444/444/444 439/439/439
f 440/440/440 445/445/445 441/441/441
f 441/441/441 446/446/446 442/442/442
f 441/441/441 447/447/447 446/446/446
f 441/441/441 445/445/445 447/447/447
f 442/442/442 446/446/446 443/443/443
f 443/443/443 446/446/446 448/448/448
f 445/445/445 449/449/449 450/450/450
f 445/445/445 450/450/450 447/447/447
f 446/446/446 451/451/451 452/452/452
f 446/446/446 452/452/452 448/448/448
f 446/446/446 450/450/450 451/451/451
f 446/446/446 447/447/447 450/450/450
f 449/449/449 453/453/453 450/450/450
f 449/449/449 454/454/454 453/453/453
f 450/450/450 453/453/453 451/451/451
f 451/451/451 455/455/455 456/456/456
f 451/451/451 456/456/456 452/452/452
f 451/451/451 453/453/453 455/455/455
f 453/453/453 457/457/457 455/455/455
f 453/453/453 454/454/454 457/457/457
f 454/454/454 458/458/458 457/457/457
f 455/455/455 459/459/459 456/456/456
f 455/455/455 460/460/460 459/459/459
f 455/455/455 457/457/457 460/460/460
f 457/457/457 461/461/461 460/460/460
f 457/457/457 458/458/458 461/461/461
f 458/458/458 462/462/462 461/461/461
f 459/459/459 460/460/460 463/463/463
f 460/460/460 464/464/464 463/463/463
f 460/460/460 461/461/461 464/464/464
f 461/461/461 465/465/465 464/464/464
f 461/461/461 462/462/462 466/466/466
f 461/461/461 466/466/466 465/465/465
f 463/463/463 464/464/464 467/467/467
f 464/464/464 468/468/468 467/467/467
f 464/464/464 465/465/465 468/468/468
f 465/465/465 469/469/469 468/468/468
f 465/465/465 470/470/470 469/469/469
f 465/465/465 466/466/466 470/470/470
f 466/466/466 471/471/471 470/470/470
f 467/467/467 469/469/469 472/472/472
f 467/467/467 468/468/468 469/469/469
f 469/469/469 473/473/473 472/472/472
f 469/469/469 470/470/470 473/473/473
f 470/470/470 474/474/474 473/473/473
f 470/470/470 475/475/475 474/474/474
f 470/470/470 471/471/471 475/475/475
f 472/472/472 473/473/473 476/476/476
f 473/473/473 477/477/477 476/476/476
f 473/473/473 474/474/474 477/477/477
f 474/474/474 478/478/478 477/477/477
f 474/474/474 475/475/475 479/479/479
f 474/474/474 479/479/479 478/478/478
f 476/476/476 477/477/477 480/480/480
f 477/477/477 481/481/481 480/480/480
f 477/477/477 478/478/478 481/481/481
f 478/478/478 482/482/482 481/481/481
f 478/478/478 483/483/483 482/482/482
f 478/478/478 479/479/479 483/483/483
f 480/480/480 481/481/481 484/484/484
f 481/481/481 485/485/485 484/484/484
f 481/481/481 482/482/482 485/485/485
f 482/482/482 483/483/483 486/486/486
f 482/482/482 486/486/486 487/487/487
f 482/482/482 487/487/487 485/485/485
f 484/484/484 485/485/485 488/488/488
f 485/485/485 489/489/489 488/488/488
f 485/485/485 487/487/487 490/490/490
f 485/485/485 491/491/491 489/489/489
f 485/485/485 490/490/490 491/491/491
f 486/486/486 490/490/490 487/487/487
f 486/486/486 492/492/492 490/490/490
f 493/493/493 494/494/494 495/495/495
f 495/495/495 496/496/496 497/497/497
f 495/495/495 494/494/494 496/496/496
f 497/497/497 496/496/496 498/498/498
f 497/497/497 498/498/498 499/499/499
f 499/499/499 498/498/498 500/500/500
f 499/499/499 500/500/500 501/501/501
f 498/498/498 502/502/502 503/503/503
f 498/498/498 503/503/503 500/500/500
f 498/498/498 496/496/496 502/502/502
f 496/496/496 504/504/504 502/502/502
f 496/496/496 494/494/494 504/504/504
f 494/494/494 505/505/505 504/504/504
f 500/500/500 503/503/503 506/506/506
f 500/500/500 506/506/506 507/507/507
f 500/500/500 507/507/507 501/501/501
f 501/501/501 507/507/507 508/508/508
f 501/501/501 508/508/508 509/509/509
f 502/502/502 510/510/510 511/511/511
f 502/502/502 511/511/511 503/503/503
f 502/502/502 504/504/504 510/510/510
f 503/503/503 511/511/511 512/512/512
f 503/503/503 512/512/512 506/506/506
f 504/504/504 513/513/513 510/510/510
f 504/504/504 505/505/505 513/513/513
f 507/507/507 506/506/506 508/508/508
f 506/506/506 512/512/512 514/514/514
f 506/506/506 514/514/514 515/515/515
f 506/506/506 515/515/515 516/516/516
f 506/506/506 516/516/516 508/508/508
f 509/509/509 508/508/508 517/517/517
f 508/508/508 518/518/518 519/519/519
f 508/508/508 516/516/516 518/518/518
f 508/508/508 519/519/519 517/517/517
f 515/515/515 518/518/518 516/516/516
f 515/515/515 520/520/520 518/518/518
f 517/517/517 521/521/521 522/522/522
f 517/517/517 519/519/519 521/521/521
f 518/518/518 523/523/523 524/524/524
f 518/518/518 520/520/520 523/523/523
f 518/518/518 521/521/521 519/519/519
f 518/518/518 524/524/524 521/521/521
f 521/521/521 524/524/524 525/525/525
f 521/521/521 525/525/525 522/522/522
f 522/522/522 525/525/525 526/526/526
f 523/523/523 527/527/527 524/524/524
f 524/524/524 527/527/527 528/528/528
f 524/524/524 528/528/528 525/525/525
f 525/525/525 528/528/528 529/529/529
f 525/525/525 529/529/529 526/526/526
f 526/526/526 529/529/529 530/530/530
f 527/527/527 531/531/531 528/528/528
f 528/528/528 532/532/532 529/529/529
f 528/528/528 531/531/531 532/532/532
f 529/529/529 532/532/532 533/533/533
f 529/529/529 533/533/533 530/530/530
f 530/530/530 533/533/533 534/534/534
f 531/531/531 535/535/535 532/532/532
f 532/532/532 536/536/536 533/533/533
f 532/532/532 535/535/535 536/536/536
f 533/533/533 537/537/537 538/538/538
f 533/533/533 538/538/538 534/534/534
f 533/533/533 536/536/536 537/537/537
f 535/535/535 539/539/539 536/536/536
f 536/536/536 540/540/540 537/537/537
f 536/536/536 539/539/539 540/540/540
f 537/537/537 541/541/541 538/538/538
f 537/537/537 542/542/542 541/541/541
f 537/537/537 540/540/540 542/542/542
f 538/538/538 541/541/541 543/543/543
f 539/539/539 542/542/542 540/540/540
f 539/539/539 544/544/544 542/542/542
f 541/541/541 545/545/545 543/543/543
f 541/541/541 546/546/546 545/545/545
f 541/541/541 542/542/542 547/547/547
f 541/541/541 547/547/547 546/546/546
f 542/542/542 544/544/544 547/547/547
f 544/544/544 548/548/548 547/547/547
f 545/545/545 546/546/546 549/549/549
f 546/546/546 550/550/550 549/549/549
f 546/546/546 551/551/551 550/550/550
f 546/546/546 547/547/547 551/551/551
f 547/547/547 548/548/548 551/551/551
f 548/548/548 552/552/552 551/551/551
f 549/549/549 550/550/550 553/553/553
f 550/550/550 554/554/554 553/553/553
f 550/550/550 555/555/555 554/554/554
f 550/550/550 551/551/551 555/555/555
f 551/551/551 552/552/552 555/555/555
f 552/552/552 556/556/556 555/555/555
f 553/553/553 554/554/554 557/557/557
f 554/554/554 558/558/558 557/557/557
f 554/554/554 559/559/559 558/558/558
f 554/554/554 555/555/555 559/559/559
f 555/555/555 556/556/556 559/559/559
f 556/556/556 560/560/560 559/559/559
f 557/557/557 561/561/561 562/562/562
f 557/557/557 558/558/558 561/561/561
f 558/558/558 563/563/563 561/561/561
f 558/558/558 559/559/559 563/563/563
f 559/559/559 560/560/560 563/563/563
f 560/560/560 564/564/564 563/563/563
f 561/561/561 565/565/565 562/562/562
f 561/561/561 566/566/566 565/565/565
f 561/561/561 563/563/563 566/566/566
f 563/563/563 567/567/567 566/566/566
f 563/563/563 568/568/568 567/567/567
f 563/563/563 564/564/564 568/568/568
f 565/565/565 569/569/569 570/570/570
f 565/565/565 566/566/566 569/569/569
f 566/566/566 571/571/571 569/569/569
f 566/566/566 567/567/567 571/571/571
f 567/567/567 568/568/568 571/571/571
f 568/568/568 572/572/572 571/571/571
f 569/569/569 573/573/573 570/570/570
f 569/569/569 574/574/574 573/573/573
f 569/569/569 571/571/571 575/575/575
f 569/569/569 575/575/575 574/574/574
f 571/571/571 572/572/572 575/575/575
f 572/572/572 576/576/576 575/575/575
f 573/573/573 574/574/574 577/577/577
f 574/574/574 578/578/578 577/577/577
f 574/574/574 579/579/579 578/578/578
f 574/574/574 575/575/575 579/579/579
f 575/575/575 576/576/576 579/579/579
f 576/576/576 580/580/580 579/579/579
f 577/577/577 578/578/578 581/581/581
f 578/578/578 582/582/582 581/581/581
f 578/578/578 583/583/583 582/582/582
f 578/578/578 579/579/579 583/583/583
f 579/579/579 580/580/580 583/583/583
f 580/580/580 584/584/584 583/583/583
f 581/581/581 582/582/582 585/585/585
f 582/582/582 586/586/586 585/585/585
f 582/582/582 587/587/587 586/586/586
f 582/582/582 583/583/583 587/587/587
f 583/583/583 584/584/584 587/587/587
f 584/584/584 588/588/588 587/587/587
f 585/585/585 586/586/586 589/589/589
f 586/586/586 590/590/590 589/589/589
f 586/586/586 591/591/591 590/590/590
f 586/586/586 587/587/587 591/591/591
f 587/587/587 588/588/588 591/591/591
f 588/588/588 592/592/592 591/591/591
f 589/589/589 590/590/590 593/593/593
f 589/589/589 593/593/593 594/594/594
f 590/590/590 591/591/591 593/593/593
f 591/591/591 595/595/595 593/593/593
f 591/591/591 592/592/592 596/596/596
f 591/591/591 596/596/596 595/595/595
f 593/593/593 597/597/597 598/598/598
f 593/593/593 598/598/598 594/594/594
f 593/593/593 599/599/599 597/597/597
f 593/593/593 595/595/595 599/599/599
f 595/595/595 596/596/596 599/599/599
f 596/596/596 600/600/600 599/599/599
f 597/597/597 601/601/601 598/598/598
f 597/597/597 599/599/599 601/601/601
f 598/598/598 601/601/601 602/602/602
f 599/599/599 603/603/603 601/601/601
f 599/599/599 600/600/600 604/604/604
f 599/599/599 604/604/604 603/603/603
f 601/601/601 605/605/605 602/602/602
f 601/601/601 603/603/603 605/605/605
f 602/602/602 605/605/605 606/606/606
f 603/603/603 607/607/607 605/605/605
f 603/603/603 608/608/608 607/607/607
f 603/603/603 604/604/604 608/608/608
f 605/605/605 609/609/609 606/606/606
f 605/605/605 607/607/607 609/609/609
f 606/606/606 609/609/609 610/610/610
f 607/607/607 611/611/611 609/609/609
f 607/607/607 612/612/612 611/611/611
f 607/607/607 608/608/608 612/612/612
f 609/609/609 613/613/613 610/610/610
f 609/609/609 611/611/611 613/613/613
f 610/610/610 613/613/613 614/614/614
f 611/611/611 615/615/615 616/616/616
f 611/611/611 616/616/616 613/613/613
f 611/611/611 612/612/612 615/615/615
f 613/613/613 616/616/616 617/617/617
f 613/613/613 618/618/618 614/614/614
f 613/613/613 617/617/617 618/618/618
f 615/615/615 619/619/619 616/616/616
f 616/616/616 619/619/619 620/620/620
f 616/616/616 620/620/620 617/617/617
f 617/617/617 621/621/621 622/622/622
f 617/617/617 620/620/620 621/621/621
f 617/617/617 622/622/622 618/618/618
f 618/618/618 622/622/622 623/623/623
f 619/619/619 624/624/624 621/621/621
f 619/619/619 621/621/621 620/620/620
f 621/621/621 624/624/624 625/625/625
f 621/621/621 625/625/625 622/622/622
f 622/622/622 625/625/625 626/626/626
f 622/622/622 626/626/626 627/627/627
f 622/622/622 627/627/627 623/623/623
f 624/624/624 628/628/628 625/625/625
f 625/625/625 628/628/628 629/629/629
f 625/625/625 629/629/629 626/626/626
f 626/626/626 629/629/629 630/630/630
f 626/626/626 630/630/630 631/631/631
f 626/626/626 631/631/631 627/627/627
f 628/628/628 632/632/632 629/629/629
f 629/629/629 632/632/632 633/633/633
f 629/629/629 633/633/633 630/630/630
f 630/630/630 633/633/633 634/634/634
f 630/630/630 634/634/634 635/635/635
f 630/630/630 635/635/635 631/631/631
f 632/632/632 636/636/636 633/633/633
f 633/633/633 636/636/636 637/637/637
f 633/633/633 637/637/637 634/634/634
f 634/634/634 637/637/637 638/638/638
f 634/634/634 639/639/639 635/635/635
f 634/634/634 638/638/638 639/639/639
f 636/636/636 640/640/640 637/637/637
f 637/637/637 640/640/640 641/641/641
f 637/637/637 641/641/641 638/638/638
f 638/638/638 641/641/641 642/642/642
f 638/638/638 642/642/642 639/639/639
f 639/639/639 642/642/642 643/643/643
f 640/640/640 644/644/644 641/641/641
f 641/641/641 644/644/644 645/645/645
f 641/641/641 645/645/645 646/646/646
f 641/641/641 647/647/647 642/642/642
f 641/641/641 646/646/646 647/647/647
f 642/642/642 647/647/647 648/648/648
f 642/642/642 648/648/648 643/643/643
f 649/649/649 650/650/650 651/651/651
f 649/649/649 651/651/651 652/652/652
f 650/650/650 653/653/653 651/651/651
f 650/650/650 654/654/654 653/653/653
f 651/651/651 653/653/653 655/655/655
f 651/651/651 655/655/655 656/656/656
f 651/651/651 656/656/656 657/657/657
f 651/651/651 657/657/657 652/652/652
f 653/653/653 658/658/658 655/655/655
f 653/653/653 659/659/659 658/658/658
f 653/653/653 654/654/654 659/659/659
f 655/655/655 658/658/658 660/660/660
f 661/661/661 662/662/662 663/663/663
f 662/662/662 664/664/664 665/665/665
f 662/662/662 666/666/666 664/664/664
f 662/662/662 665/665/665 663/663/663
f 663/663/663 665/665/665 667/667/667
f 663/663/663 667/667/667 668/668/668
f 665/665/665 664/664/664 667/667/667
f 666/666/666 669/669/669 664/664/664
f 666/666/666 670/670/670 669/669/669
f 664/664/664 669/669/669 671/671/671
f 664/664/664 671/671/671 667/667/667
f 667/667/667 672/672/672 673/673/673
f 667/667/667 671/671/671 672/672/672
f 667/667/667 674/674/674 668/668/668
f 667/667/667 673/673/673 674/674/674
f 669/669/669 675/675/675 671/671/671
f 669/669/669 676/676/676 675/675/675
f 669/669/669 670/670/670 676/676/676
f 670/670/670 677/677/677 676/676/676
f 671/671/671 678/678/678 672/672/672
f 671/671/671 675/675/675 678/678/678
f 675/675/675 679/679/679 678/678/678
f 675/675/675 680/680/680 679/679/679
f 675/675/675 676/676/676 680/680/680
f 676/676/676 681/681/681 680/680/680
f 676/676/676 677/677/677 681/681/681
f 677/677/677 682/682/682 681/681/681
f 679/679/679 680/680/680 683/683/683
f 680/680/680 684/684/684 683/683/683
f 680/680/680 681/681/681 684/684/684
f 681/681/681 685/685/685 684/684/684
f 681/681/681 686/686/686 685/685/685
f 681/681/681 682/682/682 686/686/686
f 683/683/683 684/684/684 687/687/687
f 684/684/684 688/688/688 687/687/687
f 684/684/684 685/685/685 688/688/688
f 685/685/685 689/689/689 690/690/690
f 685/685/685 690/690/690 688/688/688
f 685/685/685 686/686/686 689/689/689
f 686/686/686 691/691/691 689/689/689
f 687/687/687 688/688/688 690/690/690
f 687/687/687 690/690/690 692/692/692
f 689/689/689 691/691/691 693/693/693
f 689/689/689 693/693/693 694/694/694
f 689/689/689 694/694/694 695/695/695
f 689/689/689 695/695/695 690/690/690
f 690/690/690 695/695/695 692/692/692
f 692/692/692 695/695/695 696/696/696
f 693/693/693 697/697/697 694/694/694
f 694/694/694 698/698/698 695/695/695
f 694/694/694 697/697/697 699/699/699
f 694/694/694 699/699/699 698/698/698
f 695/695/695 698/698/698 696/696/696
f 696/696/696 698/698/698 700/700/700
f 697/697/697 701/701/701 699/699/699
f 698/698/698 699/699/699 702/702/702
f 698/698/698 702/702/702 700/700/700
f 699/699/699 701/701/701 703/703/703
f 699/699/699 703/703/703 702/702/702
f 700/700/700 702/702/702 704/704/704
f 701/701/701 705/705/705 703/703/703
f 702/702/702 703/703/703 706/706/706
f 702/702/702 706/706/706 704/704/704
f 703/703/703 705/705/705 707/707/707
f 703/703/703 707/707/707 706/706/706
f 704/704/704 706/706/706 708/708/708
f 705/705/705 709/709/709 707/707/707
f 705/705/705 710/710/710 709/709/709
f 706/706/706 707/707/707 709/709/709
f 706/706/706 709/709/709 711/711/711
f 706/706/706 712/712/712 708/708/708
f 706/706/706 711/711/711 712/712/712
f 709/709/709 710/710/710 713/713/713
f 709/709/709 713/713/713 714/714/714
f 709/709/709 714/714/714 715/715/715
f 709/709/709 715/715/715 711/711/711
f 711/711/711 715/715/715 712/712/712
f 712/712/712 715/715/715 716/716/716
f 713/713/713 717/717/717 718/718/718
f 713/713/713 718/718/718 714/714/714
f 714/714/714 718/718/718 715/715/715
f 715/715/715 718/718/718 719/719/719
f 715/715/715 720/720/720 716/716/716
f 715/715/715 719/719/719 720/720/720
f 717/717/717 721/721/721 722/722/722
f 717/717/717 722/722/722 718/718/718
f 718/718/718 722/722/722 719/719/719
f 719/719/719 722/722/722 723/723/723
f 719/719/719 723/723/723 724/724/724
f 719/719/719 724/724/724 720/720/720
f 721/721/721 725/725/725 726/726/726
f 721/721/721 726/726/726 722/722/722
f 722/722/722 726/726/726 723/723/723
f 723/723/723 726/726/726 727/727/727
f 723/723/723 727/727/727 728/728/728
f 723/723/723 728/728/728 724/724/724
f 725/725/725 729/729/729 730/730/730
f 725/725/725 730/730/730 726/726/726
f 726/726/726 730/730/730 727/727/727
f 727/727/727 730/730/730 731/731/731
f 727/727/727 731/731/731 732/732/732
f 727/727/727 732/732/732 728/728/728
f 729/729/729 733/733/733 730/730/730
f 730/730/730 733/733/733 734/734/734
f 730/730/730 734/734/734 731/731/731
f 731/731/731 734/734/734 735/735/735
f 731/731/731 735/735/735 736/736/736
f 731/731/731 736/736/736 732/732/732
f 733/733/733 737/737/737 738/738/738
f 733/733/733 738/738/738 734/734/734
f 734/734/734 739/739/739 735/735/735
f 734/734/734 738/738/738 739/739/739
f 735/735/735 739/739/739 736/736/736
f 736/736/736 739/739/739 740/740/740
f 737/737/737 741/741/741 738/738/738
f 738/738/738 742/742/742 743/743/743
f 738/738/738 743/743/743 739/739/739
f 738/738/738 741/741/741 742/742/742
f 739/739/739 743/743/743 740/740/740
f 740/740/740 743/743/743 744/744/744
f 741/741/741 745/745/745 742/742/742
f 742/742/742 746/746/746 747/747/747
f 742/742/742 745/745/745 746/746/746
f 742/742/742 747/747/747 743/743/743
f 743/743/743 747/747/747 744/744/744
f 744/744/744 747/747/747 748/748/748
f 745/745/745 749/749/749 746/746/746
f 746/746/746 750/750/750 751/751/751
f 746/746/746 751/751/751 747/747/747
f 746/746/746 749/749/749 750/750/750
f 747/747/747 751/751/751 748/748/748
f 748/748/748 751/751/751 752/752/752
f 749/749/749 753/753/753 750/750/750
f 750/750/750 754/754/754 755/755/755
f 750/750/750 755/755/755 751/751/751
f 750/750/750 753/753/753 754/754/754
f 751/751/751 755/755/755 752/752/752
f 752/752/752 755/755/755 756/756/756
f 753/753/753 757/757/757 758/758/758
f 753/753/753 758/758/758 754/754/754
f 754/754/754 758/758/758 755/755/755
f 755/755/755 759/759/759 756/756/756
f 755/755/755 760/760/760 759/759/759
f 755/755/755 758/758/758 760/760/760
f 761/761/761 762/762/762 763/763/763
f 762/762/762 764/764/764 763/763/763
f 762/762/762 765/765/765 764/764/764
f 762/762/762 766/766/766 765/765/765
f 763/763/763 767/767/767 768/768/768
f 763/763/763 764/764/764 767/767/767
f 764/764/764 765/765/765 767/767/767
f 765/765/765 769/769/769 767/767/767
f 765/765/765 766/766/766 770/770/770
f 765/765/765 770/770/770 769/769/769
f 766/766/766 771/771/771 770/770/770
f 767/767/767 772/772/772 768/768/768
f 767/767/767 773/773/773 772/772/772
f 767/767/767 769/769/769 774/774/774
f 767/767/767 774/774/774 773/773/773
f 769/769/769 770/770/770 775/775/775
f 769/769/769 776/776/776 774/774/774
f 769/769/769 775/775/775 776/776/776
f 770/770/770 771/771/771 777/777/777
f 770/770/770 777/777/777 775/775/775
f 771/771/771 778/778/778 777/777/777
f 775/775/775 777/777/777 779/779/779
f 775/775/775 780/780/780 776/776/776
f 775/775/775 779/779/779 780/780/780
f 777/777/777 778/778/778 781/781/781
f 777/777/777 781/781/781 779/779/779
f 778/778/778 782/782/782 781/781/781
f 779/779/779 781/781/781 783/783/783
f 779/779/779 783/783/783 784/784/784
f 779/779/779 784/784/784 780/780/780
f 781/781/781 785/785/785 786/786/786
f 781/781/781 782/782/782 785/785/785
f 781/781/781 786/786/786 783/783/783
f 783/783/783 786/786/786 787/787/787
f 783/783/783 788/788/788 784/784/784
f 783/783/783 787/787/787 788/788/788
f 785/785/785 789/789/789 786/786/786
f 785/785/785 790/790/790 789/789/789
f 786/786/786 791/791/791 787/787/787
f 786/786/786 789/789/789 791/791/791
f 787/787/787 791/791/791 788/788/788
f 788/788/788 791/791/791 792/792/792
f 789/789/789 790/790/790 793/793/793
f 789/789/789 793/793/793 794/794/794
f 789/789/789 794/794/794 795/795/795
f 789/789/789 795/795/795 791/791/791
f 791/791/791 795/795/795 792/792/792
f 792/792/792 795/795/795 796/796/796
f 793/793/793 797/797/797 794/794/794
f 794/794/794 797/797/797 798/798/798
f 794/794/794 798/798/798 799/799/799
f 794/794/794 799/799/799 795/795/795
f 795/795/795 799/799/799 796/796/796
f 796/796/796 799/799/799 800/800/800
f 797/797/797 801/801/801 798/798/798
f 798/798/798 801/801/801 802/802/802
f 798/798/798 802/802/802 803/803/803
f 798/798/798 803/803/803 799/799/799
f 799/799/799 803/803/803 800/800/800
f 800/800/800 803/803/803 804/804/804
f 801/801/801 805/805/805 802/802/802
f 802/802/802 805/805/805 806/806/806
f 802/802/802 806/806/806 807/807/807
f 802/802/802 807/807/807 803/803/803
f 803/803/803 807/807/807 804/804/804
f 804/804/804 807/807/807 808/808/808
f 805/805/805 809/809/809 810/810/810
f 805/805/805 810/810/810 806/806/806
f 806/806/806 810/810/810 807/807/807
f 807/807/807 810/810/810 811/811/811
f 807/807/807 811/811/811 812/812/812
f 807/807/807 812/812/812 808/808/808
f 809/809/809 813/813/813 810/810/810
f 810/810/810 814/814/814 815/815/815
f 810/810/810 815/815/815 811/811/811
f 810/810/810 813/813/813 814/814/814
f 811/811/811 815/815/815 812/812/812
f 812/812/812 815/815/815 816/816/816
f 813/813/813 817/817/817 814/814/814
f 813/813/813 818/818/818 817/817/817
f 814/814/814 817/817/817 815/815/815
f 815/815/815 819/819/819 820/820/820
f 815/815/815 820/820/820 816/816/816
f 815/815/815 817/817/817 819/819/819
f 817/817/817 821/821/821 819/819/819
f 817/817/817 818/818/818 821/821/821
f 818/818/818 822/822/822 821/821/821
f 819/819/819 823/823/823 824/824/824
f 819/819/819 824/824/824 820/820/820
f 819/819/819 821/821/821 823/823/823
f 821/821/821 825/825/825 823/823/823
f 821/821/821 822/822/822 825/825/825
f 822/822/822 826/826/826 825/825/825
f 823/823/823 827/827/827 828/828/828
f 823/823/823 828/828/828 824/824/824
f 823/823/823 825/825/825 827/827/827
f 825/825/825 829/829/829 827/827/827
f 825/825/825 826/826/826 829/829/829
f 826/826/826 830/830/830 829/829/829
f 827/827/827 831/831/831 828/828/828
f 827/827/827 832/832/832 831/831/831
f 827/827/827 829/829/829 832/832/832
f 829/829/829 833/833/833 832/832/832
f 829/829/829 834/834/834 833/833/833
f 829/829/829 830/830/830 834/834/834
f 831/831/831 832/832/832 835/835/835
f 832/832/832 836/836/836 835/835/835
f 832/832/832 833/833/833 836/836/836
f 833/833/833 837/837/837 836/836/836
f 833/833/833 838/838/838 837/837/837
f 833/833/833 834/834/834 838/838/838
f 834/834/834 839/839/839 838/838/838
f 835/835/835 836/836/836 837/837/837
f 835/835/835 837/837/837 840/840/840
f 837/837/837 841/841/841 840/840/840
f 837/837/837 838/838/838 841/841/841
f 838/838/838 842/842/842 841/841/841
f 838/838/838 839/839/839 843/843/843
f 838/838/838 843/843/843 842/842/842
f 840/840/840 841/841/841 844/844/844
f 841/841/841 845/845/845 844/844/844
f 841/841/841 842/842/842 845/845/845
f 842/842/842 846/846/846 845/845/845
f 842/842/842 847/847/847 846/846/846
f 842/842/842 843/843/843 847/847/847
f 844/844/844 845/845/845 848/848/848
f 845/845/845 849/849/849 848/848/848
f 845/845/845 846/846/846 849/849/849
f 846/846/846 850/850/850 849/849/849
f 846/846/846 847/847/847 851/851/851
f 846/846/846 851/851/851 850/850/850
f 848/848/848 849/849/849 852/852/852
f 849/849/849 853/853/853 852/852/852
f 849/849/849 850/850/850 853/853/853
f 850/850/850 854/854/854 853/853/853
f 850/850/850 851/851/851 855/855/855
f 850/850/850 855/855/855 854/854/854
f 852/852/852 853/853/853 856/856/856
f 853/853/853 857/857/857 856/856/856
f 853/853/853 858/858/858 857/857/857
f 853/853/853 859/859/859 858/858/858
f 853/853/853 854/854/854 859/859/859
f 854/854/854 855/855/855 859/859/859
f 855/855/855 860/860/860 859/859/859
f 861/861/861 862/862/862 863/863/863
f 862/862/862 864/864/864 863/863/863
f 862/862/862 865/865/865 864/864/864
f 862/862/862 866/866/866 865/865/865
f 863/863/863 867/867/867 868/868/868
f 863/863/863 864/864/864 867/867/867
f 864/864/864 865/865/865 867/867/867
f 865/865/865 869/869/869 867/867/867
f 865/865/865 866/866/866 870/870/870
f 865/865/865 870/870/870 869/869/869
f 866/866/866 871/871/871 870/870/870
f 867/867/867 872/872/872 868/868/868
f 867/867/867 873/873/873 872/872/872
f 867/867/867 874/874/874 873/873/873
f 867/867/867 869/869/869 874/874/874
f 869/869/869 870/870/870 875/875/875
f 869/869/869 875/875/875 876/876/876
f 869/869/869 876/876/876 874/874/874
f 870/870/870 871/871/871 877/877/877
f 870/870/870 877/877/877 875/875/875
f 871/871/871 878/878/878 877/877/877
f 875/875/875 877/877/877 879/879/879
f 875/875/875 880/880/880 876/876/876
f 875/875/875 879/879/879 880/880/880
f 877/877/877 878/878/878 881/881/881
f 877/877/877 881/881/881 879/879/879
f 878/878/878 882/882/882 881/881/881
f 879/879/879 881/881/881 883/883/883
f 879/879/879 883/883/883 884/884/884
f 879/879/879 884/884/884 880/880/880
f 881/881/881 882/882/882 885/885/885
f 881/881/881 885/885/885 886/886/886
f 881/881/881 886/886/886 883/883/883
f 883/883/883 886/886/886 887/887/887
f 883/883/883 888/888/888 884/884/884
f 883/883/883 887/887/887 888/888/888
f 885/885/885 889/889/889 886/886/886
f 885/885/885 890/890/890 889/889/889
f 886/886/886 889/889/889 891/891/891
f 886/886/886 891/891/891 887/887/887
f 887/887/887 891/891/891 888/888/888
f 888/888/888 891/891/891 892/892/892
f 889/889/889 893/893/893 894/894/894
f 889/889/889 890/890/890 893/893/893
f 889/889/889 895/895/895 891/891/891
f 889/889/889 894/894/894 895/895/895
f 891/891/891 895/895/895 892/892/892
f 892/892/892 895/895/895 896/896/896
f 893/893/893 897/897/897 894/894/894
f 894/894/894 897/897/897 898/898/898
f 894/894/894 898/898/898 899/899/899
f 894/894/894 899/899/899 895/895/895
f 895/895/895 899/899/899 896/896/896
f 896/896/896 899/899/899 900/900/900
f 897/897/897 901/901/901 898/898/898
f 898/898/898 901/901/901 902/902/902
f 898/898/898 902/902/902 903/903/903
f 898/898/898 903/903/903 899/899/899
f 899/899/899 903/903/903 900/900/900
f 900/900/900 903/903/903 904/904/904
f 901/901/901 905/905/905 902/902/902
f 902/902/902 905/905/905 906/906/906
f 902/902/902 906/906/906 907/907/907
f 902/902/902 907/907/907 903/903/903
f 903/903/903 907/907/907 904/904/904
f 904/904/904 907/907/907 908/908/908
f 905/905/905 909/909/909 910/910/910
f 905/905/905 910/910/910 906/906/906
f 906/906/906 910/910/910 907/907/907
f 907/907/907 910/910/910 911/911/911
f 907/907/907 911/911/911 912/912/912
f 907/907/907 912/912/912 908/908/908
f 909/909/909 913/913/913 910/910/910
f 910/910/910 914/914/914 915/915/915
f 910/910/910 915/915/915 911/911/911
f 910/910/910 913/913/913 914/914/914
f 911/911/911 915/915/915 912/912/912
f 912/912/912 915/915/915 916/916/916
f 913/913/913 917/917/917 914/914/914
f 913/913/913 918/918/918 917/917/917
f 914/914/914 917/917/917 915/915/915
f 915/915/915 919/919/919 920/920/920
f 915/915/915 920/920/920 916/916/916
f 915/915/915 917/917/917 919/919/919
f 917/917/917 921/921/921 919/919/919
f 917/917/917 918/918/918 921/921/921
f 918/918/918 922/922/922 921/921/921
f 919/919/919 923/923/923 920/920/920
f 919/919/919 924/924/924 923/923/923
f 919/919/919 921/921/921 924/924/924
f 921/921/921 925/925/925 924/924/924
f 921/921/921 922/922/922 925/925/925
f 922/922/922 926/926/926 925/925/925
f 923/923/923 924/924/924 927/927/927
f 924/924/924 928/928/928 927/927/927
f 924/924/924 925/925/925 928/928/928
f 925/925/925 929/929/929 928/928/928
f 925/925/925 926/926/926 929/929/929
f 926/926/926 930/930/930 929/929/929
f 927/927/927 928/928/928 931/931/931
f 928/928/928 932/932/932 931/931/931
f 928/928/928 929/929/929 932/932/932
f 929/929/929 933/933/933 932/932/932
f 929/929/929 930/930/930 934/934/934
f 929/929/929 934/934/934 933/933/933
f 931/931/931 932/932/932 935/935/935
f 932/932/932 936/936/936 935/935/935
f 932/932/932 933/933/933 936/936/936
f 933/933/933 937/937/937 936/936/936
f 933/933/933 938/938/938 937/937/937
f 933/933/933 934/934/934 938/938/938
f 934/934/934 939/939/939 938/938/938
f 935/935/935 936/936/936 937/937/937
f 935/935/935 937/937/937 940/940/940
f 937/937/937 941/941/941 940/940/940
f 937/937/937 938/938/938 941/941/941
f 938/938/938 942/942/942 941/941/941
f 938/938/938 943/943/943 942/942/942
f 938/938/938 939/939/939 943/943/943
f 940/940/940 941/941/941 944/944/944
f 941/941/941 945/945/945 944/944/944
f 941/941/941 942/942/942 945/945/945
f 942/942/942 946/946/946 945/945/945
f 942/942/942 943/943/943 947/947/947
f 942/942/942 947/947/947 946/946/946
f 944/944/944 945/945/945 948/948/948
f 945/945/945 949/949/949 948/948/948
f 945/945/945 946/946/946 949/949/949
f 946/946/946 950/950/950 949/949/949
f 946/946/946 951/951/951 950/950/950
f 946/946/946 947/947/947 951/951/951
f 948/948/948 949/949/949 952/952/952
f 949/949/949 953/953/953 952/952/952
f 949/949/949 950/950/950 953/953/953
f 950/950/950 954/954/954 953/953/953
f 950/950/950 955/955/955 954/954/954
f 950/950/950 951/951/951 955/955/955
f 952/952/952 953/953/953 956/956/956
f 953/953/953 957/957/957 956/956/956
f 953/953/953 958/958/958 957/957/957
f 953/953/953 954/954/954 959/959/959
f 953/953/953 959/959/959 958/958/958
f 954/954/954 955/955/955 959/959/959
f 955/955/955 960/960/960 959/959/959
f 961/961/961 962/962/962 963/963/963
f 962/962/962 964/964/964 963/963/963
f 962/962/962 965/965/965 966/966/966
f 962/962/962 966/966/966 964/964/964
f 963/963/963 964/964/964 967/967/967
f 963/963/963 967/967/967 968/968/968
f 964/964/964 966/966/966 967/967/967
f 965/965/965 969/969/969 966/966/966
f 965/965/965 970/970/970 969/969/969
f 966/966/966 971/971/971 967/967/967
f 966/966/966 969/969/969 971/971/971
f 967/967/967 972/972/972 968/968/968
f 967/967/967 973/973/973 972/972/972
f 967/967/967 971/971/971 974/974/974
f 967/967/967 974/974/974 973/973/973
f 969/969/969 970/970/970 975/975/975
f 969/969/969 976/976/976 971/971/971
f 969/969/969 975/975/975 976/976/976
f 970/970/970 977/977/977 975/975/975
f 971/971/971 978/978/978 974/974/974
f 971/971/971 976/976/976 978/978/978
f 975/975/975 977/977/977 979/979/979
f 975/975/975 980/980/980 976/976/976
f 975/975/975 979/979/979 980/980/980
f 976/976/976 981/981/981 978/978/978
f 976/976/976 980/980/980 981/981/981
f 977/977/977 982/982/982 979/979/979
f 979/979/979 983/983/983 984/984/984
f 979/979/979 982/982/982 983/983/983
f 979/979/979 985/985/985 980/980/980
f 979/979/979 984/984/984 985/985/985
f 980/980/980 986/986/986 981/981/981
f 980/980/980 985/985/985 986/986/986
f 983/983/983 987/987/987 984/984/984
f 983/983/983 988/988/988 987/987/987
f 984/984/984 989/989/989 985/985/985
f 984/984/984 987/987/987 990/990/990
f 984/984/984 990/990/990 989/989/989
f 985/985/985 989/989/989 991/991/991
f 985/985/985 991/991/991 986/986/986
f 987/987/987 988/988/988 992/992/992
f 987/987/987 992/992/992 993/993/993
f 987/987/987 993/993/993 994/994/994
f 987/987/987 994/994/994 990/990/990
f 989/989/989 990/990/990 991/991/991
f 990/990/990 995/995/995 991/991/991
f 990/990/990 994/994/994 995/995/995
f 992/992/992 996/996/996 993/993/993
f 993/993/993 996/996/996 997/997/997
f 993/993/993 997/997/997 998/998/998
f 993/993/993 998/998/998 994/994/994
f 994/994/994 998/998/998 999/999/999
f 994/994/994 999/999/999 995/995/995
f 996/996/996 1000/1000/1000 997/997/997
f 997/997/997 1000/1000/1000 1001/1001/1001
f 997/997/997 1001/1001/1001 1002/1002/1002
f 997/997/997 1002/1002/1002 998/998/998
f 998/998/998 1002/1002/1002 1003/1003/1003
f 998/998/998 1003/1003/1003 999/999/999
f 1000/1000/1000 1004/1004/1004 1001/1001/1001
f 1001/1001/1001 1004/1004/1004 1005/1005/1005
f 1001/1001/1001 1005/1005/1005 1006/1006/1006
f 1001/1001/1001 1006/1006/1006 1002/1002/1002
f 1002/1002/1002 1006/1006/1006 1007/1007/1007
f 1002/1002/1002 1007/1007/1007 1003/1003/1003
f 1004/1004/1004 1008/1008/1008 1009/1009/1009
f 1004/1004/1004 1009/1009/1009 1005/1005/1005
f 1005/1005/1005 1009/1009/1009 1006/1006/1006
f 1006/1006/1006 1009/1009/1009 1010/1010/1010
f 1006/1006/1006 1010/1010/1010 1011/1011/1011
f 1006/1006/1006 1011/1011/1011 1012/1012/1012
f 1006/1006/1006 1012/1012/1012 1007/1007/1007
f 1008/1008/1008 1013/1013/1013 1009/1009/1009
f 1009/1009/1009 1014/1014/1014 1010/1010/1010
f 1009/1009/1009 1015/1015/1015 1014/1014/1014
f 1009/1009/1009 1013/1013/1013 1015/1015/1015
f 1010/1010/1010 1014/1014/1014 1011/1011/1011
f 1011/1011/1011 1014/1014/1014 1016/1016/1016
f 1013/1013/1013 1017/1017/1017 1018/1018/1018
f 1013/1013/1013 1018/1018/1018 1015/1015/1015
f 1014/1014/1014 1019/1019/1019 1020/1020/1020
f 1014/1014/1014 1020/1020/1020 1016/1016/1016
f 1014/1014/1014 1018/1018/1018 1019/1019/1019
f 1014/1014/1014 1015/1015/1015 1018/1018/1018
f 1017/1017/1017 1021/1021/1021 1022/1022/1022
f 1017/1017/1017 1022/1022/1022 1018/1018/1018
f 1018/1018/1018 1022/1022/1022 1019/1019/1019
f 1019/1019/1019 1023/1023/1023 1020/1020/1020
f 1019/1019/1019 1024/1024/1024 1023/1023/1023
f 1019/1019/1019 1022/1022/1022 1024/1024/1024
f 1021/1021/1021 1025/1025/1025 1026/1026/1026
f 1021/1021/1021 1026/1026/1026 1022/1022/1022
f 1022/1022/1022 1026/1026/1026 1024/1024/1024
f 1023/1023/1023 1024/1024/1024 1027/1027/1027
f 1024/1024/1024 1028/1028/1028 1027/1027/1027
f 1024/1024/1024 1026/1026/1026 1028/1028/1028
f 1025/1025/1025 1029/1029/1029 1026/1026/1026
f 1025/1025/1025 1030/1030/1030 1029/1029/1029
f 1026/1026/1026 1029/1029/1029 1028/1028/1028
f 1027/1027/1027 1028/1028/1028 1031/1031/1031
f 1028/1028/1028 1032/1032/1032 1031/1031/1031
f 1028/1028/1028 1029/1029/1029 1032/1032/1032
f 1029/1029/1029 1033/1033/1033 1032/1032/1032
f 1029/1029/1029 1034/1034/1034 1033/1033/1033
f 1029/1029/1029 1030/1030/1030 1034/1034/1034
f 1031/1031/1031 1032/1032/1032 1035/1035/1035
f 1032/1032/1032 1036/1036/1036 1035/1035/1035
f 1032/1032/1032 1033/1033/1033 1036/1036/1036
f 1033/1033/1033 1037/1037/1037 1038/1038/1038
f 1033/1033/1033 1038/1038/1038 1036/1036/1036
f 1033/1033/1033 1034/1034/1034 1037/1037/1037
f 1034/1034/1034 1039/1039/1039 1037/1037/1037
f 1035/1035/1035 1036/1036/1036 1038/1038/1038
f 1035/1035/1035 1038/1038/1038 1040/1040/1040
f 1037/1037/1037 1041/1041/1041 1042/1042/1042
f 1037/1037/1037 1042/1042/1042 1038/1038/1038
f 1037/1037/1037 1043/1043/1043 1041/1041/1041
f 1037/1037/1037 1039/1039/1039 1043/1043/1043
f 1038/1038/1038 1042/1042/1042 1040/1040/1040
f 1040/1040/1040 1042/1042/1042 1044/1044/1044
f 1041/1041/1041 1045/1045/1045 1042/1042/1042
f 1041/1041/1041 1046/1046/1046 1045/1045/1045
f 1041/1041/1041 1047/1047/1047 1046/1046/1046
f 1041/1041/1041 1043/1043/1043 1047/1047/1047
f 1042/1042/1042 1045/1045/1045 1044/1044/1044
f 1044/1044/1044 1045/1045/1045 1048/1048/1048
f 1045/1045/1045 1049/1049/1049 1048/1048/1048
f 1045/1045/1045 1046/1046/1046 1049/1049/1049
f 1046/1046/1046 1050/1050/1050 1049/1049/1049
f 1046/1046/1046 1047/1047/1047 1051/1051/1051
f 1046/1046/1046 1051/1051/1051 1050/1050/1050
f 1048/1048/1048 1049/1049/1049 1052/1052/1052
f 1049/1049/1049 1053/1053/1053 1052/1052/1052
f 1049/1049/1049 1050/1050/1050 1053/1053/1053
f 1050/1050/1050 1054/1054/1054 1053/1053/1053
f 1050/1050/1050 1051/1051/1051 1055/1055/1055
f 1050/1050/1050 1055/1055/1055 1054/1054/1054
f 1052/1052/1052 1053/1053/1053 1056/1056/1056
f 1053/1053/1053 1057/1057/1057 1056/1056/1056
f 1053/1053/1053 1058/1058/1058 1057/1057/1057
f 1053/1053/1053 1054/1054/1054 1059/1059/1059
f 1053/1053/1053 1059/1059/1059 1058/1058/1058
f 1054/1054/1054 1055/1055/1055 1059/1059/1059
f 1055/1055/1055 1060/1060/1060 1059/1059/1059
f 1061/1061/1061 1062/1062/1062 1063/1063/1063
f 1062/1062/1062 1064/1064/1064 1063/1063/1063
f 1062/1062/1062 1065/1065/1065 1064/1064/1064
f 1062/1062/1062 1066/1066/1066 1065/1065/1065
f 1063/1063/1063 1067/1067/1067 1068/1068/1068
f 1063/1063/1063 1064/1064/1064 1067/1067/1067
f 1064/1064/1064 1065/1065/1065 1067/1067/1067
f 1065/1065/1065 1069/1069/1069 1067/1067/1067
f 1065/1065/1065 1066/1066/1066 1070/1070/1070
f 1065/1065/1065 1070/1070/1070 1069/1069/1069
f 1066/1066/1066 1071/1071/1071 1070/1070/1070
f 1067/1067/1067 1072/1072/1072 1068/1068/1068
f 1067/1067/1067 1073/1073/1073 1072/1072/1072
f 1067/1067/1067 1074/1074/1074 1073/1073/1073
f 1067/1067/1067 1069/1069/1069 1074/1074/1074
f 1069/1069/1069 1070/1070/1070 1075/1075/1075
f 1069/1069/1069 1076/1076/1076 1074/1074/1074
f 1069/1069/1069 1075/1075/1075 1076/1076/1076
f 1070/1070/1070 1071/1071/1071 1077/1077/1077
f 1070/1070/1070 1077/1077/1077 1075/1075/1075
f 1071/1071/1071 1078/1078/1078 1077/1077/1077
f 1075/1075/1075 1077/1077/1077 1079/1079/1079
f 1075/1075/1075 1080/1080/1080 1076/1076/1076
f 1075/1075/1075 1079/1079/1079 1080/1080/1080
f 1077/1077/1077 1078/1078/1078 1081/1081/1081
f 1077/1077/1077 1081/1081/1081 1079/1079/1079
f 1078/1078/1078 1082/1082/1082 1081/1081/1081
f 1079/1079/1079 1081/1081/1081 1083/1083/1083
f 1079/1079/1079 1083/1083/1083 1084/1084/1084
f 1079/1079/1079 1084/1084/1084 1080/1080/1080
f 1081/1081/1081 1085/1085/1085 1086/1086/1086
f 1081/1081/1081 1082/1082/1082 1085/1085/1085
f 1081/1081/1081 1086/1086/1086 1083/1083/1083
f 1083/1083/1083 1086/1086/1086 1087/1087/1087
f 1083/1083/1083 1088/1088/1088 1084/1084/1084
f 1083/1083/1083 1087/1087/1087 1088/1088/1088
f 1085/1085/1085 1089/1089/1089 1086/1086/1086
f 1085/1085/1085 1090/1090/1090 1089/1089/1089
f 1086/1086/1086 1089/1089/1089 1091/1091/1091
f 1086/1086/1086 1091/1091/1091 1087/1087/1087
f 1087/1087/1087 1091/1091/1091 1088/1088/1088
f 1088/1088/1088 1091/1091/1091 1092/1092/1092
f 1089/1089/1089 1090/1090/1090 1093/1093/1093
f 1089/1089/1089 1093/1093/1093 1094/1094/1094
f 1089/1089/1089 1094/1094/1094 1095/1095/1095
f 1089/1089/1089 1095/1095/1095 1091/1091/1091
f 1091/1091/1091 1095/1095/1095 1092/1092/1092
f 1092/1092/1092 1095/1095/1095 1096/1096/1096
f 1093/1093/1093 1097/1097/1097 1094/1094/1094
f 1094/1094/1094 1097/1097/1097 1098/1098/1098
f 1094/1094/1094 1098/1098/1098 1099/1099/1099
f 1094/1094/1094 1099/1099/1099 1095/1095/1095
f 1095/1095/1095 1099/1099/1099 1096/1096/1096
f 1096/1096/1096 1099/1099/1099 1100/1100/1100
f 1097/1097/1097 1101/1101/1101 1098/1098/1098
f 1098/1098/1098 1101/1101/1101 1102/1102/1102
f 1098/1098/1098 1102/1102/1102 1103/1103/1103
f 1098/1098/1098 1103/1103/1103 1099/1099/1099
f 1099/1099/1099 1103/1103/1103 1100/1100/1100
f 1100/1100/1100 1103/1103/1103 1104/1104/1104
f 1101/1101/1101 1105/1105/1105 1102/1102/1102
f 1102/1102/1102 1105/1105/1105 1106/1106/1106
f 1102/1102/1102 1106/1106/1106 1107/1107/1107
f 1102/1102/1102 1107/1107/1107 1103/1103/1103
f 1103/1103/1103 1107/1107/1107 1104/1104/1104
f 1104/1104/1104 1107/1107/1107 1108/1108/1108
f 1105/1105/1105 1109/1109/1109 1110/1110/1110
f 1105/1105/1105 1110/1110/1110 1106/1106/1106
f 1106/1106/1106 1110/1110/1110 1107/1107/1107
f 1107/1107/1107 1110/1110/1110 1111/1111/1111
f 1107/1107/1107 1111/1111/1111 1112/1112/1112
f 1107/1107/1107 1112/1112/1112 1108/1108/1108
f 1109/1109/1109 1113/1113/1113 1110/1110/1110
f 1110/1110/1110 1114/1114/1114 1115/1115/1115
f 1110/1110/1110 1115/1115/1115 1111/1111/1111
f 1110/1110/1110 1113/1113/1113 1114/1114/1114
f 1111/1111/1111 1115/1115/1115 1112/1112/1112
f 1112/1112/1112 1115/1115/1115 1116/1116/1116
f 1113/1113/1113 1117/1117/1117 1118/1118/1118
f 1113/1113/1113 1118/1118/1118 1114/1114/1114
f 1114/1114/1114 1118/1118/1118 1115/1115/1115
f 1115/1115/1115 1119/1119/1119 1120/1120/1120
f 1115/1115/1115 1120/1120/1120 1116/1116/1116
f 1115/1115/1115 1118/1118/1118 1119/1119/1119
f 1117/1117/1117 1121/1121/1121 1122/1122/1122
f 1117/1117/1117 1122/1122/1122 1118/1118/1118
f 1118/1118/1118 1122/1122/1122 1119/1119/1119
f 1119/1119/1119 1123/1123/1123 1120/1120/1120
f 1119/1119/1119 1124/1124/1124 1123/1123/1123
f 1119/1119/1119 1122/1122/1122 1124/1124/1124
f 1121/1121/1121 1125/1125/1125 1122/1122/1122
f 1121/1121/1121 1126/1126/1126 1125/1125/1125
f 1122/1122/1122 1125/1125/1125 1124/1124/1124
f 1123/1123/1123 1124/1124/1124 1127/1127/1127
f 1124/1124/1124 1128/1128/1128 1127/1127/1127
f 1124/1124/1124 1125/1125/1125 1128/1128/1128
f 1125/1125/1125 1129/1129/1129 1128/1128/1128
f 1125/1125/1125 1126/1126/1126 1129/1129/1129
f 1126/1126/1126 1130/1130/1130 1129/1129/1129
f 1127/1127/1127 1128/1128/1128 1131/1131/1131
f 1128/1128/1128 1132/1132/1132 1131/1131/1131
f 1128/1128/1128 1129/1129/1129 1132/1132/1132
f 1129/1129/1129 1133/1133/1133 1132/1132/1132
f 1129/1129/1129 1130/1130/1130 1134/1134/1134
f 1129/1129/1129 1134/1134/1134 1133/1133/1133
f 1131/1131/1131 1132/1132/1132 1135/1135/1135
f 1132/1132/1132 1136/1136/1136 1135/1135/1135
f 1132/1132/1132 1133/1133/1133 1136/1136/1136
f 1133/1133/1133 1137/1137/1137 1136/1136/1136
f 1133/1133/1133 1138/1138/1138 1137/1137/1137
f 1133/1133/1133 1134/1134/1134 1138/1138/1138
f 1134/1134/1134 1139/1139/1139 1138/1138/1138
f 1135/1135/1135 1137/1137/1137 1140/1140/1140
f 1135/1135/1135 1136/1136/1136 1137/1137/1137
f 1137/1137/1137 1141/1141/1141 1140/1140/1140
f 1137/1137/1137 1138/1138/1138 1141/1141/1141
f 1138/1138/1138 1142/1142/1142 1141/1141/1141
f 1138/1138/1138 1143/1143/1143 1142/1142/1142
f 1138/1138/1138 1139/1139/1139 1143/1143/1143
f 1140/1140/1140 1141/1141/1141 1144/1144/1144
f 1141/1141/1141 1145/1145/1145 1144/1144/1144
f 1141/1141/1141 1142/1142/1142 1145/1145/1145
f 1142/1142/1142 1146/1146/1146 1145/1145/1145
f 1142/1142/1142 1143/1143/1143 1147/1147/1147
f 1142/1142/1142 1147/1147/1147 1146/1146/1146
f 1144/1144/1144 1145/1145/1145 1148/1148/1148
f 1145/1145/1145 1149/1149/1149 1148/1148/1148
f 1145/1145/1145 1146/1146/1146 1149/1149/1149
f 1146/1146/1146 1150/1150/1150 1149/1149/1149
f 1146/1146/1146 1151/1151/1151 1150/1150/1150
f 1146/1146/1146 1147/1147/1147 1151/1151/1151
f 1148/1148/1148 1149/1149/1149 1152/1152/1152
f 1149/1149/1149 1153/1153/1153 1152/1152/1152
f 1149/1149/1149 1150/1150/1150 1153/1153/1153
f 1150/1150/1150 1154/1154/1154 1153/1153/1153
f 1150/1150/1150 1151/1151/1151 1155/1155/1155
f 1150/1150/1150 1155/1155/1155 1154/1154/1154
f 1152/1152/1152 1153/1153/1153 1156/1156/1156
f 1153/1153/1153 1157/1157/1157 1156/1156/1156
f 1153/1153/1153 1158/1158/1158 1157/1157/1157
f 1153/1153/1153 1154/1154/1154 1159/1159/1159
f 1153/1153/1153 1159/1159/1159 1158/1158/1158
f 1154/1154/1154 1155/1155/1155 1159/1159/1159
f 1155/1155/1155 1160/1160/1160 1159/1159/1159
f 4/4/4 1161/1161/1161 1162/1162/1162
f 4/4/4 1162/1162/1162 1/1/1
f 1/1/1 1162/1162/1162 1163/1163/1163
f 1/1/1 1163/1163/1163 5/5/5
f 5/5/5 1164/1164/1164 7/7/7
f 5/5/5 1163/1163/1163 1164/1164/1164
f 1163/1163/1163 1165/1165/1165 1166/1166/1166
f 1163/1163/1163 1166/1166/1166 1164/1164/1164
f 1163/1163/1163 1162/1162/1162 1165/1165/1165
f 1162/1162/1162 1167/1167/1167 1165/1165/1165
f 1162/1162/1162 1161/1161/1161 1167/1167/1167
f 1161/1161/1161 1168/1168/1168 1167/1167/1167
f 1165/1165/1165 1169/1169/1169 1170/1170/1170
f 1165/1165/1165 1170/1170/1170 1166/1166/1166
f 1165/1165/1165 1167/1167/1167 1169/1169/1169
f 1167/1167/1167 1171/1171/1171 1169/1169/1169
f 1167/1167/1167 1168/1168/1168 1171/1171/1171
f 1168/1168/1168 1172/1172/1172 1171/1171/1171
f 1169/1169/1169 1173/1173/1173 1174/1174/1174
f 1169/1169/1169 1174/1174/1174 1170/1170/1170
f 1169/1169/1169 1171/1171/1171 1173/1173/1173
f 1171/1171/1171 1175/1175/1175 1173/1173/1173
f 1171/1171/1171 1172/1172/1172 1175/1175/1175
f 1172/1172/1172 1176/1176/1176 1175/1175/1175
f 1173/1173/1173 1177/1177/1177 1178/1178/1178
f 1173/1173/1173 1178/1178/1178 1174/1174/1174
f 1173/1173/1173 1175/1175/1175 1177/1177/1177
f 1175/1175/1175 1179/1179/1179 1177/1177/1177
f 1175/1175/1175 1176/1176/1176 1179/1179/1179
f 1176/1176/1176 1180/1180/1180 1179/1179/1179
f 1177/1177/1177 1181/1181/1181 1182/1182/1182
f 1177/1177/1177 1179/1179/1179 1181/1181/1181
f 1177/1177/1177 1182/1182/1182 1178/1178/1178
f 1179/1179/1179 1183/1183/1183 1181/1181/1181
f 1179/1179/1179 1180/1180/1180 1183/1183/1183
f 1180/1180/1180 1184/1184/1184 1183/1183/1183
f 1181/1181/1181 1185/1185/1185 1186/1186/1186
f 1181/1181/1181 1183/1183/1183 1185/1185/1185
f 1181/1181/1181 1186/1186/1186 1182/1182/1182
f 1183/1183/1183 1187/1187/1187 1185/1185/1185
f 1183/1183/1183 1184/1184/1184 1187/1187/1187
f 1184/1184/1184 1188/1188/1188 1187/1187/1187
f 1185/1185/1185 1187/1187/1187 1189/1189/1189
f 1185/1185/1185 1189/1189/1189 1190/1190/1190
f 1185/1185/1185 1190/1190/1190 1186/1186/1186
f 1187/1187/1187 1188/1188/1188 1191/1191/1191
f 1187/1187/1187 1191/1191/1191 1189/1189/1189
f 1188/1188/1188 1192/1192/1192 1191/1191/1191
f 1189/1189/1189 1191/1191/1191 1193/1193/1193
f 1189/1189/1189 1193/1193/1193 1194/1194/1194
f 1189/1189/1189 1194/1194/1194 1190/1190/1190
f 1191/1191/1191 1192/1192/1192 1195/1195/1195
f 1191/1191/1191 1195/1195/1195 1193/1193/1193
f 1192/1192/1192 1196/1196/1196 1195/1195/1195
f 1193/1193/1193 1195/1195/1195 1197/1197/1197
f 1193/1193/1193 1197/1197/1197 1198/1198/1198
f 1193/1193/1193 1198/1198/1198 1194/1194/1194
f 1195/1195/1195 1196/1196/1196 1199/1199/1199
f 1195/1195/1195 1199/1199/1199 1197/1197/1197
f 1196/1196/1196 1200/1200/1200 1199/1199/1199
f 1197/1197/1197 1199/1199/1199 1201/1201/1201
f 1197/1197/1197 1201/1201/1201 1202/1202/1202
f 1197/1197/1197 1202/1202/1202 1198/1198/1198
f 1199/1199/1199 1200/1200/1200 1203/1203/1203
f 1199/1199/1199 1203/1203/1203 1201/1201/1201
f 1200/1200/1200 1204/1204/1204 1203/1203/1203
f 1201/1201/1201 1203/1203/1203 1205/1205/1205
f 1201/1201/1201 1205/1205/1205 1206/1206/1206
f 1201/1201/1201 1206/1206/1206 1202/1202/1202
f 1203/1203/1203 1204/1204/1204 1207/1207/1207
f 1203/1203/1203 1207/1207/1207 1205/1205/1205
f 1204/1204/1204 1208/1208/1208 1207/1207/1207
f 1205/1205/1205 1207/1207/1207 1209/1209/1209
f 1205/1205/1205 1209/1209/1209 1210/1210/1210
f 1205/1205/1205 1210/1210/1210 1206/1206/1206
f 1207/1207/1207 1208/1208/1208 1211/1211/1211
f 1207/1207/1207 1211/1211/1211 1209/1209/1209
f 1208/1208/1208 1212/1212/1212 1211/1211/1211
f 1209/1209/1209 1211/1211/1211 1213/1213/1213
f 1209/1209/1209 1213/1213/1213 1214/1214/1214
f 1209/1209/1209 1214/1214/1214 1210/1210/1210
f 1211/1211/1211 1212/1212/1212 1215/1215/1215
f 1211/1211/1211 1215/1215/1215 1213/1213/1213
f 1212/1212/1212 1216/1216/1216 1215/1215/1215
f 1213/1213/1213 1215/1215/1215 1217/1217/1217
f 1213/1213/1213 1217/1217/1217 1218/1218/1218
f 1213/1213/1213 1218/1218/1218 1214/1214/1214
f 1215/1215/1215 1216/1216/1216 1219/1219/1219
f 1215/1215/1215 1219/1219/1219 1217/1217/1217
f 1216/1216/1216 1220/1220/1220 1219/1219/1219
f 1217/1217/1217 1219/1219/1219 1221/1221/1221
f 1217/1217/1217 1221/1221/1221 1222/1222/1222
f 1217/1217/1217 1222/1222/1222 1218/1218/1218
f 1219/1219/1219 1220/1220/1220 1223/1223/1223
f 1219/1219/1219 1223/1223/1223 1221/1221/1221
f 1220/1220/1220 1224/1224/1224 1223/1223/1223
f 1221/1221/1221 1223/1223/1223 1225/1225/1225
f 1221/1221/1221 1225/1225/1225 1226/1226/1226
f 1221/1221/1221 1226/1226/1226 1222/1222/1222
f 1223/1223/1223 1224/1224/1224 1227/1227/1227
f 1223/1223/1223 1227/1227/1227 1225/1225/1225
f 1224/1224/1224 1228/1228/1228 1227/1227/1227
f 1225/1225/1225 1227/1227/1227 1229/1229/1229
f 1225/1225/1225 1229/1229/1229 1230/1230/1230
f 1225/1225/1225 1230/1230/1230 1226/1226/1226
f 1227/1227/1227 1228/1228/1228 1231/1231/1231
f 1227/1227/1227 1231/1231/1231 1229/1229/1229
f 1228/1228/1228 1232/1232/1232 1231/1231/1231
f 1229/1229/1229 1231/1231/1231 1233/1233/1233
f 1229/1229/1229 1233/1233/1233 1234/1234/1234
f 1229/1229/1229 1234/1234/1234 1230/1230/1230
f 1231/1231/1231 1232/1232/1232 1235/1235/1235
f 1231/1231/1231 1235/1235/1235 1233/1233/1233
f 1232/1232/1232 1236/1236/1236 1235/1235/1235
f 1233/1233/1233 1235/1235/1235 1237/1237/1237
f 1233/1233/1233 1237/1237/1237 1238/1238/1238
f 1233/1233/1233 1238/1238/1238 1234/1234/1234
f 1235/1235/1235 1236/1236/1236 1239/1239/1239
f 1235/1235/1235 1239/1239/1239 1237/1237/1237
f 1236/1236/1236 1240/1240/1240 1239/1239/1239
f 1237/1237/1237 1239/1239/1239 1241/1241/1241
f 1237/1237/1237 1241/1241/1241 1242/1242/1242
f 1237/1237/1237 1242/1242/1242 1238/1238/1238
f 1239/1239/1239 1240/1240/1240 1243/1243/1243
f 1239/1239/1239 1243/1243/1243 1241/1241/1241
f 1240/1240/1240 1244/1244/1244 1243/1243/1243
f 1241/1241/1241 1243/1243/1243 1245/1245/1245
f 1241/1241/1241 1245/1245/1245 1246/1246/1246
f 1241/1241/1241 1246/1246/1246 1242/1242/1242
f 1243/1243/1243 1244/1244/1244 1247/1247/1247
f 1243/1243/1243 1247/1247/1247 1245/1245/1245
f 1244/1244/1244 1248/1248/1248 1247/1247/1247
f 1245/1245/1245 1247/1247/1247 1249/1249/1249
f 1245/1245/1245 1249/1249/1249 1250/1250/1250
f 1245/1245/1245 1250/1250/1250 1246/1246/1246
f 1247/1247/1247 1248/1248/1248 1251/1251/1251
f 1247/1247/1247 1251/1251/1251 1249/1249/1249
f 1248/1248/1248 1252/1252/1252 1251/1251/1251
f 1249/1249/1249 1251/1251/1251 1253/1253/1253
f 1249/1249/1249 1253/1253/1253 1254/1254/1254
f 1249/1249/1249 1254/1254/1254 1250/1250/1250
f 1251/1251/1251 1252/1252/1252 1255/1255/1255
f 1251/1251/1251 1255/1255/1255 1253/1253/1253
f 1252/1252/1252 1256/1256/1256 1255/1255/1255
f 1257/1257/1257 1258/1258/1258 1259/1259/1259
f 1259/1259/1259 1258/1258/1258 1260/1260/1260
f 1259/1259/1259 1260/1260/1260 1261/1261/1261
f 1258/1258/1258 1262/1262/1262 1260/1260/1260
f 1261/1261/1261 1260/1260/1260 1263/1263/1263
f 1261/1261/1261 1263/1263/1263 1264/1264/1264
f 1260/1260/1260 1262/1262/1262 1265/1265/1265
f 1260/1260/1260 1265/1265/1265 1263/1263/1263
f 1262/1262/1262 1266/1266/1266 1267/1267/1267
f 1262/1262/1262 1267/1267/1267 1265/1265/1265
f 1263/1263/1263 1265/1265/1265 1268/1268/1268
f 1263/1263/1263 1268/1268/1268 1264/1264/1264
f 1264/1264/1264 1268/1268/1268 1269/1269/1269
f 1265/1265/1265 1267/1267/1267 1270/1270/1270
f 1265/1265/1265 1270/1270/1270 1268/1268/1268
f 1266/1266/1266 1271/1271/1271 1272/1272/1272
f 1266/1266/1266 1272/1272/1272 1267/1267/1267
f 1267/1267/1267 1272/1272/1272 1273/1273/1273
f 1267/1267/1267 1273/1273/1273 1270/1270/1270
f 1268/1268/1268 1270/1270/1270 1269/1269/1269
f 1269/1269/1269 1270/1270/1270 1274/1274/1274
f 1270/1270/1270 1273/1273/1273 1274/1274/1274
f 1271/1271/1271 1275/1275/1275 1276/1276/1276
f 1271/1271/1271 1276/1276/1276 1272/1272/1272
f 1272/1272/1272 1276/1276/1276 1277/1277/1277
f 1272/1272/1272 1277/1277/1277 1273/1273/1273
f 1273/1273/1273 1277/1277/1277 1278/1278/1278
f 1273/1273/1273 1278/1278/1278 1274/1274/1274
f 1275/1275/1275 1279/1279/1279 1280/1280/1280
f 1275/1275/1275 1280/1280/1280 1276/1276/1276
f 1276/1276/1276 1280/1280/1280 1281/1281/1281
f 1276/1276/1276 1281/1281/1281 1277/1277/1277
f 1277/1277/1277 1281/1281/1281 1282/1282/1282
f 1277/1277/1277 1282/1282/1282 1278/1278/1278
f 1279/1279/1279 1283/1283/1283 1284/1284/1284
f 1279/1279/1279 1284/1284/1284 1280/1280/1280
f 1280/1280/1280 1284/1284/1284 1285/1285/1285
f 1280/1280/1280 1285/1285/1285 1281/1281/1281
f 1281/1281/1281 1285/1285/1285 1286/1286/1286
f 1281/1281/1281 1286/1286/1286 1282/1282/1282
f 1283/1283/1283 1287/1287/1287 1288/1288/1288
f 1283/1283/1283 1288/1288/1288 1284/1284/1284
f 1284/1284/1284 1288/1288/1288 1289/1289/1289
f 1284/1284/1284 1289/1289/1289 1285/1285/1285
f 1285/1285/1285 1289/1289/1289 1290/1290/1290
f 1285/1285/1285 1290/1290/1290 1286/1286/1286
f 1287/1287/1287 1291/1291/1291 1292/1292/1292
f 1287/1287/1287 1292/1292/1292 1288/1288/1288
f 1288/1288/1288 1292/1292/1292 1293/1293/1293
f 1288/1288/1288 1293/1293/1293 1289/1289/1289
f 1289/1289/1289 1293/1293/1293 1294/1294/1294
f 1289/1289/1289 1294/1294/1294 1290/1290/1290
f 1291/1291/1291 1295/1295/1295 1296/1296/1296
f 1291/1291/1291 1296/1296/1296 1292/1292/1292
f 1292/1292/1292 1296/1296/1296 1297/1297/1297
f 1292/1292/1292 1297/1297/1297 1293/1293/1293
f 1293/1293/1293 1297/1297/1297 1298/1298/1298
f 1293/1293/1293 1298/1298/1298 1294/1294/1294
f 1295/1295/1295 1299/1299/1299 1300/1300/1300
f 1295/1295/1295 1300/1300/1300 1296/1296/1296
f 1296/1296/1296 1300/1300/1300 1301/1301/1301
f 1296/1296/1296 1301/1301/1301 1297/1297/1297
f 1297/1297/1297 1301/1301/1301 1302/1302/1302
f 1297/1297/1297 1302/1302/1302 1298/1298/1298
f 1299/1299/1299 1303/1303/1303 1304/1304/1304
f 1299/1299/1299 1304/1304/1304 1300/1300/1300
f 1300/1300/1300 1304/1304/1304 1305/1305/1305
f 1300/1300/1300 1305/1305/1305 1301/1301/1301
f 1301/1301/1301 1305/1305/1305 1306/1306/1306
f 1301/1301/1301 1306/1306/1306 1302/1302/1302
f 1303/1303/1303 1307/1307/1307 1308/1308/1308
f 1303/1303/1303 1308/1308/1308 1304/1304/1304
f 1304/1304/1304 1308/1308/1308 1309/1309/1309
f 1304/1304/1304 1309/1309/1309 1305/1305/1305
f 1305/1305/1305 1309/1309/1309 1310/1310/1310
f 1305/1305/1305 1310/1310/1310 1306/1306/1306
f 1307/1307/1307 1311/1311/1311 1308/1308/1308
f 1308/1308/1308 1311/1311/1311 1312/1312/1312
f 1308/1308/1308 1312/1312/1312 1313/1313/1313
f 1308/1308/1308 1313/1313/1313 1309/1309/1309
f 1309/1309/1309 1313/1313/1313 1314/1314/1314
f 1309/1309/1309 1314/1314/1314 1310/1310/1310
f 1311/1311/1311 1315/1315/1315 1316/1316/1316
f 1311/1311/1311 1316/1316/1316 1312/1312/1312
f 1312/1312/1312 1316/1316/1316 1317/1317/1317
f 1312/1312/1312 1317/1317/1317 1318/1318/1318
f 1312/1312/1312 1318/1318/1318 1313/1313/1313
f 1313/1313/1313 1318/1318/1318 1319/1319/1319
f 1313/1313/1313 1319/1319/1319 1314/1314/1314
f 1315/1315/1315 1320/1320/1320 1316/1316/1316
f 1316/1316/1316 1320/1320/1320 1321/1321/1321
f 1316/1316/1316 1321/1321/1321 1317/1317/1317
f 1317/1317/1317 1321/1321/1321 1322/1322/1322
f 1317/1317/1317 1322/1322/1322 1323/1323/1323
f 1318/1318/1318 1324/1324/1324 1325/1325/1325
f 1318/1318/1318 1326/1326/1326 1324/1324/1324
f 1320/1320/1320 1327/1327/1327 1321/1321/1321
f 1321/1321/1321 1327/1327/1327 1328/1328/1328
f 1321/1321/1321 1328/1328/1328 1322/1322/1322
f 1322/1322/1322 1328/1328/1328 1329/1329/1329
f 1322/1322/1322 1329/1329/1329 1323/1323/1323
f 1323/1323/1323 1330/1330/1330 1331/1331/1331
f 1323/1323/1323 1332/1332/1332 1330/1330/1330
f 1323/1323/1323 1329/1329/1329 1332/1332/1332
f 1327/1327/1327 1333/1333/1333 1328/1328/1328
f 1328/1328/1328 1333/1333/1333 1334/1334/1334
f 1328/1328/1328 1334/1334/1334 1329/1329/1329
f 1329/1329/1329 1334/1334/1334 1332/1332/1332
f 1330/1330/1330 1335/1335/1335 1331/1331/1331
f 1330/1330/1330 1336/1336/1336 1335/1335/1335
f 1330/1330/1330 1332/1332/1332 1336/1336/1336
f 1331/1331/1331 1335/1335/1335 1337/1337/1337
f 1332/1332/1332 1334/1334/1334 1336/1336/1336
f 1333/1333/1333 1338/1338/1338 1334/1334/1334
f 1334/1334/1334 1338/1338/1338 1336/1336/1336
f 1335/1335/1335 1339/1339/1339 1337/1337/1337
f 1335/1335/1335 1340/1340/1340 1339/1339/1339
f 1335/1335/1335 1336/1336/1336 1340/1340/1340
f 1336/1336/1336 1338/1338/1338 1340/1340/1340
f 1337/1337/1337 1339/1339/1339 1341/1341/1341
f 1338/1338/1338 1342/1342/1342 1340/1340/1340
f 1339/1339/1339 1343/1343/1343 1341/1341/1341
f 1339/1339/1339 1344/1344/1344 1343/1343/1343
f 1339/1339/1339 1340/1340/1340 1344/1344/1344
f 1340/1340/1340 1342/1342/1342 1344/1344/1344
f 1341/1341/1341 1343/1343/1343 1345/1345/1345
f 1342/1342/1342 1346/1346/1346 1344/1344/1344
f 1343/1343/1343 1347/1347/1347 1345/1345/1345
f 1343/1343/1343 1348/1348/1348 1347/1347/1347
f 1343/1343/1343 1344/1344/1344 1348/1348/1348
f 1344/1344/1344 1346/1346/1346 1348/1348/1348
f 1345/1345/1345 1347/1347/1347 1349/1349/1349
f 1346/1346/1346 1350/1350/1350 1348/1348/1348
f 1347/1347/1347 1351/1351/1351 1349/1349/1349
f 1347/1347/1347 1352/1352/1352 1351/1351/1351
f 1347/1347/1347 1348/1348/1348 1352/1352/1352
f 1348/1348/1348 1350/1350/1350 1352/1352/1352
f 1349/1349/1349 1351/1351/1351 1353/1353/1353
f 1350/1350/1350 1354/1354/1354 1352/1352/1352
f 1351/1351/1351 1355/1355/1355 1353/1353/1353
f 1351/1351/1351 1356/1356/1356 1355/1355/1355
f 1351/1351/1351 1352/1352/1352 1356/1356/1356
f 1352/1352/1352 1354/1354/1354 1356/1356/1356
f 1353/1353/1353 1355/1355/1355 1357/1357/1357
f 1354/1354/1354 1358/1358/1358 1356/1356/1356
f 1355/1355/1355 1359/1359/1359 1357/1357/1357
f 1355/1355/1355 1360/1360/1360 1359/1359/1359
f 1355/1355/1355 1356/1356/1356 1360/1360/1360
f 1356/1356/1356 1358/1358/1358 1360/1360/1360
f 1357/1357/1357 1359/1359/1359 1361/1361/1361
f 1358/1358/1358 1362/1362/1362 1360/1360/1360
f 1359/1359/1359 1363/1363/1363 1361/1361/1361
f 1359/1359/1359 1364/1364/1364 1363/1363/1363
f 1359/1359/1359 1360/1360/1360 1364/1364/1364
f 1360/1360/1360 1362/1362/1362 1364/1364/1364
f 1361/1361/1361 1363/1363/1363 1365/1365/1365
f 1362/1362/1362 1366/1366/1366 1364/1364/1364
f 1363/1363/1363 1367/1367/1367 1365/1365/1365
f 1363/1363/1363 1368/1368/1368 1367/1367/1367
f 1363/1363/1363 1364/1364/1364 1368/1368/1368
f 1364/1364/1364 1366/1366/1366 1368/1368/1368
f 1365/1365/1365 1367/1367/1367 1369/1369/1369
f 1366/1366/1366 1370/1370/1370 1368/1368/1368
f 1367/1367/1367 1371/1371/1371 1372/1372/1372
f 1367/1367/1367 1372/1372/1372 1369/1369/1369
f 1367/1367/1367 1368/1368/1368 1371/1371/1371
f 1368/1368/1368 1370/1370/1370 1371/1371/1371
f 1369/1369/1369 1372/1372/1372 1373/1373/1373
f 1370/1370/1370 1374/1374/1374 1371/1371/1371
f 1371/1371/1371 1374/1374/1374 1375/1375/1375
f 1371/1371/1371 1375/1375/1375 1372/1372/1372
f 1372/1372/1372 1375/1375/1375 1376/1376/1376
f 1372/1372/1372 1376/1376/1376 1373/1373/1373
f 1373/1373/1373 1376/1376/1376 1377/1377/1377
f 1374/1374/1374 1378/1378/1378 1375/1375/1375
f 1375/1375/1375 1378/1378/1378 1379/1379/1379
f 1375/1375/1375 1379/1379/1379 1376/1376/1376
f 1376/1376/1376 1379/1379/1379 1380/1380/1380
f 1376/1376/1376 1380/1380/1380 1377/1377/1377
f 1377/1377/1377 1380/1380/1380 1381/1381/1381
f 1378/1378/1378 1382/1382/1382 1379/1379/1379
f 1379/1379/1379 1382/1382/1382 1383/1383/1383
f 1379/1379/1379 1383/1383/1383 1380/1380/1380
f 1380/1380/1380 1383/1383/1383 1384/1384/1384
f 1380/1380/1380 1384/1384/1384 1381/1381/1381
f 1381/1381/1381 1384/1384/1384 8/8/8
f 1382/1382/1382 1385/1385/1385 1383/1383/1383
f 1383/1383/1383 1385/1385/1385 1386/1386/1386
f 1383/1383/1383 1386/1386/1386 1384/1384/1384
f 1384/1384/1384 1386/1386/1386 1387/1387/1387
f 1384/1384/1384 1387/1387/1387 8/8/8
f 8/8/8 1388/1388/1388 6/6/6
f 8/8/8 1389/1389/1389 1388/1388/1388
f 8/8/8 1390/1390/1390 1389/1389/1389
f 8/8/8 1387/1387/1387 1390/1390/1390
f 1385/1385/1385 1391/1391/1391 1386/1386/1386
f 1386/1386/1386 1391/1391/1391 1392/1392/1392
f 1386/1386/1386 1392/1392/1392 1387/1387/1387
f 1387/1387/1387 1393/1393/1393 1390/1390/1390
f 1387/1387/1387 1392/1392/1392 1393/1393/1393
f 1388/1388/1388 2/2/2 6/6/6
f 1388/1388/1388 1394/1394/1394 2/2/2
f 1388/1388/1388 1389/1389/1389 1394/1394/1394
f 1389/1389/1389 1395/1395/1395 1394/1394/1394
f 1389/1389/1389 1390/1390/1390 1395/1395/1395
f 1390/1390/1390 1393/1393/1393 1395/1395/1395
f 1391/1391/1391 1396/1396/1396 1392/1392/1392
f 1392/1392/1392 1397/1397/1397 1393/1393/1393
f 1392/1392/1392 1396/1396/1396 1397/1397/1397
f 1393/1393/1393 1398/1398/1398 1395/1395/1395
f 1393/1393/1393 1397/1397/1397 1398/1398/1398
f 2/2/2 1394/1394/1394 3/3/3
f 1394/1394/1394 1399/1399/1399 3/3/3
f 1394/1394/1394 1395/1395/1395 1399/1399/1399
f 1395/1395/1395 1398/1398/1398 1399/1399/1399
f 1400/1400/1400 1401/1401/1401 1402/1402/1402
f 1400/1400/1400 1403/1403/1403 1404/1404/1404
f 1400/1400/1400 1404/1404/1404 1401/1401/1401
f 1401/1401/1401 1405/1405/1405 1402/1402/1402
f 1401/1401/1401 1406/1406/1406 1405/1405/1405
f 1401/1401/1401 1404/1404/1404 1407/1407/1407
f 1401/1401/1401 1407/1407/1407 1406/1406/1406
f 1403/1403/1403 1408/1408/1408 1404/1404/1404
f 1404/1404/1404 1408/1408/1408 1407/1407/1407
f 1405/1405/1405 1406/1406/1406 1409/1409/1409
f 1406/1406/1406 1410/1410/1410 1409/1409/1409
f 1406/1406/1406 1407/1407/1407 1410/1410/1410
f 1407/1407/1407 1411/1411/1411 1410/1410/1410
f 1407/1407/1407 1408/1408/1408 1411/1411/1411
f 1408/1408/1408 1412/1412/1412 1411/1411/1411
f 1409/1409/1409 1410/1410/1410 1413/1413/1413
f 1410/1410/1410 1414/1414/1414 1413/1413/1413
f 1410/1410/1410 1411/1411/1411 1414/1414/1414
f 1411/1411/1411 1415/1415/1415 1414/1414/1414
f 1411/1411/1411 1412/1412/1412 1415/1415/1415
f 1412/1412/1412 1416/1416/1416 1415/1415/1415
f 1413/1413/1413 1414/1414/1414 1417/1417/1417
f 1414/1414/1414 1418/1418/1418 1417/1417/1417
f 1414/1414/1414 1415/1415/1415 1418/1418/1418
f 1415/1415/1415 1419/1419/1419 1418/1418/1418
f 1415/1415/1415 1416/1416/1416 1419/1419/1419
f 1416/1416/1416 1420/1420/1420 1419/1419/1419
f 1417/1417/1417 1418/1418/1418 1421/1421/1421
f 1418/1418/1418 1422/1422/1422 1421/1421/1421
f 1418/1418/1418 1419/1419/1419 1422/1422/1422
f 1419/1419/1419 1423/1423/1423 1422/1422/1422
f 1419/1419/1419 1420/1420/1420 1423/1423/1423
f 1420/1420/1420 1424/1424/1424 1423/1423/1423
f 1421/1421/1421 1422/1422/1422 1425/1425/1425
f 1422/1422/1422 1426/1426/1426 1425/1425/1425
f 1422/1422/1422 1423/1423/1423 1426/1426/1426
f 1423/1423/1423 1427/1427/1427 1426/1426/1426
f 1423/1423/1423 1424/1424/1424 1427/1427/1427
f 1424/1424/1424 1428/1428/1428 1427/1427/1427
f 1425/1425/1425 1426/1426/1426 1429/1429/1429
f 1426/1426/1426 1430/1430/1430 1429/1429/1429
f 1426/1426/1426 1427/1427/1427 1430/1430/1430
f 1427/1427/1427 1428/1428/1428 1431/1431/1431
f 1427/1427/1427 1431/1431/1431 1430/1430/1430
f 1428/1428/1428 1432/1432/1432 1431/1431/1431
f 1429/1429/1429 1430/1430/1430 1433/1433/1433
f 1430/1430/1430 1431/1431/1431 1434/1434/1434
f 1430/1430/1430 1434/1434/1434 1433/1433/1433
f 1431/1431/1431 1432/1432/1432 1435/1435/1435
f 1431/1431/1431 1435/1435/1435 1434/1434/1434
f 1432/1432/1432 1436/1436/1436 1435/1435/1435
f 1433/1433/1433 1434/1434/1434 1437/1437/1437
f 1434/1434/1434 1435/1435/1435 1438/1438/1438
f 1434/1434/1434 1438/1438/1438 1437/1437/1437
f 1435/1435/1435 1436/1436/1436 1439/1439/1439
f 1435/1435/1435 1439/1439/1439 1438/1438/1438
f 1436/1436/1436 1440/1440/1440 1439/1439/1439
f 1437/1437/1437 1438/1438/1438 1441/1441/1441
f 1438/1438/1438 1439/1439/1439 1442/1442/1442
f 1438/1438/1438 1442/1442/1442 1441/1441/1441
f 1439/1439/1439 1440/1440/1440 1443/1443/1443
f 1439/1439/1439 1443/1443/1443 1442/1442/1442
f 1440/1440/1440 1444/1444/1444 1443/1443/1443
f 1441/1441/1441 1442/1442/1442 1445/1445/1445
f 1442/1442/1442 1443/1443/1443 1446/1446/1446
f 1442/1442/1442 1446/1446/1446 1445/1445/1445
f 1443/1443/1443 1444/1444/1444 1447/1447/1447
f 1443/1443/1443 1447/1447/1447 1446/1446/1446
f 1444/1444/1444 1448/1448/1448 1447/1447/1447
f 1445/1445/1445 1446/1446/1446 1449/1449/1449
f 1446/1446/1446 1447/1447/1447 1450/1450/1450
f 1446/1446/1446 1450/1450/1450 1449/1449/1449
f 1447/1447/1447 1448/1448/1448 1451/1451/1451
f 1447/1447/1447 1451/1451/1451 1450/1450/1450
f 1448/1448/1448 1452/1452/1452 1451/1451/1451
f 1449/1449/1449 1450/1450/1450 1453/1453/1453
f 1450/1450/1450 1451/1451/1451 1454/1454/1454
f 1450/1450/1450 1454/1454/1454 1453/1453/1453
f 1451/1451/1451 1452/1452/1452 1455/1455/1455
f 1451/1451/1451 1455/1455/1455 1454/1454/1454
f 1452/1452/1452 1456/1456/1456 1455/1455/1455
f 1453/1453/1453 1454/1454/1454 1457/1457/1457
f 1454/1454/1454 1455/1455/1455 1458/1458/1458
f 1454/1454/1454 1458/1458/1458 1457/1457/1457
f 1455/1455/1455 1456/1456/1456 1459/1459/1459
f 1455/1455/1455 1459/1459/1459 1458/1458/1458
f 1456/1456/1456 1460/1460/1460 1459/1459/1459
f 1457/1457/1457 1458/1458/1458 1461/1461/1461
f 1458/1458/1458 1459/1459/1459 1462/1462/1462
f 1458/1458/1458 1462/1462/1462 1461/1461/1461
f 1459/1459/1459 1460/1460/1460 1463/1463/1463
f 1459/1459/1459 1463/1463/1463 1462/1462/1462
f 1460/1460/1460 1464/1464/1464 1463/1463/1463
f 1461/1461/1461 1462/1462/1462 1465/1465/1465
f 1462/1462/1462 1463/1463/1463 1466/1466/1466
f 1462/1462/1462 1466/1466/1466 1465/1465/1465
f 1463/1463/1463 1464/1464/1464 1467/1467/1467
f 1463/1463/1463 1467/1467/1467 1466/1466/1466
f 1464/1464/1464 1468/1468/1468 1467/1467/1467
f 1465/1465/1465 1466/1466/1466 1469/1469/1469
f 1466/1466/1466 1467/1467/1467 1470/1470/1470
f 1466/1466/1466 1470/1470/1470 1469/1469/1469
f 1467/1467/1467 1468/1468/1468 1471/1471/1471
f 1467/1467/1467 1471/1471/1471 1470/1470/1470
f 1468/1468/1468 1472/1472/1472 1471/1471/1471
f 1469/1469/1469 1470/1470/1470 1473/1473/1473
f 1470/1470/1470 1471/1471/1471 1474/1474/1474
f 1470/1470/1470 1474/1474/1474 1473/1473/1473
f 1471/1471/1471 1472/1472/1472 1475/1475/1475
f 1471/1471/1471 1475/1475/1475 1474/1474/1474
f 1472/1472/1472 1476/1476/1476 1475/1475/1475
f 1473/1473/1473 1474/1474/1474 1477/1477/1477
f 1474/1474/1474 1475/1475/1475 1478/1478/1478
f 1474/1474/1474 1478/1478/1478 1477/1477/1477
f 1475/1475/1475 1476/1476/1476 1479/1479/1479
f 1475/1475/1475 1479/1479/1479 1478/1478/1478
f 1476/1476/1476 1480/1480/1480 1479/1479/1479
f 1477/1477/1477 1478/1478/1478 1481/1481/1481
f 1478/1478/1478 1479/1479/1479 1482/1482/1482
f 1478/1478/1478 1482/1482/1482 1481/1481/1481
f 1479/1479/1479 1480/1480/1480 1483/1483/1483
f 1479/1479/1479 1483/1483/1483 1482/1482/1482
f 1480/1480/1480 1484/1484/1484 1483/1483/1483
f 1481/1481/1481 1482/1482/1482 1485/1485/1485
f 1482/1482/1482 1483/1483/1483 1486/1486/1486
f 1482/1482/1482 1486/1486/1486 1485/1485/1485
f 1483/1483/1483 1484/1484/1484 1487/1487/1487
f 1483/1483/1483 1487/1487/1487 1486/1486/1486
f 1484/1484/1484 1488/1488/1488 1487/1487/1487
f 1485/1485/1485 1486/1486/1486 1489/1489/1489
f 1486/1486/1486 1487/1487/1487 1490/1490/1490
f 1486/1486/1486 1490/1490/1490 1489/1489/1489
f 1487/1487/1487 1488/1488/1488 1491/1491/1491
f 1487/1487/1487 1491/1491/1491 1490/1490/1490
f 1488/1488/1488 1492/1492/1492 1491/1491/1491
f 1489/1489/1489 1490/1490/1490 1493/1493/1493
f 1490/1490/1490 1491/1491/1491 1494/1494/1494
f 1490/1490/1490 1494/1494/1494 1493/1493/1493
f 1491/1491/1491 1492/1492/1492 1495/1495/1495
f 1491/1491/1491 1495/1495/1495 1494/1494/1494
f 1492/1492/1492 1496/1496/1496 1495/1495/1495
f 1493/1493/1493 1494/1494/1494 1497/1497/1497
f 1494/1494/1494 1495/1495/1495 1498/1498/1498
f 1494/1494/1494 1498/1498/1498 1497/1497/1497
f 1495/1495/1495 1496/1496/1496 1499/1499/1499
f 1495/1495/1495 1499/1499/1499 1498/1498/1498
f 1496/1496/1496 1500/1500/1500 1499/1499/1499
f 1497/1497/1497 1498/1498/1498 1501/1501/1501
f 1498/1498/1498 1499/1499/1499 1502/1502/1502
f 1498/1498/1498 1502/1502/1502 1501/1501/1501
f 1499/1499/1499 1500/1500/1500 1503/1503/1503
f 1499/1499/1499 1503/1503/1503 1502/1502/1502
f 1500/1500/1500 1504/1504/1504 1503/1503/1503
f 1501/1501/1501 1502/1502/1502 1505/1505/1505
f 1502/1502/1502 1503/1503/1503 1506/1506/1506
f 1502/1502/1502 1506/1506/1506 1505/1505/1505
f 1503/1503/1503 1504/1504/1504 1507/1507/1507
f 1503/1503/1503 1507/1507/1507 1506/1506/1506
f 1504/1504/1504 1508/1508/1508 1507/1507/1507
f 1505/1505/1505 1506/1506/1506 1509/1509/1509
f 1506/1506/1506 1507/1507/1507 1510/1510/1510
f 1506/1506/1506 1510/1510/1510 1509/1509/1509
f 1507/1507/1507 1508/1508/1508 1511/1511/1511
f 1507/1507/1507 1511/1511/1511 1510/1510/1510
f 1508/1508/1508 1512/1512/1512 1511/1511/1511
f 1509/1509/1509 1510/1510/1510 1513/1513/1513
f 1510/1510/1510 1511/1511/1511 1514/1514/1514
f 1510/1510/1510 1514/1514/1514 1513/1513/1513
f 1511/1511/1511 1512/1512/1512 1515/1515/1515
f 1511/1511/1511 1515/1515/1515 1514/1514/1514
f 1512/1512/1512 1516/1516/1516 1515/1515/1515
f 1513/1513/1513 1514/1514/1514 1517/1517/1517
f 1514/1514/1514 1515/1515/1515 1518/1518/1518
f 1514/1514/1514 1518/1518/1518 1517/1517/1517
f 1515/1515/1515 1516/1516/1516 1519/1519/1519
f 1515/1515/1515 1519/1519/1519 1518/1518/1518
f 1516/1516/1516 1520/1520/1520 1519/1519/1519
f 1517/1517/1517 1518/1518/1518 1521/1521/1521
f 1518/1518/1518 1519/1519/1519 1522/1522/1522
f 1518/1518/1518 1522/1522/1522 1521/1521/1521
f 1519/1519/1519 1520/1520/1520 1523/1523/1523
f 1519/1519/1519 1523/1523/1523 1522/1522/1522
f 1520/1520/1520 1524/1524/1524 1523/1523/1523
f 1521/1521/1521 1522/1522/1522 1525/1525/1525
f 1522/1522/1522 1523/1523/1523 1526/1526/1526
f 1522/1522/1522 1526/1526/1526 1525/1525/1525
f 1523/1523/1523 1524/1524/1524 1527/1527/1527
f 1523/1523/1523 1527/1527/1527 1526/1526/1526
f 1524/1524/1524 1528/1528/1528 1527/1527/1527
f 1525/1525/1525 1526/1526/1526 1529/1529/1529
f 1526/1526/1526 1527/1527/1527 1530/1530/1530
f 1526/1526/1526 1530/1530/1530 1529/1529/1529
f 1527/1527/1527 1528/1528/1528 1531/1531/1531
f 1527/1527/1527 1531/1531/1531 1530/1530/1530
f 1528/1528/1528 1532/1532/1532 1531/1531/1531
f 1529/1529/1529 1530/1530/1530 1533/1533/1533
f 1530/1530/1530 1531/1531/1531 1534/1534/1534
f 1530/1530/1530 1534/1534/1534 1533/1533/1533
f 1531/1531/1531 1532/1532/1532 1535/1535/1535
f 1531/1531/1531 1535/1535/1535 1534/1534/1534
f 1532/1532/1532 1536/1536/1536 1535/1535/1535
f 1533/1533/1533 1534/1534/1534 1537/1537/1537
f 1534/1534/1534 1535/1535/1535 1538/1538/1538
f 1534/1534/1534 1538/1538/1538 1537/1537/1537
f 1535/1535/1535 1536/1536/1536 1539/1539/1539
f 1535/1535/1535 1539/1539/1539 1538/1538/1538
f 1536/1536/1536 1540/1540/1540 1539/1539/1539
f 1537/1537/1537 1538/1538/1538 1541/1541/1541
f 1538/1538/1538 1539/1539/1539 1542/1542/1542
f 1538/1538/1538 1542/1542/1542 1541/1541/1541
f 1539/1539/1539 1540/1540/1540 1543/1543/1543
f 1539/1539/1539 1543/1543/1543 1542/1542/1542
f 1540/1540/1540 1544/1544/1544 1543/1543/1543
f 1541/1541/1541 1542/1542/1542 1545/1545/1545
f 1542/1542/1542 1543/1543/1543 1546/1546/1546
f 1542/1542/1542 1546/1546/1546 1545/1545/1545
f 1543/1543/1543 1544/1544/1544 1547/1547/1547
f 1543/1543/1543 1547/1547/1547 1546/1546/1546
f 1544/1544/1544 1548/1548/1548 1547/1547/1547
f 1545/1545/1545 1546/1546/1546 1549/1549/1549
f 1546/1546/1546 1547/1547/1547 1550/1550/1550
f 1546/1546/1546 1550/1550/1550 1549/1549/1549
f 1547/1547/1547 1548/1548/1548 1551/1551/1551
f 1547/1547/1547 1551/1551/1551 1550/1550/1550
f 1548/1548/1548 1552/1552/1552 1551/1551/1551
f 1549/1549/1549 1550/1550/1550 1553/1553/1553
f 1550/1550/1550 1551/1551/1551 1554/1554/1554
f 1550/1550/1550 1554/1554/1554 1553/1553/1553
f 1551/1551/1551 1552/1552/1552 1555/1555/1555
f 1551/1551/1551 1555/1555/1555 1554/1554/1554
f 1552/1552/1552 1556/1556/1556 1555/1555/1555
f 1553/1553/1553 1554/1554/1554 1557/1557/1557
f 1553/1553/1553 1557/1557/1557 1558/1558/1558
f 1554/1554/1554 1559/1559/1559 1557/1557/1557
f 1554/1554/1554 1555/1555/1555 1559/1559/1559
f 1555/1555/1555 1556/1556/1556 1560/1560/1560
f 1555/1555/1555 1560/1560/1560 1559/1559/1559
f 1557/1557/1557 1561/1561/1561 1562/1562/1562
f 1557/1557/1557 1559/1559/1559 1561/1561/1561
f 1557/1557/1557 1562/1562/1562 1558/1558/1558
f 1558/1558/1558 1562/1562/1562 1563/1563/1563
f 1559/1559/1559 1564/1564/1564 1561/1561/1561
f 1559/1559/1559 1560/1560/1560 1564/1564/1564
f 1561/1561/1561 1565/1565/1565 1566/1566/1566
f 1561/1561/1561 1564/1564/1564 1565/1565/1565
f 1561/1561/1561 1566/1566/1566 1562/1562/1562
f 1562/1562/1562 1566/1566/1566 1567/1567/1567
f 1562/1562/1562 1567/1567/1567 1563/1563/1563
f 1563/1563/1563 1567/1567/1567 1568/1568/1568
f 1565/1565/1565 1569/1569/1569 1566/1566/1566
f 1566/1566/1566 1569/1569/1569 1570/1570/1570
f 1566/1566/1566 1570/1570/1570 1567/1567/1567
f 1567/1567/1567 1570/1570/1570 1571/1571/1571
f 1567/1567/1567 1571/1571/1571 1568/1568/1568
f 1568/1568/1568 1571/1571/1571 1572/1572/1572
f 1569/1569/1569 1573/1573/1573 1570/1570/1570
f 1570/1570/1570 1573/1573/1573 1574/1574/1574
f 1570/1570/1570 1574/1574/1574 1571/1571/1571
f 1571/1571/1571 1574/1574/1574 1575/1575/1575
f 1571/1571/1571 1575/1575/1575 1572/1572/1572
f 1572/1572/1572 1575/1575/1575 1576/1576/1576
f 1573/1573/1573 1577/1577/1577 1574/1574/1574
f 1574/1574/1574 1577/1577/1577 1578/1578/1578
f 1574/1574/1574 1578/1578/1578 1575/1575/1575
f 1575/1575/1575 1578/1578/1578 1579/1579/1579
f 1575/1575/1575 1579/1579/1579 1576/1576/1576
f 1577/1577/1577 1580/1580/1580 1578/1578/1578
f 1578/1578/1578 1580/1580/1580 1581/1581/1581
f 1578/1578/1578 1581/1581/1581 1579/1579/1579
f 1580/1580/1580 1582/1582/1582 1581/1581/1581
f 1583/1583/1583 1584/1584/1584 1585/1585/1585
f 1584/1584/1584 1586/1586/1586 1585/1585/1585
f 1584/1584/1584 1587/1587/1587 1586/1586/1586
f 1585/1585/1585 1586/1586/1586 1588/1588/1588
f 1586/1586/1586 1589/1589/1589 1588/1588/1588
f 1586/1586/1586 1590/1590/1590 1589/1589/1589
f 1586/1586/1586 1587/1587/1587 1590/1590/1590
f 1587/1587/1587 1591/1591/1591 1590/1590/1590
f 1588/1588/1588 1589/1589/1589 1592/1592/1592
f 1589/1589/1589 1593/1593/1593 1592/1592/1592
f 1589/1589/1589 1594/1594/1594 1593/1593/1593
f 1589/1589/1589 1590/1590/1590 1594/1594/1594
f 1590/1590/1590 1595/1595/1595 1594/1594/1594
f 1590/1590/1590 1591/1591/1591 1595/1595/1595
f 1592/1592/1592 1593/1593/1593 1596/1596/1596
f 1593/1593/1593 1597/1597/1597 1596/1596/1596
f 1593/1593/1593 1598/1598/1598 1597/1597/1597
f 1593/1593/1593 1594/1594/1594 1598/1598/1598
f 1594/1594/1594 1599/1599/1599 1598/1598/1598
f 1594/1594/1594 1595/1595/1595 1599/1599/1599
f 1596/1596/1596 1597/1597/1597 1600/1600/1600
f 1597/1597/1597 1601/1601/1601 1600/1600/1600
f 1597/1597/1597 1602/1602/1602 1601/1601/1601
f 1597/1597/1597 1598/1598/1598 1602/1602/1602
f 1598/1598/1598 1603/1603/1603 1602/1602/1602
f 1598/1598/1598 1599/1599/1599 1603/1603/1603
f 1600/1600/1600 1601/1601/1601 1604/1604/1604
f 1601/1601/1601 1605/1605/1605 1604/1604/1604
f 1601/1601/1601 1606/1606/1606 1605/1605/1605
f 1601/1601/1601 1602/1602/1602 1606/1606/1606
f 1602/1602/1602 1607/1607/1607 1606/1606/1606
f 1602/1602/1602 1603/1603/1603 1607/1607/1607
f 1604/1604/1604 1605/1605/1605 1608/1608/1608
f 1605/1605/1605 1609/1609/1609 1608/1608/1608
f 1605/1605/1605 1610/1610/1610 1609/1609/1609
f 1605/1605/1605 1606/1606/1606 1610/1610/1610
f 1606/1606/1606 1611/1611/1611 1610/1610/1610
f 1606/1606/1606 1607/1607/1607 1611/1611/1611
f 1608/1608/1608 1609/1609/1609 1612/1612/1612
f 1609/1609/1609 1613/1613/1613 1612/1612/1612
f 1609/1609/1609 1614/1614/1614 1613/1613/1613
f 1609/1609/1609 1610/1610/1610 1614/1614/1614
f 1610/1610/1610 1615/1615/1615 1614/1614/1614
f 1610/1610/1610 1611/1611/1611 1615/1615/1615
f 1612/1612/1612 1613/1613/1613 1616/1616/1616
f 1613/1613/1613 1617/1617/1617 1616/1616/1616
f 1613/1613/1613 1618/1618/1618 1617/1617/1617
f 1613/1613/1613 1614/1614/1614 1618/1618/1618
f 1614/1614/1614 1619/1619/1619 1618/1618/1618
f 1614/1614/1614 1615/1615/1615 1619/1619/1619
f 1616/1616/1616 1617/1617/1617 1620/1620/1620
f 1617/1617/1617 1621/1621/1621 1620/1620/1620
f 1617/1617/1617 1622/1622/1622 1621/1621/1621
f 1617/1617/1617 1618/1618/1618 1622/1622/1622
f 1618/1618/1618 1623/1623/1623 1622/1622/1622
f 1618/1618/1618 1619/1619/1619 1623/1623/1623
f 1620/1620/1620 1621/1621/1621 1624/1624/1624
f 1621/1621/1621 1625/1625/1625 1626/1626/1626
f 1621/1621/1621 1626/1626/1626 1624/1624/1624
f 1621/1621/1621 1622/1622/1622 1625/1625/1625
f 1622/1622/1622 1627/1627/1627 1625/1625/1625
f 1622/1622/1622 1623/1623/1623 1627/1627/1627
f 1624/1624/1624 1626/1626/1626 1628/1628/1628
f 1625/1625/1625 1629/1629/1629 1630/1630/1630
f 1625/1625/1625 1630/1630/1630 1626/1626/1626
f 1625/1625/1625 1627/1627/1627 1629/1629/1629
f 1626/1626/1626 1630/1630/1630 1631/1631/1631
f 1626/1626/1626 1631/1631/1631 1628/1628/1628
f 1628/1628/1628 1631/1631/1631 1632/1632/1632
f 1629/1629/1629 1633/1633/1633 1630/1630/1630
f 1630/1630/1630 1633/1633/1633 1634/1634/1634
f 1630/1630/1630 1634/1634/1634 1631/1631/1631
f 1631/1631/1631 1634/1634/1634 1635/1635/1635
f 1631/1631/1631 1635/1635/1635 1632/1632/1632
f 1632/1632/1632 1635/1635/1635 1636/1636/1636
f 1633/1633/1633 1637/1637/1637 1634/1634/1634
f 1634/1634/1634 1637/1637/1637 1638/1638/1638
f 1634/1634/1634 1638/1638/1638 1635/1635/1635
f 1635/1635/1635 1638/1638/1638 1639/1639/1639
f 1635/1635/1635 1639/1639/1639 1636/1636/1636
f 1636/1636/1636 1639/1639/1639 1640/1640/1640
f 1637/1637/1637 1641/1641/1641 1638/1638/1638
f 1638/1638/1638 1641/1641/1641 1642/1642/1642
f 1638/1638/1638 1642/1642/1642 1639/1639/1639
f 1639/1639/1639 1642/1642/1642 1643/1643/1643
f 1639/1639/1639 1643/1643/1643 1640/1640/1640
f 1640/1640/1640 1643/1643/1643 1644/1644/1644
f 1641/1641/1641 1645/1645/1645 1642/1642/1642
f 1642/1642/1642 1645/1645/1645 1646/1646/1646
f 1642/1642/1642 1646/1646/1646 1643/1643/1643
f 1643/1643/1643 1646/1646/1646 1647/1647/1647
f 1643/1643/1643 1647/1647/1647 1644/1644/1644
f 1644/1644/1644 1647/1647/1647 1648/1648/1648
f 1645/1645/1645 1649/1649/1649 1646/1646/1646
f 1646/1646/1646 1649/1649/1649 1650/1650/1650
f 1646/1646/1646 1650/1650/1650 1647/1647/1647
f 1647/1647/1647 1650/1650/1650 1651/1651/1651
f 1647/1647/1647 1651/1651/1651 1648/1648/1648
f 1648/1648/1648 1651/1651/1651 1652/1652/1652
f 1649/1649/1649 1653/1653/1653 1650/1650/1650
f 1650/1650/1650 1653/1653/1653 1654/1654/1654
f 1650/1650/1650 1654/1654/1654 1651/1651/1651
f 1651/1651/1651 1654/1654/1654 1655/1655/1655
f 1651/1651/1651 1655/1655/1655 1652/1652/1652
f 1652/1652/1652 1655/1655/1655 1656/1656/1656
f 1653/1653/1653 1657/1657/1657 1654/1654/1654
f 1654/1654/1654 1657/1657/1657 1658/1658/1658
f 1654/1654/1654 1658/1658/1658 1655/1655/1655
f 1655/1655/1655 1658/1658/1658 1659/1659/1659
f 1655/1655/1655 1659/1659/1659 1656/1656/1656
f 1656/1656/1656 1659/1659/1659 1660/1660/1660
f 1657/1657/1657 1661/1661/1661 1658/1658/1658
f 1658/1658/1658 1661/1661/1661 1662/1662/1662
f 1658/1658/1658 1662/1662/1662 1659/1659/1659
f 1659/1659/1659 1662/1662/1662 1663/1663/1663
f 1659/1659/1659 1663/1663/1663 1660/1660/1660
f 1660/1660/1660 1663/1663/1663 1664/1664/1664
f 1661/1661/1661 1665/1665/1665 1662/1662/1662
f 1662/1662/1662 1665/1665/1665 1666/1666/1666
f 1662/1662/1662 1666/1666/1666 1663/1663/1663
f 1663/1663/1663 1666/1666/1666 1667/1667/1667
f 1663/1663/1663 1667/1667/1667 1664/1664/1664
f 1664/1664/1664 1667/1667/1667 1668/1668/1668
f 1665/1665/1665 1669/1669/1669 1666/1666/1666
f 1666/1666/1666 1669/1669/1669 1670/1670/1670
f 1666/1666/1666 1670/1670/1670 1667/1667/1667
f 1667/1667/1667 1670/1670/1670 1671/1671/1671
f 1667/1667/1667 1671/1671/1671 1668/1668/1668
f 1668/1668/1668 1671/1671/1671 1672/1672/1672
f 1669/1669/1669 1673/1673/1673 1670/1670/1670
f 1670/1670/1670 1673/1673/1673 1674/1674/1674
f 1670/1670/1670 1674/1674/1674 1671/1671/1671
f 1671/1671/1671 1674/1674/1674 1675/1675/1675
f 1671/1671/1671 1675/1675/1675 1672/1672/1672
f 1673/1673/1673 1676/1676/1676 1674/1674/1674
f 1674/1674/1674 1676/1676/1676 1677/1677/1677
f 1674/1674/1674 1677/1677/1677 1675/1675/1675
f 1676/1676/1676 1678/1678/1678 1677/1677/1677
f 1679/1679/1679 1680/1680/1680 1681/1681/1681
f 1679/1679/1679 1682/1682/1682 1683/1683/1683
f 1679/1679/1679 1681/1681/1681 1682/1682/1682
f 1683/1683/1683 1682/1682/1682 1684/1684/1684
f 1684/1684/1684 1685/1685/1685 1256/1256/1256
f 1684/1684/1684 1682/1682/1682 1685/1685/1685
f 1682/1682/1682 1681/1681/1681 1686/1686/1686
f 1682/1682/1682 1686/1686/1686 1685/1685/1685
f 1685/1685/1685 1687/1687/1687 1255/1255/1255
f 1685/1685/1685 1255/1255/1255 1256/1256/1256
f 1685/1685/1685 1686/1686/1686 1687/1687/1687
f 1686/1686/1686 1688/1688/1688 1689/1689/1689
f 1686/1686/1686 1681/1681/1681 1688/1688/1688
f 1686/1686/1686 1689/1689/1689 1687/1687/1687
f 1681/1681/1681 1690/1690/1690 1688/1688/1688
f 1681/1681/1681 1680/1680/1680 1690/1690/1690
f 1680/1680/1680 1691/1691/1691 1690/1690/1690
f 1687/1687/1687 1692/1692/1692 1253/1253/1253
f 1687/1687/1687 1253/1253/1253 1255/1255/1255
f 1687/1687/1687 1689/1689/1689 1692/1692/1692
f 1688/1688/1688 1693/1693/1693 1689/1689/1689
f 1688/1688/1688 1690/1690/1690 1693/1693/1693
f 1689/1689/1689 1694/1694/1694 1695/1695/1695
f 1689/1689/1689 1693/1693/1693 1696/1696/1696
f 1689/1689/1689 1696/1696/1696 1694/1694/1694
f 1690/1690/1690 1691/1691/1691 1697/1697/1697
f 1690/1690/1690 1697/1697/1697 1693/1693/1693
f 1691/1691/1691 1698/1698/1698 1697/1697/1697
f 1692/1692/1692 1254/1254/1254 1253/1253/1253
f 1693/1693/1693 1697/1697/1697 1696/1696/1696
f 1694/1694/1694 1699/1699/1699 1700/1700/1700
f 1694/1694/1694 1700/1700/1700 1695/1695/1695
f 1694/1694/1694 1696/1696/1696 1699/1699/1699
f 1696/1696/1696 1697/1697/1697 1699/1699/1699
f 1697/1697/1697 1698/1698/1698 1699/1699/1699
f 1698/1698/1698 1701/1701/1701 1699/1699/1699
f 1698/1698/1698 1702/1702/1702 1701/1701/1701
f 1699/1699/1699 1701/1701/1701 1700/1700/1700
f 1703/1703/1703 1704/1704/1704 1705/1705/1705
f 1704/1704/1704 1706/1706/1706 1707/1707/1707
f 1704/1704/1704 1707/1707/1707 1705/1705/1705
f 1705/1705/1705 1707/1707/1707 1708/1708/1708
f 1706/1706/1706 1709/1709/1709 1707/1707/1707
f 1706/1706/1706 1710/1710/1710 1709/1709/1709
f 1707/1707/1707 1711/1711/1711 1708/1708/1708
f 1707/1707/1707 1709/1709/1709 1711/1711/1711
f 1708/1708/1708 1711/1711/1711 1712/1712/1712
f 1709/1709/1709 1713/1713/1713 1714/1714/1714
f 1709/1709/1709 1710/1710/1710 1713/1713/1713
f 1709/1709/1709 1714/1714/1714 1711/1711/1711
f 1710/1710/1710 1715/1715/1715 1713/1713/1713
f 1711/1711/1711 1716/1716/1716 1712/1712/1712
f 1711/1711/1711 1714/1714/1714 1716/1716/1716
f 1713/1713/1713 1717/1717/1717 1714/1714/1714
f 1713/1713/1713 1718/1718/1718 1717/1717/1717
f 1713/1713/1713 1715/1715/1715 1718/1718/1718
f 1714/1714/1714 1717/1717/1717 1719/1719/1719
f 1714/1714/1714 1719/1719/1719 1716/1716/1716
f 1715/1715/1715 1720/1720/1720 1718/1718/1718
f 1717/1717/1717 1721/1721/1721 1722/1722/1722
f 1717/1717/1717 1718/1718/1718 1721/1721/1721
f 1717/1717/1717 1722/1722/1722 1719/1719/1719
f 1718/1718/1718 1723/1723/1723 1721/1721/1721
f 1718/1718/1718 1720/1720/1720 1723/1723/1723
f 1720/1720/1720 1724/1724/1724 1723/1723/1723
f 1721/1721/1721 1723/1723/1723 1725/1725/1725
f 1721/1721/1721 1726/1726/1726 1722/1722/1722
f 1721/1721/1721 1725/1725/1725 1726/1726/1726
f 1723/1723/1723 1724/1724/1724 1727/1727/1727
f 1723/1723/1723 1727/1727/1727 1725/1725/1725
f 1724/1724/1724 1728/1728/1728 1727/1727/1727
f 1725/1725/1725 1727/1727/1727 1729/1729/1729
f 1725/1725/1725 1730/1730/1730 1726/1726/1726
f 1725/1725/1725 1729/1729/1729 1730/1730/1730
f 1727/1727/1727 1728/1728/1728 1731/1731/1731
f 1727/1727/1727 1731/1731/1731 1729/1729/1729
f 1728/1728/1728 1732/1732/1732 1731/1731/1731
f 1729/1729/1729 1733/1733/1733 1730/1730/1730
f 1729/1729/1729 1734/1734/1734 1733/1733/1733
f 1729/1729/1729 1731/1731/1731 1734/1734/1734
f 1731/1731/1731 1732/1732/1732 1735/1735/1735
f 1731/1731/1731 1735/1735/1735 1734/1734/1734
f 1732/1732/1732 1736/1736/1736 1735/1735/1735
f 1733/1733/1733 1734/1734/1734 1737/1737/1737
f 1734/1734/1734 1735/1735/1735 1738/1738/1738
f 1734/1734/1734 1738/1738/1738 1737/1737/1737
f 1735/1735/1735 1736/1736/1736 1739/1739/1739
f 1735/1735/1735 1739/1739/1739 1738/1738/1738
f 1736/1736/1736 1740/1740/1740 1739/1739/1739
f 1737/1737/1737 1738/1738/1738 1741/1741/1741
f 1738/1738/1738 1742/1742/1742 1741/1741/1741
f 1738/1738/1738 1739/1739/1739 1742/1742/1742
f 1739/1739/1739 1740/1740/1740 1743/1743/1743
f 1739/1739/1739 1743/1743/1743 1742/1742/1742
f 1740/1740/1740 1744/1744/1744 1743/1743/1743
f 1741/1741/1741 1742/1742/1742 1745/1745/1745
f 1742/1742/1742 1746/1746/1746 1745/1745/1745
f 1742/1742/1742 1743/1743/1743 1746/1746/1746
f 1743/1743/1743 1744/1744/1744 1747/1747/1747
f 1743/1743/1743 1747/1747/1747 1746/1746/1746
f 1744/1744/1744 1748/1748/1748 1747/1747/1747
f 1745/1745/1745 1746/1746/1746 1749/1749/1749
f 1746/1746/1746 1750/1750/1750 1749/1749/1749
f 1746/1746/1746 1747/1747/1747 1750/1750/1750
f 1747/1747/1747 1748/1748/1748 1751/1751/1751
f 1747/1747/1747 1751/1751/1751 1750/1750/1750
f 1748/1748/1748 1752/1752/1752 1751/1751/1751
f 1749/1749/1749 1750/1750/1750 1753/1753/1753
f 1750/1750/1750 1754/1754/1754 1753/1753/1753
f 1750/1750/1750 1751/1751/1751 1754/1754/1754
f 1751/1751/1751 1752/1752/1752 1755/1755/1755
f 1751/1751/1751 1755/1755/1755 1754/1754/1754
f 1752/1752/1752 1756/1756/1756 1755/1755/1755
f 1753/1753/1753 1754/1754/1754 1757/1757/1757
f 1754/1754/1754 1758/1758/1758 1757/1757/1757
f 1754/1754/1754 1755/1755/1755 1758/1758/1758
f 1755/1755/1755 1759/1759/1759 1758/1758/1758
f 1755/1755/1755 1756/1756/1756 1759/1759/1759
f 1756/1756/1756 1760/1760/1760 1759/1759/1759
f 1757/1757/1757 1758/1758/1758 1761/1761/1761
f 1758/1758/1758 1759/1759/1759 1762/1762/1762
f 1758/1758/1758 1762/1762/1762 1761/1761/1761
f 1759/1759/1759 1760/1760/1760 1763/1763/1763
f 1759/1759/1759 1763/1763/1763 1762/1762/1762
f 1760/1760/1760 1764/1764/1764 1763/1763/1763
f 1761/1761/1761 1762/1762/1762 1765/1765/1765
f 1762/1762/1762 1763/1763/1763 1766/1766/1766
f 1762/1762/1762 1766/1766/1766 1765/1765/1765
f 1763/1763/1763 1764/1764/1764 1767/1767/1767
f 1763/1763/1763 1767/1767/1767 1766/1766/1766
f 1764/1764/1764 1768/1768/1768 1767/1767/1767
f 1765/1765/1765 1766/1766/1766 1769/1769/1769
f 1766/1766/1766 1767/1767/1767 1770/1770/1770
f 1766/1766/1766 1770/1770/1770 1769/1769/1769
f 1767/1767/1767 1768/1768/1768 1771/1771/1771
f 1767/1767/1767 1771/1771/1771 1770/1770/1770
f 1768/1768/1768 1772/1772/1772 1771/1771/1771
f 1769/1769/1769 1770/1770/1770 1773/1773/1773
f 1770/1770/1770 1771/1771/1771 1774/1774/1774
f 1770/1770/1770 1774/1774/1774 1773/1773/1773
f 1771/1771/1771 1775/1775/1775 1774/1774/1774
f 1771/1771/1771 1772/1772/1772 1775/1775/1775
f 1772/1772/1772 1776/1776/1776 1775/1775/1775
f 1773/1773/1773 1774/1774/1774 1582/1582/1582
f 1774/1774/1774 1581/1581/1581 1582/1582/1582
f 1774/1774/1774 1775/1775/1775 1581/1581/1581
f 1775/1775/1775 1579/1579/1579 1581/1581/1581
f 1775/1775/1775 1776/1776/1776 1579/1579/1579
f 1776/1776/1776 1576/1576/1576 1579/1579/1579
f 1777/1777/1777 1778/1778/1778 1779/1779/1779
f 1778/1778/1778 1780/1780/1780 1781/1781/1781
f 1778/1778/1778 1781/1781/1781 1782/1782/1782
f 1778/1778/1778 1782/1782/1782 1779/1779/1779
f 1778/1778/1778 1783/1783/1783 1780/1780/1780
f 1780/1780/1780 1783/1783/1783 1784/1784/1784
f 1780/1780/1780 1785/1785/1785 1786/1786/1786
f 1780/1780/1780 1786/1786/1786 1781/1781/1781
f 1780/1780/1780 1784/1784/1784 1785/1785/1785
f 1781/1781/1781 1787/1787/1787 1788/1788/1788
f 1781/1781/1781 1786/1786/1786 1787/1787/1787
f 1781/1781/1781 1788/1788/1788 1782/1782/1782
f 1785/1785/1785 1789/1789/1789 1786/1786/1786
f 1786/1786/1786 1789/1789/1789 1790/1790/1790
f 1786/1786/1786 1790/1790/1790 1787/1787/1787
f 1787/1787/1787 1791/1791/1791 1788/1788/1788
f 1787/1787/1787 1790/1790/1790 1792/1792/1792
f 1787/1787/1787 1792/1792/1792 1791/1791/1791
f 1789/1789/1789 1793/1793/1793 1790/1790/1790
f 1790/1790/1790 1794/1794/1794 1792/1792/1792
f 1790/1790/1790 1793/1793/1793 1794/1794/1794
f 1791/1791/1791 1792/1792/1792 1795/1795/1795
f 1792/1792/1792 1796/1796/1796 1795/1795/1795
f 1792/1792/1792 1794/1794/1794 1796/1796/1796
f 1793/1793/1793 1797/1797/1797 1794/1794/1794
f 1794/1794/1794 1797/1797/1797 1798/1798/1798
f 1794/1794/1794 1798/1798/1798 1796/1796/1796
f 1795/1795/1795 1796/1796/1796 1799/1799/1799
f 1796/1796/1796 1800/1800/1800 1799/1799/1799
f 1796/1796/1796 1798/1798/1798 1800/1800/1800
f 1797/1797/1797 1801/1801/1801 1798/1798/1798
f 1798/1798/1798 1801/1801/1801 1802/1802/1802
f 1798/1798/1798 1802/1802/1802 1800/1800/1800
f 1799/1799/1799 1800/1800/1800 1803/1803/1803
f 1800/1800/1800 1802/1802/1802 1804/1804/1804
f 1800/1800/1800 1804/1804/1804 1803/1803/1803
f 1801/1801/1801 1805/1805/1805 1802/1802/1802
f 1802/1802/1802 1806/1806/1806 1804/1804/1804
f 1802/1802/1802 1805/1805/1805 1806/1806/1806
f 1803/1803/1803 1804/1804/1804 1807/1807/1807
f 1804/1804/1804 1806/1806/1806 1808/1808/1808
f 1804/1804/1804 1808/1808/1808 1807/1807/1807
f 1805/1805/1805 1809/1809/1809 1806/1806/1806
f 1806/1806/1806 1810/1810/1810 1808/1808/1808
f 1806/1806/1806 1809/1809/1809 1810/1810/1810
f 1807/1807/1807 1808/1808/1808 1811/1811/1811
f 1808/1808/1808 1812/1812/1812 1811/1811/1811
f 1808/1808/1808 1810/1810/1810 1812/1812/1812
f 1809/1809/1809 1813/1813/1813 1810/1810/1810
f 1810/1810/1810 1813/1813/1813 1814/1814/1814
f 1810/1810/1810 1814/1814/1814 1812/1812/1812
f 1811/1811/1811 1812/1812/1812 1815/1815/1815
f 1812/1812/1812 1816/1816/1816 1815/1815/1815
f 1812/1812/1812 1814/1814/1814 1816/1816/1816
f 1813/1813/1813 1817/1817/1817 1814/1814/1814
f 1814/1814/1814 1817/1817/1817 1818/1818/1818
f 1814/1814/1814 1818/1818/1818 1816/1816/1816
f 1815/1815/1815 1816/1816/1816 1819/1819/1819
f 1816/1816/1816 1820/1820/1820 1819/1819/1819
f 1816/1816/1816 1818/1818/1818 1820/1820/1820
f 1817/1817/1817 1821/1821/1821 1818/1818/1818
f 1818/1818/1818 1821/1821/1821 1822/1822/1822
f 1818/1818/1818 1822/1822/1822 1820/1820/1820
f 1819/1819/1819 1820/1820/1820 1823/1823/1823
f 1820/1820/1820 1824/1824/1824 1823/1823/1823
f 1820/1820/1820 1822/1822/1822 1824/1824/1824
f 1821/1821/1821 1825/1825/1825 1822/1822/1822
f 1822/1822/1822 1825/1825/1825 1826/1826/1826
f 1822/1822/1822 1826/1826/1826 1824/1824/1824
f 1823/1823/1823 1824/1824/1824 1827/1827/1827
f 1824/1824/1824 1826/1826/1826 1828/1828/1828
f 1824/1824/1824 1828/1828/1828 1827/1827/1827
f 1825/1825/1825 1829/1829/1829 1826/1826/1826
f 1826/1826/1826 1830/1830/1830 1828/1828/1828
f 1826/1826/1826 1829/1829/1829 1830/1830/1830
f 1827/1827/1827 1828/1828/1828 1831/1831/1831
f 1828/1828/1828 1830/1830/1830 1832/1832/1832
f 1828/1828/1828 1832/1832/1832 1831/1831/1831
f 1829/1829/1829 1833/1833/1833 1830/1830/1830
f 1830/1830/1830 1834/1834/1834 1832/1832/1832
f 1830/1830/1830 1833/1833/1833 1834/1834/1834
f 1831/1831/1831 1832/1832/1832 1835/1835/1835
f 1832/1832/1832 1836/1836/1836 1835/1835/1835
f 1832/1832/1832 1834/1834/1834 1836/1836/1836
f 1833/1833/1833 1837/1837/1837 1834/1834/1834
f 1834/1834/1834 1838/1838/1838 1836/1836/1836
f 1834/1834/1834 1837/1837/1837 1838/1838/1838
f 1835/1835/1835 1836/1836/1836 1839/1839/1839
f 1836/1836/1836 1838/1838/1838 1840/1840/1840
f 1836/1836/1836 1840/1840/1840 1839/1839/1839
f 1837/1837/1837 1841/1841/1841 1838/1838/1838
f 1838/1838/1838 1842/1842/1842 1840/1840/1840
f 1838/1838/1838 1841/1841/1841 1842/1842/1842
f 1839/1839/1839 1840/1840/1840 1843/1843/1843
f 1840/1840/1840 1844/1844/1844 1843/1843/1843
f 1840/1840/1840 1842/1842/1842 1844/1844/1844
f 1841/1841/1841 1845/1845/1845 1842/1842/1842
f 1842/1842/1842 1846/1846/1846 1844/1844/1844
f 1842/1842/1842 1845/1845/1845 1846/1846/1846
f 1843/1843/1843 1844/1844/1844 1847/1847/1847
f 1844/1844/1844 1848/1848/1848 1847/1847/1847
f 1844/1844/1844 1846/1846/1846 1848/1848/1848
f 1845/1845/1845 1849/1849/1849 1846/1846/1846
f 1846/1846/1846 1850/1850/1850 1848/1848/1848
f 1846/1846/1846 1849/1849/1849 1850/1850/1850
f 1847/1847/1847 1848/1848/1848 1851/1851/1851
f 1848/1848/1848 1850/1850/1850 1852/1852/1852
f 1848/1848/1848 1852/1852/1852 1851/1851/1851
f 1849/1849/1849 1853/1853/1853 1850/1850/1850
f 1850/1850/1850 1853/1853/1853 1854/1854/1854
f 1850/1850/1850 1854/1854/1854 1852/1852/1852
f 1851/1851/1851 1852/1852/1852 1855/1855/1855
f 1852/1852/1852 1856/1856/1856 1855/1855/1855
f 1852/1852/1852 1854/1854/1854 1856/1856/1856
f 1853/1853/1853 1672/1672/1672 1854/1854/1854
f 1854/1854/1854 1672/1672/1672 1675/1675/1675
f 1854/1854/1854 1675/1675/1675 1856/1856/1856
f 1855/1855/1855 1856/1856/1856 1857/1857/1857
f 1856/1856/1856 1677/1677/1677 1857/1857/1857
f 1856/1856/1856 1675/1675/1675 1677/1677/1677
f 1857/1857/1857 1677/1677/1677 1678/1678/1678
f 1702/1702/1702 1858/1858/1858 1859/1859/1859
f 1702/1702/1702 1859/1859/1859 1701/1701/1701
f 1701/1701/1701 1860/1860/1860 1700/1700/1700
f 1701/1701/1701 1859/1859/1859 1860/1860/1860
f 1700/1700/1700 1861/1861/1861 1695/1695/1695
f 1700/1700/1700 1860/1860/1860 1861/1861/1861
f 1860/1860/1860 1859/1859/1859 1862/1862/1862
f 1860/1860/1860 1863/1863/1863 1861/1861/1861
f 1860/1860/1860 1862/1862/1862 1863/1863/1863
f 1859/1859/1859 1864/1864/1864 1862/1862/1862
f 1859/1859/1859 1858/1858/1858 1864/1864/1864
f 1858/1858/1858 1865/1865/1865 1864/1864/1864
f 1862/1862/1862 1866/1866/1866 1867/1867/1867
f 1862/1862/1862 1867/1867/1867 1863/1863/1863
f 1862/1862/1862 1864/1864/1864 1866/1866/1866
f 1864/1864/1864 1865/1865/1865 1868/1868/1868
f 1864/1864/1864 1868/1868/1868 1866/1866/1866
f 1865/1865/1865 1869/1869/1869 1868/1868/1868
f 1866/1866/1866 1870/1870/1870 1867/1867/1867
f 1866/1866/1866 1868/1868/1868 1871/1871/1871
f 1866/1866/1866 1871/1871/1871 1870/1870/1870
f 1868/1868/1868 1872/1872/1872 1871/1871/1871
f 1868/1868/1868 1869/1869/1869 1872/1872/1872
f 1869/1869/1869 1873/1873/1873 1872/1872/1872
f 1870/1870/1870 1871/1871/1871 1874/1874/1874
f 1871/1871/1871 1872/1872/1872 1875/1875/1875
f 1871/1871/1871 1875/1875/1875 1874/1874/1874
f 1872/1872/1872 1873/1873/1873 1876/1876/1876
f 1872/1872/1872 1876/1876/1876 1875/1875/1875
f 1873/1873/1873 1877/1877/1877 1876/1876/1876
f 1874/1874/1874 1875/1875/1875 1878/1878/1878
f 1875/1875/1875 1876/1876/1876 1879/1879/1879
f 1875/1875/1875 1879/1879/1879 1878/1878/1878
f 1876/1876/1876 1877/1877/1877 1880/1880/1880
f 1876/1876/1876 1880/1880/1880 1879/1879/1879
f 1877/1877/1877 1881/1881/1881 1880/1880/1880
f 1878/1878/1878 1879/1879/1879 1882/1882/1882
f 1879/1879/1879 1883/1883/1883 1882/1882/1882
f 1879/1879/1879 1880/1880/1880 1883/1883/1883
f 1880/1880/1880 1884/1884/1884 1883/1883/1883
f 1880/1880/1880 1881/1881/1881 1884/1884/1884
f 1881/1881/1881 1885/1885/1885 1884/1884/1884
f 1882/1882/1882 1883/1883/1883 1886/1886/1886
f 1883/1883/1883 1887/1887/1887 1886/1886/1886
f 1883/1883/1883 1884/1884/1884 1887/1887/1887
f 1884/1884/1884 1888/1888/1888 1887/1887/1887
f 1884/1884/1884 1885/1885/1885 1888/1888/1888
f 1885/1885/1885 1889/1889/1889 1888/1888/1888
f 1886/1886/1886 1887/1887/1887 1890/1890/1890
f 1887/1887/1887 1891/1891/1891 1890/1890/1890
f 1887/1887/1887 1888/1888/1888 1891/1891/1891
f 1888/1888/1888 1889/1889/1889 1892/1892/1892
f 1888/1888/1888 1892/1892/1892 1891/1891/1891
f 1889/1889/1889 1893/1893/1893 1892/1892/1892
f 1890/1890/1890 1891/1891/1891 1894/1894/1894
f 1891/1891/1891 1892/1892/1892 1895/1895/1895
f 1891/1891/1891 1895/1895/1895 1894/1894/1894
f 1892/1892/1892 1893/1893/1893 1896/1896/1896
f 1892/1892/1892 1896/1896/1896 1895/1895/1895
f 1893/1893/1893 1897/1897/1897 1896/1896/1896
f 1894/1894/1894 1895/1895/1895 1898/1898/1898
f 1895/1895/1895 1896/1896/1896 1899/1899/1899
f 1895/1895/1895 1899/1899/1899 1898/1898/1898
f 1896/1896/1896 1897/1897/1897 1900/1900/1900
f 1896/1896/1896 1900/1900/1900 1899/1899/1899
f 1897/1897/1897 1901/1901/1901 1900/1900/1900
f 1898/1898/1898 1899/1899/1899 1902/1902/1902
f 1899/1899/1899 1903/1903/1903 1902/1902/1902
f 1899/1899/1899 1900/1900/1900 1903/1903/1903
f 1900/1900/1900 1901/1901/1901 1904/1904/1904
f 1900/1900/1900 1904/1904/1904 1903/1903/1903
f 1901/1901/1901 1905/1905/1905 1904/1904/1904
f 1902/1902/1902 1903/1903/1903 1906/1906/1906
f 1903/1903/1903 1907/1907/1907 1906/1906/1906
f 1903/1903/1903 1904/1904/1904 1907/1907/1907
f 1904/1904/1904 1905/1905/1905 1908/1908/1908
f 1904/1904/1904 1908/1908/1908 1907/1907/1907
f 1905/1905/1905 1909/1909/1909 1908/1908/1908
f 1906/1906/1906 1910/1910/1910 1911/1911/1911
f 1906/1906/1906 1907/1907/1907 1912/1912/1912
f 1906/1906/1906 1912/1912/1912 1913/1913/1913
f 1906/1906/1906 1913/1913/1913 1914/1914/1914
f 1906/1906/1906 1914/1914/1914 1910/1910/1910
f 1907/1907/1907 1915/1915/1915 1912/1912/1912
f 1907/1907/1907 1908/1908/1908 1915/1915/1915
f 1908/1908/1908 1909/1909/1909 1916/1916/1916
f 1908/1908/1908 1916/1916/1916 1915/1915/1915
f 1910/1910/1910 1917/1917/1917 1918/1918/1918
f 1910/1910/1910 1918/1918/1918 1911/1911/1911
f 1910/1910/1910 1914/1914/1914 1917/1917/1917
f 1911/1911/1911 1918/1918/1918 1919/1919/1919
f 1912/1912/1912 1920/1920/1920 1913/1913/1913
f 1912/1912/1912 1915/1915/1915 1920/1920/1920
f 1913/1913/1913 1921/1921/1921 1914/1914/1914
f 1913/1913/1913 1920/1920/1920 1921/1921/1921
f 1914/1914/1914 1921/1921/1921 1917/1917/1917
f 1915/1915/1915 1922/1922/1922 1920/1920/1920
f 1915/1915/1915 1916/1916/1916 1922/1922/1922
f 1917/1917/1917 1921/1921/1921 1923/1923/1923
f 1917/1917/1917 1923/1923/1923 1924/1924/1924
f 1917/1917/1917 1924/1924/1924 1918/1918/1918
f 1918/1918/1918 1924/1924/1924 1925/1925/1925
f 1918/1918/1918 1925/1925/1925 1919/1919/1919
f 1919/1919/1919 1925/1925/1925 1926/1926/1926
f 1920/1920/1920 1927/1927/1927 1921/1921/1921
f 1920/1920/1920 1922/1922/1922 1927/1927/1927
f 1921/1921/1921 1927/1927/1927 1923/1923/1923
f 1923/1923/1923 1928/1928/1928 1924/1924/1924
f 1924/1924/1924 1928/1928/1928 1929/1929/1929
f 1924/1924/1924 1929/1929/1929 1925/1925/1925
f 1925/1925/1925 1929/1929/1929 1930/1930/1930
f 1925/1925/1925 1930/1930/1930 1926/1926/1926
f 1926/1926/1926 1930/1930/1930 1931/1931/1931
f 1928/1928/1928 1932/1932/1932 1929/1929/1929
f 1929/1929/1929 1932/1932/1932 1933/1933/1933
f 1929/1929/1929 1933/1933/1933 1930/1930/1930
f 1930/1930/1930 1933/1933/1933 1934/1934/1934
f 1930/1930/1930 1934/1934/1934 1931/1931/1931
f 1931/1931/1931 1934/1934/1934 1935/1935/1935
f 1932/1932/1932 1936/1936/1936 1933/1933/1933
f 1933/1933/1933 1936/1936/1936 1937/1937/1937
f 1933/1933/1933 1937/1937/1937 1934/1934/1934
f 1934/1934/1934 1937/1937/1937 1938/1938/1938
f 1934/1934/1934 1938/1938/1938 1935/1935/1935
f 1935/1935/1935 1938/1938/1938 1939/1939/1939
f 1936/1936/1936 1940/1940/1940 1937/1937/1937
f 1937/1937/1937 1940/1940/1940 1941/1941/1941
f 1937/1937/1937 1941/1941/1941 1938/1938/1938
f 1938/1938/1938 1941/1941/1941 1942/1942/1942
f 1938/1938/1938 1942/1942/1942 1939/1939/1939
f 1939/1939/1939 1942/1942/1942 1943/1943/1943
f 1940/1940/1940 1944/1944/1944 1941/1941/1941
f 1941/1941/1941 1944/1944/1944 1945/1945/1945
f 1941/1941/1941 1945/1945/1945 1942/1942/1942
f 1942/1942/1942 1945/1945/1945 1946/1946/1946
f 1942/1942/1942 1946/1946/1946 1943/1943/1943
f 1943/1943/1943 1946/1946/1946 1947/1947/1947
f 1944/1944/1944 1948/1948/1948 1945/1945/1945
f 1945/1945/1945 1948/1948/1948 1949/1949/1949
f 1945/1945/1945 1949/1949/1949 1946/1946/1946
f 1946/1946/1946 1949/1949/1949 1950/1950/1950
f 1946/1946/1946 1950/1950/1950 1947/1947/1947
f 1947/1947/1947 1950/1950/1950 1951/1951/1951
f 1948/1948/1948 1952/1952/1952 1949/1949/1949
f 1949/1949/1949 1952/1952/1952 1953/1953/1953
f 1949/1949/1949 1953/1953/1953 1950/1950/1950
f 1950/1950/1950 1953/1953/1953 1954/1954/1954
f 1950/1950/1950 1954/1954/1954 1951/1951/1951
f 1951/1951/1951 1954/1954/1954 1955/1955/1955
f 1952/1952/1952 1956/1956/1956 1953/1953/1953
f 1953/1953/1953 1957/1957/1957 1954/1954/1954
f 1953/1953/1953 1956/1956/1956 1957/1957/1957
f 1954/1954/1954 1958/1958/1958 1955/1955/1955
f 1954/1954/1954 1957/1957/1957 1958/1958/1958
f 1955/1955/1955 1958/1958/1958 1959/1959/1959
f 1956/1956/1956 1960/1960/1960 1957/1957/1957
f 1957/1957/1957 1960/1960/1960 1961/1961/1961
f 1957/1957/1957 1961/1961/1961 1958/1958/1958
f 1958/1958/1958 1962/1962/1962 1959/1959/1959
f 1958/1958/1958 1961/1961/1961 1962/1962/1962
f 1959/1959/1959 1962/1962/1962 1963/1963/1963
f 1960/1960/1960 1964/1964/1964 1961/1961/1961
f 1961/1961/1961 1965/1965/1965 1962/1962/1962
f 1961/1961/1961 1964/1964/1964 1965/1965/1965
f 1962/1962/1962 1965/1965/1965 1966/1966/1966
f 1962/1962/1962 1966/1966/1966 1963/1963/1963
f 1963/1963/1963 1966/1966/1966 1967/1967/1967
f 1964/1964/1964 1968/1968/1968 1965/1965/1965
f 1965/1965/1965 1969/1969/1969 1966/1966/1966
f 1965/1965/1965 1968/1968/1968 1969/1969/1969
f 1966/1966/1966 1969/1969/1969 1970/1970/1970
f 1966/1966/1966 1970/1970/1970 1967/1967/1967
f 1967/1967/1967 1970/1970/1970 1971/1971/1971
f 1968/1968/1968 1972/1972/1972 1969/1969/1969
f 1969/1969/1969 1972/1972/1972 1973/1973/1973
f 1969/1969/1969 1973/1973/1973 1970/1970/1970
f 1970/1970/1970 1974/1974/1974 1971/1971/1971
f 1970/1970/1970 1973/1973/1973 1974/1974/1974
f 1971/1971/1971 1974/1974/1974 1975/1975/1975
f 1972/1972/1972 1976/1976/1976 1973/1973/1973
f 1973/1973/1973 1976/1976/1976 1977/1977/1977
f 1973/1973/1973 1977/1977/1977 1974/1974/1974
f 1974/1974/1974 1977/1977/1977 1978/1978/1978
f 1974/1974/1974 1978/1978/1978 1975/1975/1975
f 1975/1975/1975 1978/1978/1978 1979/1979/1979
f 1976/1976/1976 1980/1980/1980 1977/1977/1977
f 1977/1977/1977 1980/1980/1980 1981/1981/1981
f 1977/1977/1977 1981/1981/1981 1978/1978/1978
f 1978/1978/1978 1981/1981/1981 1982/1982/1982
f 1978/1978/1978 1982/1982/1982 1979/1979/1979
f 1979/1979/1979 1982/1982/1982 1983/1983/1983
f 1980/1980/1980 1984/1984/1984 1981/1981/1981
f 1981/1981/1981 1984/1984/1984 1985/1985/1985
f 1981/1981/1981 1985/1985/1985 1982/1982/1982
f 1982/1982/1982 1985/1985/1985 1986/1986/1986
f 1982/1982/1982 1986/1986/1986 1983/1983/1983
f 1983/1983/1983 1986/1986/1986 1987/1987/1987
f 1984/1984/1984 1988/1988/1988 1985/1985/1985
f 1985/1985/1985 1988/1988/1988 1989/1989/1989
f 1985/1985/1985 1989/1989/1989 1986/1986/1986
f 1986/1986/1986 1989/1989/1989 1990/1990/1990
f 1986/1986/1986 1990/1990/1990 1987/1987/1987
f 1987/1987/1987 1990/1990/1990 1991/1991/1991
f 1988/1988/1988 1992/1992/1992 1989/1989/1989
f 1989/1989/1989 1992/1992/1992 1993/1993/1993
f 1989/1989/1989 1993/1993/1993 1990/1990/1990
f 1990/1990/1990 1994/1994/1994 1991/1991/1991
f 1990/1990/1990 1993/1993/1993 1994/1994/1994
f 1991/1991/1991 1994/1994/1994 1995/1995/1995
f 1992/1992/1992 1996/1996/1996 1993/1993/1993
f 1993/1993/1993 1996/1996/1996 1997/1997/1997
f 1993/1993/1993 1997/1997/1997 1994/1994/1994
f 1994/1994/1994 1997/1997/1997 1998/1998/1998
f 1994/1994/1994 1998/1998/1998 1995/1995/1995
f 1995/1995/1995 1998/1998/1998 1999/1999/1999
f 1996/1996/1996 2000/2000/2000 1997/1997/1997
f 1997/1997/1997 2001/2001/2001 1998/1998/1998
f 1997/1997/1997 2000/2000/2000 2001/2001/2001
f 1998/1998/1998 2002/2002/2002 1999/1999/1999
f 1998/1998/1998 2001/2001/2001 2002/2002/2002
f 1999/1999/1999 2002/2002/2002 2003/2003/2003
f 2000/2000/2000 2004/2004/2004 2001/2001/2001
f 2001/2001/2001 2004/2004/2004 2005/2005/2005
f 2001/2001/2001 2005/2005/2005 2002/2002/2002
f 2002/2002/2002 2005/2005/2005 2006/2006/2006
f 2002/2002/2002 2006/2006/2006 2003/2003/2003
f 2003/2003/2003 2006/2006/2006 2007/2007/2007
f 2004/2004/2004 2008/2008/2008 2005/2005/2005
f 2005/2005/2005 2009/2009/2009 2006/2006/2006
f 2005/2005/2005 2008/2008/2008 2009/2009/2009
f 2006/2006/2006 2010/2010/2010 2007/2007/2007
f 2006/2006/2006 2009/2009/2009 2010/2010/2010
f 2007/2007/2007 2010/2010/2010 2011/2011/2011
f 2008/2008/2008 2012/2012/2012 2009/2009/2009
f 2009/2009/2009 2012/2012/2012 2013/2013/2013
f 2009/2009/2009 2013/2013/2013 2010/2010/2010
f 2010/2010/2010 2014/2014/2014 2011/2011/2011
f 2010/2010/2010 2013/2013/2013 2014/2014/2014
f 2011/2011/2011 2014/2014/2014 2015/2015/2015
f 2012/2012/2012 2016/2016/2016 2013/2013/2013
f 2013/2013/2013 2017/2017/2017 2014/2014/2014
f 2013/2013/2013 2016/2016/2016 2017/2017/2017
f 2014/2014/2014 2018/2018/2018 2015/2015/2015
f 2014/2014/2014 2017/2017/2017 2018/2018/2018
f 2015/2015/2015 2018/2018/2018 2019/2019/2019
f 2016/2016/2016 2020/2020/2020 2017/2017/2017
f 2017/2017/2017 2020/2020/2020 2021/2021/2021
f 2017/2017/2017 2021/2021/2021 2018/2018/2018
f 2018/2018/2018 2022/2022/2022 2019/2019/2019
f 2018/2018/2018 2021/2021/2021 2022/2022/2022
f 2019/2019/2019 2022/2022/2022 1712/1712/1712
f 2020/2020/2020 2023/2023/2023 2021/2021/2021
f 2021/2021/2021 2024/2024/2024 2022/2022/2022
f 2021/2021/2021 2023/2023/2023 2024/2024/2024
f 2022/2022/2022 2024/2024/2024 1708/1708/1708
f 2022/2022/2022 1708/1708/1708 1712/1712/1712
f 2023/2023/2023 2025/2025/2025 2024/2024/2024
f 2024/2024/2024 2025/2025/2025 1705/1705/1705
f 2024/2024/2024 1705/1705/1705 1708/1708/1708
f 2025/2025/2025 1703/1703/1703 1705/1705/1705
f 2026/2026/2026 2027/2027/2027 2028/2028/2028
f 2027/2027/2027 2029/2029/2029 2028/2028/2028
f 2027/2027/2027 2030/2030/2030 2029/2029/2029
f 2028/2028/2028 2029/2029/2029 2031/2031/2031
f 2028/2028/2028 2031/2031/2031 2032/2032/2032
f 2029/2029/2029 2033/2033/2033 2034/2034/2034
f 2029/2029/2029 2034/2034/2034 2031/2031/2031
f 2029/2029/2029 2030/2030/2030 2033/2033/2033
f 2030/2030/2030 2035/2035/2035 2033/2033/2033
f 2031/2031/2031 2034/2034/2034 2036/2036/2036
f 2031/2031/2031 2036/2036/2036 2037/2037/2037
f 2031/2031/2031 2037/2037/2037 2032/2032/2032
f 2032/2032/2032 2037/2037/2037 2038/2038/2038
f 2033/2033/2033 2039/2039/2039 2034/2034/2034
f 2033/2033/2033 2035/2035/2035 2039/2039/2039
f 2034/2034/2034 2039/2039/2039 2036/2036/2036
f 2036/2036/2036 2039/2039/2039 2040/2040/2040
f 2036/2036/2036 2040/2040/2040 2037/2037/2037
f 2037/2037/2037 2041/2041/2041 2038/2038/2038
f 2037/2037/2037 2040/2040/2040 2041/2041/2041
f 2038/2038/2038 2041/2041/2041 2042/2042/2042
f 2039/2039/2039 2043/2043/2043 2040/2040/2040
f 2039/2039/2039 2044/2044/2044 2045/2045/2045
f 2039/2039/2039 2045/2045/2045 2043/2043/2043
f 2040/2040/2040 2043/2043/2043 2041/2041/2041
f 2041/2041/2041 2046/2046/2046 2042/2042/2042
f 2041/2041/2041 2043/2043/2043 2046/2046/2046
f 2042/2042/2042 2046/2046/2046 2047/2047/2047
f 2043/2043/2043 2045/2045/2045 2048/2048/2048
f 2043/2043/2043 2048/2048/2048 2046/2046/2046
f 2044/2044/2044 2049/2049/2049 2050/2050/2050
f 2044/2044/2044 2050/2050/2050 2045/2045/2045
f 2045/2045/2045 2050/2050/2050 2051/2051/2051
f 2045/2045/2045 2051/2051/2051 2048/2048/2048
f 2046/2046/2046 2052/2052/2052 2047/2047/2047
f 2046/2046/2046 2048/2048/2048 2052/2052/2052
f 2048/2048/2048 2053/2053/2053 2052/2052/2052
f 2048/2048/2048 2051/2051/2051 2053/2053/2053
f 2049/2049/2049 2054/2054/2054 2055/2055/2055
f 2049/2049/2049 2055/2055/2055 2050/2050/2050
f 2050/2050/2050 2056/2056/2056 2051/2051/2051
f 2050/2050/2050 2055/2055/2055 2056/2056/2056
f 2051/2051/2051 2056/2056/2056 2057/2057/2057
f 2051/2051/2051 2057/2057/2057 2053/2053/2053
f 2054/2054/2054 2058/2058/2058 2055/2055/2055
f 2054/2054/2054 2059/2059/2059 2058/2058/2058
f 2055/2055/2055 2060/2060/2060 2056/2056/2056
f 2055/2055/2055 2058/2058/2058 2060/2060/2060
f 2056/2056/2056 2061/2061/2061 2057/2057/2057
f 2056/2056/2056 2060/2060/2060 2061/2061/2061
f 2058/2058/2058 2059/2059/2059 2062/2062/2062
f 2058/2058/2058 2062/2062/2062 2063/2063/2063
f 2058/2058/2058 2063/2063/2063 2060/2060/2060
f 2059/2059/2059 2064/2064/2064 2062/2062/2062
f 2060/2060/2060 2063/2063/2063 2065/2065/2065
f 2060/2060/2060 2065/2065/2065 2061/2061/2061
f 2062/2062/2062 2066/2066/2066 2067/2067/2067
f 2062/2062/2062 2067/2067/2067 2063/2063/2063
f 2062/2062/2062 2064/2064/2064 2066/2066/2066
f 2063/2063/2063 2068/2068/2068 2065/2065/2065
f 2063/2063/2063 2067/2067/2067 2068/2068/2068
f 2064/2064/2064 2069/2069/2069 2066/2066/2066
f 2066/2066/2066 2070/2070/2070 2067/2067/2067
f 2066/2066/2066 2071/2071/2071 2070/2070/2070
f 2066/2066/2066 2069/2069/2069 2071/2071/2071
f 2067/2067/2067 2070/2070/2070 2072/2072/2072
f 2067/2067/2067 2072/2072/2072 2068/2068/2068
f 2069/2069/2069 2073/2073/2073 2071/2071/2071
f 2070/2070/2070 2074/2074/2074 2072/2072/2072
f 2070/2070/2070 2075/2075/2075 2074/2074/2074
f 2070/2070/2070 2071/2071/2071 2075/2075/2075
f 2071/2071/2071 2073/2073/2073 2076/2076/2076
f 2071/2071/2071 2076/2076/2076 2075/2075/2075
f 2073/2073/2073 2077/2077/2077 2076/2076/2076
f 2074/2074/2074 2075/2075/2075 2078/2078/2078
f 2075/2075/2075 2079/2079/2079 2078/2078/2078
f 2075/2075/2075 2076/2076/2076 2079/2079/2079
f 2076/2076/2076 2077/2077/2077 2080/2080/2080
f 2076/2076/2076 2080/2080/2080 2079/2079/2079
f 2077/2077/2077 2081/2081/2081 2080/2080/2080
f 2078/2078/2078 2079/2079/2079 2082/2082/2082
f 2079/2079/2079 2083/2083/2083 2082/2082/2082
f 2079/2079/2079 2080/2080/2080 2083/2083/2083
f 2080/2080/2080 2081/2081/2081 2084/2084/2084
f 2080/2080/2080 2084/2084/2084 2083/2083/2083
f 2081/2081/2081 2085/2085/2085 2084/2084/2084
f 2082/2082/2082 2083/2083/2083 2086/2086/2086
f 2083/2083/2083 2084/2084/2084 2087/2087/2087
f 2083/2083/2083 2087/2087/2087 2086/2086/2086
f 2084/2084/2084 2088/2088/2088 2087/2087/2087
f 2084/2084/2084 2085/2085/2085 2088/2088/2088
f 2085/2085/2085 2089/2089/2089 2088/2088/2088
f 2086/2086/2086 2087/2087/2087 2090/2090/2090
f 2087/2087/2087 2088/2088/2088 2091/2091/2091
f 2087/2087/2087 2091/2091/2091 2090/2090/2090
f 2088/2088/2088 2092/2092/2092 2091/2091/2091
f 2088/2088/2088 2089/2089/2089 2092/2092/2092
f 2089/2089/2089 2093/2093/2093 2092/2092/2092
f 2090/2090/2090 2091/2091/2091 2094/2094/2094
f 2091/2091/2091 2092/2092/2092 2095/2095/2095
f 2091/2091/2091 2095/2095/2095 2094/2094/2094
f 2092/2092/2092 2096/2096/2096 2095/2095/2095
f 2092/2092/2092 2093/2093/2093 2096/2096/2096
f 2093/2093/2093 2097/2097/2097 2096/2096/2096
f 2094/2094/2094 2095/2095/2095 2098/2098/2098
f 2095/2095/2095 2099/2099/2099 2098/2098/2098
f 2095/2095/2095 2096/2096/2096 2099/2099/2099
f 2096/2096/2096 2097/2097/2097 2100/2100/2100
f 2096/2096/2096 2100/2100/2100 2099/2099/2099
f 2097/2097/2097 2101/2101/2101 2100/2100/2100
f 2098/2098/2098 2099/2099/2099 2102/2102/2102
f 2099/2099/2099 2100/2100/2100 2103/2103/2103
f 2099/2099/2099 2103/2103/2103 2102/2102/2102
f 2100/2100/2100 2104/2104/2104 2103/2103/2103
f 2100/2100/2100 2101/2101/2101 2104/2104/2104
f 2101/2101/2101 2105/2105/2105 2104/2104/2104
f 2102/2102/2102 2103/2103/2103 2106/2106/2106
f 2103/2103/2103 2104/2104/2104 2107/2107/2107
f 2103/2103/2103 2107/2107/2107 2106/2106/2106
f 2104/2104/2104 2108/2108/2108 2107/2107/2107
f 2104/2104/2104 2105/2105/2105 2108/2108/2108
f 2105/2105/2105 2109/2109/2109 2108/2108/2108
f 2106/2106/2106 2107/2107/2107 2110/2110/2110
f 2107/2107/2107 2108/2108/2108 2111/2111/2111
f 2107/2107/2107 2111/2111/2111 2110/2110/2110
f 2108/2108/2108 2109/2109/2109 2112/2112/2112
f 2108/2108/2108 2112/2112/2112 2111/2111/2111
f 2109/2109/2109 2113/2113/2113 2112/2112/2112
f 2110/2110/2110 2111/2111/2111 2114/2114/2114
f 2111/2111/2111 2115/2115/2115 2114/2114/2114
f 2111/2111/2111 2112/2112/2112 2115/2115/2115
f 2112/2112/2112 2116/2116/2116 2115/2115/2115
f 2112/2112/2112 2113/2113/2113 2116/2116/2116
f 2113/2113/2113 2117/2117/2117 2116/2116/2116
f 2114/2114/2114 2115/2115/2115 2118/2118/2118
f 2115/2115/2115 2116/2116/2116 2119/2119/2119
f 2115/2115/2115 2119/2119/2119 2118/2118/2118
f 2116/2116/2116 2120/2120/2120 2119/2119/2119
f 2116/2116/2116 2117/2117/2117 2120/2120/2120
f 2117/2117/2117 2121/2121/2121 2120/2120/2120
f 2118/2118/2118 2119/2119/2119 2122/2122/2122
f 2119/2119/2119 2123/2123/2123 2122/2122/2122
f 2119/2119/2119 2120/2120/2120 2123/2123/2123
f 2120/2120/2120 2121/2121/2121 2124/2124/2124
f 2120/2120/2120 2124/2124/2124 2123/2123/2123
f 2121/2121/2121 2125/2125/2125 2124/2124/2124
f 2122/2122/2122 2123/2123/2123 2126/2126/2126
f 2123/2123/2123 2127/2127/2127 2126/2126/2126
f 2123/2123/2123 2124/2124/2124 2127/2127/2127
f 2124/2124/2124 2128/2128/2128 2127/2127/2127
f 2124/2124/2124 2125/2125/2125 2128/2128/2128
f 2125/2125/2125 2129/2129/2129 2128/2128/2128
f 2126/2126/2126 2127/2127/2127 2130/2130/2130
f 2127/2127/2127 2131/2131/2131 2130/2130/2130
f 2127/2127/2127 2128/2128/2128 2131/2131/2131
f 2128/2128/2128 2129/2129/2129 2132/2132/2132
f 2128/2128/2128 2132/2132/2132 2131/2131/2131
f 2129/2129/2129 2133/2133/2133 2132/2132/2132
f 2130/2130/2130 2131/2131/2131 2134/2134/2134
f 2131/2131/2131 2132/2132/2132 2135/2135/2135
f 2131/2131/2131 2135/2135/2135 2134/2134/2134
f 2132/2132/2132 2136/2136/2136 2135/2135/2135
f 2132/2132/2132 2133/2133/2133 2136/2136/2136
f 2133/2133/2133 2137/2137/2137 2136/2136/2136
f 2134/2134/2134 2135/2135/2135 2138/2138/2138
f 2135/2135/2135 2139/2139/2139 2138/2138/2138
f 2135/2135/2135 2136/2136/2136 2139/2139/2139
f 2136/2136/2136 2140/2140/2140 2139/2139/2139
f 2136/2136/2136 2137/2137/2137 2140/2140/2140
f 2137/2137/2137 2141/2141/2141 2140/2140/2140
f 2138/2138/2138 2139/2139/2139 2142/2142/2142
f 2139/2139/2139 2143/2143/2143 2142/2142/2142
f 2139/2139/2139 2140/2140/2140 2143/2143/2143
f 2140/2140/2140 2144/2144/2144 2143/2143/2143
f 2140/2140/2140 2141/2141/2141 2144/2144/2144
f 2141/2141/2141 2145/2145/2145 2144/2144/2144
f 2142/2142/2142 2143/2143/2143 2146/2146/2146
f 2143/2143/2143 2144/2144/2144 2147/2147/2147
f 2143/2143/2143 2147/2147/2147 2146/2146/2146
f 2144/2144/2144 2145/2145/2145 2148/2148/2148
f 2144/2144/2144 2148/2148/2148 2147/2147/2147
f 2145/2145/2145 2149/2149/2149 2148/2148/2148
f 2146/2146/2146 2147/2147/2147 2150/2150/2150
f 2147/2147/2147 2151/2151/2151 2150/2150/2150
f 2147/2147/2147 2148/2148/2148 2151/2151/2151
f 2148/2148/2148 2152/2152/2152 2151/2151/2151
f 2148/2148/2148 2149/2149/2149 2152/2152/2152
f 2149/2149/2149 2153/2153/2153 2152/2152/2152
f 2150/2150/2150 2154/2154/2154 2155/2155/2155
f 2150/2150/2150 2151/2151/2151 2154/2154/2154
f 2151/2151/2151 2156/2156/2156 2154/2154/2154
f 2151/2151/2151 2152/2152/2152 2156/2156/2156
f 2152/2152/2152 2157/2157/2157 2156/2156/2156
f 2152/2152/2152 2153/2153/2153 2157/2157/2157
f 2154/2154/2154 2158/2158/2158 2155/2155/2155
f 2154/2154/2154 2159/2159/2159 2158/2158/2158
f 2154/2154/2154 2156/2156/2156 2159/2159/2159
f 2155/2155/2155 2158/2158/2158 2160/2160/2160
f 2156/2156/2156 2161/2161/2161 2159/2159/2159
f 2156/2156/2156 2157/2157/2157 2161/2161/2161
f 2158/2158/2158 2159/2159/2159 2162/2162/2162
f 2158/2158/2158 2163/2163/2163 2160/2160/2160
f 2158/2158/2158 2162/2162/2162 2163/2163/2163
f 2159/2159/2159 2164/2164/2164 2162/2162/2162
f 2159/2159/2159 2161/2161/2161 2164/2164/2164
f 2160/2160/2160 2163/2163/2163 2165/2165/2165
f 2162/2162/2162 2166/2166/2166 2163/2163/2163
f 2162/2162/2162 2167/2167/2167 2166/2166/2166
f 2162/2162/2162 2164/2164/2164 2167/2167/2167
f 2163/2163/2163 1777/1777/1777 2165/2165/2165
f 2163/2163/2163 2166/2166/2166 1777/1777/1777
f 2165/2165/2165 1777/1777/1777 1779/1779/1779
f 2166/2166/2166 1783/1783/1783 1777/1777/1777
f 2166/2166/2166 2168/2168/2168 1783/1783/1783
f 2166/2166/2166 2167/2167/2167 2168/2168/2168
f 1777/1777/1777 1783/1783/1783 1778/1778/1778
f 1783/1783/1783 2168/2168/2168 1784/1784/1784
f 11/11/11 2169/2169/2169 2170/2170/2170
f 11/11/11 2170/2170/2170 9/9/9
f 9/9/9 2170/2170/2170 2171/2171/2171
f 9/9/9 2171/2171/2171 13/13/13
f 13/13/13 2171/2171/2171 2172/2172/2172
f 13/13/13 2172/2172/2172 15/15/15
f 2171/2171/2171 2173/2173/2173 2174/2174/2174
f 2171/2171/2171 2170/2170/2170 2173/2173/2173
f 2171/2171/2171 2174/2174/2174 2172/2172/2172
f 2170/2170/2170 2169/2169/2169 2175/2175/2175
f 2170/2170/2170 2175/2175/2175 2173/2173/2173
f 2169/2169/2169 2176/2176/2176 2175/2175/2175
f 2173/2173/2173 2175/2175/2175 2177/2177/2177
f 2173/2173/2173 2177/2177/2177 2178/2178/2178
f 2173/2173/2173 2178/2178/2178 2174/2174/2174
f 2175/2175/2175 2176/2176/2176 2179/2179/2179
f 2175/2175/2175 2179/2179/2179 2177/2177/2177
f 2176/2176/2176 2180/2180/2180 2179/2179/2179
f 2177/2177/2177 2181/2181/2181 2182/2182/2182
f 2177/2177/2177 2179/2179/2179 2181/2181/2181
f 2177/2177/2177 2182/2182/2182 2178/2178/2178
f 2179/2179/2179 2183/2183/2183 2181/2181/2181
f 2179/2179/2179 2180/2180/2180 2183/2183/2183
f 2180/2180/2180 2184/2184/2184 2183/2183/2183
f 2181/2181/2181 2183/2183/2183 2185/2185/2185
f 2181/2181/2181 2185/2185/2185 2186/2186/2186
f 2181/2181/2181 2186/2186/2186 2182/2182/2182
f 2183/2183/2183 2187/2187/2187 2185/2185/2185
f 2183/2183/2183 2184/2184/2184 2187/2187/2187
f 2184/2184/2184 2188/2188/2188 2187/2187/2187
f 2185/2185/2185 2187/2187/2187 2189/2189/2189
f 2185/2185/2185 2189/2189/2189 2190/2190/2190
f 2185/2185/2185 2190/2190/2190 2186/2186/2186
f 2187/2187/2187 2188/2188/2188 2191/2191/2191
f 2187/2187/2187 2191/2191/2191 2189/2189/2189
f 2188/2188/2188 2192/2192/2192 2191/2191/2191
f 2189/2189/2189 2191/2191/2191 2193/2193/2193
f 2189/2189/2189 2193/2193/2193 2194/2194/2194
f 2189/2189/2189 2194/2194/2194 2190/2190/2190
f 2191/2191/2191 2192/2192/2192 2195/2195/2195
f 2191/2191/2191 2195/2195/2195 2193/2193/2193
f 2192/2192/2192 2196/2196/2196 2195/2195/2195
f 2193/2193/2193 2195/2195/2195 2197/2197/2197
f 2193/2193/2193 2197/2197/2197 2198/2198/2198
f 2193/2193/2193 2198/2198/2198 2194/2194/2194
f 2195/2195/2195 2196/2196/2196 2199/2199/2199
f 2195/2195/2195 2199/2199/2199 2197/2197/2197
f 2196/2196/2196 2200/2200/2200 2199/2199/2199
f 2197/2197/2197 2199/2199/2199 2201/2201/2201
f 2197/2197/2197 2201/2201/2201 2202/2202/2202
f 2197/2197/2197 2202/2202/2202 2198/2198/2198
f 2199/2199/2199 2200/2200/2200 2203/2203/2203
f 2199/2199/2199 2203/2203/2203 2201/2201/2201
f 2200/2200/2200 2204/2204/2204 2203/2203/2203
f 2201/2201/2201 2203/2203/2203 2205/2205/2205
f 2201/2201/2201 2205/2205/2205 2206/2206/2206
f 2201/2201/2201 2206/2206/2206 2202/2202/2202
f 2203/2203/2203 2204/2204/2204 2207/2207/2207
f 2203/2203/2203 2207/2207/2207 2205/2205/2205
f 2204/2204/2204 2208/2208/2208 2207/2207/2207
f 2205/2205/2205 2207/2207/2207 2209/2209/2209
f 2205/2205/2205 2209/2209/2209 2210/2210/2210
f 2205/2205/2205 2210/2210/2210 2206/2206/2206
f 2207/2207/2207 2208/2208/2208 2211/2211/2211
f 2207/2207/2207 2211/2211/2211 2209/2209/2209
f 2208/2208/2208 2212/2212/2212 2211/2211/2211
f 2209/2209/2209 2211/2211/2211 2213/2213/2213
f 2209/2209/2209 2213/2213/2213 2214/2214/2214
f 2209/2209/2209 2214/2214/2214 2210/2210/2210
f 2211/2211/2211 2212/2212/2212 2215/2215/2215
f 2211/2211/2211 2215/2215/2215 2213/2213/2213
f 2212/2212/2212 2216/2216/2216 2215/2215/2215
f 2213/2213/2213 2215/2215/2215 2217/2217/2217
f 2213/2213/2213 2217/2217/2217 2218/2218/2218
f 2213/2213/2213 2218/2218/2218 2214/2214/2214
f 2215/2215/2215 2216/2216/2216 2219/2219/2219
f 2215/2215/2215 2219/2219/2219 2217/2217/2217
f 2216/2216/2216 2220/2220/2220 2219/2219/2219
f 2217/2217/2217 2219/2219/2219 2221/2221/2221
f 2217/2217/2217 2221/2221/2221 2222/2222/2222
f 2217/2217/2217 2222/2222/2222 2218/2218/2218
f 2218/2218/2218 2223/2223/2223 1583/1583/1583
f 2218/2218/2218 2224/2224/2224 2223/2223/2223
f 2218/2218/2218 2225/2225/2225 2224/2224/2224
f 2218/2218/2218 2222/2222/2222 2225/2225/2225
f 2219/2219/2219 2220/2220/2220 2226/2226/2226
f 2219/2219/2219 2226/2226/2226 2221/2221/2221
f 2221/2221/2221 2226/2226/2226 2227/2227/2227
f 2221/2221/2221 2227/2227/2227 2228/2228/2228
f 2221/2221/2221 2228/2228/2228 2222/2222/2222
f 2222/2222/2222 2228/2228/2228 2225/2225/2225
f 2223/2223/2223 2229/2229/2229 1584/1584/1584
f 2223/2223/2223 1584/1584/1584 1583/1583/1583
f 2223/2223/2223 2224/2224/2224 2229/2229/2229
f 2224/2224/2224 2230/2230/2230 2229/2229/2229
f 2224/2224/2224 2225/2225/2225 2230/2230/2230
f 2225/2225/2225 2228/2228/2228 2230/2230/2230
f 2227/2227/2227 2231/2231/2231 2228/2228/2228
f 2228/2228/2228 2231/2231/2231 2230/2230/2230
f 2229/2229/2229 2232/2232/2232 1587/1587/1587
f 2229/2229/2229 1587/1587/1587 1584/1584/1584
f 2229/2229/2229 2230/2230/2230 2232/2232/2232
f 2230/2230/2230 2231/2231/2231 2232/2232/2232
f 2232/2232/2232 1591/1591/1591 1587/1587/1587
f 2233/2233/2233 2234/2234/2234 2235/2235/2235
f 2233/2233/2233 2235/2235/2235 2236/2236/2236
f 2236/2236/2236 2235/2235/2235 2237/2237/2237
f 2236/2236/2236 2237/2237/2237 2238/2238/2238
f 2238/2238/2238 2237/2237/2237 2239/2239/2239
f 2237/2237/2237 2235/2235/2235 2240/2240/2240
f 2237/2237/2237 2240/2240/2240 2241/2241/2241
f 2237/2237/2237 2241/2241/2241 2239/2239/2239
f 2235/2235/2235 2234/2234/2234 2242/2242/2242
f 2235/2235/2235 2242/2242/2242 2240/2240/2240
f 2234/2234/2234 2243/2243/2243 2242/2242/2242
f 2239/2239/2239 2241/2241/2241 2244/2244/2244
f 2240/2240/2240 2242/2242/2242 2245/2245/2245
f 2240/2240/2240 2245/2245/2245 2246/2246/2246
f 2240/2240/2240 2246/2246/2246 2241/2241/2241
f 2241/2241/2241 2246/2246/2246 2247/2247/2247
f 2241/2241/2241 2247/2247/2247 2244/2244/2244
f 2242/2242/2242 2243/2243/2243 2245/2245/2245
f 2244/2244/2244 2247/2247/2247 2248/2248/2248
f 2245/2245/2245 2249/2249/2249 2246/2246/2246
f 2246/2246/2246 2249/2249/2249 2250/2250/2250
f 2246/2246/2246 2250/2250/2250 2247/2247/2247
f 2247/2247/2247 2250/2250/2250 2251/2251/2251
f 2247/2247/2247 2251/2251/2251 2248/2248/2248
f 2248/2248/2248 2251/2251/2251 2252/2252/2252
f 2249/2249/2249 2253/2253/2253 2250/2250/2250
f 2250/2250/2250 2253/2253/2253 2254/2254/2254
f 2250/2250/2250 2254/2254/2254 2251/2251/2251
f 2251/2251/2251 2254/2254/2254 2255/2255/2255
f 2251/2251/2251 2255/2255/2255 2252/2252/2252
f 2252/2252/2252 2255/2255/2255 2256/2256/2256
f 2253/2253/2253 2257/2257/2257 2254/2254/2254
f 2254/2254/2254 2257/2257/2257 2258/2258/2258
f 2254/2254/2254 2258/2258/2258 2255/2255/2255
f 2255/2255/2255 2258/2258/2258 2259/2259/2259
f 2255/2255/2255 2259/2259/2259 2256/2256/2256
f 2256/2256/2256 2259/2259/2259 2260/2260/2260
f 2257/2257/2257 2261/2261/2261 2258/2258/2258
f 2258/2258/2258 2261/2261/2261 2262/2262/2262
f 2258/2258/2258 2262/2262/2262 2259/2259/2259
f 2259/2259/2259 2262/2262/2262 2263/2263/2263
f 2259/2259/2259 2263/2263/2263 2260/2260/2260
f 2260/2260/2260 2263/2263/2263 2264/2264/2264
f 2261/2261/2261 2265/2265/2265 2262/2262/2262
f 2262/2262/2262 2265/2265/2265 2266/2266/2266
f 2262/2262/2262 2266/2266/2266 2263/2263/2263
f 2263/2263/2263 2266/2266/2266 2267/2267/2267
f 2263/2263/2263 2267/2267/2267 2264/2264/2264
f 2264/2264/2264 2267/2267/2267 2268/2268/2268
f 2265/2265/2265 2269/2269/2269 2266/2266/2266
f 2266/2266/2266 2269/2269/2269 2270/2270/2270
f 2266/2266/2266 2270/2270/2270 2267/2267/2267
f 2267/2267/2267 2270/2270/2270 2271/2271/2271
f 2267/2267/2267 2271/2271/2271 2268/2268/2268
f 2268/2268/2268 2271/2271/2271 2272/2272/2272
f 2269/2269/2269 2273/2273/2273 2270/2270/2270
f 2270/2270/2270 2273/2273/2273 2274/2274/2274
f 2270/2270/2270 2274/2274/2274 2271/2271/2271
f 2271/2271/2271 2274/2274/2274 2275/2275/2275
f 2271/2271/2271 2275/2275/2275 2272/2272/2272
f 2272/2272/2272 2275/2275/2275 2276/2276/2276
f 2273/2273/2273 2277/2277/2277 2274/2274/2274
f 2274/2274/2274 2277/2277/2277 2278/2278/2278
f 2274/2274/2274 2278/2278/2278 2275/2275/2275
f 2275/2275/2275 2278/2278/2278 2279/2279/2279
f 2275/2275/2275 2279/2279/2279 2276/2276/2276
f 2276/2276/2276 2279/2279/2279 2280/2280/2280
f 2277/2277/2277 2281/2281/2281 2278/2278/2278
f 2278/2278/2278 2281/2281/2281 2282/2282/2282
f 2278/2278/2278 2282/2282/2282 2279/2279/2279
f 2279/2279/2279 2282/2282/2282 2283/2283/2283
f 2279/2279/2279 2283/2283/2283 2280/2280/2280
f 2280/2280/2280 2283/2283/2283 2284/2284/2284
f 2281/2281/2281 2285/2285/2285 2282/2282/2282
f 2282/2282/2282 2285/2285/2285 2286/2286/2286
f 2282/2282/2282 2286/2286/2286 2283/2283/2283
f 2283/2283/2283 2286/2286/2286 2287/2287/2287
f 2283/2283/2283 2287/2287/2287 2284/2284/2284
f 2284/2284/2284 2287/2287/2287 2288/2288/2288
f 2285/2285/2285 2289/2289/2289 2286/2286/2286
f 2286/2286/2286 2289/2289/2289 2290/2290/2290
f 2286/2286/2286 2290/2290/2290 2287/2287/2287
f 2287/2287/2287 2290/2290/2290 2291/2291/2291
f 2287/2287/2287 2291/2291/2291 2288/2288/2288
f 2289/2289/2289 2292/2292/2292 2290/2290/2290
f 2290/2290/2290 2292/2292/2292 2293/2293/2293
f 2290/2290/2290 2293/2293/2293 2291/2291/2291
f 2292/2292/2292 2294/2294/2294 2293/2293/2293
f 2295/2295/2295 2296/2296/2296 2297/2297/2297
f 2296/2296/2296 2298/2298/2298 2299/2299/2299
f 2296/2296/2296 2299/2299/2299 2297/2297/2297
f 2297/2297/2297 2299/2299/2299 2300/2300/2300
f 2298/2298/2298 2301/2301/2301 2299/2299/2299
f 2298/2298/2298 2302/2302/2302 2301/2301/2301
f 2299/2299/2299 2303/2303/2303 2300/2300/2300
f 2299/2299/2299 2301/2301/2301 2303/2303/2303
f 2300/2300/2300 2303/2303/2303 2304/2304/2304
f 2301/2301/2301 2305/2305/2305 2306/2306/2306
f 2301/2301/2301 2306/2306/2306 2307/2307/2307
f 2301/2301/2301 2308/2308/2308 2309/2309/2309
f 2301/2301/2301 2309/2309/2309 2303/2303/2303
f 2301/2301/2301 2302/2302/2302 2305/2305/2305
f 2302/2302/2302 2310/2310/2310 2305/2305/2305
f 2302/2302/2302 2311/2311/2311 2310/2310/2310
f 2303/2303/2303 2309/2309/2309 2304/2304/2304
f 2304/2304/2304 2309/2309/2309 2312/2312/2312
f 2305/2305/2305 2310/2310/2310 2313/2313/2313
f 2305/2305/2305 2313/2313/2313 2306/2306/2306
f 2306/2306/2306 2314/2314/2314 2315/2315/2315
f 2306/2306/2306 2313/2313/2313 2314/2314/2314
f 2306/2306/2306 2315/2315/2315 2307/2307/2307
f 2307/2307/2307 2315/2315/2315 2316/2316/2316
f 2307/2307/2307 2316/2316/2316 2309/2309/2309
f 2309/2309/2309 2316/2316/2316 2317/2317/2317
f 2309/2309/2309 2317/2317/2317 2312/2312/2312
f 2310/2310/2310 2318/2318/2318 2319/2319/2319
f 2310/2310/2310 2319/2319/2319 2313/2313/2313
f 2310/2310/2310 2311/2311/2311 2318/2318/2318
f 2311/2311/2311 2320/2320/2320 2318/2318/2318
f 2313/2313/2313 2319/2319/2319 2321/2321/2321
f 2313/2313/2313 2321/2321/2321 2314/2314/2314
f 2318/2318/2318 2322/2322/2322 2323/2323/2323
f 2318/2318/2318 2323/2323/2323 2319/2319/2319
f 2318/2318/2318 2320/2320/2320 2322/2322/2322
f 2319/2319/2319 2323/2323/2323 2324/2324/2324
f 2319/2319/2319 2324/2324/2324 2321/2321/2321
f 2320/2320/2320 2325/2325/2325 2322/2322/2322
f 2322/2322/2322 2326/2326/2326 2323/2323/2323
f 2322/2322/2322 2327/2327/2327 2326/2326/2326
f 2322/2322/2322 2325/2325/2325 2327/2327/2327
f 2323/2323/2323 2328/2328/2328 2324/2324/2324
f 2323/2323/2323 2326/2326/2326 2328/2328/2328
f 2325/2325/2325 2329/2329/2329 2327/2327/2327
f 2326/2326/2326 2330/2330/2330 2328/2328/2328
f 2326/2326/2326 2331/2331/2331 2330/2330/2330
f 2326/2326/2326 2327/2327/2327 2331/2331/2331
f 2327/2327/2327 2332/2332/2332 2331/2331/2331
f 2327/2327/2327 2329/2329/2329 2332/2332/2332
f 2329/2329/2329 2333/2333/2333 2332/2332/2332
f 2330/2330/2330 2331/2331/2331 2334/2334/2334
f 2331/2331/2331 2335/2335/2335 2334/2334/2334
f 2331/2331/2331 2332/2332/2332 2335/2335/2335
f 2332/2332/2332 2336/2336/2336 2335/2335/2335
f 2332/2332/2332 2333/2333/2333 2336/2336/2336
f 2333/2333/2333 2337/2337/2337 2336/2336/2336
f 2334/2334/2334 2335/2335/2335 2338/2338/2338
f 2335/2335/2335 2339/2339/2339 2338/2338/2338
f 2335/2335/2335 2336/2336/2336 2339/2339/2339
f 2336/2336/2336 2340/2340/2340 2339/2339/2339
f 2336/2336/2336 2337/2337/2337 2340/2340/2340
f 2337/2337/2337 2341/2341/2341 2340/2340/2340
f 2338/2338/2338 2339/2339/2339 2342/2342/2342
f 2339/2339/2339 2343/2343/2343 2342/2342/2342
f 2339/2339/2339 2340/2340/2340 2343/2343/2343
f 2340/2340/2340 2344/2344/2344 2343/2343/2343
f 2340/2340/2340 2341/2341/2341 2344/2344/2344
f 2341/2341/2341 2345/2345/2345 2344/2344/2344
f 2342/2342/2342 2343/2343/2343 16/16/16
f 2343/2343/2343 14/14/14 16/16/16
f 2343/2343/2343 2344/2344/2344 14/14/14
f 2344/2344/2344 12/12/12 14/14/14
f 2344/2344/2344 2345/2345/2345 12/12/12
f 2345/2345/2345 10/10/10 12/12/12
f 2346/2346/2346 2347/2347/2347 2348/2348/2348
f 2346/2346/2346 2349/2349/2349 2347/2347/2347
f 2346/2346/2346 23/23/23 2349/2349/2349
f 2348/2348/2348 2350/2350/2350 2351/2351/2351
f 2348/2348/2348 2347/2347/2347 2350/2350/2350
f 23/23/23 21/21/21 2349/2349/2349
f 2351/2351/2351 2352/2352/2352 2353/2353/2353
f 2351/2351/2351 2350/2350/2350 2352/2352/2352
f 2350/2350/2350 2354/2354/2354 2352/2352/2352
f 2350/2350/2350 2355/2355/2355 2354/2354/2354
f 2350/2350/2350 2347/2347/2347 2355/2355/2355
f 21/21/21 2356/2356/2356 2349/2349/2349
f 21/21/21 17/17/17 2356/2356/2356
f 2349/2349/2349 2357/2357/2357 2347/2347/2347
f 2349/2349/2349 2356/2356/2356 2357/2357/2357
f 2347/2347/2347 2357/2357/2357 2355/2355/2355
f 2352/2352/2352 2354/2354/2354 2358/2358/2358
f 2352/2352/2352 2359/2359/2359 2353/2353/2353
f 2352/2352/2352 2358/2358/2358 2359/2359/2359
f 2354/2354/2354 20/20/20 2360/2360/2360
f 2354/2354/2354 2360/2360/2360 2358/2358/2358
f 2354/2354/2354 2355/2355/2355 20/20/20
f 2355/2355/2355 2357/2357/2357 20/20/20
f 2356/2356/2356 20/20/20 2357/2357/2357
f 2356/2356/2356 17/17/17 20/20/20
f 2358/2358/2358 2360/2360/2360 2361/2361/2361
f 2358/2358/2358 2361/2361/2361 2362/2362/2362
f 2358/2358/2358 2362/2362/2362 2359/2359/2359
f 20/20/20 2363/2363/2363 2360/2360/2360
f 2360/2360/2360 2363/2363/2363 2364/2364/2364
f 2360/2360/2360 2364/2364/2364 2361/2361/2361
f 2361/2361/2361 2364/2364/2364 2365/2365/2365
f 2361/2361/2361 2365/2365/2365 2366/2366/2366
f 2361/2361/2361 2366/2366/2366 2362/2362/2362
f 2363/2363/2363 2367/2367/2367 2364/2364/2364
f 2364/2364/2364 2367/2367/2367 2368/2368/2368
f 2364/2364/2364 2368/2368/2368 2365/2365/2365
f 2365/2365/2365 2368/2368/2368 2369/2369/2369
f 2365/2365/2365 2369/2369/2369 2370/2370/2370
f 2365/2365/2365 2370/2370/2370 2366/2366/2366
f 2367/2367/2367 2371/2371/2371 2368/2368/2368
f 2368/2368/2368 2371/2371/2371 2372/2372/2372
f 2368/2368/2368 2372/2372/2372 2369/2369/2369
f 2369/2369/2369 2372/2372/2372 2373/2373/2373
f 2369/2369/2369 2373/2373/2373 2374/2374/2374
f 2369/2369/2369 2374/2374/2374 2370/2370/2370
f 2371/2371/2371 2375/2375/2375 2372/2372/2372
f 2372/2372/2372 2375/2375/2375 2376/2376/2376
f 2372/2372/2372 2376/2376/2376 2373/2373/2373
f 2373/2373/2373 2376/2376/2376 2377/2377/2377
f 2373/2373/2373 2377/2377/2377 2378/2378/2378
f 2373/2373/2373 2378/2378/2378 2374/2374/2374
f 2375/2375/2375 2379/2379/2379 2376/2376/2376
f 2376/2376/2376 2380/2380/2380 2377/2377/2377
f 2376/2376/2376 2379/2379/2379 2380/2380/2380
f 2377/2377/2377 2381/2381/2381 2382/2382/2382
f 2377/2377/2377 2380/2380/2380 2381/2381/2381
f 2377/2377/2377 2382/2382/2382 2378/2378/2378
f 2379/2379/2379 2383/2383/2383 2380/2380/2380
f 2380/2380/2380 2384/2384/2384 2381/2381/2381
f 2380/2380/2380 2383/2383/2383 2384/2384/2384
f 2381/2381/2381 2385/2385/2385 2386/2386/2386
f 2381/2381/2381 2384/2384/2384 2385/2385/2385
f 2381/2381/2381 2386/2386/2386 2382/2382/2382
f 2383/2383/2383 2387/2387/2387 2384/2384/2384
f 2384/2384/2384 2388/2388/2388 2385/2385/2385
f 2384/2384/2384 2387/2387/2387 2388/2388/2388
f 2385/2385/2385 2389/2389/2389 2390/2390/2390
f 2385/2385/2385 2388/2388/2388 2389/2389/2389
f 2385/2385/2385 2390/2390/2390 2386/2386/2386
f 2387/2387/2387 2391/2391/2391 2388/2388/2388
f 2388/2388/2388 2392/2392/2392 2389/2389/2389
f 2388/2388/2388 2391/2391/2391 2392/2392/2392
f 2389/2389/2389 2393/2393/2393 2394/2394/2394
f 2389/2389/2389 2392/2392/2392 2393/2393/2393
f 2389/2389/2389 2394/2394/2394 2390/2390/2390
f 2391/2391/2391 2395/2395/2395 2392/2392/2392
f 2392/2392/2392 2396/2396/2396 2393/2393/2393
f 2392/2392/2392 2395/2395/2395 2396/2396/2396
f 2393/2393/2393 2397/2397/2397 2398/2398/2398
f 2393/2393/2393 2398/2398/2398 2394/2394/2394
f 2393/2393/2393 2396/2396/2396 2397/2397/2397
f 2395/2395/2395 2399/2399/2399 2396/2396/2396
f 2396/2396/2396 2400/2400/2400 2397/2397/2397
f 2396/2396/2396 2399/2399/2399 2400/2400/2400
f 2397/2397/2397 2401/2401/2401 2402/2402/2402
f 2397/2397/2397 2402/2402/2402 2398/2398/2398
f 2397/2397/2397 2400/2400/2400 2401/2401/2401
f 2399/2399/2399 2403/2403/2403 2400/2400/2400
f 2400/2400/2400 2404/2404/2404 2401/2401/2401
f 2400/2400/2400 2403/2403/2403 2404/2404/2404
f 2401/2401/2401 2405/2405/2405 2406/2406/2406
f 2401/2401/2401 2406/2406/2406 2402/2402/2402
f 2401/2401/2401 2404/2404/2404 2405/2405/2405
f 2403/2403/2403 2407/2407/2407 2404/2404/2404
f 2404/2404/2404 2408/2408/2408 2405/2405/2405
f 2404/2404/2404 2407/2407/2407 2408/2408/2408
f 2405/2405/2405 2409/2409/2409 2410/2410/2410
f 2405/2405/2405 2408/2408/2408 2409/2409/2409
f 2405/2405/2405 2410/2410/2410 2406/2406/2406
f 2407/2407/2407 2411/2411/2411 2408/2408/2408
f 2408/2408/2408 2412/2412/2412 2409/2409/2409
f 2408/2408/2408 2411/2411/2411 2412/2412/2412
f 2409/2409/2409 2413/2413/2413 2414/2414/2414
f 2409/2409/2409 2412/2412/2412 2413/2413/2413
f 2409/2409/2409 2414/2414/2414 2410/2410/2410
f 2410/2410/2410 2414/2414/2414 2415/2415/2415
f 2411/2411/2411 2416/2416/2416 2412/2412/2412
f 2412/2412/2412 2416/2416/2416 2413/2413/2413
f 2413/2413/2413 2416/2416/2416 2417/2417/2417
f 2413/2413/2413 2417/2417/2417 2414/2414/2414
f 2414/2414/2414 2417/2417/2417 2418/2418/2418
f 2414/2414/2414 2418/2418/2418 2415/2415/2415
f 2415/2415/2415 2418/2418/2418 2419/2419/2419
f 2416/2416/2416 2420/2420/2420 2421/2421/2421
f 2416/2416/2416 2422/2422/2422 2420/2420/2420
f 2416/2416/2416 2421/2421/2421 2423/2423/2423
f 2416/2416/2416 2423/2423/2423 2417/2417/2417
f 2417/2417/2417 2423/2423/2423 2418/2418/2418
f 2418/2418/2418 2423/2423/2423 2424/2424/2424
f 2418/2418/2418 2424/2424/2424 2419/2419/2419
f 2419/2419/2419 2424/2424/2424 2425/2425/2425
f 2420/2420/2420 2422/2422/2422 2426/2426/2426
f 2420/2420/2420 2426/2426/2426 2427/2427/2427
f 2420/2420/2420 2427/2427/2427 2428/2428/2428
f 2420/2420/2420 2428/2428/2428 2421/2421/2421
f 2421/2421/2421 2428/2428/2428 2429/2429/2429
f 2421/2421/2421 2429/2429/2429 2424/2424/2424
f 2421/2421/2421 2424/2424/2424 2423/2423/2423
f 2422/2422/2422 2430/2430/2430 2426/2426/2426
f 2424/2424/2424 2429/2429/2429 2425/2425/2425
f 2425/2425/2425 2429/2429/2429 2431/2431/2431
f 2426/2426/2426 2430/2430/2430 2432/2432/2432
f 2426/2426/2426 2432/2432/2432 2433/2433/2433
f 2426/2426/2426 2433/2433/2433 2427/2427/2427
f 2427/2427/2427 2433/2433/2433 2434/2434/2434
f 2427/2427/2427 2434/2434/2434 2435/2435/2435
f 2427/2427/2427 2435/2435/2435 2428/2428/2428
f 2428/2428/2428 2435/2435/2435 2436/2436/2436
f 2428/2428/2428 2436/2436/2436 2429/2429/2429
f 2429/2429/2429 2436/2436/2436 2431/2431/2431
f 2430/2430/2430 2437/2437/2437 2432/2432/2432
f 2432/2432/2432 2437/2437/2437 2438/2438/2438
f 2432/2432/2432 2438/2438/2438 2439/2439/2439
f 2432/2432/2432 2439/2439/2439 2433/2433/2433
f 2433/2433/2433 2439/2439/2439 2440/2440/2440
f 2433/2433/2433 2440/2440/2440 2434/2434/2434
f 2437/2437/2437 2441/2441/2441 2438/2438/2438
f 2438/2438/2438 2441/2441/2441 2442/2442/2442
f 2438/2438/2438 2442/2442/2442 2443/2443/2443
f 2438/2438/2438 2443/2443/2443 2439/2439/2439
f 2439/2439/2439 2443/2443/2443 2444/2444/2444
f 2439/2439/2439 2444/2444/2444 2440/2440/2440
f 2441/2441/2441 2445/2445/2445 2442/2442/2442
f 2442/2442/2442 2446/2446/2446 2447/2447/2447
f 2442/2442/2442 2445/2445/2445 2446/2446/2446
f 2442/2442/2442 2447/2447/2447 2443/2443/2443
f 2443/2443/2443 2447/2447/2447 2448/2448/2448
f 2443/2443/2443 2448/2448/2448 2444/2444/2444
f 2445/2445/2445 2449/2449/2449 2446/2446/2446
f 2446/2446/2446 2450/2450/2450 2451/2451/2451
f 2446/2446/2446 2449/2449/2449 2450/2450/2450
f 2446/2446/2446 2451/2451/2451 2447/2447/2447
f 2447/2447/2447 2451/2451/2451 2452/2452/2452
f 2447/2447/2447 2452/2452/2452 2448/2448/2448
f 2449/2449/2449 2453/2453/2453 2450/2450/2450
f 2450/2450/2450 2454/2454/2454 2455/2455/2455
f 2450/2450/2450 2453/2453/2453 2454/2454/2454
f 2450/2450/2450 2455/2455/2455 2451/2451/2451
f 2451/2451/2451 2455/2455/2455 2456/2456/2456
f 2451/2451/2451 2456/2456/2456 2452/2452/2452
f 2453/2453/2453 2457/2457/2457 2454/2454/2454
f 2454/2454/2454 2458/2458/2458 2459/2459/2459
f 2454/2454/2454 2457/2457/2457 2458/2458/2458
f 2454/2454/2454 2459/2459/2459 2455/2455/2455
f 2455/2455/2455 2459/2459/2459 2460/2460/2460
f 2455/2455/2455 2460/2460/2460 2456/2456/2456
f 2457/2457/2457 2461/2461/2461 2458/2458/2458
f 2458/2458/2458 2462/2462/2462 2463/2463/2463
f 2458/2458/2458 2461/2461/2461 2462/2462/2462
f 2458/2458/2458 2463/2463/2463 2459/2459/2459
f 2459/2459/2459 2463/2463/2463 2464/2464/2464
f 2459/2459/2459 2464/2464/2464 2460/2460/2460
f 2461/2461/2461 2465/2465/2465 2462/2462/2462
f 2462/2462/2462 2466/2466/2466 2467/2467/2467
f 2462/2462/2462 2465/2465/2465 2466/2466/2466
f 2462/2462/2462 2467/2467/2467 2463/2463/2463
f 2463/2463/2463 2467/2467/2467 2468/2468/2468
f 2463/2463/2463 2468/2468/2468 2464/2464/2464
f 2465/2465/2465 2469/2469/2469 2466/2466/2466
f 2466/2466/2466 2470/2470/2470 2471/2471/2471
f 2466/2466/2466 2471/2471/2471 2467/2467/2467
f 2466/2466/2466 2469/2469/2469 2470/2470/2470
f 2467/2467/2467 2471/2471/2471 2472/2472/2472
f 2467/2467/2467 2472/2472/2472 2468/2468/2468
f 2469/2469/2469 2473/2473/2473 2470/2470/2470
f 2470/2470/2470 2030/2030/2030 2027/2027/2027
f 2470/2470/2470 2027/2027/2027 2471/2471/2471
f 2470/2470/2470 2473/2473/2473 2030/2030/2030
f 2471/2471/2471 2027/2027/2027 2026/2026/2026
f 2471/2471/2471 2026/2026/2026 2472/2472/2472
f 2473/2473/2473 2035/2035/2035 2030/2030/2030
f 2288/2288/2288 2291/2291/2291 2474/2474/2474
f 2291/2291/2291 2293/2293/2293 2475/2475/2475
f 2291/2291/2291 2475/2475/2475 2474/2474/2474
f 2474/2474/2474 2475/2475/2475 2476/2476/2476
f 2474/2474/2474 2476/2476/2476 2477/2477/2477
f 2293/2293/2293 2478/2478/2478 2475/2475/2475
f 2293/2293/2293 2294/2294/2294 2478/2478/2478
f 2475/2475/2475 2478/2478/2478 2479/2479/2479
f 2475/2475/2475 2479/2479/2479 2476/2476/2476
f 2476/2476/2476 2479/2479/2479 2480/2480/2480
f 2476/2476/2476 2480/2480/2480 2481/2481/2481
f 2476/2476/2476 2481/2481/2481 2477/2477/2477
f 2477/2477/2477 2481/2481/2481 2482/2482/2482
f 2478/2478/2478 2483/2483/2483 2479/2479/2479
f 2478/2478/2478 2294/2294/2294 2483/2483/2483
f 2479/2479/2479 2483/2483/2483 2480/2480/2480
f 2480/2480/2480 2483/2483/2483 2484/2484/2484
f 2480/2480/2480 2484/2484/2484 2481/2481/2481
f 2481/2481/2481 2484/2484/2484 2485/2485/2485
f 2481/2481/2481 2485/2485/2485 2482/2482/2482
f 2482/2482/2482 2485/2485/2485 2486/2486/2486
f 2483/2483/2483 2487/2487/2487 2484/2484/2484
f 2483/2483/2483 2488/2488/2488 2489/2489/2489
f 2483/2483/2483 2489/2489/2489 2487/2487/2487
f 2484/2484/2484 2487/2487/2487 2485/2485/2485
f 2485/2485/2485 2487/2487/2487 2490/2490/2490
f 2485/2485/2485 2490/2490/2490 2486/2486/2486
f 2486/2486/2486 2490/2490/2490 2491/2491/2491
f 2487/2487/2487 2492/2492/2492 2490/2490/2490
f 2487/2487/2487 2489/2489/2489 2492/2492/2492
f 2488/2488/2488 2493/2493/2493 2494/2494/2494
f 2488/2488/2488 2494/2494/2494 2489/2489/2489
f 2489/2489/2489 2494/2494/2494 2495/2495/2495
f 2489/2489/2489 2495/2495/2495 2492/2492/2492
f 2490/2490/2490 2492/2492/2492 2496/2496/2496
f 2490/2490/2490 2496/2496/2496 2491/2491/2491
f 2492/2492/2492 2495/2495/2495 2497/2497/2497
f 2492/2492/2492 2497/2497/2497 2496/2496/2496
f 2493/2493/2493 2498/2498/2498 2499/2499/2499
f 2493/2493/2493 2499/2499/2499 2494/2494/2494
f 2494/2494/2494 2499/2499/2499 2500/2500/2500
f 2494/2494/2494 2500/2500/2500 2495/2495/2495
f 2495/2495/2495 2500/2500/2500 2501/2501/2501
f 2495/2495/2495 2501/2501/2501 2497/2497/2497
f 2498/2498/2498 2502/2502/2502 2503/2503/2503
f 2498/2498/2498 2503/2503/2503 2499/2499/2499
f 2499/2499/2499 2503/2503/2503 2504/2504/2504
f 2499/2499/2499 2504/2504/2504 2500/2500/2500
f 2500/2500/2500 2504/2504/2504 2505/2505/2505
f 2500/2500/2500 2505/2505/2505 2501/2501/2501
f 2502/2502/2502 2506/2506/2506 2507/2507/2507
f 2502/2502/2502 2507/2507/2507 2503/2503/2503
f 2503/2503/2503 2507/2507/2507 2508/2508/2508
f 2503/2503/2503 2508/2508/2508 2504/2504/2504
f 2504/2504/2504 2508/2508/2508 2509/2509/2509
f 2504/2504/2504 2509/2509/2509 2505/2505/2505
f 2506/2506/2506 2510/2510/2510 2511/2511/2511
f 2506/2506/2506 2511/2511/2511 2507/2507/2507
f 2507/2507/2507 2511/2511/2511 2512/2512/2512
f 2507/2507/2507 2512/2512/2512 2508/2508/2508
f 2508/2508/2508 2512/2512/2512 2513/2513/2513
f 2508/2508/2508 2513/2513/2513 2509/2509/2509
f 2510/2510/2510 2514/2514/2514 2515/2515/2515
f 2510/2510/2510 2515/2515/2515 2511/2511/2511
f 2511/2511/2511 2515/2515/2515 2516/2516/2516
f 2511/2511/2511 2516/2516/2516 2512/2512/2512
f 2512/2512/2512 2516/2516/2516 2517/2517/2517
f 2512/2512/2512 2517/2517/2517 2513/2513/2513
f 2514/2514/2514 2518/2518/2518 2519/2519/2519
f 2514/2514/2514 2519/2519/2519 2515/2515/2515
f 2515/2515/2515 2519/2519/2519 2520/2520/2520
f 2515/2515/2515 2520/2520/2520 2516/2516/2516
f 2516/2516/2516 2520/2520/2520 2521/2521/2521
f 2516/2516/2516 2521/2521/2521 2517/2517/2517
f 2518/2518/2518 2522/2522/2522 2523/2523/2523
f 2518/2518/2518 2523/2523/2523 2519/2519/2519
f 2519/2519/2519 2523/2523/2523 2524/2524/2524
f 2519/2519/2519 2524/2524/2524 2520/2520/2520
f 2520/2520/2520 2524/2524/2524 2525/2525/2525
f 2520/2520/2520 2525/2525/2525 2521/2521/2521
f 2522/2522/2522 2526/2526/2526 2527/2527/2527
f 2522/2522/2522 2527/2527/2527 2523/2523/2523
f 2523/2523/2523 2527/2527/2527 2528/2528/2528
f 2523/2523/2523 2528/2528/2528 2524/2524/2524
f 2524/2524/2524 2528/2528/2528 2529/2529/2529
f 2524/2524/2524 2529/2529/2529 2525/2525/2525
f 2526/2526/2526 2530/2530/2530 2531/2531/2531
f 2526/2526/2526 2531/2531/2531 2527/2527/2527
f 2527/2527/2527 2531/2531/2531 2532/2532/2532
f 2527/2527/2527 2532/2532/2532 2528/2528/2528
f 2528/2528/2528 2532/2532/2532 2533/2533/2533
f 2528/2528/2528 2533/2533/2533 2529/2529/2529
f 2530/2530/2530 2534/2534/2534 2535/2535/2535
f 2530/2530/2530 2535/2535/2535 2531/2531/2531
f 2531/2531/2531 2535/2535/2535 2536/2536/2536
f 2531/2531/2531 2536/2536/2536 2532/2532/2532
f 2532/2532/2532 2536/2536/2536 2537/2537/2537
f 2532/2532/2532 2537/2537/2537 2533/2533/2533
f 2534/2534/2534 2538/2538/2538 2535/2535/2535
f 2534/2534/2534 2539/2539/2539 2538/2538/2538
f 2535/2535/2535 2538/2538/2538 2540/2540/2540
f 2535/2535/2535 2540/2540/2540 2536/2536/2536
f 2536/2536/2536 2540/2540/2540 2541/2541/2541
f 2536/2536/2536 2541/2541/2541 2537/2537/2537
f 2538/2538/2538 2539/2539/2539 2542/2542/2542
f 2538/2538/2538 2542/2542/2542 2543/2543/2543
f 2538/2538/2538 2543/2543/2543 2540/2540/2540
f 2539/2539/2539 2544/2544/2544 2542/2542/2542
f 2540/2540/2540 2543/2543/2543 2545/2545/2545
f 2540/2540/2540 2545/2545/2545 2541/2541/2541
f 2542/2542/2542 2544/2544/2544 2546/2546/2546
f 2542/2542/2542 2546/2546/2546 2547/2547/2547
f 2542/2542/2542 2547/2547/2547 2543/2543/2543
f 2543/2543/2543 2547/2547/2547 2548/2548/2548
f 2543/2543/2543 2548/2548/2548 2545/2545/2545
f 2544/2544/2544 2549/2549/2549 2546/2546/2546
f 2546/2546/2546 2549/2549/2549 2550/2550/2550
f 2546/2546/2546 2550/2550/2550 2551/2551/2551
f 2546/2546/2546 2551/2551/2551 2547/2547/2547
f 2547/2547/2547 2551/2551/2551 2552/2552/2552
f 2547/2547/2547 2552/2552/2552 2548/2548/2548
f 2549/2549/2549 2553/2553/2553 2550/2550/2550
f 2550/2550/2550 2553/2553/2553 2554/2554/2554
f 2550/2550/2550 2554/2554/2554 2555/2555/2555
f 2550/2550/2550 2555/2555/2555 2551/2551/2551
f 2551/2551/2551 2555/2555/2555 2556/2556/2556
f 2551/2551/2551 2556/2556/2556 2552/2552/2552
f 2553/2553/2553 2557/2557/2557 2554/2554/2554
f 2554/2554/2554 2557/2557/2557 2558/2558/2558
f 2554/2554/2554 2558/2558/2558 2559/2559/2559
f 2554/2554/2554 2559/2559/2559 2555/2555/2555
f 2555/2555/2555 2559/2559/2559 2560/2560/2560
f 2555/2555/2555 2560/2560/2560 2556/2556/2556
f 2557/2557/2557 2561/2561/2561 2558/2558/2558
f 2558/2558/2558 2562/2562/2562 2563/2563/2563
f 2558/2558/2558 2561/2561/2561 2562/2562/2562
f 2558/2558/2558 2563/2563/2563 2559/2559/2559
f 2559/2559/2559 2563/2563/2563 2564/2564/2564
f 2559/2559/2559 2564/2564/2564 2560/2560/2560
f 2561/2561/2561 2565/2565/2565 2562/2562/2562
f 2562/2562/2562 2566/2566/2566 2567/2567/2567
f 2562/2562/2562 2565/2565/2565 2566/2566/2566
f 2562/2562/2562 2567/2567/2567 2563/2563/2563
f 2563/2563/2563 2567/2567/2567 2568/2568/2568
f 2563/2563/2563 2568/2568/2568 2564/2564/2564
f 2565/2565/2565 2569/2569/2569 2566/2566/2566
f 2566/2566/2566 2570/2570/2570 2571/2571/2571
f 2566/2566/2566 2569/2569/2569 2570/2570/2570
f 2566/2566/2566 2571/2571/2571 2567/2567/2567
f 2567/2567/2567 2571/2571/2571 2572/2572/2572
f 2567/2567/2567 2572/2572/2572 2568/2568/2568
f 2569/2569/2569 2573/2573/2573 2570/2570/2570
f 2570/2570/2570 2574/2574/2574 2575/2575/2575
f 2570/2570/2570 2573/2573/2573 2574/2574/2574
f 2570/2570/2570 2575/2575/2575 2571/2571/2571
f 2571/2571/2571 2575/2575/2575 2576/2576/2576
f 2571/2571/2571 2576/2576/2576 2572/2572/2572
f 2573/2573/2573 2577/2577/2577 2574/2574/2574
f 2574/2574/2574 2578/2578/2578 2579/2579/2579
f 2574/2574/2574 2577/2577/2577 2578/2578/2578
f 2574/2574/2574 2579/2579/2579 2575/2575/2575
f 2575/2575/2575 2579/2579/2579 2580/2580/2580
f 2575/2575/2575 2580/2580/2580 2576/2576/2576
f 2577/2577/2577 2581/2581/2581 2578/2578/2578
f 2578/2578/2578 2582/2582/2582 2583/2583/2583
f 2578/2578/2578 2583/2583/2583 2579/2579/2579
f 2578/2578/2578 2581/2581/2581 2582/2582/2582
f 2579/2579/2579 2583/2583/2583 2584/2584/2584
f 2579/2579/2579 2584/2584/2584 2580/2580/2580
f 2581/2581/2581 2585/2585/2585 2582/2582/2582
f 2582/2582/2582 2586/2586/2586 2587/2587/2587
f 2582/2582/2582 2587/2587/2587 2583/2583/2583
f 2582/2582/2582 2585/2585/2585 2586/2586/2586
f 2583/2583/2583 2587/2587/2587 2588/2588/2588
f 2583/2583/2583 2588/2588/2588 2584/2584/2584
f 2585/2585/2585 2589/2589/2589 2586/2586/2586
f 2586/2586/2586 18/18/18 22/22/22
f 2586/2586/2586 22/22/22 2587/2587/2587
f 2586/2586/2586 2589/2589/2589 18/18/18
f 2587/2587/2587 22/22/22 24/24/24
f 2587/2587/2587 24/24/24 2588/2588/2588
f 2589/2589/2589 19/19/19 18/18/18
