# Pieza completa de un material COLLADA para Raylib
o CourseSelectW1_RoadMat01
v 1.6345145 -0.0958383 0.0373409
v 2.5804527 -0.0958383 0.0373410
v 1.6345145 -0.0958383 0.0124477
v 2.5804527 -0.0958383 0.0124479
v 1.6345145 -0.0958383 -0.0124454
v 2.5804527 -0.0958383 -0.0124453
v 1.6345145 -0.0958383 -0.0373384
v 2.5804527 -0.0958383 -0.0373384
v -0.3880525 -0.0958383 -0.1244643
v -0.3631594 -0.0958383 -0.1244643
v -0.3867798 -0.0958383 -0.1341284
v -0.3627349 -0.0958383 -0.1276857
v -0.3830496 -0.0958383 -0.1431343
v -0.3614915 -0.0958383 -0.1306877
v -0.3771157 -0.0958383 -0.1508676
v -0.3595138 -0.0958383 -0.1332654
v -0.3693826 -0.0958383 -0.1568014
v -0.3569361 -0.0958383 -0.1352434
v -0.3603769 -0.0958383 -0.1605318
v -0.3539340 -0.0958383 -0.1364869
v -0.3507128 -0.0958383 -0.1618041
v -0.3507128 -0.0958383 -0.1369109
v -0.3410487 -0.0958383 -0.1605318
v -0.3474916 -0.0958383 -0.1364869
v -0.3320430 -0.0958383 -0.1568016
v -0.3444895 -0.0958383 -0.1352435
v -0.3243099 -0.0958383 -0.1508676
v -0.3419118 -0.0958383 -0.1332654
v -0.3183754 -0.0958383 -0.1431343
v -0.3399335 -0.0958383 -0.1306877
v -0.3146452 -0.0958383 -0.1341285
v -0.3386900 -0.0958383 -0.1276858
v -0.3133731 -0.0958383 -0.1244643
v -0.3382662 -0.0958383 -0.1244643
v -0.3133731 -0.0958383 -0.0248919
v -0.3133731 -0.0958383 -0.1244643
v -0.3382662 -0.0958383 -0.0248919
v -0.3382662 -0.0958383 -0.1244643
v -0.3631594 -0.0958383 -0.0248919
v -0.3386900 -0.0958383 -0.1276858
v -0.3627349 -0.0958383 -0.1276857
v -0.3631594 -0.0958383 -0.1244643
v -0.3880525 -0.0958383 -0.0248919
v -0.3614915 -0.0958383 -0.1306877
v -0.3399335 -0.0958383 -0.1306877
v -0.3880525 -0.0958383 -0.1244643
v -0.3595138 -0.0958383 -0.1332654
v -0.3419118 -0.0958383 -0.1332654
v -0.3569361 -0.0958383 -0.1352434
v -0.3444895 -0.0958383 -0.1352435
v -0.3539340 -0.0958383 -0.1364869
v -0.3474916 -0.0958383 -0.1364869
v -0.3507128 -0.0958383 -0.1369109
v -0.5374111 -0.0958383 0.0684573
v -0.5374111 -0.0958383 0.0435641
v -0.5470752 -0.0958383 0.0671849
v -0.5406329 -0.0958383 0.0431399
v -0.5560809 -0.0958383 0.0634547
v -0.5436344 -0.0958383 0.0418966
v -0.5638146 -0.0958383 0.0575207
v -0.5462121 -0.0958383 0.0399186
v -0.5697479 -0.0958383 0.0497875
v -0.5481905 -0.0958383 0.0373409
v -0.5734787 -0.0958383 0.0407819
v -0.5494339 -0.0958383 0.0343390
v -0.5747508 -0.0958383 0.0311176
v -0.5498577 -0.0958383 0.0311176
v -0.5734787 -0.0958383 0.0214534
v -0.5494339 -0.0958383 0.0278962
v -0.5697485 -0.0958383 0.0124477
v -0.5481905 -0.0958383 0.0248943
v -0.5638146 -0.0958383 0.0047145
v -0.5462121 -0.0958383 0.0223165
v -0.5560809 -0.0958383 -0.0012196
v -0.5436344 -0.0958383 0.0203386
v -0.5470752 -0.0958383 -0.0049498
v -0.5406329 -0.0958383 0.0190952
v -0.5374111 -0.0958383 -0.0062221
v -0.5374111 -0.0958383 0.0186710
v -0.4067223 -0.0958383 -0.0062220
v -0.5374111 -0.0958383 -0.0062221
v -0.4067223 -0.0958383 0.0186710
v -0.5374111 -0.0958383 0.0186710
v -0.4067223 -0.0958383 0.0435641
v -0.5374111 -0.0958383 0.0435641
v -0.5406329 -0.0958383 0.0431399
v -0.5406329 -0.0958383 0.0190952
v -0.4067223 -0.0958383 0.0684573
v -0.5374111 -0.0958383 0.0684573
v -0.5436344 -0.0958383 0.0418966
v -0.5436344 -0.0958383 0.0203386
v -0.5462121 -0.0958383 0.0399186
v -0.5462121 -0.0958383 0.0223165
v -0.5481905 -0.0958383 0.0373409
v -0.5481905 -0.0958383 0.0248943
v -0.5494339 -0.0958383 0.0343390
v -0.5494339 -0.0958383 0.0278962
v -0.5498577 -0.0958383 0.0311176
v -0.4067223 -0.0958383 0.0684574
v -0.3507128 -0.0958383 0.0684574
v -0.4067223 -0.0958383 0.0435642
v -0.3410487 -0.0958383 0.0671851
v -0.3755723 -0.0958383 0.0435642
v -0.4067223 -0.0958383 0.0186711
v -0.3659082 -0.0958383 0.0423256
v -0.3320430 -0.0958383 0.0634549
v -0.3812703 -0.0958383 0.0186711
v -0.4067223 -0.0958383 -0.0062220
v -0.3569025 -0.0958383 0.0385953
v -0.3243093 -0.0958383 0.0575209
v -0.3741260 -0.0958383 0.0172939
v -0.3990633 -0.0958383 -0.0076429
v -0.3491688 -0.0958383 0.0326613
v -0.3682021 -0.0958383 0.0136282
v -0.3934331 -0.0958383 -0.0116024
v -0.3133731 -0.0958383 -0.0248919
v -0.3382662 -0.0958383 -0.0248919
v -0.3382662 -0.0958383 0.0062582
v -0.3133731 -0.0958383 0.0311176
v -0.3631594 -0.0958383 -0.0248919
v -0.3631594 -0.0958383 0.0000470
v -0.3395047 -0.0958383 0.0159224
v -0.3146452 -0.0958383 0.0407819
v -0.3880525 -0.0958383 -0.0248909
v -0.3889598 -0.0958383 -0.0177460
v -0.3640231 -0.0958383 0.0071909
v -0.3432349 -0.0958383 0.0249281
v -0.3183754 -0.0958383 0.0497876
v -0.3934331 -0.0958383 -0.0116024
v -0.3682021 -0.0958383 0.0136282
v -0.3491688 -0.0958383 0.0326613
v -0.3243093 -0.0958383 0.0575209
v -1.0726130 -0.0958383 0.2862721
v -0.7801189 -0.0958383 0.2862721
v -1.0726130 -0.0958383 0.2613790
v -0.7801189 -0.0958383 0.2613790
v -1.0726130 -0.0958383 0.2364858
v -0.7801189 -0.0958383 0.2364858
v -1.0726130 -0.0958383 0.2115927
v -0.7801189 -0.0958383 0.2115927
v -1.1659621 -0.0958383 0.1929228
v -1.1659621 -0.0958383 0.2489323
v -1.1410690 -0.0958383 0.1929228
v -1.1410690 -0.0958383 0.2240730
v -1.1646901 -0.0958383 0.2585966
v -1.1161759 -0.0958383 0.1929228
v -1.1398306 -0.0958383 0.2337371
v -1.1161759 -0.0958383 0.2183751
v -1.1609599 -0.0958383 0.2676024
v -1.0912828 -0.0958383 0.1929228
v -1.1361004 -0.0958383 0.2427429
v -1.1147987 -0.0958383 0.2255191
v -1.1550260 -0.0958383 0.2753355
v -1.0898620 -0.0958383 0.2005821
v -1.1301658 -0.0958383 0.2504762
v -1.1111332 -0.0958383 0.2314429
v -1.0859022 -0.0958383 0.2062123
v -1.0726130 -0.0958383 0.2862720
v -1.1037630 -0.0958383 0.2613789
v -1.1286225 -0.0958383 0.2862720
v -1.0726130 -0.0958383 0.2613789
v -1.1134271 -0.0958383 0.2601404
v -1.0975515 -0.0958383 0.2364858
v -1.1382866 -0.0958383 0.2849997
v -1.0726130 -0.0958383 0.2364858
v -1.1224328 -0.0958383 0.2564102
v -1.1046958 -0.0958383 0.2356221
v -1.0797585 -0.0958383 0.2106853
v -1.0726136 -0.0958383 0.2115927
v -1.1472923 -0.0958383 0.2812695
v -1.1301658 -0.0958383 0.2504762
v -1.1111332 -0.0958383 0.2314429
v -1.0859022 -0.0958383 0.2062123
v -1.1550260 -0.0958383 0.2753355
v -1.1659621 -0.0958383 0.1929228
v -1.1410690 -0.0958383 0.1929228
v -1.1646895 -0.0958383 0.1832587
v -1.1406446 -0.0958383 0.1897014
v -1.1609592 -0.0958383 0.1742528
v -1.1394012 -0.0958383 0.1866994
v -1.1550253 -0.0958383 0.1665196
v -1.1374234 -0.0958383 0.1841217
v -1.1472923 -0.0958383 0.1605858
v -1.1348457 -0.0958383 0.1821438
v -1.1382866 -0.0958383 0.1568553
v -1.1318436 -0.0958383 0.1809003
v -1.1286225 -0.0958383 0.1555831
v -1.1286225 -0.0958383 0.1804763
v -1.1189583 -0.0958383 0.1568553
v -1.1254013 -0.0958383 0.1809003
v -1.1099526 -0.0958383 0.1605856
v -1.1223992 -0.0958383 0.1821437
v -1.1022190 -0.0958383 0.1665196
v -1.1198215 -0.0958383 0.1841217
v -1.0962851 -0.0958383 0.1742528
v -1.1178431 -0.0958383 0.1866994
v -1.0925548 -0.0958383 0.1832586
v -1.1165997 -0.0958383 0.1897014
v -1.0912828 -0.0958383 0.1929227
v -1.1161759 -0.0958383 0.1929227
v -1.1410690 -0.0958383 0.1929228
v -1.1161759 -0.0958383 0.1929227
v -1.1406446 -0.0958383 0.1897014
v -1.1165997 -0.0958383 0.1897014
v -1.1394012 -0.0958383 0.1866994
v -1.1178431 -0.0958383 0.1866994
v -1.1374234 -0.0958383 0.1841217
v -1.1198215 -0.0958383 0.1841217
v -1.1348457 -0.0958383 0.1821438
v -1.1223992 -0.0958383 0.1821437
v -1.1318436 -0.0958383 0.1809003
v -1.1254013 -0.0958383 0.1809003
v -1.1286225 -0.0958383 0.1804763
v -0.6680999 -0.0958383 0.2862721
v -0.1951309 -0.0958383 0.2862721
v -0.6680999 -0.0958383 0.2613790
v -0.1951309 -0.0958383 0.2613790
v -0.6680999 -0.0958383 0.2364858
v -0.1951309 -0.0958383 0.2364859
v -0.6680999 -0.0958383 0.2115927
v -0.1951309 -0.0958383 0.2115927
v -0.7365871 -0.0958383 0.1929228
v -0.7614491 -0.0958383 0.1929228
v -0.7403740 -0.0958383 0.2057428
v -0.7633435 -0.0958383 0.1991461
v -0.7511583 -0.0958383 0.2218831
v -0.7675411 -0.0958383 0.2055008
v -0.7672984 -0.0958383 0.2326676
v -0.7738957 -0.0958383 0.2096979
v -0.7801189 -0.0958383 0.2364700
v -0.7801189 -0.0958383 0.2115925
v -0.7241094 -0.0958383 0.2862718
v -0.7241094 -0.0958383 0.2613787
v -0.7801189 -0.0958383 0.2862718
v -0.6680999 -0.0958383 0.2862718
v -0.7241094 -0.0958383 0.2364778
v -0.7801189 -0.0958383 0.2613787
v -0.6680999 -0.0958383 0.2613787
v -0.7801189 -0.0958383 0.2364700
v -0.6680999 -0.0958383 0.2364700
v -0.7116318 -0.0958383 0.1929228
v -0.7078449 -0.0958383 0.2057428
v -0.6867698 -0.0958383 0.1929228
v -0.6848754 -0.0958383 0.1991461
v -0.6970606 -0.0958383 0.2218831
v -0.6806778 -0.0958383 0.2055008
v -0.6809205 -0.0958383 0.2326676
v -0.6743232 -0.0958383 0.2096979
v -0.6680999 -0.0958383 0.2364700
v -0.6680999 -0.0958383 0.2115925
v -0.7365871 -0.0958383 0.1929228
v -0.7403740 -0.0958383 0.2057428
v -0.7241094 -0.0958383 0.2057428
v -0.7241094 -0.0958383 0.1929228
v -0.7511583 -0.0958383 0.2218831
v -0.7241094 -0.0958383 0.2218831
v -0.7116318 -0.0958383 0.1929228
v -0.7078449 -0.0958383 0.2057428
v -0.7672984 -0.0958383 0.2326676
v -0.7241094 -0.0958383 0.2326676
v -0.6970606 -0.0958383 0.2218831
v -0.7801189 -0.0958383 0.2364700
v -0.7241094 -0.0958383 0.2364778
v -0.6809205 -0.0958383 0.2326676
v -0.6680999 -0.0958383 0.2364700
v -0.7614491 -0.0958383 0.1929228
v -0.7365560 -0.0958383 0.1929228
v -0.7601764 -0.0958383 0.1832587
v -0.7361316 -0.0958383 0.1897014
v -0.7564462 -0.0958383 0.1742528
v -0.7348882 -0.0958383 0.1866994
v -0.7505123 -0.0958383 0.1665196
v -0.7329104 -0.0958383 0.1841217
v -0.7427793 -0.0958383 0.1605858
v -0.7303327 -0.0958383 0.1821438
v -0.7337736 -0.0958383 0.1568553
v -0.7273306 -0.0958383 0.1809003
v -0.7241094 -0.0958383 0.1555831
v -0.7241094 -0.0958383 0.1804763
v -0.7144453 -0.0958383 0.1568553
v -0.7208883 -0.0958383 0.1809003
v -0.7054396 -0.0958383 0.1605856
v -0.7178862 -0.0958383 0.1821437
v -0.6977059 -0.0958383 0.1665196
v -0.7153085 -0.0958383 0.1841217
v -0.6917720 -0.0958383 0.1742528
v -0.7133301 -0.0958383 0.1866994
v -0.6880418 -0.0958383 0.1832586
v -0.7120867 -0.0958383 0.1897014
v -0.6867698 -0.0958383 0.1929227
v -0.7116629 -0.0958383 0.1929227
v -0.7365560 -0.0958383 0.1929228
v -0.7116629 -0.0958383 0.1929227
v -0.7361316 -0.0958383 0.1897014
v -0.7120867 -0.0958383 0.1897014
v -0.7348882 -0.0958383 0.1866994
v -0.7133301 -0.0958383 0.1866994
v -0.7329104 -0.0958383 0.1841217
v -0.7153085 -0.0958383 0.1841217
v -0.7303327 -0.0958383 0.1821438
v -0.7178862 -0.0958383 0.1821437
v -0.7273306 -0.0958383 0.1809003
v -0.7208883 -0.0958383 0.1809003
v -0.7241094 -0.0958383 0.1804763
v 0.0911399 -0.0958383 0.2862720
v 0.1533727 -0.0958383 0.2862720
v 0.0911399 -0.0958383 0.2613790
v 0.1533727 -0.0958383 0.2613790
v 0.0911399 -0.0958383 0.2364858
v 0.1533727 -0.0958383 0.2364858
v 0.0911399 -0.0958383 0.2115927
v 0.1533727 -0.0958383 0.2115927
v 0.3711875 -0.0958383 0.2614100
v 0.3711875 -0.0958383 0.2862720
v 0.3840075 -0.0958383 0.2651971
v 0.3774108 -0.0958383 0.2881666
v 0.4001478 -0.0958383 0.2759814
v 0.3837656 -0.0958383 0.2923637
v 0.3711875 -0.0958383 0.2364547
v 0.3840075 -0.0958383 0.2326676
v 0.3711875 -0.0958383 0.2115927
v 0.3774108 -0.0958383 0.2096981
v 0.4001478 -0.0958383 0.2218832
v 0.3837656 -0.0958383 0.2055010
v 0.3711875 -0.0958383 0.2614100
v 0.3840075 -0.0958383 0.2651971
v 0.3840075 -0.0958383 0.2489323
v 0.3711875 -0.0958383 0.2489323
v 0.4001478 -0.0958383 0.2759814
v 0.4001478 -0.0958383 0.2489323
v 0.3840075 -0.0958383 0.2326676
v 0.3711875 -0.0958383 0.2364547
v 0.4001478 -0.0958383 0.2218832
v 0.0911399 -0.0958383 0.2862719
v 0.0911399 -0.0958383 0.2613787
v 0.0814758 -0.0958383 0.2849995
v 0.0879187 -0.0958383 0.2609546
v 0.0724701 -0.0958383 0.2812694
v 0.0849166 -0.0958383 0.2597113
v 0.0647364 -0.0958383 0.2753354
v 0.0823389 -0.0958383 0.2577333
v 0.0588025 -0.0958383 0.2676022
v 0.0803606 -0.0958383 0.2551556
v 0.0550723 -0.0958383 0.2585966
v 0.0791171 -0.0958383 0.2521538
v 0.0538002 -0.0958383 0.2489323
v 0.0786933 -0.0958383 0.2489323
v 0.0550723 -0.0958383 0.2392681
v 0.0791171 -0.0958383 0.2457109
v 0.0588025 -0.0958383 0.2302624
v 0.0803606 -0.0958383 0.2427090
v 0.0647364 -0.0958383 0.2225292
v 0.0823389 -0.0958383 0.2401313
v 0.0724701 -0.0958383 0.2165951
v 0.0849166 -0.0958383 0.2381532
v 0.0814758 -0.0958383 0.2128650
v 0.0879181 -0.0958383 0.2369099
v 0.0911399 -0.0958383 0.2115926
v 0.0911399 -0.0958383 0.2364857
v 0.0911399 -0.0958383 0.2613787
v 0.0911399 -0.0958383 0.2364857
v 0.0879187 -0.0958383 0.2609546
v 0.0879181 -0.0958383 0.2369099
v 0.0849166 -0.0958383 0.2597113
v 0.0849166 -0.0958383 0.2381532
v 0.0823389 -0.0958383 0.2577333
v 0.0823389 -0.0958383 0.2401313
v 0.0803606 -0.0958383 0.2551556
v 0.0803606 -0.0958383 0.2427090
v 0.0791171 -0.0958383 0.2521538
v 0.0791171 -0.0958383 0.2457109
v 0.0786933 -0.0958383 0.2489323
v -0.1951309 -0.0958383 0.2115927
v -0.1951309 -0.0958383 0.2364860
v -0.1854667 -0.0958383 0.2128651
v -0.1919097 -0.0958383 0.2369101
v -0.1764610 -0.0958383 0.2165953
v -0.1889076 -0.0958383 0.2381534
v -0.1687274 -0.0958383 0.2225293
v -0.1863299 -0.0958383 0.2401314
v -0.1627935 -0.0958383 0.2302625
v -0.1843515 -0.0958383 0.2427091
v -0.1590632 -0.0958383 0.2392681
v -0.1831081 -0.0958383 0.2457109
v -0.1577912 -0.0958383 0.2489323
v -0.1826843 -0.0958383 0.2489323
v -0.1590632 -0.0958383 0.2585966
v -0.1831081 -0.0958383 0.2521538
v -0.1627935 -0.0958383 0.2676023
v -0.1843515 -0.0958383 0.2551557
v -0.1687274 -0.0958383 0.2753355
v -0.1863299 -0.0958383 0.2577334
v -0.1764610 -0.0958383 0.2812695
v -0.1889076 -0.0958383 0.2597114
v -0.1854667 -0.0958383 0.2849997
v -0.1919091 -0.0958383 0.2609548
v -0.1951309 -0.0958383 0.2862721
v -0.1951309 -0.0958383 0.2613790
v -0.1951309 -0.0958383 0.2364860
v -0.1951309 -0.0958383 0.2613790
v -0.1919097 -0.0958383 0.2369101
v -0.1919091 -0.0958383 0.2609548
v -0.1889076 -0.0958383 0.2381534
v -0.1889076 -0.0958383 0.2597114
v -0.1863299 -0.0958383 0.2401314
v -0.1863299 -0.0958383 0.2577334
v -0.1843515 -0.0958383 0.2427091
v -0.1843515 -0.0958383 0.2551557
v -0.1831081 -0.0958383 0.2457109
v -0.1831081 -0.0958383 0.2521538
v -0.1826843 -0.0958383 0.2489323
v 0.1969045 -0.0958383 0.1929228
v 0.1720425 -0.0958383 0.1929228
v 0.1931176 -0.0958383 0.2057428
v 0.1701481 -0.0958383 0.1991461
v 0.1823333 -0.0958383 0.2218831
v 0.1659505 -0.0958383 0.2055008
v 0.1661932 -0.0958383 0.2326676
v 0.1595959 -0.0958383 0.2096979
v 0.1533727 -0.0958383 0.2364700
v 0.1533727 -0.0958383 0.2115925
v 0.2093822 -0.0958383 0.2862718
v 0.2093822 -0.0958383 0.2613787
v 0.1533727 -0.0958383 0.2862718
v 0.2653917 -0.0958383 0.2862718
v 0.1533727 -0.0958383 0.2613787
v 0.2093822 -0.0958383 0.2364778
v 0.2653917 -0.0958383 0.2613787
v 0.1533727 -0.0958383 0.2364700
v 0.2653917 -0.0958383 0.2364700
v 0.2218598 -0.0958383 0.1929228
v 0.2256469 -0.0958383 0.2057428
v 0.2467218 -0.0958383 0.1929228
v 0.2486164 -0.0958383 0.1991461
v 0.2364313 -0.0958383 0.2218831
v 0.2528135 -0.0958383 0.2055008
v 0.2525710 -0.0958383 0.2326676
v 0.2591684 -0.0958383 0.2096979
v 0.2653917 -0.0958383 0.2364700
v 0.2653917 -0.0958383 0.2115925
v 0.1969045 -0.0958383 0.1929228
v 0.1931176 -0.0958383 0.2057428
v 0.2093822 -0.0958383 0.2057428
v 0.2093822 -0.0958383 0.1929228
v 0.1823333 -0.0958383 0.2218831
v 0.2093822 -0.0958383 0.2218831
v 0.2218598 -0.0958383 0.1929228
v 0.2256469 -0.0958383 0.2057428
v 0.1661932 -0.0958383 0.2326676
v 0.2093822 -0.0958383 0.2326676
v 0.2364313 -0.0958383 0.2218831
v 0.1533727 -0.0958383 0.2364700
v 0.2093822 -0.0958383 0.2364778
v 0.2525710 -0.0958383 0.2326676
v 0.2653917 -0.0958383 0.2364700
v 0.1720425 -0.0958383 0.1929228
v 0.1969356 -0.0958383 0.1929228
v 0.1733152 -0.0958383 0.1832587
v 0.1973600 -0.0958383 0.1897014
v 0.1770454 -0.0958383 0.1742528
v 0.1986035 -0.0958383 0.1866994
v 0.1829793 -0.0958383 0.1665196
v 0.2005812 -0.0958383 0.1841217
v 0.1907123 -0.0958383 0.1605858
v 0.2031589 -0.0958383 0.1821438
v 0.1997180 -0.0958383 0.1568553
v 0.2061610 -0.0958383 0.1809003
v 0.2093822 -0.0958383 0.1555831
v 0.2093822 -0.0958383 0.1804763
v 0.2190464 -0.0958383 0.1568553
v 0.2126036 -0.0958383 0.1809003
v 0.2280521 -0.0958383 0.1605856
v 0.2156055 -0.0958383 0.1821437
v 0.2357854 -0.0958383 0.1665196
v 0.2181833 -0.0958383 0.1841217
v 0.2417194 -0.0958383 0.1742528
v 0.2201613 -0.0958383 0.1866994
v 0.2454495 -0.0958383 0.1832586
v 0.2214046 -0.0958383 0.1897014
v 0.2467219 -0.0958383 0.1929227
v 0.2218288 -0.0958383 0.1929227
v 0.1969356 -0.0958383 0.1929228
v 0.2218288 -0.0958383 0.1929227
v 0.1973600 -0.0958383 0.1897014
v 0.2214046 -0.0958383 0.1897014
v 0.1986035 -0.0958383 0.1866994
v 0.2201613 -0.0958383 0.1866994
v 0.2005812 -0.0958383 0.1841217
v 0.2181833 -0.0958383 0.1841217
v 0.2031589 -0.0958383 0.1821438
v 0.2156055 -0.0958383 0.1821437
v 0.2061610 -0.0958383 0.1809003
v 0.2126036 -0.0958383 0.1809003
v 0.2093822 -0.0958383 0.1804763
v 0.2653917 -0.0958383 0.2862720
v 0.3711874 -0.0958383 0.2862720
v 0.2653917 -0.0958383 0.2613790
v 0.3711874 -0.0958383 0.2613790
v 0.2653917 -0.0958383 0.2364858
v 0.3711874 -0.0958383 0.2364858
v 0.2653917 -0.0958383 0.2115927
v 0.3711874 -0.0958383 0.2115927
v 0.3898573 -0.0958383 -0.2240366
v 0.3898573 -0.0958383 0.1929230
v 0.4147504 -0.0958383 -0.2240366
v 0.4147504 -0.0958383 0.1929230
v 0.4396436 -0.0958383 -0.2240366
v 0.4396435 -0.0958383 0.1929230
v 0.4645367 -0.0958383 -0.2240366
v 0.4645367 -0.0958383 0.1929230
v 0.4832065 -0.0958383 -0.3173859
v 0.4271970 -0.0958383 -0.3173860
v 0.4832065 -0.0958383 -0.2924928
v 0.4175328 -0.0958383 -0.3161137
v 0.4520563 -0.0958383 -0.2924928
v 0.4832065 -0.0958383 -0.2675997
v 0.4423923 -0.0958383 -0.2912542
v 0.4085270 -0.0958383 -0.3123835
v 0.4577543 -0.0958383 -0.2675997
v 0.4832065 -0.0958383 -0.2427066
v 0.4333865 -0.0958383 -0.2875239
v 0.4007939 -0.0958383 -0.3064495
v 0.4506103 -0.0958383 -0.2662225
v 0.4755473 -0.0958383 -0.2412857
v 0.4256532 -0.0958383 -0.2815899
v 0.4446865 -0.0958383 -0.2625568
v 0.4699171 -0.0958383 -0.2373262
v 0.3898573 -0.0958383 -0.2240367
v 0.4147504 -0.0958383 -0.2551868
v 0.3898573 -0.0958383 -0.2800462
v 0.4147504 -0.0958383 -0.2240367
v 0.4159889 -0.0958383 -0.2648510
v 0.4396436 -0.0958383 -0.2489756
v 0.3911296 -0.0958383 -0.2897105
v 0.4396436 -0.0958383 -0.2240367
v 0.4197192 -0.0958383 -0.2738567
v 0.4405073 -0.0958383 -0.2561195
v 0.4654441 -0.0958383 -0.2311826
v 0.4645367 -0.0958383 -0.2240377
v 0.3948599 -0.0958383 -0.2987162
v 0.4256532 -0.0958383 -0.2815899
v 0.4446865 -0.0958383 -0.2625568
v 0.4699171 -0.0958383 -0.2373262
v 0.4007939 -0.0958383 -0.3064495
v 0.6014175 -0.0958383 -0.3360557
v 0.5765555 -0.0958383 -0.3360557
v 0.5976305 -0.0958383 -0.3232358
v 0.5746609 -0.0958383 -0.3298325
v 0.5868461 -0.0958383 -0.3070955
v 0.5704639 -0.0958383 -0.3234777
v 0.5707064 -0.0958383 -0.2963110
v 0.5641090 -0.0958383 -0.3192807
v 0.5578857 -0.0958383 -0.2925085
v 0.5578857 -0.0958383 -0.3173861
v 0.6138952 -0.0958383 -0.2427068
v 0.6138952 -0.0958383 -0.2675999
v 0.5578857 -0.0958383 -0.2427068
v 0.6699047 -0.0958383 -0.2427068
v 0.6138952 -0.0958383 -0.2925008
v 0.5578857 -0.0958383 -0.2675999
v 0.6699047 -0.0958383 -0.2675999
v 0.5578857 -0.0958383 -0.2925085
v 0.6699047 -0.0958383 -0.2925085
v 0.6263729 -0.0958383 -0.3360557
v 0.6301599 -0.0958383 -0.3232358
v 0.6512349 -0.0958383 -0.3360557
v 0.6531295 -0.0958383 -0.3298325
v 0.6409443 -0.0958383 -0.3070955
v 0.6573265 -0.0958383 -0.3234777
v 0.6570840 -0.0958383 -0.2963110
v 0.6636814 -0.0958383 -0.3192807
v 0.6699047 -0.0958383 -0.2925085
v 0.6699047 -0.0958383 -0.3173861
v 0.6014175 -0.0958383 -0.3360557
v 0.6138952 -0.0958383 -0.3232358
v 0.6138952 -0.0958383 -0.3360557
v 0.5976305 -0.0958383 -0.3232358
v 0.6301599 -0.0958383 -0.3232358
v 0.6263729 -0.0958383 -0.3360557
v 0.6138952 -0.0958383 -0.3070955
v 0.5868461 -0.0958383 -0.3070955
v 0.6409443 -0.0958383 -0.3070955
v 0.6138952 -0.0958383 -0.2963110
v 0.5707064 -0.0958383 -0.2963110
v 0.6570840 -0.0958383 -0.2963110
v 0.6138952 -0.0958383 -0.2925008
v 0.5578857 -0.0958383 -0.2925085
v 0.6699047 -0.0958383 -0.2925085
v 0.5578858 -0.0958383 -0.3173859
v 0.4832065 -0.0958383 -0.3173859
v 0.5578858 -0.0958383 -0.2924929
v 0.4832065 -0.0958383 -0.2924929
v 0.5578858 -0.0958383 -0.2675997
v 0.4832065 -0.0958383 -0.2675997
v 0.5578858 -0.0958383 -0.2427066
v 0.4832065 -0.0958383 -0.2427066
v 0.9935151 -0.0958383 -0.2240367
v 0.9935152 -0.0958383 -0.2800462
v 0.9686220 -0.0958383 -0.2240367
v 0.9922429 -0.0958383 -0.2897105
v 0.9686220 -0.0958383 -0.2551869
v 0.9437289 -0.0958383 -0.2240367
v 0.9885127 -0.0958383 -0.2987163
v 0.9673834 -0.0958383 -0.2648510
v 0.9437289 -0.0958383 -0.2494889
v 0.9188358 -0.0958383 -0.2240367
v 0.9825787 -0.0958383 -0.3064494
v 0.9636532 -0.0958383 -0.2738568
v 0.9423517 -0.0958383 -0.2566330
v 0.9174149 -0.0958383 -0.2316960
v 0.9577191 -0.0958383 -0.2815901
v 0.9386860 -0.0958383 -0.2625568
v 0.9134554 -0.0958383 -0.2373262
v 0.9001660 -0.0958383 -0.3173859
v 0.9001660 -0.0958383 -0.2924928
v 0.9313160 -0.0958383 -0.2924928
v 0.9561755 -0.0958383 -0.3173859
v 0.9251048 -0.0958383 -0.2675997
v 0.9001660 -0.0958383 -0.2675997
v 0.9409803 -0.0958383 -0.2912543
v 0.9658397 -0.0958383 -0.3161136
v 0.9322487 -0.0958383 -0.2667360
v 0.9001669 -0.0958383 -0.2427066
v 0.9073118 -0.0958383 -0.2417992
v 0.9499859 -0.0958383 -0.2875241
v 0.9748454 -0.0958383 -0.3123834
v 0.9386860 -0.0958383 -0.2625568
v 0.9134554 -0.0958383 -0.2373262
v 0.9577191 -0.0958383 -0.2815901
v 0.9825787 -0.0958383 -0.3064494
v 0.9001660 -0.0958383 -0.3173859
v 0.6699047 -0.0958383 -0.3173859
v 0.9001660 -0.0958383 -0.2924929
v 0.6699047 -0.0958383 -0.2924929
v 0.9001660 -0.0958383 -0.2675997
v 0.6699047 -0.0958383 -0.2675997
v 0.9001660 -0.0958383 -0.2427066
v 0.6699047 -0.0958383 -0.2427066
v 0.9188358 -0.0958383 -0.2240367
v 0.9188358 -0.0958383 -0.0560083
v 0.9437288 -0.0958383 -0.2240367
v 0.9437288 -0.0958383 -0.0560083
v 0.9686220 -0.0958383 -0.2240367
v 0.9686220 -0.0958383 -0.0560083
v 0.5765557 -0.0958383 -0.3360557
v 0.6014488 -0.0958383 -0.3360557
v 0.5778280 -0.0958383 -0.3457199
v 0.6018729 -0.0958383 -0.3392772
v 0.5815582 -0.0958383 -0.3547258
v 0.6031162 -0.0958383 -0.3422791
v 0.5874921 -0.0958383 -0.3624590
v 0.6050942 -0.0958383 -0.3448569
v 0.5952254 -0.0958383 -0.3683928
v 0.6076719 -0.0958383 -0.3468348
v 0.6042309 -0.0958383 -0.3721232
v 0.6106738 -0.0958383 -0.3480783
v 0.6138952 -0.0958383 -0.3733955
v 0.6138952 -0.0958383 -0.3485023
v 0.6235594 -0.0958383 -0.3721232
v 0.6171166 -0.0958383 -0.3480783
v 0.6325652 -0.0958383 -0.3683930
v 0.6201186 -0.0958383 -0.3468349
v 0.6402984 -0.0958383 -0.3624590
v 0.6226963 -0.0958383 -0.3448569
v 0.6462324 -0.0958383 -0.3547258
v 0.6246743 -0.0958383 -0.3422791
v 0.6499626 -0.0958383 -0.3457200
v 0.6259176 -0.0958383 -0.3392772
v 0.6512350 -0.0958383 -0.3360559
v 0.6263419 -0.0958383 -0.3360559
v 0.6014488 -0.0958383 -0.3360557
v 0.6263419 -0.0958383 -0.3360559
v 0.6018729 -0.0958383 -0.3392772
v 0.6259176 -0.0958383 -0.3392772
v 0.6031162 -0.0958383 -0.3422791
v 0.6246743 -0.0958383 -0.3422791
v 0.6050942 -0.0958383 -0.3448569
v 0.6226963 -0.0958383 -0.3448569
v 0.6076719 -0.0958383 -0.3468348
v 0.6201186 -0.0958383 -0.3468349
v 0.6106738 -0.0958383 -0.3480783
v 0.6171166 -0.0958383 -0.3480783
v 0.6138952 -0.0958383 -0.3485023
v 0.4109323 -0.0958383 0.2921211
v 0.3879625 -0.0958383 0.2987186
v 0.4147347 -0.0958383 0.3049418
v 0.3898571 -0.0958383 0.3049418
v 0.4645365 -0.0958383 0.2489323
v 0.4396434 -0.0958383 0.2489323
v 0.4645365 -0.0958383 0.3049418
v 0.4645365 -0.0958383 0.1929228
v 0.4147425 -0.0958383 0.2489323
v 0.4396434 -0.0958383 0.3049418
v 0.4396434 -0.0958383 0.1929228
v 0.4147347 -0.0958383 0.3049418
v 0.4147347 -0.0958383 0.1929228
v 0.4109323 -0.0958383 0.2057435
v 0.3879625 -0.0958383 0.1991461
v 0.4147347 -0.0958383 0.1929228
v 0.3898571 -0.0958383 0.1929228
v 0.4109323 -0.0958383 0.2921211
v 0.4109323 -0.0958383 0.2489323
v 0.4147347 -0.0958383 0.3049418
v 0.4147425 -0.0958383 0.2489323
v 0.4109323 -0.0958383 0.2057435
v 0.4147347 -0.0958383 0.1929228
v 0.3898573 -0.0958383 0.3485048
v 0.3898573 -0.0958383 0.4045143
v 0.4147504 -0.0958383 0.3485048
v 0.3911296 -0.0958383 0.4141785
v 0.4147504 -0.0958383 0.3796550
v 0.4396436 -0.0958383 0.3485048
v 0.3948598 -0.0958383 0.4231843
v 0.4159891 -0.0958383 0.3893190
v 0.4396436 -0.0958383 0.3739570
v 0.4645367 -0.0958383 0.3485048
v 0.4007938 -0.0958383 0.4309175
v 0.4197193 -0.0958383 0.3983248
v 0.4410207 -0.0958383 0.3811010
v 0.4659576 -0.0958383 0.3561640
v 0.4256533 -0.0958383 0.4060581
v 0.4446865 -0.0958383 0.3870249
v 0.4699171 -0.0958383 0.3617942
v 0.4832065 -0.0958383 0.4418539
v 0.4520565 -0.0958383 0.4169608
v 0.4271970 -0.0958383 0.4418539
v 0.4832065 -0.0958383 0.4169608
v 0.4423923 -0.0958383 0.4157223
v 0.4582677 -0.0958383 0.3920677
v 0.4175328 -0.0958383 0.4405817
v 0.4832065 -0.0958383 0.3920677
v 0.4333865 -0.0958383 0.4119922
v 0.4511238 -0.0958383 0.3912040
v 0.4760607 -0.0958383 0.3662672
v 0.4832056 -0.0958383 0.3671746
v 0.4085271 -0.0958383 0.4368515
v 0.4256533 -0.0958383 0.4060581
v 0.4446865 -0.0958383 0.3870249
v 0.4699171 -0.0958383 0.3617942
v 0.4007938 -0.0958383 0.4309175
v 0.3898573 -0.0958383 0.3049416
v 0.3898573 -0.0958383 0.3485046
v 0.4147504 -0.0958383 0.3049416
v 0.4147504 -0.0958383 0.3485046
v 0.4396436 -0.0958383 0.3049416
v 0.4396436 -0.0958383 0.3485046
v 0.4645367 -0.0958383 0.3049416
v 0.4645367 -0.0958383 0.3485046
v 0.6512350 -0.0958383 0.3671746
v 0.4832065 -0.0958383 0.3671746
v 0.6512350 -0.0958383 0.3920677
v 0.4832065 -0.0958383 0.3920677
v 0.6512350 -0.0958383 0.4169608
v 0.4832065 -0.0958383 0.4169608
v 0.6512350 -0.0958383 0.4418540
v 0.4832065 -0.0958383 0.4418540
v 0.6947667 -0.0958383 0.3485048
v 0.6699047 -0.0958383 0.3485048
v 0.6909796 -0.0958383 0.3613247
v 0.6680101 -0.0958383 0.3547281
v 0.6801953 -0.0958383 0.3774650
v 0.6638130 -0.0958383 0.3610828
v 0.6640556 -0.0958383 0.3882496
v 0.6574581 -0.0958383 0.3652798
v 0.6512349 -0.0958383 0.3920520
v 0.6512349 -0.0958383 0.3671744
v 0.7072444 -0.0958383 0.4418538
v 0.7072444 -0.0958383 0.4169606
v 0.6512349 -0.0958383 0.4418538
v 0.7632539 -0.0958383 0.4418538
v 0.6512349 -0.0958383 0.4169606
v 0.7072444 -0.0958383 0.3920598
v 0.7632539 -0.0958383 0.4169606
v 0.6512349 -0.0958383 0.3920520
v 0.7632539 -0.0958383 0.3920520
v 0.7197220 -0.0958383 0.3485048
v 0.7235091 -0.0958383 0.3613247
v 0.7445840 -0.0958383 0.3485048
v 0.7342935 -0.0958383 0.3774650
v 0.7464786 -0.0958383 0.3547281
v 0.7504332 -0.0958383 0.3882496
v 0.7506757 -0.0958383 0.3610828
v 0.7570306 -0.0958383 0.3652798
v 0.7632539 -0.0958383 0.3920520
v 0.7632539 -0.0958383 0.3671744
v 0.6947667 -0.0958383 0.3485048
v 0.6909796 -0.0958383 0.3613247
v 0.7072444 -0.0958383 0.3613247
v 0.7072444 -0.0958383 0.3485048
v 0.6801953 -0.0958383 0.3774650
v 0.7072444 -0.0958383 0.3774650
v 0.7235091 -0.0958383 0.3613247
v 0.7197220 -0.0958383 0.3485048
v 0.6640556 -0.0958383 0.3882496
v 0.7072444 -0.0958383 0.3882496
v 0.7342935 -0.0958383 0.3774650
v 0.6512349 -0.0958383 0.3920520
v 0.7072444 -0.0958383 0.3920598
v 0.7504332 -0.0958383 0.3882496
v 0.7632539 -0.0958383 0.3920520
v 0.6699048 -0.0958383 0.3485048
v 0.6947980 -0.0958383 0.3485048
v 0.6711772 -0.0958383 0.3388406
v 0.6952221 -0.0958383 0.3452834
v 0.6749073 -0.0958383 0.3298348
v 0.6964654 -0.0958383 0.3422814
v 0.6808413 -0.0958383 0.3221015
v 0.6984434 -0.0958383 0.3397036
v 0.6885745 -0.0958383 0.3161677
v 0.7010211 -0.0958383 0.3377257
v 0.6975801 -0.0958383 0.3124373
v 0.7040229 -0.0958383 0.3364822
v 0.7072444 -0.0958383 0.3111651
v 0.7072444 -0.0958383 0.3360582
v 0.7169086 -0.0958383 0.3124373
v 0.7104658 -0.0958383 0.3364822
v 0.7259143 -0.0958383 0.3161675
v 0.7134678 -0.0958383 0.3377256
v 0.7336475 -0.0958383 0.3221015
v 0.7160454 -0.0958383 0.3397036
v 0.7395816 -0.0958383 0.3298348
v 0.7180234 -0.0958383 0.3422814
v 0.7433117 -0.0958383 0.3388405
v 0.7192668 -0.0958383 0.3452833
v 0.7445841 -0.0958383 0.3485047
v 0.7196910 -0.0958383 0.3485047
v 0.6947980 -0.0958383 0.3485048
v 0.7196910 -0.0958383 0.3485047
v 0.6952221 -0.0958383 0.3452834
v 0.7192668 -0.0958383 0.3452833
v 0.6964654 -0.0958383 0.3422814
v 0.7180234 -0.0958383 0.3422814
v 0.6984434 -0.0958383 0.3397036
v 0.7160454 -0.0958383 0.3397036
v 0.7010211 -0.0958383 0.3377257
v 0.7134678 -0.0958383 0.3377256
v 0.7040229 -0.0958383 0.3364822
v 0.7104658 -0.0958383 0.3364822
v 0.7072444 -0.0958383 0.3360582
v 0.9001660 -0.0958383 0.3671746
v 0.7632539 -0.0958383 0.3671746
v 0.9001660 -0.0958383 0.3920677
v 0.7632539 -0.0958383 0.3920677
v 0.9001660 -0.0958383 0.4169608
v 0.7632539 -0.0958383 0.4169608
v 0.9001660 -0.0958383 0.4418540
v 0.7632539 -0.0958383 0.4418540
v 0.9001660 -0.0958383 0.4418539
v 0.9561755 -0.0958383 0.4418540
v 0.9001660 -0.0958383 0.4169608
v 0.9313161 -0.0958383 0.4169608
v 0.9658396 -0.0958383 0.4405817
v 0.9001660 -0.0958383 0.3920677
v 0.9256182 -0.0958383 0.3920677
v 0.9409802 -0.0958383 0.4157222
v 0.9748455 -0.0958383 0.4368515
v 0.9001660 -0.0958383 0.3671746
v 0.9327622 -0.0958383 0.3906906
v 0.9499860 -0.0958383 0.4119920
v 0.9825786 -0.0958383 0.4309175
v 0.9078252 -0.0958383 0.3657536
v 0.9386860 -0.0958383 0.3870249
v 0.9577193 -0.0958383 0.4060580
v 0.9134554 -0.0958383 0.3617942
v 0.9935151 -0.0958383 0.3485048
v 0.9686220 -0.0958383 0.3796548
v 0.9935151 -0.0958383 0.4045143
v 0.9686220 -0.0958383 0.3485048
v 0.9437289 -0.0958383 0.3734436
v 0.9673835 -0.0958383 0.3893191
v 0.9922428 -0.0958383 0.4141785
v 0.9437289 -0.0958383 0.3485048
v 0.9179284 -0.0958383 0.3556507
v 0.9428651 -0.0958383 0.3805875
v 0.9188358 -0.0958383 0.3485057
v 0.9636533 -0.0958383 0.3983248
v 0.9885127 -0.0958383 0.4231842
v 0.9134554 -0.0958383 0.3617942
v 0.9386860 -0.0958383 0.3870249
v 0.9577193 -0.0958383 0.4060580
v 0.9825786 -0.0958383 0.4309175
v 0.9993650 -0.0958383 -0.0162635
v 1.0059617 -0.0958383 -0.0392330
v 0.9832247 -0.0958383 -0.0270479
v 0.9996070 -0.0958383 -0.0434301
v 0.9724402 -0.0958383 -0.0431876
v 0.9954099 -0.0958383 -0.0497850
v 0.9686377 -0.0958383 -0.0560083
v 0.9935153 -0.0958383 -0.0560083
v 0.9188360 -0.0958383 0.0000012
v 0.9188360 -0.0958383 0.0560107
v 0.9437291 -0.0958383 0.0000012
v 0.9188360 -0.0958383 -0.0560083
v 0.9437291 -0.0958383 0.0560107
v 0.9437291 -0.0958383 -0.0560083
v 0.9686300 -0.0958383 0.0000012
v 0.9686377 -0.0958383 0.0560107
v 0.9686377 -0.0958383 -0.0560083
v 0.9993650 -0.0958383 0.0162660
v 0.9832247 -0.0958383 0.0270503
v 1.0059617 -0.0958383 0.0392355
v 0.9724402 -0.0958383 0.0431900
v 0.9996069 -0.0958383 0.0434326
v 0.9686377 -0.0958383 0.0560107
v 0.9954099 -0.0958383 0.0497875
v 0.9935153 -0.0958383 0.0560107
v 0.9993650 -0.0958383 -0.0162635
v 0.9832247 -0.0958383 0.0000012
v 0.9993650 -0.0958383 0.0000012
v 0.9832247 -0.0958383 -0.0270479
v 0.9724402 -0.0958383 0.0000012
v 0.9832247 -0.0958383 0.0270503
v 0.9993650 -0.0958383 0.0162660
v 0.9724402 -0.0958383 -0.0431876
v 0.9686300 -0.0958383 0.0000012
v 0.9724402 -0.0958383 0.0431900
v 0.9686377 -0.0958383 -0.0560083
v 0.9686377 -0.0958383 0.0560107
v 0.9188358 -0.0958383 0.0560106
v 0.9188358 -0.0958383 0.3485046
v 0.9437288 -0.0958383 0.0560106
v 0.9437288 -0.0958383 0.3485046
v 0.9686219 -0.0958383 0.0560106
v 0.9686219 -0.0958383 0.3485046
v 0.9935151 -0.0958383 0.0560106
v 0.9935151 -0.0958383 0.3485046
v 0.9935152 -0.0958383 -0.2240367
v 0.9935151 -0.0958383 -0.0560083
v 1.0121849 -0.0958383 -0.0124764
v 1.0121849 -0.0958383 -0.0373384
v 1.0121849 -0.0958383 0.0124789
v 1.0121849 -0.0958383 0.0373409
v 1.0121849 -0.0958383 -0.0124764
v 1.0121849 -0.0958383 0.0000012
v 1.0121849 -0.0958383 0.0124789
v 1.5224937 -0.0958383 -0.0373384
v 1.0121849 -0.0958383 -0.0373384
v 1.5224937 -0.0958383 -0.0124453
v 1.0121849 -0.0958383 -0.0124454
v 1.5224937 -0.0958383 0.0124478
v 1.0121849 -0.0958383 0.0124477
v 1.5224937 -0.0958383 0.0373410
v 1.0121849 -0.0958383 0.0373409
v 1.5411654 -0.0958383 -0.0560083
v 1.5660585 -0.0958383 -0.0560083
v 1.5424380 -0.0958383 -0.0656724
v 1.5664829 -0.0958383 -0.0592297
v 1.5461683 -0.0958383 -0.0746783
v 1.5677257 -0.0958383 -0.0622316
v 1.5521022 -0.0958383 -0.0824115
v 1.5697041 -0.0958383 -0.0648094
v 1.5598352 -0.0958383 -0.0883453
v 1.5722818 -0.0958383 -0.0667873
v 1.5688409 -0.0958383 -0.0920757
v 1.5752839 -0.0958383 -0.0680308
v 1.5785051 -0.0958383 -0.0933480
v 1.5785051 -0.0958383 -0.0684548
v 1.5881692 -0.0958383 -0.0920757
v 1.5817262 -0.0958383 -0.0680308
v 1.5971749 -0.0958383 -0.0883455
v 1.5847283 -0.0958383 -0.0667874
v 1.6049079 -0.0958383 -0.0824115
v 1.5873060 -0.0958383 -0.0648094
v 1.6108424 -0.0958383 -0.0746783
v 1.5892838 -0.0958383 -0.0622316
v 1.6145721 -0.0958383 -0.0656725
v 1.5905272 -0.0958383 -0.0592297
v 1.6158447 -0.0958383 -0.0560083
v 1.5909516 -0.0958383 -0.0560084
v 1.5660585 -0.0958383 -0.0560083
v 1.5909516 -0.0958383 -0.0560084
v 1.5664829 -0.0958383 -0.0592297
v 1.5905272 -0.0958383 -0.0592297
v 1.5677257 -0.0958383 -0.0622316
v 1.5892838 -0.0958383 -0.0622316
v 1.5697041 -0.0958383 -0.0648094
v 1.5873060 -0.0958383 -0.0648094
v 1.5722818 -0.0958383 -0.0667873
v 1.5847283 -0.0958383 -0.0667874
v 1.5752839 -0.0958383 -0.0680308
v 1.5817262 -0.0958383 -0.0680308
v 1.5785051 -0.0958383 -0.0684548
v 1.5660274 -0.0958383 -0.0560083
v 1.5411654 -0.0958383 -0.0560083
v 1.5622405 -0.0958383 -0.0431883
v 1.5392704 -0.0958383 -0.0497850
v 1.5514562 -0.0958383 -0.0270480
v 1.5350734 -0.0958383 -0.0434302
v 1.5353161 -0.0958383 -0.0162635
v 1.5287188 -0.0958383 -0.0392332
v 1.5224956 -0.0958383 -0.0124611
v 1.5224956 -0.0958383 -0.0373386
v 1.5785051 -0.0958383 0.0373407
v 1.6345145 -0.0958383 0.0373407
v 1.5785051 -0.0958383 0.0124476
v 1.5224956 -0.0958383 0.0373407
v 1.6345145 -0.0958383 0.0124476
v 1.5785051 -0.0958383 -0.0124533
v 1.5224956 -0.0958383 0.0124476
v 1.6345145 -0.0958383 -0.0124611
v 1.5224956 -0.0958383 -0.0124611
v 1.5909827 -0.0958383 -0.0560083
v 1.5947696 -0.0958383 -0.0431883
v 1.6158447 -0.0958383 -0.0560083
v 1.6055539 -0.0958383 -0.0270480
v 1.6177391 -0.0958383 -0.0497850
v 1.6216940 -0.0958383 -0.0162635
v 1.6219367 -0.0958383 -0.0434302
v 1.6282913 -0.0958383 -0.0392332
v 1.6345145 -0.0958383 -0.0124611
v 1.6345145 -0.0958383 -0.0373386
v 1.5660274 -0.0958383 -0.0560083
v 1.5622405 -0.0958383 -0.0431883
v 1.5785051 -0.0958383 -0.0431883
v 1.5785051 -0.0958383 -0.0560083
v 1.5785051 -0.0958383 -0.0270480
v 1.5514562 -0.0958383 -0.0270480
v 1.5947696 -0.0958383 -0.0431883
v 1.5909827 -0.0958383 -0.0560083
v 1.6055539 -0.0958383 -0.0270480
v 1.5785051 -0.0958383 -0.0162635
v 1.5353161 -0.0958383 -0.0162635
v 1.6216940 -0.0958383 -0.0162635
v 1.5785051 -0.0958383 -0.0124533
v 1.5224956 -0.0958383 -0.0124611
v 1.6345145 -0.0958383 -0.0124611
v 2.5836745 -0.0958383 -0.0120210
v 2.5804527 -0.0958383 -0.0124451
v 2.5804527 -0.0958383 0.0124479
v 2.5804527 -0.0958383 0.0124479
v 2.5804527 -0.0958383 0.0373410
v 2.5836745 -0.0958383 0.0120237
v 2.5836745 -0.0958383 0.0120237
v 2.5836745 -0.0958383 -0.0120210
v 2.5901168 -0.0958383 -0.0360659
v 2.5804527 -0.0958383 -0.0124451
v 2.5804527 -0.0958383 -0.0373383
v 2.5866760 -0.0958383 0.0107803
v 2.5866760 -0.0958383 -0.0107777
v 2.5901168 -0.0958383 0.0360686
v 2.5866760 -0.0958383 0.0107803
v 2.5892543 -0.0958383 0.0088023
v 2.5892543 -0.0958383 -0.0087997
v 2.5912320 -0.0958383 0.0062246
v 2.5912320 -0.0958383 -0.0062220
v 2.5866760 -0.0958383 -0.0107777
v 2.5991225 -0.0958383 -0.0323358
v 2.5924755 -0.0958383 0.0032227
v 2.5924755 -0.0958383 -0.0032202
v 2.5928993 -0.0958383 0.0000012
v 2.5991225 -0.0958383 0.0323385
v 2.5892543 -0.0958383 0.0088023
v 2.6068562 -0.0958383 -0.0264018
v 2.5892543 -0.0958383 -0.0087997
v 2.6068562 -0.0958383 0.0264044
v 2.5912320 -0.0958383 0.0062246
v 2.6127901 -0.0958383 -0.0186686
v 2.5912320 -0.0958383 -0.0062220
v 2.6127901 -0.0958383 0.0186712
v 2.5924755 -0.0958383 0.0032227
v 2.5924755 -0.0958383 -0.0032202
v 2.6165203 -0.0958383 -0.0096630
v 2.6165203 -0.0958383 0.0096655
v 2.5928993 -0.0958383 0.0000012
v 2.6177924 -0.0958383 0.0000012
vt 3.9365020 0.5000000
vt 7.3847460 0.5000000
vt 3.9365020 0.3500005
vt 7.3851870 0.3500005
vt 3.9365020 0.1500003
vt 7.3851980 0.1500003
vt 3.9365020 0.0000000
vt 7.3847630 0.0000000
vt 0.4211445 0.0000000
vt 0.4728041 0.1664801
vt 0.4569600 0.0000000
vt 0.4873996 0.1664801
vt 0.4862175 0.0000000
vt 0.5040414 0.1664801
vt 0.5116329 0.0000000
vt 0.5218768 0.1664801
vt 0.5348425 0.0000000
vt 0.5403962 0.1664801
vt 0.5568562 0.0000000
vt 0.5592875 0.1664801
vt 0.5783443 0.0000000
vt 0.5783429 0.1664801
vt 0.5998325 0.0000000
vt 0.5974007 0.1664801
vt 0.6218457 0.0000000
vt 0.6162930 0.1664801
vt 0.6450558 0.0000000
vt 0.6348119 0.1664801
vt 0.6704717 0.0000000
vt 0.6526458 0.1664801
vt 0.6997287 0.0000000
vt 0.6692874 0.1664801
vt 0.7355442 0.0000000
vt 0.6838856 0.1664801
vt -0.1095878 0.4991782
vt 0.3268432 0.4991782
vt -0.1095878 0.3335224
vt 0.3268426 0.3335212
vt -0.1095878 0.1664810
vt 0.3376512 0.3306748
vt 0.3376507 0.1664801
vt 0.3268424 0.1664800
vt -0.1095878 0.0000000
vt 0.3477227 0.1776695
vt 0.3477227 0.3223310
vt 0.3268418 0.0000000
vt 0.3563716 0.1909425
vt 0.3563716 0.3090580
vt 0.3630078 0.2082396
vt 0.3630082 0.2917607
vt 0.3671799 0.2283832
vt 0.3671799 0.2716168
vt 0.3686026 0.2500001
vt -1.2060170 0.4991782
vt -1.2576770 0.3335195
vt -1.2418330 0.4991782
vt -1.2722720 0.3335195
vt -1.2710900 0.4991782
vt -1.2889140 0.3335195
vt -1.2965060 0.4991782
vt -1.3067500 0.3335195
vt -1.3197150 0.4991782
vt -1.3252690 0.3335195
vt -1.3417290 0.4991782
vt -1.3441600 0.3335195
vt -1.3632170 0.4991782
vt -1.3632160 0.3335195
vt -1.3847050 0.4991782
vt -1.3822730 0.3335195
vt -1.4067180 0.4991782
vt -1.4011660 0.3335195
vt -1.4299290 0.4991782
vt -1.4196850 0.3335195
vt -1.4553440 0.4991782
vt -1.4375190 0.3335195
vt -1.4846010 0.4991782
vt -1.4541600 0.3335195
vt -1.5204170 0.4991782
vt -1.4687580 0.3335195
vt -0.6621841 -0.0005610
vt -1.1034490 -0.0005630
vt -0.6621841 0.1664793
vt -1.1034490 0.1664784
vt -0.6621841 0.3335207
vt -1.1034490 0.3335196
vt -1.1142580 0.3335195
vt -1.1142580 0.1693248
vt -0.6621841 0.4991782
vt -1.1034500 0.4991782
vt -1.1243300 0.3223301
vt -1.1243300 0.1776687
vt -1.1329780 0.3090572
vt -1.1329780 0.1909416
vt -1.1396150 0.2917601
vt -1.1396150 0.2082390
vt -1.1437870 0.2716164
vt -1.1437870 0.2283828
vt -1.1452090 0.2499996
vt -0.6621841 0.4991782
vt -0.5060163 0.4991782
vt -0.6621841 0.3335211
vt -0.4864688 0.4991782
vt -0.5783885 0.3335211
vt -0.6621841 0.1664801
vt -0.5470877 0.3335211
vt -0.4669831 0.4991782
vt -0.5898092 0.1664801
vt -0.6621841 0.0000000
vt -0.5183108 0.3335211
vt -0.4452443 0.4991782
vt -0.5653253 0.1664801
vt -0.6390235 0.0000000
vt -0.4916072 0.3335211
vt -0.5434608 0.1664801
vt -0.6164718 0.0000000
vt -0.1095878 0.4991782
vt -0.1095878 0.3335211
vt -0.1920005 0.3335211
vt -0.2568489 0.4991782
vt -0.1095878 0.1664801
vt -0.1821712 0.1664801
vt -0.2222151 0.3335211
vt -0.2773024 0.4991782
vt -0.1095878 0.0000000
vt -0.1354259 0.0000000
vt -0.2061490 0.1664801
vt -0.2506646 0.3335211
vt -0.2973772 0.4991782
vt -0.1577407 0.0000000
vt -0.2279471 0.1664801
vt -0.2774369 0.3335211
vt -0.3193063 0.4991782
vt 0.0220243 0.5000000
vt 1.3220240 0.5000000
vt 0.0220243 0.3500006
vt 1.3220240 0.3500006
vt 0.0220243 0.1500003
vt 1.3220240 0.1500003
vt 0.0220243 0.0000000
vt 1.3220240 0.0000000
vt -0.6621841 0.4991782
vt -0.5060163 0.4991782
vt -0.6621841 0.3335211
vt -0.5783885 0.3335211
vt -0.4864688 0.4991782
vt -0.6621841 0.1664801
vt -0.5470877 0.3335211
vt -0.5898092 0.1664801
vt -0.4669831 0.4991782
vt -0.6621841 0.0000000
vt -0.5183108 0.3335211
vt -0.5653253 0.1664801
vt -0.4452443 0.4991782
vt -0.6390235 0.0000000
vt -0.4916072 0.3335211
vt -0.5434608 0.1664801
vt -0.6164718 0.0000000
vt -0.1095878 0.4991782
vt -0.1920005 0.3335211
vt -0.2568489 0.4991782
vt -0.1095878 0.3335211
vt -0.2222151 0.3335211
vt -0.1821712 0.1664801
vt -0.2773024 0.4991782
vt -0.1095878 0.1664801
vt -0.2506646 0.3335211
vt -0.2061490 0.1664801
vt -0.1354259 0.0000000
vt -0.1095878 0.0000000
vt -0.2973772 0.4991782
vt -0.2774369 0.3335211
vt -0.2279471 0.1664801
vt -0.1577407 0.0000000
vt -0.3193063 0.4991782
vt 2.0342370 -0.0005610
vt 2.0661350 0.1500003
vt 2.0750350 -0.0005610
vt 2.0864880 0.1500003
vt 2.1083640 -0.0005610
vt 2.1096950 0.1500003
vt 2.1373150 -0.0005610
vt 2.1345660 0.1500003
vt 2.1637540 -0.0005610
vt 2.1603900 0.1500003
vt 2.1888300 -0.0005610
vt 2.1867340 0.1500003
vt 2.2133080 -0.0005610
vt 2.2133060 0.1500003
vt 2.2377860 -0.0005610
vt 2.2398820 0.1500003
vt 2.2628620 -0.0005610
vt 2.2662260 0.1500003
vt 2.2893010 -0.0005610
vt 2.2920500 0.1500003
vt 2.3182530 -0.0005610
vt 2.3169190 0.1500003
vt 2.3515810 -0.0005610
vt 2.3401260 0.1500003
vt 2.3923790 -0.0005610
vt 2.3604820 0.1500003
vt 1.9511700 0.1664801
vt 1.9511700 0.3335211
vt 1.9619780 0.1664801
vt 1.9619780 0.3306748
vt 1.9720500 0.1776695
vt 1.9720500 0.3223310
vt 1.9806990 0.1909425
vt 1.9806990 0.3090580
vt 1.9873350 0.2082396
vt 1.9873350 0.2917607
vt 1.9915070 0.2283832
vt 1.9915070 0.2716168
vt 1.9929300 0.2500001
vt 1.7720240 0.5000000
vt 3.6720240 0.5000000
vt 1.7720240 0.3500006
vt 3.6720240 0.3500006
vt 1.7720240 0.1500003
vt 3.6720240 0.1500008
vt 1.7720240 0.0000000
vt 3.6720240 0.0000000
vt -1.7438820 0.3500006
vt -1.7171070 0.5000000
vt -1.6919080 0.3500006
vt -1.6771970 0.5000000
vt -1.6400070 0.3500006
vt -1.6372830 0.5000000
vt -1.5880640 0.3500006
vt -1.5973420 0.5000000
vt -1.5361620 0.3500006
vt -1.5573970 0.5000000
vt 1.5358230 0.0000000
vt 1.5358230 0.1500003
vt 1.7720240 -0.0005610
vt 1.3220240 0.0000000
vt 1.5358230 0.3500006
vt 1.7720240 0.1500003
vt 1.3220240 0.1500003
vt 1.7720240 0.3500006
vt 1.3220240 0.3500006
vt -0.5895748 0.3500006
vt -0.6415491 0.3500006
vt -0.6163497 0.5000000
vt -0.6562605 0.5000000
vt -0.6934505 0.3500006
vt -0.6961737 0.5000000
vt -0.7453928 0.3500006
vt -0.7361155 0.5000000
vt -0.7972946 0.3500006
vt -0.7760596 0.5000000
vt 1.5670250 0.9548060
vt 1.5822380 0.8018442
vt 1.5162680 0.8018442
vt 1.5162680 0.9548060
vt 1.6255610 0.6721674
vt 1.5162680 0.6721674
vt 1.4655100 0.9548060
vt 1.4502980 0.8018442
vt 1.6903980 0.5855205
vt 1.5162680 0.5855204
vt 1.4069740 0.6721674
vt 1.7668920 0.5549706
vt 1.5162680 0.5549706
vt 1.3421380 0.5855205
vt 1.2656430 0.5549706
vt 2.0342370 -0.0005610
vt 2.0661350 0.1500003
vt 2.0750350 -0.0005610
vt 2.0864880 0.1500003
vt 2.1083640 -0.0005610
vt 2.1096950 0.1500003
vt 2.1373150 -0.0005610
vt 2.1345660 0.1500003
vt 2.1637540 -0.0005610
vt 2.1603900 0.1500003
vt 2.1888300 -0.0005610
vt 2.1867340 0.1500003
vt 2.2133080 -0.0005610
vt 2.2133060 0.1500003
vt 2.2377860 -0.0005610
vt 2.2398820 0.1500003
vt 2.2628620 -0.0005610
vt 2.2662260 0.1500003
vt 2.2893010 -0.0005610
vt 2.2920500 0.1500003
vt 2.3182530 -0.0005610
vt 2.3169190 0.1500003
vt 2.3515810 -0.0005610
vt 2.3401260 0.1500003
vt 2.3923790 -0.0005610
vt 2.3604820 0.1500003
vt 1.9511700 0.1664801
vt 1.9511700 0.3335211
vt 1.9619780 0.1664801
vt 1.9619780 0.3306748
vt 1.9720500 0.1776695
vt 1.9720500 0.3223310
vt 1.9806990 0.1909425
vt 1.9806990 0.3090580
vt 1.9873350 0.2082396
vt 1.9873350 0.2917607
vt 1.9915070 0.2283832
vt 1.9915070 0.2716168
vt 1.9929300 0.2500001
vt 5.4865010 0.5000000
vt 5.7365010 0.5000000
vt 5.4865010 0.3500010
vt 5.7365010 0.3500010
vt 5.4865010 0.1500009
vt 5.7365010 0.1500009
vt 5.4865010 0.0000000
vt 5.7365010 0.0000000
vt -1.7438820 0.3750000
vt -1.7171070 0.5000000
vt -1.6919080 0.3750000
vt -1.6771970 0.5000000
vt -1.6400070 0.3750000
vt -1.6372830 0.5000000
vt -0.5895748 0.3750000
vt -0.6415491 0.3750000
vt -0.6163497 0.5000000
vt -0.6562605 0.5000000
vt -0.6934505 0.3750000
vt -0.6961737 0.5000000
vt 1.5670250 0.9548060
vt 1.5822380 0.8018442
vt 1.5162680 0.8018442
vt 1.5162680 0.9548060
vt 1.6255610 0.6721674
vt 1.5162680 0.6721674
vt 1.4502980 0.8018442
vt 1.4655100 0.9548060
vt 1.4069740 0.6721674
vt 2.0342370 -0.0005610
vt 2.0661350 0.1500003
vt 2.0750350 -0.0005610
vt 2.0864880 0.1500003
vt 2.1083640 -0.0005610
vt 2.1096950 0.1500003
vt 2.1373150 -0.0005610
vt 2.1345660 0.1500003
vt 2.1637540 -0.0005610
vt 2.1603900 0.1500003
vt 2.1888300 -0.0005610
vt 2.1867340 0.1500003
vt 2.2133080 -0.0005610
vt 2.2133060 0.1500003
vt 2.2377860 -0.0005610
vt 2.2398820 0.1500003
vt 2.2628620 -0.0005610
vt 2.2662260 0.1500003
vt 2.2893010 -0.0005610
vt 2.2920500 0.1500003
vt 2.3182530 -0.0005610
vt 2.3169190 0.1500003
vt 2.3515810 -0.0005610
vt 2.3401260 0.1500003
vt 2.3923790 -0.0005610
vt 2.3604820 0.1500003
vt 1.9511700 0.1664801
vt 1.9511700 0.3335211
vt 1.9619780 0.1664801
vt 1.9619780 0.3306748
vt 1.9720500 0.1776695
vt 1.9720500 0.3223310
vt 1.9806990 0.1909425
vt 1.9806990 0.3090580
vt 1.9873350 0.2082396
vt 1.9873350 0.2917607
vt 1.9915070 0.2283832
vt 1.9915070 0.2716168
vt 1.9929300 0.2500001
vt 2.0342370 -0.0005610
vt 2.0661350 0.1500003
vt 2.0750350 -0.0005610
vt 2.0864880 0.1500003
vt 2.1083640 -0.0005610
vt 2.1096950 0.1500003
vt 2.1373150 -0.0005610
vt 2.1345660 0.1500003
vt 2.1637540 -0.0005610
vt 2.1603900 0.1500003
vt 2.1888300 -0.0005610
vt 2.1867340 0.1500003
vt 2.2133080 -0.0005610
vt 2.2133060 0.1500003
vt 2.2377860 -0.0005610
vt 2.2398820 0.1500003
vt 2.2628620 -0.0005610
vt 2.2662260 0.1500003
vt 2.2893010 -0.0005610
vt 2.2920500 0.1500003
vt 2.3182530 -0.0005610
vt 2.3169190 0.1500003
vt 2.3515810 -0.0005610
vt 2.3401260 0.1500003
vt 2.3923790 -0.0005610
vt 2.3604820 0.1500003
vt 1.9511700 0.1664801
vt 1.9511700 0.3335211
vt 1.9619780 0.1664801
vt 1.9619780 0.3306748
vt 1.9720500 0.1776695
vt 1.9720500 0.3223310
vt 1.9806990 0.1909425
vt 1.9806990 0.3090580
vt 1.9873350 0.2082396
vt 1.9873350 0.2917607
vt 1.9915070 0.2283832
vt 1.9915070 0.2716168
vt 1.9929300 0.2500001
vt -1.7438820 0.3500006
vt -1.7171070 0.5000000
vt -1.6919080 0.3500006
vt -1.6771970 0.5000000
vt -1.6400070 0.3500006
vt -1.6372830 0.5000000
vt -1.5880640 0.3500006
vt -1.5973420 0.5000000
vt -1.5361620 0.3500006
vt -1.5573970 0.5000000
vt 1.5358230 0.0000000
vt 1.5358230 0.1500003
vt 1.7720240 -0.0005610
vt 1.3220240 0.0000000
vt 1.7720240 0.1500003
vt 1.5358230 0.3500006
vt 1.3220240 0.1500003
vt 1.7720240 0.3500006
vt 1.3220240 0.3500006
vt -0.5895748 0.3500006
vt -0.6415491 0.3500006
vt -0.6163497 0.5000000
vt -0.6562605 0.5000000
vt -0.6934505 0.3500006
vt -0.6961737 0.5000000
vt -0.7453928 0.3500006
vt -0.7361155 0.5000000
vt -0.7972946 0.3500006
vt -0.7760596 0.5000000
vt 1.5670250 0.9548060
vt 1.5822380 0.8018442
vt 1.5162680 0.8018442
vt 1.5162680 0.9548060
vt 1.6255610 0.6721674
vt 1.5162680 0.6721674
vt 1.4655100 0.9548060
vt 1.4502980 0.8018442
vt 1.6903980 0.5855205
vt 1.5162680 0.5855204
vt 1.4069740 0.6721674
vt 1.7668920 0.5549706
vt 1.5162680 0.5549706
vt 1.3421380 0.5855205
vt 1.2656430 0.5549706
vt 2.0342370 -0.0005610
vt 2.0661350 0.1500003
vt 2.0750350 -0.0005610
vt 2.0864880 0.1500003
vt 2.1083640 -0.0005610
vt 2.1096950 0.1500003
vt 2.1373150 -0.0005610
vt 2.1345660 0.1500003
vt 2.1637540 -0.0005610
vt 2.1603900 0.1500003
vt 2.1888300 -0.0005610
vt 2.1867340 0.1500003
vt 2.2133080 -0.0005610
vt 2.2133060 0.1500003
vt 2.2377860 -0.0005610
vt 2.2398820 0.1500003
vt 2.2628620 -0.0005610
vt 2.2662260 0.1500003
vt 2.2893010 -0.0005610
vt 2.2920500 0.1500003
vt 2.3182530 -0.0005610
vt 2.3169190 0.1500003
vt 2.3515810 -0.0005610
vt 2.3401260 0.1500003
vt 2.3923790 -0.0005610
vt 2.3604820 0.1500003
vt 1.9511700 0.1664801
vt 1.9511700 0.3335211
vt 1.9619780 0.1664801
vt 1.9619780 0.3306748
vt 1.9720500 0.1776695
vt 1.9720500 0.3223310
vt 1.9806990 0.1909425
vt 1.9806990 0.3090580
vt 1.9873350 0.2082396
vt 1.9873350 0.2917607
vt 1.9915070 0.2283832
vt 1.9915070 0.2716168
vt 1.9929300 0.2500001
vt 6.1865020 0.5000000
vt 6.6115010 0.5000000
vt 6.1865020 0.3500010
vt 6.6115010 0.3500010
vt 6.1865020 0.1500009
vt 6.6115010 0.1500009
vt 6.1865020 0.0000000
vt 6.6115010 0.0000000
vt 10.6797200 0.0000000
vt 9.0047180 0.0000000
vt 10.6797200 0.1500005
vt 9.0047180 0.1500005
vt 10.6797200 0.3500005
vt 9.0047180 0.3500005
vt 10.6797200 0.5000000
vt 9.0047180 0.5000000
vt -0.6621841 0.4991782
vt -0.5060163 0.4991782
vt -0.6621841 0.3335211
vt -0.4864688 0.4991782
vt -0.5783885 0.3335211
vt -0.6621841 0.1664801
vt -0.5470877 0.3335211
vt -0.4669831 0.4991782
vt -0.5898092 0.1664801
vt -0.6621841 0.0000000
vt -0.5183108 0.3335211
vt -0.4452443 0.4991782
vt -0.5653253 0.1664801
vt -0.6390235 0.0000000
vt -0.4916072 0.3335211
vt -0.5434608 0.1664801
vt -0.6164718 0.0000000
vt -0.1095878 0.4991782
vt -0.1920005 0.3335211
vt -0.2568489 0.4991782
vt -0.1095878 0.3335211
vt -0.2222151 0.3335211
vt -0.1821712 0.1664801
vt -0.2773024 0.4991782
vt -0.1095878 0.1664801
vt -0.2506646 0.3335211
vt -0.2061490 0.1664801
vt -0.1354259 0.0000000
vt -0.1095878 0.0000000
vt -0.2973772 0.4991782
vt -0.2774369 0.3335211
vt -0.2279471 0.1664801
vt -0.1577407 0.0000000
vt -0.3193063 0.4991782
vt -1.7438820 0.3500006
vt -1.7171070 0.5000000
vt -1.6919080 0.3500006
vt -1.6771970 0.5000000
vt -1.6400070 0.3500006
vt -1.6372830 0.5000000
vt -1.5880640 0.3500006
vt -1.5973420 0.5000000
vt -1.5361620 0.3500006
vt -1.5573970 0.5000000
vt 1.5358230 0.0000000
vt 1.5358230 0.1500003
vt 1.7720240 -0.0005610
vt 1.3220240 0.0000000
vt 1.5358230 0.3500006
vt 1.7720240 0.1500003
vt 1.3220240 0.1500003
vt 1.7720240 0.3500006
vt 1.3220240 0.3500006
vt -0.5895748 0.3500006
vt -0.6415491 0.3500006
vt -0.6163497 0.5000000
vt -0.6562605 0.5000000
vt -0.6934505 0.3500006
vt -0.6961737 0.5000000
vt -0.7453928 0.3500006
vt -0.7361155 0.5000000
vt -0.7972946 0.3500006
vt -0.7760596 0.5000000
vt 1.5670250 0.9548060
vt 1.5162680 0.8018442
vt 1.5162680 0.9548060
vt 1.5822380 0.8018442
vt 1.4502980 0.8018442
vt 1.4655100 0.9548060
vt 1.5162680 0.6721674
vt 1.6255610 0.6721674
vt 1.4069740 0.6721674
vt 1.5162680 0.5855204
vt 1.6903980 0.5855205
vt 1.3421380 0.5855205
vt 1.5162680 0.5549706
vt 1.7668920 0.5549706
vt 1.2656430 0.5549706
vt 5.2365010 0.0000000
vt 4.9365020 0.0000000
vt 5.2365010 0.1500005
vt 4.9365020 0.1500005
vt 5.2365010 0.3500005
vt 4.9365020 0.3500005
vt 5.2365010 0.5000000
vt 4.9365020 0.5000000
vt -0.6621841 0.4991782
vt -0.5060163 0.4991782
vt -0.6621841 0.3335211
vt -0.4864688 0.4991782
vt -0.5783885 0.3335211
vt -0.6621841 0.1664801
vt -0.4669831 0.4991782
vt -0.5470877 0.3335211
vt -0.5898092 0.1664801
vt -0.6621841 0.0000000
vt -0.4452443 0.4991782
vt -0.5183108 0.3335211
vt -0.5653253 0.1664801
vt -0.6390235 0.0000000
vt -0.4916072 0.3335211
vt -0.5434608 0.1664801
vt -0.6164718 0.0000000
vt -0.1095878 0.4991782
vt -0.1095878 0.3335211
vt -0.1920005 0.3335211
vt -0.2568489 0.4991782
vt -0.1821712 0.1664801
vt -0.1095878 0.1664801
vt -0.2222151 0.3335211
vt -0.2773024 0.4991782
vt -0.2061490 0.1664801
vt -0.1095878 0.0000000
vt -0.1354259 0.0000000
vt -0.2506646 0.3335211
vt -0.2973772 0.4991782
vt -0.2279471 0.1664801
vt -0.1577407 0.0000000
vt -0.2774369 0.3335211
vt -0.3193063 0.4991782
vt 6.6115010 0.0000000
vt 5.6865020 0.0000000
vt 6.6115010 0.1500005
vt 5.6865020 0.1500005
vt 6.6115010 0.3500005
vt 5.6865020 0.3500005
vt 6.6115010 0.5000000
vt 5.6865020 0.5000000
vt 10.6797200 0.0000000
vt 10.0047200 0.0000000
vt 10.6797200 0.1500000
vt 10.0047200 0.1500000
vt 10.6797200 0.3500003
vt 10.0047200 0.3500003
vt 2.0342370 -0.0005610
vt 2.0661350 0.1500003
vt 2.0750350 -0.0005610
vt 2.0864880 0.1500003
vt 2.1083640 -0.0005610
vt 2.1096950 0.1500003
vt 2.1373150 -0.0005610
vt 2.1345660 0.1500003
vt 2.1637540 -0.0005610
vt 2.1603900 0.1500003
vt 2.1888300 -0.0005610
vt 2.1867340 0.1500003
vt 2.2133080 -0.0005610
vt 2.2133060 0.1500003
vt 2.2377860 -0.0005610
vt 2.2398820 0.1500003
vt 2.2628620 -0.0005610
vt 2.2662260 0.1500003
vt 2.2893010 -0.0005610
vt 2.2920500 0.1500003
vt 2.3182530 -0.0005610
vt 2.3169190 0.1500003
vt 2.3515810 -0.0005610
vt 2.3401260 0.1500003
vt 2.3923790 -0.0005610
vt 2.3604820 0.1500003
vt 1.9511700 0.1664801
vt 1.9511700 0.3335211
vt 1.9619780 0.1664801
vt 1.9619780 0.3306748
vt 1.9720500 0.1776695
vt 1.9720500 0.3223310
vt 1.9806990 0.1909425
vt 1.9806990 0.3090580
vt 1.9873350 0.2082396
vt 1.9873350 0.2917607
vt 1.9915070 0.2283832
vt 1.9915070 0.2716168
vt 1.9929300 0.2500001
vt -1.5880640 0.3750000
vt -1.5973420 0.5000000
vt -1.5361620 0.3750000
vt -1.5573970 0.5000000
vt 2.0615580 0.0000000
vt 2.0615580 0.1500003
vt 2.2977590 -0.0005610
vt 1.8477590 0.0000000
vt 2.0615580 0.3500006
vt 2.2977590 0.1500003
vt 1.8477590 0.1500003
vt 2.2977590 0.3500006
vt 1.8477590 0.3500006
vt -0.7453928 0.3750000
vt -0.7361155 0.5000000
vt -0.7972946 0.3750000
vt -0.7760596 0.5000000
vt 1.6903980 0.5855205
vt 1.5162680 0.5855204
vt 1.7668920 0.5549706
vt 1.5162680 0.5549706
vt 1.3421380 0.5855205
vt 1.2656430 0.5549706
vt -0.6621841 0.4991782
vt -0.5060163 0.4991782
vt -0.6621841 0.3335211
vt -0.4864688 0.4991782
vt -0.5783885 0.3335211
vt -0.6621841 0.1664801
vt -0.4669831 0.4991782
vt -0.5470877 0.3335211
vt -0.5898092 0.1664801
vt -0.6621841 0.0000000
vt -0.4452443 0.4991782
vt -0.5183108 0.3335211
vt -0.5653253 0.1664801
vt -0.6390235 0.0000000
vt -0.4916072 0.3335211
vt -0.5434608 0.1664801
vt -0.6164718 0.0000000
vt -0.1095878 0.4991782
vt -0.1920005 0.3335211
vt -0.2568489 0.4991782
vt -0.1095878 0.3335211
vt -0.2222151 0.3335211
vt -0.1821712 0.1664801
vt -0.2773024 0.4991782
vt -0.1095878 0.1664801
vt -0.2506646 0.3335211
vt -0.2061490 0.1664801
vt -0.1354259 0.0000000
vt -0.1095878 0.0000000
vt -0.2973772 0.4991782
vt -0.2774369 0.3335211
vt -0.2279471 0.1664801
vt -0.1577407 0.0000000
vt -0.3193063 0.4991782
vt 8.5547180 0.0000000
vt 8.3797180 0.0000000
vt 8.5547180 0.1500002
vt 8.3797180 0.1500002
vt 8.5547180 0.3500003
vt 8.3797180 0.3500003
vt 8.5547180 0.5000000
vt 8.3797180 0.5000000
vt 6.6115010 0.0000000
vt 5.9365020 0.0000000
vt 6.6115010 0.1500005
vt 5.9365020 0.1500005
vt 6.6115010 0.3500003
vt 5.9365020 0.3500003
vt 6.6115010 0.5000000
vt 5.9365020 0.5000000
vt -1.7438820 0.3500006
vt -1.7171070 0.5000000
vt -1.6919080 0.3500006
vt -1.6771970 0.5000000
vt -1.6400070 0.3500006
vt -1.6372830 0.5000000
vt -1.5880640 0.3500006
vt -1.5973420 0.5000000
vt -1.5361620 0.3500006
vt -1.5573970 0.5000000
vt 1.5358230 0.0000000
vt 1.5358230 0.1500003
vt 1.7720240 -0.0005610
vt 1.3220240 0.0000000
vt 1.7720240 0.1500003
vt 1.5358230 0.3500006
vt 1.3220240 0.1500003
vt 1.7720240 0.3500006
vt 1.3220240 0.3500006
vt -0.5895748 0.3500006
vt -0.6415491 0.3500006
vt -0.6163497 0.5000000
vt -0.6934505 0.3500006
vt -0.6562605 0.5000000
vt -0.7453928 0.3500006
vt -0.6961737 0.5000000
vt -0.7361155 0.5000000
vt -0.7972946 0.3500006
vt -0.7760596 0.5000000
vt 1.5670250 0.9548060
vt 1.5822380 0.8018442
vt 1.5162680 0.8018442
vt 1.5162680 0.9548060
vt 1.6255610 0.6721674
vt 1.5162680 0.6721674
vt 1.4502980 0.8018442
vt 1.4655100 0.9548060
vt 1.6903980 0.5855205
vt 1.5162680 0.5855204
vt 1.4069740 0.6721674
vt 1.7668920 0.5549706
vt 1.5162680 0.5549706
vt 1.3421380 0.5855205
vt 1.2656430 0.5549706
vt 2.0342370 -0.0005610
vt 2.0661350 0.1500003
vt 2.0750350 -0.0005610
vt 2.0864880 0.1500003
vt 2.1083640 -0.0005610
vt 2.1096950 0.1500003
vt 2.1373150 -0.0005610
vt 2.1345660 0.1500003
vt 2.1637540 -0.0005610
vt 2.1603900 0.1500003
vt 2.1888300 -0.0005610
vt 2.1867340 0.1500003
vt 2.2133080 -0.0005610
vt 2.2133060 0.1500003
vt 2.2377860 -0.0005610
vt 2.2398820 0.1500003
vt 2.2628620 -0.0005610
vt 2.2662260 0.1500003
vt 2.2893010 -0.0005610
vt 2.2920500 0.1500003
vt 2.3182530 -0.0005610
vt 2.3169190 0.1500003
vt 2.3515810 -0.0005610
vt 2.3401260 0.1500003
vt 2.3923790 -0.0005610
vt 2.3604820 0.1500003
vt 1.9511700 0.1664801
vt 1.9511700 0.3335211
vt 1.9619780 0.1664801
vt 1.9619780 0.3306748
vt 1.9720500 0.1776695
vt 1.9720500 0.3223310
vt 1.9806990 0.1909425
vt 1.9806990 0.3090580
vt 1.9873350 0.2082396
vt 1.9873350 0.2917607
vt 1.9915070 0.2283832
vt 1.9915070 0.2716168
vt 1.9929300 0.2500001
vt 6.6115010 0.0000000
vt 6.0615020 0.0000000
vt 6.6115010 0.1500005
vt 6.0615020 0.1500005
vt 6.6115010 0.3500003
vt 6.0615020 0.3500003
vt 6.6115010 0.5000000
vt 6.0615020 0.5000000
vt -0.6621841 0.4991782
vt -0.5060163 0.4991782
vt -0.6621841 0.3335211
vt -0.5783885 0.3335211
vt -0.4864688 0.4991782
vt -0.6621841 0.1664801
vt -0.5898092 0.1664801
vt -0.5470877 0.3335211
vt -0.4669831 0.4991782
vt -0.6621841 0.0000000
vt -0.5653253 0.1664801
vt -0.5183108 0.3335211
vt -0.4452443 0.4991782
vt -0.6390235 0.0000000
vt -0.5434608 0.1664801
vt -0.4916072 0.3335211
vt -0.6164718 0.0000000
vt -0.1095878 0.4991782
vt -0.1920005 0.3335211
vt -0.2568489 0.4991782
vt -0.1095878 0.3335211
vt -0.1821712 0.1664801
vt -0.2222151 0.3335211
vt -0.2773024 0.4991782
vt -0.1095878 0.1664801
vt -0.1354259 0.0000000
vt -0.2061490 0.1664801
vt -0.1095878 0.0000000
vt -0.2506646 0.3335211
vt -0.2973772 0.4991782
vt -0.1577407 0.0000000
vt -0.2279471 0.1664801
vt -0.2774369 0.3335211
vt -0.3193063 0.4991782
vt -1.6919080 0.3750000
vt -1.6771970 0.5000000
vt -1.6400070 0.3750000
vt -1.6372830 0.5000000
vt -1.5880640 0.3750000
vt -1.5973420 0.5000000
vt -1.5361620 0.3750000
vt -1.5573970 0.5000000
vt 1.5358230 0.0000000
vt 1.3220240 0.0000000
vt 1.5358230 0.1500003
vt 1.7720240 -0.0005610
vt 1.3220240 0.1500003
vt 1.7720240 0.1500003
vt 1.5358230 0.3500006
vt 1.3220240 0.3500006
vt 1.7720240 0.3500006
vt -0.6415491 0.3750000
vt -0.6934505 0.3750000
vt -0.6562605 0.5000000
vt -0.7453928 0.3750000
vt -0.6961737 0.5000000
vt -0.7972946 0.3750000
vt -0.7361155 0.5000000
vt -0.7760596 0.5000000
vt 1.5822380 0.8018442
vt 1.5162680 0.6721674
vt 1.5162680 0.8018442
vt 1.6255610 0.6721674
vt 1.5162680 0.5855204
vt 1.4069740 0.6721674
vt 1.4502980 0.8018442
vt 1.6903980 0.5855205
vt 1.5162680 0.5549706
vt 1.3421380 0.5855205
vt 1.7668920 0.5549706
vt 1.2656430 0.5549706
vt 9.5547180 0.0000000
vt 8.3797180 0.0000000
vt 9.5547180 0.1499999
vt 8.3797180 0.1499999
vt 9.5547180 0.3500001
vt 8.3797180 0.3500001
vt 9.5547180 0.5000000
vt 8.3797180 0.5000000
vt 10.6797200 0.4999999
vt 10.0047200 0.4999999
vt -1.7438820 0.3750000
vt -1.7171070 0.5000000
vt -0.5895748 0.3750000
vt -0.6163497 0.5000000
vt 1.5670250 0.9548060
vt 1.5162680 0.9548060
vt 1.4655100 0.9548060
vt 3.4865020 0.0000000
vt 1.4365020 0.0000000
vt 3.4865020 0.1500003
vt 1.4365020 0.1500003
vt 3.4865020 0.3500005
vt 1.4365020 0.3500005
vt 3.4865020 0.5000000
vt 1.4365020 0.5000000
vt 2.0342370 -0.0005610
vt 2.0661350 0.1500003
vt 2.0750350 -0.0005610
vt 2.0864880 0.1500003
vt 2.1083640 -0.0005610
vt 2.1096950 0.1500003
vt 2.1373150 -0.0005610
vt 2.1345660 0.1500003
vt 2.1637540 -0.0005610
vt 2.1603900 0.1500003
vt 2.1888300 -0.0005610
vt 2.1867340 0.1500003
vt 2.2133080 -0.0005610
vt 2.2133060 0.1500003
vt 2.2377860 -0.0005610
vt 2.2398820 0.1500003
vt 2.2628620 -0.0005610
vt 2.2662260 0.1500003
vt 2.2893010 -0.0005610
vt 2.2920500 0.1500003
vt 2.3182530 -0.0005610
vt 2.3169190 0.1500003
vt 2.3515810 -0.0005610
vt 2.3401260 0.1500003
vt 2.3923790 -0.0005610
vt 2.3604820 0.1500003
vt 1.9511700 0.1664801
vt 1.9511700 0.3335211
vt 1.9619780 0.1664801
vt 1.9619780 0.3306748
vt 1.9720500 0.1776695
vt 1.9720500 0.3223310
vt 1.9806990 0.1909425
vt 1.9806990 0.3090580
vt 1.9873350 0.2082396
vt 1.9873350 0.2917607
vt 1.9915070 0.2283832
vt 1.9915070 0.2716168
vt 1.9929300 0.2500001
vt -1.7438820 0.3500006
vt -1.7171070 0.5000000
vt -1.6919080 0.3500006
vt -1.6771970 0.5000000
vt -1.6400070 0.3500006
vt -1.6372830 0.5000000
vt -1.5880640 0.3500006
vt -1.5973420 0.5000000
vt -1.5361620 0.3500006
vt -1.5573970 0.5000000
vt 1.5358230 0.0000000
vt 1.3220240 0.0000000
vt 1.5358230 0.1500003
vt 1.7720240 -0.0005610
vt 1.3220240 0.1500003
vt 1.5358230 0.3500006
vt 1.7720240 0.1500003
vt 1.3220240 0.3500006
vt 1.7720240 0.3500006
vt -0.5895748 0.3500006
vt -0.6415491 0.3500006
vt -0.6163497 0.5000000
vt -0.6934505 0.3500006
vt -0.6562605 0.5000000
vt -0.7453928 0.3500006
vt -0.6961737 0.5000000
vt -0.7361155 0.5000000
vt -0.7972946 0.3500006
vt -0.7760596 0.5000000
vt 1.5670250 0.9548060
vt 1.5822380 0.8018442
vt 1.5162680 0.8018442
vt 1.5162680 0.9548060
vt 1.5162680 0.6721674
vt 1.6255610 0.6721674
vt 1.4502980 0.8018442
vt 1.4655100 0.9548060
vt 1.4069740 0.6721674
vt 1.5162680 0.5855204
vt 1.6903980 0.5855205
vt 1.3421380 0.5855205
vt 1.5162680 0.5549706
vt 1.7668920 0.5549706
vt 1.2656430 0.5549706
vt 1.9619780 0.1664801
vt 1.9511700 0.1664801
vt 1.9511700 0.3335211
vt 2.3604820 0.1500003
vt 2.3923790 -0.0005610
vt 2.3401260 0.1500003
vt 1.9619780 0.3306748
vt 2.0864880 0.1500003
vt 2.0750350 -0.0005610
vt 2.0661350 0.1500003
vt 2.0342370 -0.0005610
vt 1.9720500 0.3223310
vt 1.9720500 0.1776695
vt 2.3515810 -0.0005610
vt 2.3169190 0.1500003
vt 1.9806990 0.3090580
vt 1.9806990 0.1909425
vt 1.9873350 0.2917607
vt 1.9873350 0.2082396
vt 2.1096950 0.1500003
vt 2.1083640 -0.0005610
vt 1.9915070 0.2716168
vt 1.9915070 0.2283832
vt 1.9929300 0.2500001
vt 2.3182530 -0.0005610
vt 2.2920500 0.1500003
vt 2.1373150 -0.0005610
vt 2.1345660 0.1500003
vt 2.2893010 -0.0005610
vt 2.2662260 0.1500003
vt 2.1637540 -0.0005610
vt 2.1603900 0.1500003
vt 2.2628620 -0.0005610
vt 2.2398820 0.1500003
vt 2.1867340 0.1500003
vt 2.1888300 -0.0005610
vt 2.2377860 -0.0005610
vt 2.2133060 0.1500003
vt 2.2133080 -0.0005610
vn 0.0000000 1.0000000 0.0000000
vn 0.0000000 1.0000000 0.0000000
vn 0.0000000 1.0000000 0.0000000
vn 0.0000000 1.0000000 0.0000000
vn 0.0000000 1.0000000 0.0000000
vn 0.0000000 1.0000000 0.0000000
vn 0.0000000 1.0000000 0.0000000
vn 0.0000000 1.0000000 0.0000000
vn 0.0000000 1.0000000 0.0000000
vn 0.0000000 1.0000000 0.0000000
vn 0.0000000 1.0000000 0.0000000
vn 0.0000000 1.0000000 0.0000000
vn 0.0000000 1.0000000 0.0000000
vn 0.0000000 1.0000000 0.0000000
vn 0.0000000 1.0000000 0.0000000
vn 0.0000000 1.0000000 0.0000000
vn 0.0000000 1.0000000 0.0000000
vn 0.0000000 1.0000000 0.0000000
vn 0.0000000 1.0000000 0.0000000
vn 0.0000000 1.0000000 0.0000000
vn 0.0000000 1.0000000 0.0000000
vn 0.0000000 1.0000000 0.0000000
vn 0.0000000 1.0000000 0.0000000
vn 0.0000000 1.0000000 0.0000000
vn 0.0000000 1.0000000 0.0000000
vn 0.0000000 1.0000000 0.0000000
vn 0.0000000 1.0000000 0.0000000
vn 0.0000000 1.0000000 0.0000000
vn 0.0000000 1.0000000 0.0000000
vn 0.0000000 1.0000000 0.0000000
vn 0.0000000 1.0000000 0.0000000
vn 0.0000000 1.0000000 0.0000000
vn 0.0000000 1.0000000 0.0000000
vn 0.0000000 1.0000000 0.0000000
vn 0.0000000 1.0000000 0.0000000
vn 0.0000000 1.0000000 0.0000000
vn 0.0000000 1.0000000 0.0000000
vn 0.0000000 1.0000000 0.0000000
vn 0.0000000 1.0000000 0.0000000
vn 0.0000000 1.0000000 0.0000000
vn 0.0000000 1.0000000 0.0000000
vn 0.0000000 1.0000000 0.0000000
vn 0.0000000 1.0000000 0.0000000
vn 0.0000000 1.0000000 0.0000000
vn 0.0000000 1.0000000 0.0000000
vn 0.0000000 1.0000000 0.0000000
vn 0.0000000 1.0000000 0.0000000
vn 0.0000000 1.0000000 0.0000000
vn 0.0000000 1.0000000 0.0000000
vn 0.0000000 1.0000000 0.0000000
vn 0.0000000 1.0000000 0.0000000
vn 0.0000000 1.0000000 0.0000000
vn 0.0000000 1.0000000 0.0000000
vn 0.0000000 1.0000000 0.0000000
vn 0.0000000 1.0000000 0.0000000
vn 0.0000000 1.0000000 0.0000000
vn 0.0000000 1.0000000 0.0000000
vn 0.0000000 1.0000000 0.0000000
vn 0.0000000 1.0000000 0.0000000
vn 0.0000000 1.0000000 0.0000000
vn 0.0000000 1.0000000 0.0000000
vn 0.0000000 1.0000000 0.0000000
vn 0.0000000 1.0000000 0.0000000
vn 0.0000000 1.0000000 0.0000000
vn 0.0000000 1.0000000 0.0000000
vn 0.0000000 1.0000000 0.0000000
vn 0.0000000 1.0000000 0.0000000
vn 0.0000000 1.0000000 0.0000000
vn 0.0000000 1.0000000 0.0000000
vn 0.0000000 1.0000000 0.0000000
vn 0.0000000 1.0000000 0.0000000
vn 0.0000000 1.0000000 0.0000000
vn 0.0000000 1.0000000 0.0000000
vn 0.0000000 1.0000000 0.0000000
vn 0.0000000 1.0000000 0.0000000
vn 0.0000000 1.0000000 0.0000000
vn 0.0000000 1.0000000 0.0000000
vn 0.0000000 1.0000000 0.0000000
vn 0.0000000 1.0000000 0.0000000
vn 0.0000000 1.0000000 0.0000000
vn 0.0000000 1.0000000 0.0000000
vn 0.0000000 1.0000000 0.0000000
vn 0.0000000 1.0000000 0.0000000
vn 0.0000000 1.0000000 0.0000000
vn 0.0000000 1.0000000 0.0000000
vn 0.0000000 1.0000000 0.0000000
vn 0.0000000 1.0000000 0.0000000
vn 0.0000000 1.0000000 0.0000000
vn 0.0000000 1.0000000 0.0000000
vn 0.0000000 1.0000000 0.0000000
vn 0.0000000 1.0000000 0.0000000
vn 0.0000000 1.0000000 0.0000000
vn 0.0000000 1.0000000 0.0000000
vn 0.0000000 1.0000000 0.0000000
vn 0.0000000 1.0000000 0.0000000
vn 0.0000000 1.0000000 0.0000000
vn 0.0000000 1.0000000 0.0000000
vn 0.0000000 1.0000000 0.0000000
vn 0.0000000 1.0000000 0.0000000
vn 0.0000000 1.0000000 0.0000000
vn 0.0000000 1.0000000 0.0000000
vn 0.0000000 1.0000000 0.0000000
vn 0.0000000 1.0000000 0.0000000
vn 0.0000000 1.0000000 0.0000000
vn 0.0000000 1.0000000 0.0000000
vn 0.0000000 1.0000000 0.0000000
vn 0.0000000 1.0000000 0.0000000
vn 0.0000000 1.0000000 0.0000000
vn 0.0000000 1.0000000 0.0000000
vn 0.0000000 1.0000000 0.0000000
vn 0.0000000 1.0000000 0.0000000
vn 0.0000000 1.0000000 0.0000000
vn 0.0000000 1.0000000 0.0000000
vn 0.0000000 1.0000000 0.0000000
vn 0.0000000 1.0000000 0.0000000
vn 0.0000000 1.0000000 0.0000000
vn 0.0000000 1.0000000 0.0000000
vn 0.0000000 1.0000000 0.0000000
vn 0.0000000 1.0000000 0.0000000
vn 0.0000000 1.0000000 0.0000000
vn 0.0000000 1.0000000 0.0000000
vn 0.0000000 1.0000000 0.0000000
vn 0.0000000 1.0000000 0.0000000
vn 0.0000000 1.0000000 0.0000000
vn 0.0000000 1.0000000 0.0000000
vn 0.0000000 1.0000000 0.0000000
vn 0.0000000 1.0000000 0.0000000
vn 0.0000000 1.0000000 0.0000000
vn 0.0000000 1.0000000 0.0000000
vn 0.0000000 1.0000000 0.0000000
vn 0.0000000 1.0000000 0.0000000
vn 0.0000000 1.0000000 0.0000000
vn 0.0000000 1.0000000 0.0000000
vn 0.0000000 1.0000000 0.0000000
vn 0.0000000 1.0000000 0.0000000
vn 0.0000000 1.0000000 0.0000000
vn 0.0000000 1.0000000 0.0000000
vn 0.0000000 1.0000000 0.0000000
vn 0.0000000 1.0000000 0.0000000
vn 0.0000000 1.0000000 0.0000000
vn 0.0000000 1.0000000 0.0000000
vn 0.0000000 1.0000000 0.0000000
vn 0.0000000 1.0000000 0.0000000
vn 0.0000000 1.0000000 0.0000000
vn 0.0000000 1.0000000 0.0000000
vn 0.0000000 1.0000000 0.0000000
vn 0.0000000 1.0000000 0.0000000
vn 0.0000000 1.0000000 0.0000000
vn 0.0000000 1.0000000 0.0000000
vn 0.0000000 1.0000000 0.0000000
vn 0.0000000 1.0000000 0.0000000
vn 0.0000000 1.0000000 0.0000000
vn 0.0000000 1.0000000 0.0000000
vn 0.0000000 1.0000000 0.0000000
vn 0.0000000 1.0000000 0.0000000
vn 0.0000000 1.0000000 0.0000000
vn 0.0000000 1.0000000 0.0000000
vn 0.0000000 1.0000000 0.0000000
vn 0.0000000 1.0000000 0.0000000
vn 0.0000000 1.0000000 0.0000000
vn 0.0000000 1.0000000 0.0000000
vn 0.0000000 1.0000000 0.0000000
vn 0.0000000 1.0000000 0.0000000
vn 0.0000000 1.0000000 0.0000000
vn 0.0000000 1.0000000 0.0000000
vn 0.0000000 1.0000000 0.0000000
vn 0.0000000 1.0000000 0.0000000
vn 0.0000000 1.0000000 0.0000000
vn 0.0000000 1.0000000 0.0000000
vn 0.0000000 1.0000000 0.0000000
vn 0.0000000 1.0000000 0.0000000
vn 0.0000000 1.0000000 0.0000000
vn 0.0000000 1.0000000 0.0000000
vn 0.0000000 1.0000000 0.0000000
vn 0.0000000 1.0000000 0.0000000
vn 0.0000000 1.0000000 0.0000000
vn 0.0000000 1.0000000 0.0000000
vn 0.0000000 1.0000000 0.0000000
vn 0.0000000 1.0000000 0.0000000
vn 0.0000000 1.0000000 0.0000000
vn 0.0000000 1.0000000 0.0000000
vn 0.0000000 1.0000000 0.0000000
vn 0.0000000 1.0000000 0.0000000
vn 0.0000000 1.0000000 0.0000000
vn 0.0000000 1.0000000 0.0000000
vn 0.0000000 1.0000000 0.0000000
vn 0.0000000 1.0000000 0.0000000
vn 0.0000000 1.0000000 0.0000000
vn 0.0000000 1.0000000 0.0000000
vn 0.0000000 1.0000000 0.0000000
vn 0.0000000 1.0000000 0.0000000
vn 0.0000000 1.0000000 0.0000000
vn 0.0000000 1.0000000 0.0000000
vn 0.0000000 1.0000000 0.0000000
vn 0.0000000 1.0000000 0.0000000
vn 0.0000000 1.0000000 0.0000000
vn 0.0000000 1.0000000 0.0000000
vn 0.0000000 1.0000000 0.0000000
vn 0.0000000 1.0000000 0.0000000
vn 0.0000000 1.0000000 0.0000000
vn 0.0000000 1.0000000 0.0000000
vn 0.0000000 1.0000000 0.0000000
vn 0.0000000 1.0000000 0.0000000
vn 0.0000000 1.0000000 0.0000000
vn 0.0000000 1.0000000 0.0000000
vn 0.0000000 1.0000000 0.0000000
vn 0.0000000 1.0000000 0.0000000
vn 0.0000000 1.0000000 0.0000000
vn 0.0000000 1.0000000 0.0000000
vn 0.0000000 1.0000000 0.0000000
vn 0.0000000 1.0000000 0.0000000
vn 0.0000000 1.0000000 0.0000000
vn 0.0000000 1.0000000 0.0000000
vn 0.0000000 1.0000000 0.0000000
vn 0.0000000 1.0000000 0.0000000
vn 0.0000000 1.0000000 0.0000000
vn 0.0000000 1.0000000 0.0000000
vn 0.0000000 1.0000000 0.0000000
vn 0.0000000 1.0000000 0.0000000
vn 0.0000000 1.0000000 0.0000000
vn 0.0000000 1.0000000 0.0000000
vn 0.0000000 1.0000000 0.0000000
vn 0.0000000 1.0000000 0.0000000
vn 0.0000000 1.0000000 0.0000000
vn 0.0000000 1.0000000 0.0000000
vn 0.0000000 1.0000000 0.0000000
vn 0.0000000 1.0000000 0.0000000
vn 0.0000000 1.0000000 0.0000000
vn 0.0000000 1.0000000 0.0000000
vn 0.0000000 1.0000000 0.0000000
vn 0.0000000 1.0000000 0.0000000
vn 0.0000000 1.0000000 0.0000000
vn 0.0000000 1.0000000 0.0000000
vn 0.0000000 1.0000000 0.0000000
vn 0.0000000 1.0000000 0.0000000
vn 0.0000000 1.0000000 0.0000000
vn 0.0000000 1.0000000 0.0000000
vn 0.0000000 1.0000000 0.0000000
vn 0.0000000 1.0000000 0.0000000
vn 0.0000000 1.0000000 0.0000000
vn 0.0000000 1.0000000 0.0000000
vn 0.0000000 1.0000000 0.0000000
vn 0.0000000 1.0000000 0.0000000
vn 0.0000000 1.0000000 0.0000000
vn 0.0000000 1.0000000 0.0000000
vn 0.0000000 1.0000000 0.0000000
vn 0.0000000 1.0000000 0.0000000
vn 0.0000000 1.0000000 0.0000000
vn 0.0000000 1.0000000 0.0000000
vn 0.0000000 1.0000000 0.0000000
vn 0.0000000 1.0000000 0.0000000
vn 0.0000000 1.0000000 0.0000000
vn 0.0000000 1.0000000 0.0000000
vn 0.0000000 1.0000000 0.0000000
vn 0.0000000 1.0000000 0.0000000
vn 0.0000000 1.0000000 0.0000000
vn 0.0000000 1.0000000 0.0000000
vn 0.0000000 1.0000000 0.0000000
vn 0.0000000 1.0000000 0.0000000
vn 0.0000000 1.0000000 0.0000000
vn 0.0000000 1.0000000 0.0000000
vn 0.0000000 1.0000000 0.0000000
vn 0.0000000 1.0000000 0.0000000
vn 0.0000000 1.0000000 0.0000000
vn 0.0000000 1.0000000 0.0000000
vn 0.0000000 1.0000000 0.0000000
vn 0.0000000 1.0000000 0.0000000
vn 0.0000000 1.0000000 0.0000000
vn 0.0000000 1.0000000 0.0000000
vn 0.0000000 1.0000000 0.0000000
vn 0.0000000 1.0000000 0.0000000
vn 0.0000000 1.0000000 0.0000000
vn 0.0000000 1.0000000 0.0000000
vn 0.0000000 1.0000000 0.0000000
vn 0.0000000 1.0000000 0.0000000
vn 0.0000000 1.0000000 0.0000000
vn 0.0000000 1.0000000 0.0000000
vn 0.0000000 1.0000000 0.0000000
vn 0.0000000 1.0000000 0.0000000
vn 0.0000000 1.0000000 0.0000000
vn 0.0000000 1.0000000 0.0000000
vn 0.0000000 1.0000000 0.0000000
vn 0.0000000 1.0000000 0.0000000
vn 0.0000000 1.0000000 0.0000000
vn 0.0000000 1.0000000 0.0000000
vn 0.0000000 1.0000000 0.0000000
vn 0.0000000 1.0000000 0.0000000
vn 0.0000000 1.0000000 0.0000000
vn 0.0000000 1.0000000 0.0000000
vn 0.0000000 1.0000000 0.0000000
vn 0.0000000 1.0000000 0.0000000
vn 0.0000000 1.0000000 0.0000000
vn 0.0000000 1.0000000 0.0000000
vn 0.0000000 1.0000000 0.0000000
vn 0.0000000 1.0000000 0.0000000
vn 0.0000000 1.0000000 0.0000000
vn 0.0000000 1.0000000 0.0000000
vn 0.0000000 1.0000000 0.0000000
vn 0.0000000 1.0000000 0.0000000
vn 0.0000000 1.0000000 0.0000000
vn 0.0000000 1.0000000 0.0000000
vn 0.0000000 1.0000000 0.0000000
vn 0.0000000 1.0000000 0.0000000
vn 0.0000000 1.0000000 0.0000000
vn 0.0000000 1.0000000 0.0000000
vn 0.0000000 1.0000000 0.0000000
vn 0.0000000 1.0000000 0.0000000
vn 0.0000000 1.0000000 0.0000000
vn 0.0000000 1.0000000 0.0000000
vn 0.0000000 1.0000000 0.0000000
vn 0.0000000 1.0000000 0.0000000
vn 0.0000000 1.0000000 0.0000000
vn 0.0000000 1.0000000 0.0000000
vn 0.0000000 1.0000000 0.0000000
vn 0.0000000 1.0000000 0.0000000
vn 0.0000000 1.0000000 0.0000000
vn 0.0000000 1.0000000 0.0000000
vn 0.0000000 1.0000000 0.0000000
vn 0.0000000 1.0000000 0.0000000
vn 0.0000000 1.0000000 0.0000000
vn 0.0000000 1.0000000 0.0000000
vn 0.0000000 1.0000000 0.0000000
vn 0.0000000 1.0000000 0.0000000
vn 0.0000000 1.0000000 0.0000000
vn 0.0000000 1.0000000 0.0000000
vn 0.0000000 1.0000000 0.0000000
vn 0.0000000 1.0000000 0.0000000
vn 0.0000000 1.0000000 0.0000000
vn 0.0000000 1.0000000 0.0000000
vn 0.0000000 1.0000000 0.0000000
vn 0.0000000 1.0000000 0.0000000
vn 0.0000000 1.0000000 0.0000000
vn 0.0000000 1.0000000 0.0000000
vn 0.0000000 1.0000000 0.0000000
vn 0.0000000 1.0000000 0.0000000
vn 0.0000000 1.0000000 0.0000000
vn 0.0000000 1.0000000 0.0000000
vn 0.0000000 1.0000000 0.0000000
vn 0.0000000 1.0000000 0.0000000
vn 0.0000000 1.0000000 0.0000000
vn 0.0000000 1.0000000 0.0000000
vn 0.0000000 1.0000000 0.0000000
vn 0.0000000 1.0000000 0.0000000
vn 0.0000000 1.0000000 0.0000000
vn 0.0000000 1.0000000 0.0000000
vn 0.0000000 1.0000000 0.0000000
vn 0.0000000 1.0000000 0.0000000
vn 0.0000000 1.0000000 0.0000000
vn 0.0000000 1.0000000 0.0000000
vn 0.0000000 1.0000000 0.0000000
vn 0.0000000 1.0000000 0.0000000
vn 0.0000000 1.0000000 0.0000000
vn 0.0000000 1.0000000 0.0000000
vn 0.0000000 1.0000000 0.0000000
vn 0.0000000 1.0000000 0.0000000
vn 0.0000000 1.0000000 0.0000000
vn 0.0000000 1.0000000 0.0000000
vn 0.0000000 1.0000000 0.0000000
vn 0.0000000 1.0000000 0.0000000
vn 0.0000000 1.0000000 0.0000000
vn 0.0000000 1.0000000 0.0000000
vn 0.0000000 1.0000000 0.0000000
vn 0.0000000 1.0000000 0.0000000
vn 0.0000000 1.0000000 0.0000000
vn 0.0000000 1.0000000 0.0000000
vn 0.0000000 1.0000000 0.0000000
vn 0.0000000 1.0000000 0.0000000
vn 0.0000000 1.0000000 0.0000000
vn 0.0000000 1.0000000 0.0000000
vn 0.0000000 1.0000000 0.0000000
vn 0.0000000 1.0000000 0.0000000
vn 0.0000000 1.0000000 0.0000000
vn 0.0000000 1.0000000 0.0000000
vn 0.0000000 1.0000000 0.0000000
vn 0.0000000 1.0000000 0.0000000
vn 0.0000000 1.0000000 0.0000000
vn 0.0000000 1.0000000 0.0000000
vn 0.0000000 1.0000000 0.0000000
vn 0.0000000 1.0000000 0.0000000
vn 0.0000000 1.0000000 0.0000000
vn 0.0000000 1.0000000 0.0000000
vn 0.0000000 1.0000000 0.0000000
vn 0.0000000 1.0000000 0.0000000
vn 0.0000000 1.0000000 0.0000000
vn 0.0000000 1.0000000 0.0000000
vn 0.0000000 1.0000000 0.0000000
vn 0.0000000 1.0000000 0.0000000
vn 0.0000000 1.0000000 0.0000000
vn 0.0000000 1.0000000 0.0000000
vn 0.0000000 1.0000000 0.0000000
vn 0.0000000 1.0000000 0.0000000
vn 0.0000000 1.0000000 0.0000000
vn 0.0000000 1.0000000 0.0000000
vn 0.0000000 1.0000000 0.0000000
vn 0.0000000 1.0000000 0.0000000
vn 0.0000000 1.0000000 0.0000000
vn 0.0000000 1.0000000 0.0000000
vn 0.0000000 1.0000000 0.0000000
vn 0.0000000 1.0000000 0.0000000
vn 0.0000000 1.0000000 0.0000000
vn 0.0000000 1.0000000 0.0000000
vn 0.0000000 1.0000000 0.0000000
vn 0.0000000 1.0000000 0.0000000
vn 0.0000000 1.0000000 0.0000000
vn 0.0000000 1.0000000 0.0000000
vn 0.0000000 1.0000000 0.0000000
vn 0.0000000 1.0000000 0.0000000
vn 0.0000000 1.0000000 0.0000000
vn 0.0000000 1.0000000 0.0000000
vn 0.0000000 1.0000000 0.0000000
vn 0.0000000 1.0000000 0.0000000
vn 0.0000000 1.0000000 0.0000000
vn 0.0000000 1.0000000 0.0000000
vn 0.0000000 1.0000000 0.0000000
vn 0.0000000 1.0000000 0.0000000
vn 0.0000000 1.0000000 0.0000000
vn 0.0000000 1.0000000 0.0000000
vn 0.0000000 1.0000000 0.0000000
vn 0.0000000 1.0000000 0.0000000
vn 0.0000000 1.0000000 0.0000000
vn 0.0000000 1.0000000 0.0000000
vn 0.0000000 1.0000000 0.0000000
vn 0.0000000 1.0000000 0.0000000
vn 0.0000000 1.0000000 0.0000000
vn 0.0000000 1.0000000 0.0000000
vn 0.0000000 1.0000000 0.0000000
vn 0.0000000 1.0000000 0.0000000
vn 0.0000000 1.0000000 0.0000000
vn 0.0000000 1.0000000 0.0000000
vn 0.0000000 1.0000000 0.0000000
vn 0.0000000 1.0000000 0.0000000
vn 0.0000000 1.0000000 0.0000000
vn 0.0000000 1.0000000 0.0000000
vn 0.0000000 1.0000000 0.0000000
vn 0.0000000 1.0000000 0.0000000
vn 0.0000000 1.0000000 0.0000000
vn 0.0000000 1.0000000 0.0000000
vn 0.0000000 1.0000000 0.0000000
vn 0.0000000 1.0000000 0.0000000
vn 0.0000000 1.0000000 0.0000000
vn 0.0000000 1.0000000 0.0000000
vn 0.0000000 1.0000000 0.0000000
vn 0.0000000 1.0000000 0.0000000
vn 0.0000000 1.0000000 0.0000000
vn 0.0000000 1.0000000 0.0000000
vn 0.0000000 1.0000000 0.0000000
vn 0.0000000 1.0000000 0.0000000
vn 0.0000000 1.0000000 0.0000000
vn 0.0000000 1.0000000 0.0000000
vn 0.0000000 1.0000000 0.0000000
vn 0.0000000 1.0000000 0.0000000
vn 0.0000000 1.0000000 0.0000000
vn 0.0000000 1.0000000 0.0000000
vn 0.0000000 1.0000000 0.0000000
vn 0.0000000 1.0000000 0.0000000
vn 0.0000000 1.0000000 0.0000000
vn 0.0000000 1.0000000 0.0000000
vn 0.0000000 1.0000000 0.0000000
vn 0.0000000 1.0000000 0.0000000
vn 0.0000000 1.0000000 0.0000000
vn 0.0000000 1.0000000 0.0000000
vn 0.0000000 1.0000000 0.0000000
vn 0.0000000 1.0000000 0.0000000
vn 0.0000000 1.0000000 0.0000000
vn 0.0000000 1.0000000 0.0000000
vn 0.0000000 1.0000000 0.0000000
vn 0.0000000 1.0000000 0.0000000
vn 0.0000000 1.0000000 0.0000000
vn 0.0000000 1.0000000 0.0000000
vn 0.0000000 1.0000000 0.0000000
vn 0.0000000 1.0000000 0.0000000
vn 0.0000000 1.0000000 0.0000000
vn 0.0000000 1.0000000 0.0000000
vn 0.0000000 1.0000000 0.0000000
vn 0.0000000 1.0000000 0.0000000
vn 0.0000000 1.0000000 0.0000000
vn 0.0000000 1.0000000 0.0000000
vn 0.0000000 1.0000000 0.0000000
vn 0.0000000 1.0000000 0.0000000
vn 0.0000000 1.0000000 0.0000000
vn 0.0000000 1.0000000 0.0000000
vn 0.0000000 1.0000000 0.0000000
vn 0.0000000 1.0000000 0.0000000
vn 0.0000000 1.0000000 0.0000000
vn 0.0000000 1.0000000 0.0000000
vn 0.0000000 1.0000000 0.0000000
vn 0.0000000 1.0000000 0.0000000
vn 0.0000000 1.0000000 0.0000000
vn 0.0000000 1.0000000 0.0000000
vn 0.0000000 1.0000000 0.0000000
vn 0.0000000 1.0000000 0.0000000
vn 0.0000000 1.0000000 0.0000000
vn 0.0000000 1.0000000 0.0000000
vn 0.0000000 1.0000000 0.0000000
vn 0.0000000 1.0000000 0.0000000
vn 0.0000000 1.0000000 0.0000000
vn 0.0000000 1.0000000 0.0000000
vn 0.0000000 1.0000000 0.0000000
vn 0.0000000 1.0000000 0.0000000
vn 0.0000000 1.0000000 0.0000000
vn 0.0000000 1.0000000 0.0000000
vn 0.0000000 1.0000000 0.0000000
vn 0.0000000 1.0000000 0.0000000
vn 0.0000000 1.0000000 0.0000000
vn 0.0000000 1.0000000 0.0000000
vn 0.0000000 1.0000000 0.0000000
vn 0.0000000 1.0000000 0.0000000
vn 0.0000000 1.0000000 0.0000000
vn 0.0000000 1.0000000 0.0000000
vn 0.0000000 1.0000000 0.0000000
vn 0.0000000 1.0000000 0.0000000
vn 0.0000000 1.0000000 0.0000000
vn 0.0000000 1.0000000 0.0000000
vn 0.0000000 1.0000000 0.0000000
vn 0.0000000 1.0000000 0.0000000
vn 0.0000000 1.0000000 0.0000000
vn 0.0000000 1.0000000 0.0000000
vn 0.0000000 1.0000000 0.0000000
vn 0.0000000 1.0000000 0.0000000
vn 0.0000000 1.0000000 0.0000000
vn 0.0000000 1.0000000 0.0000000
vn 0.0000000 1.0000000 0.0000000
vn 0.0000000 1.0000000 0.0000000
vn 0.0000000 1.0000000 0.0000000
vn 0.0000000 1.0000000 0.0000000
vn 0.0000000 1.0000000 0.0000000
vn 0.0000000 1.0000000 0.0000000
vn 0.0000000 1.0000000 0.0000000
vn 0.0000000 1.0000000 0.0000000
vn 0.0000000 1.0000000 0.0000000
vn 0.0000000 1.0000000 0.0000000
vn 0.0000000 1.0000000 0.0000000
vn 0.0000000 1.0000000 0.0000000
vn 0.0000000 1.0000000 0.0000000
vn 0.0000000 1.0000000 0.0000000
vn 0.0000000 1.0000000 0.0000000
vn 0.0000000 1.0000000 0.0000000
vn 0.0000000 1.0000000 0.0000000
vn 0.0000000 1.0000000 0.0000000
vn 0.0000000 1.0000000 0.0000000
vn 0.0000000 1.0000000 0.0000000
vn 0.0000000 1.0000000 0.0000000
vn 0.0000000 1.0000000 0.0000000
vn 0.0000000 1.0000000 0.0000000
vn 0.0000000 1.0000000 0.0000000
vn 0.0000000 1.0000000 0.0000000
vn 0.0000000 1.0000000 0.0000000
vn 0.0000000 1.0000000 0.0000000
vn 0.0000000 1.0000000 0.0000000
vn 0.0000000 1.0000000 0.0000000
vn 0.0000000 1.0000000 0.0000000
vn 0.0000000 1.0000000 0.0000000
vn 0.0000000 1.0000000 0.0000000
vn 0.0000000 1.0000000 0.0000000
vn 0.0000000 1.0000000 0.0000000
vn 0.0000000 1.0000000 0.0000000
vn 0.0000000 1.0000000 0.0000000
vn 0.0000000 1.0000000 0.0000000
vn 0.0000000 1.0000000 0.0000000
vn 0.0000000 1.0000000 0.0000000
vn 0.0000000 1.0000000 0.0000000
vn 0.0000000 1.0000000 0.0000000
vn 0.0000000 1.0000000 0.0000000
vn 0.0000000 1.0000000 0.0000000
vn 0.0000000 1.0000000 0.0000000
vn 0.0000000 1.0000000 0.0000000
vn 0.0000000 1.0000000 0.0000000
vn 0.0000000 1.0000000 0.0000000
vn 0.0000000 1.0000000 0.0000000
vn 0.0000000 1.0000000 0.0000000
vn 0.0000000 1.0000000 0.0000000
vn 0.0000000 1.0000000 0.0000000
vn 0.0000000 1.0000000 0.0000000
vn 0.0000000 1.0000000 0.0000000
vn 0.0000000 1.0000000 0.0000000
vn 0.0000000 1.0000000 0.0000000
vn 0.0000000 1.0000000 0.0000000
vn 0.0000000 1.0000000 0.0000000
vn 0.0000000 1.0000000 0.0000000
vn 0.0000000 1.0000000 0.0000000
vn 0.0000000 1.0000000 0.0000000
vn 0.0000000 1.0000000 0.0000000
vn 0.0000000 1.0000000 0.0000000
vn 0.0000000 1.0000000 0.0000000
vn 0.0000000 1.0000000 0.0000000
vn 0.0000000 1.0000000 0.0000000
vn 0.0000000 1.0000000 0.0000000
vn 0.0000000 1.0000000 0.0000000
vn 0.0000000 1.0000000 0.0000000
vn 0.0000000 1.0000000 0.0000000
vn 0.0000000 1.0000000 0.0000000
vn 0.0000000 1.0000000 0.0000000
vn 0.0000000 1.0000000 0.0000000
vn 0.0000000 1.0000000 0.0000000
vn 0.0000000 1.0000000 0.0000000
vn 0.0000000 1.0000000 0.0000000
vn 0.0000000 1.0000000 0.0000000
vn 0.0000000 1.0000000 0.0000000
vn 0.0000000 1.0000000 0.0000000
vn 0.0000000 1.0000000 0.0000000
vn 0.0000000 1.0000000 0.0000000
vn 0.0000000 1.0000000 0.0000000
vn 0.0000000 1.0000000 0.0000000
vn 0.0000000 1.0000000 0.0000000
vn 0.0000000 1.0000000 0.0000000
vn 0.0000000 1.0000000 0.0000000
vn 0.0000000 1.0000000 0.0000000
vn 0.0000000 1.0000000 0.0000000
vn 0.0000000 1.0000000 0.0000000
vn 0.0000000 1.0000000 0.0000000
vn 0.0000000 1.0000000 0.0000000
vn 0.0000000 1.0000000 0.0000000
vn 0.0000000 1.0000000 0.0000000
vn 0.0000000 1.0000000 0.0000000
vn 0.0000000 1.0000000 0.0000000
vn 0.0000000 1.0000000 0.0000000
vn 0.0000000 1.0000000 0.0000000
vn 0.0000000 1.0000000 0.0000000
vn 0.0000000 1.0000000 0.0000000
vn 0.0000000 1.0000000 0.0000000
vn 0.0000000 1.0000000 0.0000000
vn 0.0000000 1.0000000 0.0000000
vn 0.0000000 1.0000000 0.0000000
vn 0.0000000 1.0000000 0.0000000
vn 0.0000000 1.0000000 0.0000000
vn 0.0000000 1.0000000 0.0000000
vn 0.0000000 1.0000000 0.0000000
vn 0.0000000 1.0000000 0.0000000
vn 0.0000000 1.0000000 0.0000000
vn 0.0000000 1.0000000 0.0000000
vn 0.0000000 1.0000000 0.0000000
vn 0.0000000 1.0000000 0.0000000
vn 0.0000000 1.0000000 0.0000000
vn 0.0000000 1.0000000 0.0000000
vn 0.0000000 1.0000000 0.0000000
vn 0.0000000 1.0000000 0.0000000
vn 0.0000000 1.0000000 0.0000000
vn 0.0000000 1.0000000 0.0000000
vn 0.0000000 1.0000000 0.0000000
vn 0.0000000 1.0000000 0.0000000
vn 0.0000000 1.0000000 0.0000000
vn 0.0000000 1.0000000 0.0000000
vn 0.0000000 1.0000000 0.0000000
vn 0.0000000 1.0000000 0.0000000
vn 0.0000000 1.0000000 0.0000000
vn 0.0000000 1.0000000 0.0000000
vn 0.0000000 1.0000000 0.0000000
vn 0.0000000 1.0000000 0.0000000
vn 0.0000000 1.0000000 0.0000000
vn 0.0000000 1.0000000 0.0000000
vn 0.0000000 1.0000000 0.0000000
vn 0.0000000 1.0000000 0.0000000
vn 0.0000000 1.0000000 0.0000000
vn 0.0000000 1.0000000 0.0000000
vn 0.0000000 1.0000000 0.0000000
vn 0.0000000 1.0000000 0.0000000
vn 0.0000000 1.0000000 0.0000000
vn 0.0000000 1.0000000 0.0000000
vn 0.0000000 1.0000000 0.0000000
vn 0.0000000 1.0000000 0.0000000
vn 0.0000000 1.0000000 0.0000000
vn 0.0000000 1.0000000 0.0000000
vn 0.0000000 1.0000000 0.0000000
vn 0.0000000 1.0000000 0.0000000
vn 0.0000000 1.0000000 0.0000000
vn 0.0000000 1.0000000 0.0000000
vn 0.0000000 1.0000000 0.0000000
vn 0.0000000 1.0000000 0.0000000
vn 0.0000000 1.0000000 0.0000000
vn 0.0000000 1.0000000 0.0000000
vn 0.0000000 1.0000000 0.0000000
vn 0.0000000 1.0000000 0.0000000
vn 0.0000000 1.0000000 0.0000000
vn 0.0000000 1.0000000 0.0000000
vn 0.0000000 1.0000000 0.0000000
vn 0.0000000 1.0000000 0.0000000
vn 0.0000000 1.0000000 0.0000000
vn 0.0000000 1.0000000 0.0000000
vn 0.0000000 1.0000000 0.0000000
vn 0.0000000 1.0000000 0.0000000
vn 0.0000000 1.0000000 0.0000000
vn 0.0000000 1.0000000 0.0000000
vn 0.0000000 1.0000000 0.0000000
vn 0.0000000 1.0000000 0.0000000
vn 0.0000000 1.0000000 0.0000000
vn 0.0000000 1.0000000 0.0000000
vn 0.0000000 1.0000000 0.0000000
vn 0.0000000 1.0000000 0.0000000
vn 0.0000000 1.0000000 0.0000000
vn 0.0000000 1.0000000 0.0000000
vn 0.0000000 1.0000000 0.0000000
vn 0.0000000 1.0000000 0.0000000
vn 0.0000000 1.0000000 0.0000000
vn 0.0000000 1.0000000 0.0000000
vn 0.0000000 1.0000000 0.0000000
vn 0.0000000 1.0000000 0.0000000
vn 0.0000000 1.0000000 0.0000000
vn 0.0000000 1.0000000 0.0000000
vn 0.0000000 1.0000000 0.0000000
vn 0.0000000 1.0000000 0.0000000
vn 0.0000000 1.0000000 0.0000000
vn 0.0000000 1.0000000 0.0000000
vn 0.0000000 1.0000000 0.0000000
vn 0.0000000 1.0000000 0.0000000
vn 0.0000000 1.0000000 0.0000000
vn 0.0000000 1.0000000 0.0000000
vn 0.0000000 1.0000000 0.0000000
vn 0.0000000 1.0000000 0.0000000
vn 0.0000000 1.0000000 0.0000000
vn 0.0000000 1.0000000 0.0000000
vn 0.0000000 1.0000000 0.0000000
vn 0.0000000 1.0000000 0.0000000
vn 0.0000000 1.0000000 0.0000000
vn 0.0000000 1.0000000 0.0000000
vn 0.0000000 1.0000000 0.0000000
vn 0.0000000 1.0000000 0.0000000
vn 0.0000000 1.0000000 0.0000000
vn 0.0000000 1.0000000 0.0000000
vn 0.0000000 1.0000000 0.0000000
vn 0.0000000 1.0000000 0.0000000
vn 0.0000000 1.0000000 0.0000000
vn 0.0000000 1.0000000 0.0000000
vn 0.0000000 1.0000000 0.0000000
vn 0.0000000 1.0000000 0.0000000
vn 0.0000000 1.0000000 0.0000000
vn 0.0000000 1.0000000 0.0000000
vn 0.0000000 1.0000000 0.0000000
vn 0.0000000 1.0000000 0.0000000
vn 0.0000000 1.0000000 0.0000000
vn 0.0000000 1.0000000 0.0000000
vn 0.0000000 1.0000000 0.0000000
vn 0.0000000 1.0000000 0.0000000
vn 0.0000000 1.0000000 0.0000000
vn 0.0000000 1.0000000 0.0000000
vn 0.0000000 1.0000000 0.0000000
vn 0.0000000 1.0000000 0.0000000
vn 0.0000000 1.0000000 0.0000000
vn 0.0000000 1.0000000 0.0000000
vn 0.0000000 1.0000000 0.0000000
vn 0.0000000 1.0000000 0.0000000
vn 0.0000000 1.0000000 0.0000000
vn 0.0000000 1.0000000 0.0000000
vn 0.0000000 1.0000000 0.0000000
vn 0.0000000 1.0000000 0.0000000
vn 0.0000000 1.0000000 0.0000000
vn 0.0000000 1.0000000 0.0000000
vn 0.0000000 1.0000000 0.0000000
vn 0.0000000 1.0000000 0.0000000
vn 0.0000000 1.0000000 0.0000000
vn 0.0000000 1.0000000 0.0000000
vn 0.0000000 1.0000000 0.0000000
vn 0.0000000 1.0000000 0.0000000
vn 0.0000000 1.0000000 0.0000000
vn 0.0000000 1.0000000 0.0000000
vn 0.0000000 1.0000000 0.0000000
vn 0.0000000 1.0000000 0.0000000
vn 0.0000000 1.0000000 0.0000000
vn 0.0000000 1.0000000 0.0000000
vn 0.0000000 1.0000000 0.0000000
vn 0.0000000 1.0000000 0.0000000
vn 0.0000000 1.0000000 0.0000000
vn 0.0000000 1.0000000 0.0000000
vn 0.0000000 1.0000000 0.0000000
vn 0.0000000 1.0000000 0.0000000
vn 0.0000000 1.0000000 0.0000000
vn 0.0000000 1.0000000 0.0000000
vn 0.0000000 1.0000000 0.0000000
vn 0.0000000 1.0000000 0.0000000
vn 0.0000000 1.0000000 0.0000000
vn 0.0000000 1.0000000 0.0000000
vn 0.0000000 1.0000000 0.0000000
vn 0.0000000 1.0000000 0.0000000
vn 0.0000000 1.0000000 0.0000000
vn 0.0000000 1.0000000 0.0000000
vn 0.0000000 1.0000000 0.0000000
vn 0.0000000 1.0000000 0.0000000
vn 0.0000000 1.0000000 0.0000000
vn 0.0000000 1.0000000 0.0000000
vn 0.0000000 1.0000000 0.0000000
vn 0.0000000 1.0000000 0.0000000
vn 0.0000000 1.0000000 0.0000000
vn 0.0000000 1.0000000 0.0000000
vn 0.0000000 1.0000000 0.0000000
vn 0.0000000 1.0000000 0.0000000
vn 0.0000000 1.0000000 0.0000000
vn 0.0000000 1.0000000 0.0000000
vn 0.0000000 1.0000000 0.0000000
vn 0.0000000 1.0000000 0.0000000
vn 0.0000000 1.0000000 0.0000000
vn 0.0000000 1.0000000 0.0000000
vn 0.0000000 1.0000000 0.0000000
vn 0.0000000 1.0000000 0.0000000
vn 0.0000000 1.0000000 0.0000000
vn 0.0000000 1.0000000 0.0000000
vn 0.0000000 1.0000000 0.0000000
vn 0.0000000 1.0000000 0.0000000
vn 0.0000000 1.0000000 0.0000000
vn 0.0000000 1.0000000 0.0000000
vn 0.0000000 1.0000000 0.0000000
vn 0.0000000 1.0000000 0.0000000
vn 0.0000000 1.0000000 0.0000000
vn 0.0000000 1.0000000 0.0000000
vn 0.0000000 1.0000000 0.0000000
vn 0.0000000 1.0000000 0.0000000
vn 0.0000000 1.0000000 0.0000000
vn 0.0000000 1.0000000 0.0000000
vn 0.0000000 1.0000000 0.0000000
vn 0.0000000 1.0000000 0.0000000
vn 0.0000000 1.0000000 0.0000000
vn 0.0000000 1.0000000 0.0000000
vn 0.0000000 1.0000000 0.0000000
vn 0.0000000 1.0000000 0.0000000
vn 0.0000000 1.0000000 0.0000000
vn 0.0000000 1.0000000 0.0000000
vn 0.0000000 1.0000000 0.0000000
vn 0.0000000 1.0000000 0.0000000
vn 0.0000000 1.0000000 0.0000000
vn 0.0000000 1.0000000 0.0000000
vn 0.0000000 1.0000000 0.0000000
vn 0.0000000 1.0000000 0.0000000
vn 0.0000000 1.0000000 0.0000000
vn 0.0000000 1.0000000 0.0000000
vn 0.0000000 1.0000000 0.0000000
vn 0.0000000 1.0000000 0.0000000
vn 0.0000000 1.0000000 0.0000000
vn 0.0000000 1.0000000 0.0000000
vn 0.0000000 1.0000000 0.0000000
vn 0.0000000 1.0000000 0.0000000
vn 0.0000000 1.0000000 0.0000000
vn 0.0000000 1.0000000 0.0000000
vn 0.0000000 1.0000000 0.0000000
vn 0.0000000 1.0000000 0.0000000
vn 0.0000000 1.0000000 0.0000000
vn 0.0000000 1.0000000 0.0000000
vn 0.0000000 1.0000000 0.0000000
vn 0.0000000 1.0000000 0.0000000
vn 0.0000000 1.0000000 0.0000000
vn 0.0000000 1.0000000 0.0000000
vn 0.0000000 1.0000000 0.0000000
vn 0.0000000 1.0000000 0.0000000
vn 0.0000000 1.0000000 0.0000000
vn 0.0000000 1.0000000 0.0000000
vn 0.0000000 1.0000000 0.0000000
vn 0.0000000 1.0000000 0.0000000
vn 0.0000000 1.0000000 0.0000000
vn 0.0000000 1.0000000 0.0000000
vn 0.0000000 1.0000000 0.0000000
vn 0.0000000 1.0000000 0.0000000
vn 0.0000000 1.0000000 0.0000000
vn 0.0000000 1.0000000 0.0000000
vn 0.0000000 1.0000000 0.0000000
vn 0.0000000 1.0000000 0.0000000
vn 0.0000000 1.0000000 0.0000000
vn 0.0000000 1.0000000 0.0000000
vn 0.0000000 1.0000000 0.0000000
vn 0.0000000 1.0000000 0.0000000
vn 0.0000000 1.0000000 0.0000000
vn 0.0000000 1.0000000 0.0000000
vn 0.0000000 1.0000000 0.0000000
vn 0.0000000 1.0000000 0.0000000
vn 0.0000000 1.0000000 0.0000000
vn 0.0000000 1.0000000 0.0000000
vn 0.0000000 1.0000000 0.0000000
vn 0.0000000 1.0000000 0.0000000
vn 0.0000000 1.0000000 0.0000000
vn 0.0000000 1.0000000 0.0000000
vn 0.0000000 1.0000000 0.0000000
vn 0.0000000 1.0000000 0.0000000
vn 0.0000000 1.0000000 0.0000000
vn 0.0000000 1.0000000 0.0000000
vn 0.0000000 1.0000000 0.0000000
vn 0.0000000 1.0000000 0.0000000
vn 0.0000000 1.0000000 0.0000000
vn 0.0000000 1.0000000 0.0000000
vn 0.0000000 1.0000000 0.0000000
vn 0.0000000 1.0000000 0.0000000
vn 0.0000000 1.0000000 0.0000000
vn 0.0000000 1.0000000 0.0000000
vn 0.0000000 1.0000000 0.0000000
vn 0.0000000 1.0000000 0.0000000
vn 0.0000000 1.0000000 0.0000000
vn 0.0000000 1.0000000 0.0000000
vn 0.0000000 1.0000000 0.0000000
vn 0.0000000 1.0000000 0.0000000
vn 0.0000000 1.0000000 0.0000000
vn 0.0000000 1.0000000 0.0000000
vn 0.0000000 1.0000000 0.0000000
vn 0.0000000 1.0000000 0.0000000
vn 0.0000000 1.0000000 0.0000000
vn 0.0000000 1.0000000 0.0000000
vn 0.0000000 1.0000000 0.0000000
vn 0.0000000 1.0000000 0.0000000
vn 0.0000000 1.0000000 0.0000000
vn 0.0000000 1.0000000 0.0000000
vn 0.0000000 1.0000000 0.0000000
vn 0.0000000 1.0000000 0.0000000
vn 0.0000000 1.0000000 0.0000000
vn 0.0000000 1.0000000 0.0000000
vn 0.0000000 1.0000000 0.0000000
vn 0.0000000 1.0000000 0.0000000
vn 0.0000000 1.0000000 0.0000000
vn 0.0000000 1.0000000 0.0000000
vn 0.0000000 1.0000000 0.0000000
vn 0.0000000 1.0000000 0.0000000
vn 0.0000000 1.0000000 0.0000000
vn 0.0000000 1.0000000 0.0000000
vn 0.0000000 1.0000000 0.0000000
vn 0.0000000 1.0000000 0.0000000
vn 0.0000000 1.0000000 0.0000000
vn 0.0000000 1.0000000 0.0000000
vn 0.0000000 1.0000000 0.0000000
vn 0.0000000 1.0000000 0.0000000
vn 0.0000000 1.0000000 0.0000000
vn 0.0000000 1.0000000 0.0000000
vn 0.0000000 1.0000000 0.0000000
vn 0.0000000 1.0000000 0.0000000
vn 0.0000000 1.0000000 0.0000000
vn 0.0000000 1.0000000 0.0000000
vn 0.0000000 1.0000000 0.0000000
vn 0.0000000 1.0000000 0.0000000
vn 0.0000000 1.0000000 0.0000000
vn 0.0000000 1.0000000 0.0000000
vn 0.0000000 1.0000000 0.0000000
vn 0.0000000 1.0000000 0.0000000
vn 0.0000000 1.0000000 0.0000000
vn 0.0000000 1.0000000 0.0000000
vn 0.0000000 1.0000000 0.0000000
vn 0.0000000 1.0000000 0.0000000
vn 0.0000000 1.0000000 0.0000000
vn 0.0000000 1.0000000 0.0000000
vn 0.0000000 1.0000000 0.0000000
vn 0.0000000 1.0000000 0.0000000
vn 0.0000000 1.0000000 0.0000000
vn 0.0000000 1.0000000 0.0000000
vn 0.0000000 1.0000000 0.0000000
vn 0.0000000 1.0000000 0.0000000
vn 0.0000000 1.0000000 0.0000000
vn 0.0000000 1.0000000 0.0000000
vn 0.0000000 1.0000000 0.0000000
vn 0.0000000 1.0000000 0.0000000
vn 0.0000000 1.0000000 0.0000000
vn 0.0000000 1.0000000 0.0000000
vn 0.0000000 1.0000000 0.0000000
vn 0.0000000 1.0000000 0.0000000
vn 0.0000000 1.0000000 0.0000000
vn 0.0000000 1.0000000 0.0000000
vn 0.0000000 1.0000000 0.0000000
vn 0.0000000 1.0000000 0.0000000
vn 0.0000000 1.0000000 0.0000000
vn 0.0000000 1.0000000 0.0000000
vn 0.0000000 1.0000000 0.0000000
vn 0.0000000 1.0000000 0.0000000
vn 0.0000000 1.0000000 0.0000000
vn 0.0000000 1.0000000 0.0000000
vn 0.0000000 1.0000000 0.0000000
vn 0.0000000 1.0000000 0.0000000
vn 0.0000000 1.0000000 0.0000000
vn 0.0000000 1.0000000 0.0000000
vn 0.0000000 1.0000000 0.0000000
vn 0.0000000 1.0000000 0.0000000
vn 0.0000000 1.0000000 0.0000000
vn 0.0000000 1.0000000 0.0000000
vn 0.0000000 1.0000000 0.0000000
vn 0.0000000 1.0000000 0.0000000
vn 0.0000000 1.0000000 0.0000000
vn 0.0000000 1.0000000 0.0000000
vn 0.0000000 1.0000000 0.0000000
vn 0.0000000 1.0000000 0.0000000
vn 0.0000000 1.0000000 0.0000000
vn 0.0000000 1.0000000 0.0000000
vn 0.0000000 1.0000000 0.0000000
vn 0.0000000 1.0000000 0.0000000
vn 0.0000000 1.0000000 0.0000000
vn 0.0000000 1.0000000 0.0000000
vn 0.0000000 1.0000000 0.0000000
vn 0.0000000 1.0000000 0.0000000
vn 0.0000000 1.0000000 0.0000000
vn 0.0000000 1.0000000 0.0000000
vn 0.0000000 1.0000000 0.0000000
vn 0.0000000 1.0000000 0.0000000
vn 0.0000000 1.0000000 0.0000000
vn 0.0000000 1.0000000 0.0000000
vn 0.0000000 1.0000000 0.0000000
vn 0.0000000 1.0000000 0.0000000
vn 0.0000000 1.0000000 0.0000000
vn 0.0000000 1.0000000 0.0000000
vn 0.0000000 1.0000000 0.0000000
vn 0.0000000 1.0000000 0.0000000
vn 0.0000000 1.0000000 0.0000000
vn 0.0000000 1.0000000 0.0000000
vn 0.0000000 1.0000000 0.0000000
vn 0.0000000 1.0000000 0.0000000
vn 0.0000000 1.0000000 0.0000000
vn 0.0000000 1.0000000 0.0000000
vn 0.0000000 1.0000000 0.0000000
vn 0.0000000 1.0000000 0.0000000
vn 0.0000000 1.0000000 0.0000000
vn 0.0000000 1.0000000 0.0000000
vn 0.0000000 1.0000000 0.0000000
vn 0.0000000 1.0000000 0.0000000
vn 0.0000000 1.0000000 0.0000000
vn 0.0000000 1.0000000 0.0000000
vn 0.0000000 1.0000000 0.0000000
vn 0.0000000 1.0000000 0.0000000
vn 0.0000000 1.0000000 0.0000000
vn 0.0000000 1.0000000 0.0000000
vn 0.0000000 1.0000000 0.0000000
vn 0.0000000 1.0000000 0.0000000
vn 0.0000000 1.0000000 0.0000000
vn 0.0000000 1.0000000 0.0000000
vn 0.0000000 1.0000000 0.0000000
vn 0.0000000 1.0000000 0.0000000
vn 0.0000000 1.0000000 0.0000000
vn 0.0000000 1.0000000 0.0000000
vn 0.0000000 1.0000000 0.0000000
vn 0.0000000 1.0000000 0.0000000
vn 0.0000000 1.0000000 0.0000000
vn 0.0000000 1.0000000 0.0000000
vn 0.0000000 1.0000000 0.0000000
vn 0.0000000 1.0000000 0.0000000
vn 0.0000000 1.0000000 0.0000000
vn 0.0000000 1.0000000 0.0000000
vn 0.0000000 1.0000000 0.0000000
vn 0.0000000 1.0000000 0.0000000
vn 0.0000000 1.0000000 0.0000000
vn 0.0000000 1.0000000 0.0000000
vn 0.0000000 1.0000000 0.0000000
vn 0.0000000 1.0000000 0.0000000
vn 0.0000000 1.0000000 0.0000000
vn 0.0000000 1.0000000 0.0000000
vn 0.0000000 1.0000000 0.0000000
vn 0.0000000 1.0000000 0.0000000
vn 0.0000000 1.0000000 0.0000000
vn 0.0000000 1.0000000 0.0000000
vn 0.0000000 1.0000000 0.0000000
vn 0.0000000 1.0000000 0.0000000
vn 0.0000000 1.0000000 0.0000000
vn 0.0000000 1.0000000 0.0000000
vn 0.0000000 1.0000000 0.0000000
vn 0.0000000 1.0000000 0.0000000
vn 0.0000000 1.0000000 0.0000000
vn 0.0000000 1.0000000 0.0000000
vn 0.0000000 1.0000000 0.0000000
vn 0.0000000 1.0000000 0.0000000
vn 0.0000000 1.0000000 0.0000000
vn 0.0000000 1.0000000 0.0000000
vn 0.0000000 1.0000000 0.0000000
vn 0.0000000 1.0000000 0.0000000
vn 0.0000000 1.0000000 0.0000000
vn 0.0000000 1.0000000 0.0000000
vn 0.0000000 1.0000000 0.0000000
vn 0.0000000 1.0000000 0.0000000
vn 0.0000000 1.0000000 0.0000000
vn 0.0000000 1.0000000 0.0000000
vn 0.0000000 1.0000000 0.0000000
vn 0.0000000 1.0000000 0.0000000
vn 0.0000000 1.0000000 0.0000000
vn 0.0000000 1.0000000 0.0000000
vn 0.0000000 1.0000000 0.0000000
vn 0.0000000 1.0000000 0.0000000
vn 0.0000000 1.0000000 0.0000000
vn 0.0000000 1.0000000 0.0000000
vn 0.0000000 1.0000000 0.0000000
vn 0.0000000 1.0000000 0.0000000
vn 0.0000000 1.0000000 0.0000000
f 1/1/1 2/2/2 3/3/3
f 2/2/2 4/4/4 3/3/3
f 3/3/3 4/4/4 5/5/5
f 4/4/4 6/6/6 5/5/5
f 5/5/5 6/6/6 7/7/7
f 6/6/6 8/8/8 7/7/7
f 9/9/9 10/10/10 11/11/11
f 10/10/10 12/12/12 11/11/11
f 11/11/11 12/12/12 13/13/13
f 12/12/12 14/14/14 13/13/13
f 13/13/13 14/14/14 15/15/15
f 14/14/14 16/16/16 15/15/15
f 15/15/15 16/16/16 17/17/17
f 16/16/16 18/18/18 17/17/17
f 17/17/17 18/18/18 19/19/19
f 18/18/18 20/20/20 19/19/19
f 19/19/19 20/20/20 21/21/21
f 20/20/20 22/22/22 21/21/21
f 21/21/21 22/22/22 23/23/23
f 22/22/22 24/24/24 23/23/23
f 23/23/23 24/24/24 25/25/25
f 24/24/24 26/26/26 25/25/25
f 25/25/25 26/26/26 27/27/27
f 26/26/26 28/28/28 27/27/27
f 27/27/27 28/28/28 29/29/29
f 28/28/28 30/30/30 29/29/29
f 29/29/29 30/30/30 31/31/31
f 30/30/30 32/32/32 31/31/31
f 31/31/31 32/32/32 33/33/33
f 32/32/32 34/34/34 33/33/33
f 35/35/35 36/36/36 37/37/37
f 36/36/36 38/38/38 37/37/37
f 37/37/37 38/38/38 39/39/39
f 38/38/38 40/40/40 41/41/41
f 38/38/38 41/41/41 42/42/42
f 38/38/38 42/42/42 39/39/39
f 39/39/39 42/42/42 43/43/43
f 40/40/40 44/44/44 41/41/41
f 40/40/40 45/45/45 44/44/44
f 42/42/42 46/46/46 43/43/43
f 44/44/44 45/45/45 47/47/47
f 45/45/45 48/48/48 47/47/47
f 47/47/47 48/48/48 49/49/49
f 48/48/48 50/50/50 49/49/49
f 49/49/49 50/50/50 51/51/51
f 50/50/50 52/52/52 51/51/51
f 51/51/51 52/52/52 53/53/53
f 54/54/54 55/55/55 56/56/56
f 55/55/55 57/57/57 56/56/56
f 56/56/56 57/57/57 58/58/58
f 57/57/57 59/59/59 58/58/58
f 58/58/58 59/59/59 60/60/60
f 59/59/59 61/61/61 60/60/60
f 60/60/60 61/61/61 62/62/62
f 61/61/61 63/63/63 62/62/62
f 62/62/62 63/63/63 64/64/64
f 63/63/63 65/65/65 64/64/64
f 64/64/64 65/65/65 66/66/66
f 65/65/65 67/67/67 66/66/66
f 66/66/66 67/67/67 68/68/68
f 67/67/67 69/69/69 68/68/68
f 68/68/68 69/69/69 70/70/70
f 69/69/69 71/71/71 70/70/70
f 70/70/70 71/71/71 72/72/72
f 71/71/71 73/73/73 72/72/72
f 72/72/72 73/73/73 74/74/74
f 73/73/73 75/75/75 74/74/74
f 74/74/74 75/75/75 76/76/76
f 75/75/75 77/77/77 76/76/76
f 76/76/76 77/77/77 78/78/78
f 77/77/77 79/79/79 78/78/78
f 80/80/80 81/81/81 82/82/82
f 81/81/81 83/83/83 82/82/82
f 82/82/82 83/83/83 84/84/84
f 83/83/83 85/85/85 84/84/84
f 83/83/83 86/86/86 85/85/85
f 83/83/83 87/87/87 86/86/86
f 84/84/84 85/85/85 88/88/88
f 85/85/85 89/89/89 88/88/88
f 86/86/86 87/87/87 90/90/90
f 87/87/87 91/91/91 90/90/90
f 90/90/90 91/91/91 92/92/92
f 91/91/91 93/93/93 92/92/92
f 92/92/92 93/93/93 94/94/94
f 93/93/93 95/95/95 94/94/94
f 94/94/94 95/95/95 96/96/96
f 95/95/95 97/97/97 96/96/96
f 96/96/96 97/97/97 98/98/98
f 99/99/99 100/100/100 101/101/101
f 100/100/100 102/102/102 103/103/103
f 100/100/100 103/103/103 101/101/101
f 101/101/101 103/103/103 104/104/104
f 102/102/102 105/105/105 103/103/103
f 102/102/102 106/106/106 105/105/105
f 103/103/103 105/105/105 107/107/107
f 103/103/103 107/107/107 104/104/104
f 104/104/104 107/107/107 108/108/108
f 105/105/105 109/109/109 107/107/107
f 105/105/105 106/106/106 109/109/109
f 106/106/106 110/110/110 109/109/109
f 107/107/107 111/111/111 108/108/108
f 107/107/107 109/109/109 111/111/111
f 108/108/108 111/111/111 112/112/112
f 109/109/109 113/113/113 111/111/111
f 109/109/109 110/110/110 113/113/113
f 111/111/111 114/114/114 112/112/112
f 111/111/111 113/113/113 114/114/114
f 112/112/112 114/114/114 115/115/115
f 116/116/116 117/117/117 118/118/118
f 116/116/116 118/118/118 119/119/119
f 117/117/117 120/120/120 121/121/121
f 117/117/117 121/121/121 118/118/118
f 118/118/118 121/121/121 122/122/122
f 118/118/118 122/122/122 119/119/119
f 119/119/119 122/122/122 123/123/123
f 120/120/120 124/124/124 121/121/121
f 121/121/121 124/124/124 125/125/125
f 121/121/121 125/125/125 126/126/126
f 121/121/121 126/126/126 122/122/122
f 122/122/122 126/126/126 127/127/127
f 122/122/122 127/127/127 123/123/123
f 123/123/123 127/127/127 128/128/128
f 125/125/125 129/129/129 126/126/126
f 126/126/126 129/129/129 130/130/130
f 126/126/126 130/130/130 127/127/127
f 127/127/127 130/130/130 131/131/131
f 127/127/127 131/131/131 128/128/128
f 128/128/128 131/131/131 132/132/132
f 133/133/133 134/134/134 135/135/135
f 134/134/134 136/136/136 135/135/135
f 135/135/135 136/136/136 137/137/137
f 136/136/136 138/138/138 137/137/137
f 137/137/137 138/138/138 139/139/139
f 138/138/138 140/140/140 139/139/139
f 141/141/141 142/142/142 143/143/143
f 142/142/142 144/144/144 143/143/143
f 142/142/142 145/145/145 144/144/144
f 143/143/143 144/144/144 146/146/146
f 144/144/144 145/145/145 147/147/147
f 144/144/144 148/148/148 146/146/146
f 144/144/144 147/147/147 148/148/148
f 145/145/145 149/149/149 147/147/147
f 146/146/146 148/148/148 150/150/150
f 147/147/147 149/149/149 151/151/151
f 147/147/147 151/151/151 148/148/148
f 148/148/148 151/151/151 152/152/152
f 148/148/148 152/152/152 150/150/150
f 149/149/149 153/153/153 151/151/151
f 150/150/150 152/152/152 154/154/154
f 151/151/151 153/153/153 155/155/155
f 151/151/151 155/155/155 152/152/152
f 152/152/152 155/155/155 156/156/156
f 152/152/152 156/156/156 154/154/154
f 154/154/154 156/156/156 157/157/157
f 158/158/158 159/159/159 160/160/160
f 158/158/158 161/161/161 159/159/159
f 159/159/159 162/162/162 160/160/160
f 159/159/159 163/163/163 162/162/162
f 159/159/159 161/161/161 163/163/163
f 160/160/160 162/162/162 164/164/164
f 161/161/161 165/165/165 163/163/163
f 162/162/162 166/166/166 164/164/164
f 162/162/162 167/167/167 166/166/166
f 162/162/162 163/163/163 167/167/167
f 163/163/163 168/168/168 167/167/167
f 163/163/163 169/169/169 168/168/168
f 163/163/163 165/165/165 169/169/169
f 164/164/164 166/166/166 170/170/170
f 166/166/166 171/171/171 170/170/170
f 166/166/166 172/172/172 171/171/171
f 166/166/166 167/167/167 172/172/172
f 167/167/167 173/173/173 172/172/172
f 167/167/167 168/168/168 173/173/173
f 170/170/170 171/171/171 174/174/174
f 175/175/175 176/176/176 177/177/177
f 176/176/176 178/178/178 177/177/177
f 177/177/177 178/178/178 179/179/179
f 178/178/178 180/180/180 179/179/179
f 179/179/179 180/180/180 181/181/181
f 180/180/180 182/182/182 181/181/181
f 181/181/181 182/182/182 183/183/183
f 182/182/182 184/184/184 183/183/183
f 183/183/183 184/184/184 185/185/185
f 184/184/184 186/186/186 185/185/185
f 185/185/185 186/186/186 187/187/187
f 186/186/186 188/188/188 187/187/187
f 187/187/187 188/188/188 189/189/189
f 188/188/188 190/190/190 189/189/189
f 189/189/189 190/190/190 191/191/191
f 190/190/190 192/192/192 191/191/191
f 191/191/191 192/192/192 193/193/193
f 192/192/192 194/194/194 193/193/193
f 193/193/193 194/194/194 195/195/195
f 194/194/194 196/196/196 195/195/195
f 195/195/195 196/196/196 197/197/197
f 196/196/196 198/198/198 197/197/197
f 197/197/197 198/198/198 199/199/199
f 198/198/198 200/200/200 199/199/199
f 201/201/201 202/202/202 203/203/203
f 202/202/202 204/204/204 203/203/203
f 203/203/203 204/204/204 205/205/205
f 204/204/204 206/206/206 205/205/205
f 205/205/205 206/206/206 207/207/207
f 206/206/206 208/208/208 207/207/207
f 207/207/207 208/208/208 209/209/209
f 208/208/208 210/210/210 209/209/209
f 209/209/209 210/210/210 211/211/211
f 210/210/210 212/212/212 211/211/211
f 211/211/211 212/212/212 213/213/213
f 214/214/214 215/215/215 216/216/216
f 215/215/215 217/217/217 216/216/216
f 216/216/216 217/217/217 218/218/218
f 217/217/217 219/219/219 218/218/218
f 218/218/218 219/219/219 220/220/220
f 219/219/219 221/221/221 220/220/220
f 222/222/222 223/223/223 224/224/224
f 223/223/223 225/225/225 224/224/224
f 224/224/224 225/225/225 226/226/226
f 225/225/225 227/227/227 226/226/226
f 226/226/226 227/227/227 228/228/228
f 227/227/227 229/229/229 228/228/228
f 228/228/228 229/229/229 230/230/230
f 229/229/229 231/231/231 230/230/230
f 232/232/232 233/233/233 234/234/234
f 232/232/232 235/235/235 233/233/233
f 233/233/233 236/236/236 237/237/237
f 233/233/233 237/237/237 234/234/234
f 233/233/233 238/238/238 236/236/236
f 233/233/233 235/235/235 238/238/238
f 236/236/236 239/239/239 237/237/237
f 236/236/236 238/238/238 240/240/240
f 241/241/241 242/242/242 243/243/243
f 242/242/242 244/244/244 243/243/243
f 242/242/242 245/245/245 244/244/244
f 244/244/244 245/245/245 246/246/246
f 245/245/245 247/247/247 246/246/246
f 246/246/246 247/247/247 248/248/248
f 247/247/247 249/249/249 248/248/248
f 248/248/248 249/249/249 250/250/250
f 251/251/251 252/252/252 253/253/253
f 251/251/251 253/253/253 254/254/254
f 252/252/252 255/255/255 256/256/256
f 252/252/252 256/256/256 253/253/253
f 253/253/253 257/257/257 254/254/254
f 253/253/253 256/256/256 258/258/258
f 253/253/253 258/258/258 257/257/257
f 255/255/255 259/259/259 260/260/260
f 255/255/255 260/260/260 256/256/256
f 256/256/256 261/261/261 258/258/258
f 256/256/256 260/260/260 261/261/261
f 259/259/259 262/262/262 263/263/263
f 259/259/259 263/263/263 260/260/260
f 260/260/260 263/263/263 264/264/264
f 260/260/260 264/264/264 261/261/261
f 263/263/263 265/265/265 264/264/264
f 266/266/266 267/267/267 268/268/268
f 267/267/267 269/269/269 268/268/268
f 268/268/268 269/269/269 270/270/270
f 269/269/269 271/271/271 270/270/270
f 270/270/270 271/271/271 272/272/272
f 271/271/271 273/273/273 272/272/272
f 272/272/272 273/273/273 274/274/274
f 273/273/273 275/275/275 274/274/274
f 274/274/274 275/275/275 276/276/276
f 275/275/275 277/277/277 276/276/276
f 276/276/276 277/277/277 278/278/278
f 277/277/277 279/279/279 278/278/278
f 278/278/278 279/279/279 280/280/280
f 279/279/279 281/281/281 280/280/280
f 280/280/280 281/281/281 282/282/282
f 281/281/281 283/283/283 282/282/282
f 282/282/282 283/283/283 284/284/284
f 283/283/283 285/285/285 284/284/284
f 284/284/284 285/285/285 286/286/286
f 285/285/285 287/287/287 286/286/286
f 286/286/286 287/287/287 288/288/288
f 287/287/287 289/289/289 288/288/288
f 288/288/288 289/289/289 290/290/290
f 289/289/289 291/291/291 290/290/290
f 292/292/292 293/293/293 294/294/294
f 293/293/293 295/295/295 294/294/294
f 294/294/294 295/295/295 296/296/296
f 295/295/295 297/297/297 296/296/296
f 296/296/296 297/297/297 298/298/298
f 297/297/297 299/299/299 298/298/298
f 298/298/298 299/299/299 300/300/300
f 299/299/299 301/301/301 300/300/300
f 300/300/300 301/301/301 302/302/302
f 301/301/301 303/303/303 302/302/302
f 302/302/302 303/303/303 304/304/304
f 305/305/305 306/306/306 307/307/307
f 306/306/306 308/308/308 307/307/307
f 307/307/307 308/308/308 309/309/309
f 308/308/308 310/310/310 309/309/309
f 309/309/309 310/310/310 311/311/311
f 310/310/310 312/312/312 311/311/311
f 313/313/313 314/314/314 315/315/315
f 314/314/314 316/316/316 315/315/315
f 315/315/315 316/316/316 317/317/317
f 316/316/316 318/318/318 317/317/317
f 319/319/319 320/320/320 321/321/321
f 320/320/320 322/322/322 321/321/321
f 320/320/320 323/323/323 322/322/322
f 322/322/322 323/323/323 324/324/324
f 325/325/325 326/326/326 327/327/327
f 325/325/325 327/327/327 328/328/328
f 326/326/326 329/329/329 330/330/330
f 326/326/326 330/330/330 327/327/327
f 327/327/327 331/331/331 332/332/332
f 327/327/327 332/332/332 328/328/328
f 327/327/327 330/330/330 331/331/331
f 330/330/330 333/333/333 331/331/331
f 334/334/334 335/335/335 336/336/336
f 335/335/335 337/337/337 336/336/336
f 336/336/336 337/337/337 338/338/338
f 337/337/337 339/339/339 338/338/338
f 338/338/338 339/339/339 340/340/340
f 339/339/339 341/341/341 340/340/340
f 340/340/340 341/341/341 342/342/342
f 341/341/341 343/343/343 342/342/342
f 342/342/342 343/343/343 344/344/344
f 343/343/343 345/345/345 344/344/344
f 344/344/344 345/345/345 346/346/346
f 345/345/345 347/347/347 346/346/346
f 346/346/346 347/347/347 348/348/348
f 347/347/347 349/349/349 348/348/348
f 348/348/348 349/349/349 350/350/350
f 349/349/349 351/351/351 350/350/350
f 350/350/350 351/351/351 352/352/352
f 351/351/351 353/353/353 352/352/352
f 352/352/352 353/353/353 354/354/354
f 353/353/353 355/355/355 354/354/354
f 354/354/354 355/355/355 356/356/356
f 355/355/355 357/357/357 356/356/356
f 356/356/356 357/357/357 358/358/358
f 357/357/357 359/359/359 358/358/358
f 360/360/360 361/361/361 362/362/362
f 361/361/361 363/363/363 362/362/362
f 362/362/362 363/363/363 364/364/364
f 363/363/363 365/365/365 364/364/364
f 364/364/364 365/365/365 366/366/366
f 365/365/365 367/367/367 366/366/366
f 366/366/366 367/367/367 368/368/368
f 367/367/367 369/369/369 368/368/368
f 368/368/368 369/369/369 370/370/370
f 369/369/369 371/371/371 370/370/370
f 370/370/370 371/371/371 372/372/372
f 373/373/373 374/374/374 375/375/375
f 374/374/374 376/376/376 375/375/375
f 375/375/375 376/376/376 377/377/377
f 376/376/376 378/378/378 377/377/377
f 377/377/377 378/378/378 379/379/379
f 378/378/378 380/380/380 379/379/379
f 379/379/379 380/380/380 381/381/381
f 380/380/380 382/382/382 381/381/381
f 381/381/381 382/382/382 383/383/383
f 382/382/382 384/384/384 383/383/383
f 383/383/383 384/384/384 385/385/385
f 384/384/384 386/386/386 385/385/385
f 385/385/385 386/386/386 387/387/387
f 386/386/386 388/388/388 387/387/387
f 387/387/387 388/388/388 389/389/389
f 388/388/388 390/390/390 389/389/389
f 389/389/389 390/390/390 391/391/391
f 390/390/390 392/392/392 391/391/391
f 391/391/391 392/392/392 393/393/393
f 392/392/392 394/394/394 393/393/393
f 393/393/393 394/394/394 395/395/395
f 394/394/394 396/396/396 395/395/395
f 395/395/395 396/396/396 397/397/397
f 396/396/396 398/398/398 397/397/397
f 399/399/399 400/400/400 401/401/401
f 400/400/400 402/402/402 401/401/401
f 401/401/401 402/402/402 403/403/403
f 402/402/402 404/404/404 403/403/403
f 403/403/403 404/404/404 405/405/405
f 404/404/404 406/406/406 405/405/405
f 405/405/405 406/406/406 407/407/407
f 406/406/406 408/408/408 407/407/407
f 407/407/407 408/408/408 409/409/409
f 408/408/408 410/410/410 409/409/409
f 409/409/409 410/410/410 411/411/411
f 412/412/412 413/413/413 414/414/414
f 413/413/413 415/415/415 414/414/414
f 414/414/414 415/415/415 416/416/416
f 415/415/415 417/417/417 416/416/416
f 416/416/416 417/417/417 418/418/418
f 417/417/417 419/419/419 418/418/418
f 418/418/418 419/419/419 420/420/420
f 419/419/419 421/421/421 420/420/420
f 422/422/422 423/423/423 424/424/424
f 422/422/422 425/425/425 423/423/423
f 423/423/423 426/426/426 424/424/424
f 423/423/423 427/427/427 426/426/426
f 423/423/423 425/425/425 428/428/428
f 423/423/423 428/428/428 427/427/427
f 426/426/426 427/427/427 429/429/429
f 427/427/427 428/428/428 430/430/430
f 431/431/431 432/432/432 433/433/433
f 432/432/432 434/434/434 433/433/433
f 432/432/432 435/435/435 434/434/434
f 434/434/434 435/435/435 436/436/436
f 435/435/435 437/437/437 436/436/436
f 436/436/436 437/437/437 438/438/438
f 437/437/437 439/439/439 438/438/438
f 438/438/438 439/439/439 440/440/440
f 441/441/441 442/442/442 443/443/443
f 441/441/441 443/443/443 444/444/444
f 442/442/442 445/445/445 446/446/446
f 442/442/442 446/446/446 443/443/443
f 443/443/443 447/447/447 444/444/444
f 443/443/443 448/448/448 447/447/447
f 443/443/443 446/446/446 448/448/448
f 445/445/445 449/449/449 450/450/450
f 445/445/445 450/450/450 446/446/446
f 446/446/446 451/451/451 448/448/448
f 446/446/446 450/450/450 451/451/451
f 449/449/449 452/452/452 453/453/453
f 449/449/449 453/453/453 450/450/450
f 450/450/450 453/453/453 454/454/454
f 450/450/450 454/454/454 451/451/451
f 453/453/453 455/455/455 454/454/454
f 456/456/456 457/457/457 458/458/458
f 457/457/457 459/459/459 458/458/458
f 458/458/458 459/459/459 460/460/460
f 459/459/459 461/461/461 460/460/460
f 460/460/460 461/461/461 462/462/462
f 461/461/461 463/463/463 462/462/462
f 462/462/462 463/463/463 464/464/464
f 463/463/463 465/465/465 464/464/464
f 464/464/464 465/465/465 466/466/466
f 465/465/465 467/467/467 466/466/466
f 466/466/466 467/467/467 468/468/468
f 467/467/467 469/469/469 468/468/468
f 468/468/468 469/469/469 470/470/470
f 469/469/469 471/471/471 470/470/470
f 470/470/470 471/471/471 472/472/472
f 471/471/471 473/473/473 472/472/472
f 472/472/472 473/473/473 474/474/474
f 473/473/473 475/475/475 474/474/474
f 474/474/474 475/475/475 476/476/476
f 475/475/475 477/477/477 476/476/476
f 476/476/476 477/477/477 478/478/478
f 477/477/477 479/479/479 478/478/478
f 478/478/478 479/479/479 480/480/480
f 479/479/479 481/481/481 480/480/480
f 482/482/482 483/483/483 484/484/484
f 483/483/483 485/485/485 484/484/484
f 484/484/484 485/485/485 486/486/486
f 485/485/485 487/487/487 486/486/486
f 486/486/486 487/487/487 488/488/488
f 487/487/487 489/489/489 488/488/488
f 488/488/488 489/489/489 490/490/490
f 489/489/489 491/491/491 490/490/490
f 490/490/490 491/491/491 492/492/492
f 491/491/491 493/493/493 492/492/492
f 492/492/492 493/493/493 494/494/494
f 495/495/495 496/496/496 497/497/497
f 496/496/496 498/498/498 497/497/497
f 497/497/497 498/498/498 499/499/499
f 498/498/498 500/500/500 499/499/499
f 499/499/499 500/500/500 501/501/501
f 500/500/500 502/502/502 501/501/501
f 503/503/503 504/504/504 505/505/505
f 504/504/504 506/506/506 505/505/505
f 505/505/505 506/506/506 507/507/507
f 506/506/506 508/508/508 507/507/507
f 507/507/507 508/508/508 509/509/509
f 508/508/508 510/510/510 509/509/509
f 511/511/511 512/512/512 513/513/513
f 512/512/512 514/514/514 515/515/515
f 512/512/512 515/515/515 513/513/513
f 513/513/513 515/515/515 516/516/516
f 514/514/514 517/517/517 515/515/515
f 514/514/514 518/518/518 517/517/517
f 515/515/515 519/519/519 516/516/516
f 515/515/515 517/517/517 519/519/519
f 516/516/516 519/519/519 520/520/520
f 517/517/517 518/518/518 521/521/521
f 517/517/517 521/521/521 519/519/519
f 518/518/518 522/522/522 521/521/521
f 519/519/519 521/521/521 523/523/523
f 519/519/519 523/523/523 520/520/520
f 520/520/520 523/523/523 524/524/524
f 521/521/521 522/522/522 525/525/525
f 521/521/521 525/525/525 523/523/523
f 523/523/523 525/525/525 526/526/526
f 523/523/523 526/526/526 524/524/524
f 524/524/524 526/526/526 527/527/527
f 528/528/528 529/529/529 530/530/530
f 528/528/528 531/531/531 529/529/529
f 529/529/529 532/532/532 530/530/530
f 529/529/529 533/533/533 532/532/532
f 529/529/529 531/531/531 533/533/533
f 530/530/530 532/532/532 534/534/534
f 531/531/531 535/535/535 533/533/533
f 532/532/532 536/536/536 534/534/534
f 532/532/532 537/537/537 536/536/536
f 532/532/532 533/533/533 537/537/537
f 533/533/533 538/538/538 537/537/537
f 533/533/533 535/535/535 539/539/539
f 533/533/533 539/539/539 538/538/538
f 534/534/534 536/536/536 540/540/540
f 536/536/536 541/541/541 540/540/540
f 536/536/536 542/542/542 541/541/541
f 536/536/536 537/537/537 542/542/542
f 537/537/537 543/543/543 542/542/542
f 537/537/537 538/538/538 543/543/543
f 540/540/540 541/541/541 544/544/544
f 545/545/545 546/546/546 547/547/547
f 546/546/546 548/548/548 547/547/547
f 547/547/547 548/548/548 549/549/549
f 548/548/548 550/550/550 549/549/549
f 549/549/549 550/550/550 551/551/551
f 550/550/550 552/552/552 551/551/551
f 551/551/551 552/552/552 553/553/553
f 552/552/552 554/554/554 553/553/553
f 555/555/555 556/556/556 557/557/557
f 555/555/555 558/558/558 556/556/556
f 556/556/556 559/559/559 560/560/560
f 556/556/556 561/561/561 559/559/559
f 556/556/556 560/560/560 557/557/557
f 556/556/556 558/558/558 561/561/561
f 559/559/559 562/562/562 560/560/560
f 559/559/559 561/561/561 563/563/563
f 564/564/564 565/565/565 566/566/566
f 565/565/565 567/567/567 566/566/566
f 565/565/565 568/568/568 567/567/567
f 567/567/567 568/568/568 569/569/569
f 568/568/568 570/570/570 569/569/569
f 569/569/569 570/570/570 571/571/571
f 570/570/570 572/572/572 571/571/571
f 571/571/571 572/572/572 573/573/573
f 574/574/574 575/575/575 576/576/576
f 574/574/574 577/577/577 575/575/575
f 575/575/575 578/578/578 579/579/579
f 575/575/575 579/579/579 576/576/576
f 575/575/575 577/577/577 580/580/580
f 575/575/575 580/580/580 578/578/578
f 577/577/577 581/581/581 580/580/580
f 578/578/578 580/580/580 582/582/582
f 580/580/580 581/581/581 583/583/583
f 580/580/580 583/583/583 582/582/582
f 581/581/581 584/584/584 583/583/583
f 582/582/582 583/583/583 585/585/585
f 583/583/583 584/584/584 586/586/586
f 583/583/583 586/586/586 585/585/585
f 584/584/584 587/587/587 586/586/586
f 585/585/585 586/586/586 588/588/588
f 589/589/589 590/590/590 591/591/591
f 590/590/590 592/592/592 591/591/591
f 591/591/591 592/592/592 593/593/593
f 592/592/592 594/594/594 593/593/593
f 593/593/593 594/594/594 595/595/595
f 594/594/594 596/596/596 595/595/595
f 597/597/597 598/598/598 599/599/599
f 598/598/598 600/600/600 601/601/601
f 598/598/598 601/601/601 599/599/599
f 599/599/599 601/601/601 602/602/602
f 600/600/600 603/603/603 604/604/604
f 600/600/600 604/604/604 601/601/601
f 601/601/601 604/604/604 605/605/605
f 601/601/601 605/605/605 602/602/602
f 602/602/602 605/605/605 606/606/606
f 603/603/603 607/607/607 608/608/608
f 603/603/603 608/608/608 604/604/604
f 604/604/604 608/608/608 605/605/605
f 605/605/605 608/608/608 609/609/609
f 605/605/605 609/609/609 606/606/606
f 606/606/606 609/609/609 610/610/610
f 607/607/607 611/611/611 608/608/608
f 608/608/608 611/611/611 609/609/609
f 609/609/609 611/611/611 612/612/612
f 609/609/609 612/612/612 610/610/610
f 610/610/610 612/612/612 613/613/613
f 614/614/614 615/615/615 616/616/616
f 614/614/614 616/616/616 617/617/617
f 615/615/615 618/618/618 616/616/616
f 615/615/615 619/619/619 618/618/618
f 616/616/616 620/620/620 617/617/617
f 616/616/616 618/618/618 620/620/620
f 617/617/617 620/620/620 621/621/621
f 618/618/618 622/622/622 620/620/620
f 618/618/618 619/619/619 623/623/623
f 618/618/618 624/624/624 622/622/622
f 618/618/618 623/623/623 624/624/624
f 620/620/620 625/625/625 621/621/621
f 620/620/620 622/622/622 625/625/625
f 621/621/621 625/625/625 626/626/626
f 622/622/622 627/627/627 625/625/625
f 622/622/622 624/624/624 628/628/628
f 622/622/622 628/628/628 627/627/627
f 625/625/625 629/629/629 626/626/626
f 625/625/625 627/627/627 629/629/629
f 626/626/626 629/629/629 630/630/630
f 631/631/631 632/632/632 633/633/633
f 632/632/632 634/634/634 633/633/633
f 633/633/633 634/634/634 635/635/635
f 634/634/634 636/636/636 635/635/635
f 635/635/635 636/636/636 637/637/637
f 636/636/636 638/638/638 637/637/637
f 639/639/639 640/640/640 641/641/641
f 640/640/640 642/642/642 641/641/641
f 641/641/641 642/642/642 643/643/643
f 642/642/642 644/644/644 643/643/643
f 645/645/645 646/646/646 647/647/647
f 646/646/646 648/648/648 647/647/647
f 647/647/647 648/648/648 649/649/649
f 648/648/648 650/650/650 649/649/649
f 649/649/649 650/650/650 651/651/651
f 650/650/650 652/652/652 651/651/651
f 651/651/651 652/652/652 653/653/653
f 652/652/652 654/654/654 653/653/653
f 653/653/653 654/654/654 655/655/655
f 654/654/654 656/656/656 655/655/655
f 655/655/655 656/656/656 657/657/657
f 656/656/656 658/658/658 657/657/657
f 657/657/657 658/658/658 659/659/659
f 658/658/658 660/660/660 659/659/659
f 659/659/659 660/660/660 661/661/661
f 660/660/660 662/662/662 661/661/661
f 661/661/661 662/662/662 663/663/663
f 662/662/662 664/664/664 663/663/663
f 663/663/663 664/664/664 665/665/665
f 664/664/664 666/666/666 665/665/665
f 665/665/665 666/666/666 667/667/667
f 666/666/666 668/668/668 667/667/667
f 667/667/667 668/668/668 669/669/669
f 668/668/668 670/670/670 669/669/669
f 671/671/671 672/672/672 673/673/673
f 672/672/672 674/674/674 673/673/673
f 673/673/673 674/674/674 675/675/675
f 674/674/674 676/676/676 675/675/675
f 675/675/675 676/676/676 677/677/677
f 676/676/676 678/678/678 677/677/677
f 677/677/677 678/678/678 679/679/679
f 678/678/678 680/680/680 679/679/679
f 679/679/679 680/680/680 681/681/681
f 680/680/680 682/682/682 681/681/681
f 681/681/681 682/682/682 683/683/683
f 317/317/317 318/318/318 684/684/684
f 318/318/318 685/685/685 684/684/684
f 684/684/684 685/685/685 686/686/686
f 685/685/685 687/687/687 686/686/686
f 688/688/688 689/689/689 690/690/690
f 688/688/688 691/691/691 689/689/689
f 689/689/689 692/692/692 693/693/693
f 689/689/689 694/694/694 692/692/692
f 689/689/689 693/693/693 690/690/690
f 689/689/689 691/691/691 694/694/694
f 692/692/692 695/695/695 693/693/693
f 692/692/692 694/694/694 696/696/696
f 323/323/323 697/697/697 324/324/324
f 697/697/697 698/698/698 324/324/324
f 697/697/697 699/699/699 698/698/698
f 698/698/698 699/699/699 700/700/700
f 329/329/329 701/701/701 702/702/702
f 329/329/329 702/702/702 330/330/330
f 701/701/701 703/703/703 704/704/704
f 701/701/701 704/704/704 702/702/702
f 702/702/702 333/333/333 330/330/330
f 702/702/702 705/705/705 333/333/333
f 702/702/702 704/704/704 705/705/705
f 704/704/704 706/706/706 705/705/705
f 707/707/707 708/708/708 709/709/709
f 708/708/708 710/710/710 711/711/711
f 708/708/708 711/711/711 709/709/709
f 709/709/709 711/711/711 712/712/712
f 710/710/710 713/713/713 714/714/714
f 710/710/710 714/714/714 711/711/711
f 711/711/711 714/714/714 715/715/715
f 711/711/711 715/715/715 712/712/712
f 712/712/712 715/715/715 716/716/716
f 713/713/713 717/717/717 718/718/718
f 713/713/713 718/718/718 714/714/714
f 714/714/714 718/718/718 715/715/715
f 715/715/715 718/718/718 719/719/719
f 715/715/715 719/719/719 716/716/716
f 716/716/716 719/719/719 720/720/720
f 717/717/717 721/721/721 718/718/718
f 718/718/718 721/721/721 719/719/719
f 719/719/719 721/721/721 722/722/722
f 719/719/719 722/722/722 720/720/720
f 720/720/720 722/722/722 723/723/723
f 724/724/724 725/725/725 726/726/726
f 724/724/724 727/727/727 725/725/725
f 725/725/725 728/728/728 726/726/726
f 725/725/725 729/729/729 728/728/728
f 725/725/725 727/727/727 729/729/729
f 726/726/726 728/728/728 730/730/730
f 727/727/727 731/731/731 729/729/729
f 728/728/728 732/732/732 730/730/730
f 728/728/728 733/733/733 732/732/732
f 728/728/728 729/729/729 733/733/733
f 729/729/729 734/734/734 733/733/733
f 729/729/729 731/731/731 735/735/735
f 729/729/729 735/735/735 734/734/734
f 730/730/730 732/732/732 736/736/736
f 732/732/732 737/737/737 736/736/736
f 732/732/732 738/738/738 737/737/737
f 732/732/732 733/733/733 738/738/738
f 733/733/733 739/739/739 738/738/738
f 733/733/733 734/734/734 739/739/739
f 736/736/736 737/737/737 740/740/740
f 741/741/741 742/742/742 743/743/743
f 742/742/742 744/744/744 743/743/743
f 743/743/743 744/744/744 745/745/745
f 744/744/744 746/746/746 745/745/745
f 745/745/745 746/746/746 747/747/747
f 746/746/746 748/748/748 747/747/747
f 749/749/749 750/750/750 751/751/751
f 750/750/750 752/752/752 751/751/751
f 751/751/751 752/752/752 753/753/753
f 752/752/752 754/754/754 753/753/753
f 753/753/753 754/754/754 755/755/755
f 754/754/754 756/756/756 755/755/755
f 757/757/757 758/758/758 759/759/759
f 758/758/758 760/760/760 759/759/759
f 759/759/759 760/760/760 761/761/761
f 760/760/760 762/762/762 761/761/761
f 761/761/761 762/762/762 763/763/763
f 762/762/762 764/764/764 763/763/763
f 763/763/763 764/764/764 765/765/765
f 764/764/764 766/766/766 765/765/765
f 767/767/767 768/768/768 769/769/769
f 767/767/767 770/770/770 768/768/768
f 768/768/768 771/771/771 769/769/769
f 768/768/768 772/772/772 771/771/771
f 768/768/768 770/770/770 773/773/773
f 768/768/768 773/773/773 772/772/772
f 771/771/771 772/772/772 774/774/774
f 772/772/772 773/773/773 775/775/775
f 776/776/776 777/777/777 778/778/778
f 777/777/777 779/779/779 780/780/780
f 777/777/777 780/780/780 778/778/778
f 779/779/779 781/781/781 782/782/782
f 779/779/779 782/782/782 780/780/780
f 781/781/781 783/783/783 782/782/782
f 781/781/781 784/784/784 783/783/783
f 783/783/783 784/784/784 785/785/785
f 786/786/786 787/787/787 788/788/788
f 786/786/786 788/788/788 789/789/789
f 787/787/787 790/790/790 791/791/791
f 787/787/787 791/791/791 788/788/788
f 788/788/788 791/791/791 792/792/792
f 788/788/788 793/793/793 789/789/789
f 788/788/788 792/792/792 793/793/793
f 790/790/790 794/794/794 795/795/795
f 790/790/790 795/795/795 791/791/791
f 791/791/791 795/795/795 796/796/796
f 791/791/791 796/796/796 792/792/792
f 794/794/794 797/797/797 798/798/798
f 794/794/794 798/798/798 795/795/795
f 795/795/795 798/798/798 799/799/799
f 795/795/795 799/799/799 796/796/796
f 798/798/798 800/800/800 799/799/799
f 801/801/801 802/802/802 803/803/803
f 802/802/802 804/804/804 803/803/803
f 803/803/803 804/804/804 805/805/805
f 804/804/804 806/806/806 805/805/805
f 805/805/805 806/806/806 807/807/807
f 806/806/806 808/808/808 807/807/807
f 807/807/807 808/808/808 809/809/809
f 808/808/808 810/810/810 809/809/809
f 809/809/809 810/810/810 811/811/811
f 810/810/810 812/812/812 811/811/811
f 811/811/811 812/812/812 813/813/813
f 812/812/812 814/814/814 813/813/813
f 813/813/813 814/814/814 815/815/815
f 814/814/814 816/816/816 815/815/815
f 815/815/815 816/816/816 817/817/817
f 816/816/816 818/818/818 817/817/817
f 817/817/817 818/818/818 819/819/819
f 818/818/818 820/820/820 819/819/819
f 819/819/819 820/820/820 821/821/821
f 820/820/820 822/822/822 821/821/821
f 821/821/821 822/822/822 823/823/823
f 822/822/822 824/824/824 823/823/823
f 823/823/823 824/824/824 825/825/825
f 824/824/824 826/826/826 825/825/825
f 827/827/827 828/828/828 829/829/829
f 828/828/828 830/830/830 829/829/829
f 829/829/829 830/830/830 831/831/831
f 830/830/830 832/832/832 831/831/831
f 831/831/831 832/832/832 833/833/833
f 832/832/832 834/834/834 833/833/833
f 833/833/833 834/834/834 835/835/835
f 834/834/834 836/836/836 835/835/835
f 835/835/835 836/836/836 837/837/837
f 836/836/836 838/838/838 837/837/837
f 837/837/837 838/838/838 839/839/839
f 840/840/840 841/841/841 842/842/842
f 841/841/841 843/843/843 842/842/842
f 842/842/842 843/843/843 844/844/844
f 843/843/843 845/845/845 844/844/844
f 844/844/844 845/845/845 846/846/846
f 845/845/845 847/847/847 846/846/846
f 848/848/848 849/849/849 850/850/850
f 849/849/849 851/851/851 850/850/850
f 849/849/849 852/852/852 851/851/851
f 850/850/850 851/851/851 853/853/853
f 851/851/851 854/854/854 853/853/853
f 851/851/851 855/855/855 854/854/854
f 851/851/851 852/852/852 855/855/855
f 852/852/852 856/856/856 855/855/855
f 853/853/853 854/854/854 857/857/857
f 854/854/854 858/858/858 857/857/857
f 854/854/854 855/855/855 859/859/859
f 854/854/854 859/859/859 858/858/858
f 855/855/855 856/856/856 859/859/859
f 856/856/856 860/860/860 859/859/859
f 857/857/857 858/858/858 861/861/861
f 858/858/858 862/862/862 861/861/861
f 858/858/858 859/859/859 863/863/863
f 858/858/858 863/863/863 862/862/862
f 859/859/859 860/860/860 863/863/863
f 861/861/861 862/862/862 864/864/864
f 865/865/865 866/866/866 867/867/867
f 865/865/865 868/868/868 866/866/866
f 866/866/866 869/869/869 870/870/870
f 866/866/866 868/868/868 869/869/869
f 866/866/866 870/870/870 867/867/867
f 867/867/867 870/870/870 871/871/871
f 868/868/868 872/872/872 869/869/869
f 869/869/869 873/873/873 874/874/874
f 869/869/869 875/875/875 873/873/873
f 869/869/869 872/872/872 875/875/875
f 869/869/869 874/874/874 870/870/870
f 870/870/870 874/874/874 876/876/876
f 870/870/870 876/876/876 871/871/871
f 871/871/871 876/876/876 877/877/877
f 873/873/873 878/878/878 874/874/874
f 874/874/874 878/878/878 879/879/879
f 874/874/874 879/879/879 876/876/876
f 876/876/876 879/879/879 880/880/880
f 876/876/876 880/880/880 877/877/877
f 877/877/877 880/880/880 881/881/881
f 882/882/882 883/883/883 884/884/884
f 883/883/883 885/885/885 884/884/884
f 884/884/884 885/885/885 886/886/886
f 885/885/885 887/887/887 886/886/886
f 886/886/886 887/887/887 888/888/888
f 887/887/887 889/889/889 888/888/888
f 890/890/890 891/891/891 892/892/892
f 890/890/890 892/892/892 893/893/893
f 891/891/891 894/894/894 892/892/892
f 892/892/892 895/895/895 893/893/893
f 892/892/892 894/894/894 896/896/896
f 892/892/892 896/896/896 895/895/895
f 894/894/894 897/897/897 896/896/896
f 895/895/895 896/896/896 898/898/898
f 899/899/899 900/900/900 901/901/901
f 900/900/900 902/902/902 903/903/903
f 900/900/900 903/903/903 901/901/901
f 902/902/902 904/904/904 905/905/905
f 902/902/902 905/905/905 903/903/903
f 904/904/904 906/906/906 905/905/905
f 907/907/907 908/908/908 909/909/909
f 907/907/907 910/910/910 908/908/908
f 908/908/908 911/911/911 912/912/912
f 908/908/908 910/910/910 911/911/911
f 908/908/908 912/912/912 913/913/913
f 908/908/908 913/913/913 909/909/909
f 910/910/910 914/914/914 911/911/911
f 911/911/911 915/915/915 916/916/916
f 911/911/911 916/916/916 912/912/912
f 911/911/911 914/914/914 915/915/915
f 914/914/914 917/917/917 915/915/915
f 915/915/915 918/918/918 916/916/916
f 919/919/919 920/920/920 921/921/921
f 920/920/920 922/922/922 921/921/921
f 921/921/921 922/922/922 923/923/923
f 922/922/922 924/924/924 923/923/923
f 923/923/923 924/924/924 925/925/925
f 924/924/924 926/926/926 925/925/925
f 643/643/643 644/644/644 927/927/927
f 644/644/644 928/928/928 927/927/927
f 929/929/929 930/930/930 882/882/882
f 930/930/930 883/883/883 882/882/882
f 931/931/931 899/899/899 932/932/932
f 899/899/899 901/901/901 932/932/932
f 933/933/933 909/909/909 934/934/934
f 933/933/933 907/907/907 909/909/909
f 909/909/909 935/935/935 934/934/934
f 909/909/909 913/913/913 935/935/935
f 936/936/936 937/937/937 938/938/938
f 937/937/937 939/939/939 938/938/938
f 938/938/938 939/939/939 940/940/940
f 939/939/939 941/941/941 940/940/940
f 940/940/940 941/941/941 942/942/942
f 941/941/941 943/943/943 942/942/942
f 944/944/944 945/945/945 946/946/946
f 945/945/945 947/947/947 946/946/946
f 946/946/946 947/947/947 948/948/948
f 947/947/947 949/949/949 948/948/948
f 948/948/948 949/949/949 950/950/950
f 949/949/949 951/951/951 950/950/950
f 950/950/950 951/951/951 952/952/952
f 951/951/951 953/953/953 952/952/952
f 952/952/952 953/953/953 954/954/954
f 953/953/953 955/955/955 954/954/954
f 954/954/954 955/955/955 956/956/956
f 955/955/955 957/957/957 956/956/956
f 956/956/956 957/957/957 958/958/958
f 957/957/957 959/959/959 958/958/958
f 958/958/958 959/959/959 960/960/960
f 959/959/959 961/961/961 960/960/960
f 960/960/960 961/961/961 962/962/962
f 961/961/961 963/963/963 962/962/962
f 962/962/962 963/963/963 964/964/964
f 963/963/963 965/965/965 964/964/964
f 964/964/964 965/965/965 966/966/966
f 965/965/965 967/967/967 966/966/966
f 966/966/966 967/967/967 968/968/968
f 967/967/967 969/969/969 968/968/968
f 970/970/970 971/971/971 972/972/972
f 971/971/971 973/973/973 972/972/972
f 972/972/972 973/973/973 974/974/974
f 973/973/973 975/975/975 974/974/974
f 974/974/974 975/975/975 976/976/976
f 975/975/975 977/977/977 976/976/976
f 976/976/976 977/977/977 978/978/978
f 977/977/977 979/979/979 978/978/978
f 978/978/978 979/979/979 980/980/980
f 979/979/979 981/981/981 980/980/980
f 980/980/980 981/981/981 982/982/982
f 983/983/983 984/984/984 985/985/985
f 984/984/984 986/986/986 985/985/985
f 985/985/985 986/986/986 987/987/987
f 986/986/986 988/988/988 987/987/987
f 987/987/987 988/988/988 989/989/989
f 988/988/988 990/990/990 989/989/989
f 989/989/989 990/990/990 991/991/991
f 990/990/990 992/992/992 991/991/991
f 993/993/993 994/994/994 995/995/995
f 993/993/993 995/995/995 996/996/996
f 994/994/994 997/997/997 995/995/995
f 995/995/995 997/997/997 998/998/998
f 995/995/995 998/998/998 999/999/999
f 995/995/995 999/999/999 996/996/996
f 997/997/997 1000/1000/1000 998/998/998
f 998/998/998 1001/1001/1001 999/999/999
f 1002/1002/1002 1003/1003/1003 1004/1004/1004
f 1003/1003/1003 1005/1005/1005 1006/1006/1006
f 1003/1003/1003 1006/1006/1006 1004/1004/1004
f 1005/1005/1005 1007/1007/1007 1008/1008/1008
f 1005/1005/1005 1008/1008/1008 1006/1006/1006
f 1007/1007/1007 1009/1009/1009 1008/1008/1008
f 1007/1007/1007 1010/1010/1010 1009/1009/1009
f 1009/1009/1009 1010/1010/1010 1011/1011/1011
f 1012/1012/1012 1013/1013/1013 1014/1014/1014
f 1012/1012/1012 1014/1014/1014 1015/1015/1015
f 1013/1013/1013 1016/1016/1016 1014/1014/1014
f 1013/1013/1013 1017/1017/1017 1016/1016/1016
f 1014/1014/1014 1016/1016/1016 1018/1018/1018
f 1014/1014/1014 1018/1018/1018 1019/1019/1019
f 1014/1014/1014 1019/1019/1019 1015/1015/1015
f 1016/1016/1016 1020/1020/1020 1018/1018/1018
f 1016/1016/1016 1021/1021/1021 1020/1020/1020
f 1016/1016/1016 1017/1017/1017 1021/1021/1021
f 1017/1017/1017 1022/1022/1022 1021/1021/1021
f 1020/1020/1020 1021/1021/1021 1023/1023/1023
f 1021/1021/1021 1024/1024/1024 1023/1023/1023
f 1021/1021/1021 1022/1022/1022 1024/1024/1024
f 1022/1022/1022 1025/1025/1025 1024/1024/1024
f 1023/1023/1023 1024/1024/1024 1026/1026/1026
f 1027/1027/1027 1028/1028/1028 1029/1029/1029
f 1030/1030/1030 1031/1031/1031 1032/1032/1032
f 1033/1033/1033 1027/1027/1027 1029/1029/1029
f 1034/1034/1034 1035/1035/1035 1036/1036/1036
f 1035/1035/1035 1037/1037/1037 1036/1036/1036
f 1038/1038/1038 1039/1039/1039 1033/1033/1033
f 1039/1039/1039 1027/1027/1027 1033/1033/1033
f 1031/1031/1031 1040/1040/1040 1032/1032/1032
f 1032/1032/1032 1040/1040/1040 1041/1041/1041
f 1042/1042/1042 1043/1043/1043 1038/1038/1038
f 1043/1043/1043 1039/1039/1039 1038/1038/1038
f 1044/1044/1044 1045/1045/1045 1042/1042/1042
f 1045/1045/1045 1043/1043/1043 1042/1042/1042
f 1046/1046/1046 1047/1047/1047 1034/1034/1034
f 1047/1047/1047 1035/1035/1035 1034/1034/1034
f 1044/1044/1044 1048/1048/1048 1049/1049/1049
f 1044/1044/1044 1049/1049/1049 1045/1045/1045
f 1049/1049/1049 1048/1048/1048 1050/1050/1050
f 1040/1040/1040 1051/1051/1051 1041/1041/1041
f 1041/1041/1041 1051/1051/1051 1052/1052/1052
f 1053/1053/1053 1047/1047/1047 1046/1046/1046
f 1054/1054/1054 1053/1053/1053 1046/1046/1046
f 1051/1051/1051 1055/1055/1055 1052/1052/1052
f 1052/1052/1052 1055/1055/1055 1056/1056/1056
f 1057/1057/1057 1053/1053/1053 1054/1054/1054
f 1058/1058/1058 1057/1057/1057 1054/1054/1054
f 1056/1056/1056 1059/1059/1059 1060/1060/1060
f 1055/1055/1055 1059/1059/1059 1056/1056/1056
f 1061/1061/1061 1062/1062/1062 1058/1058/1058
f 1062/1062/1062 1057/1057/1057 1058/1058/1058
f 1060/1060/1060 1063/1063/1063 1064/1064/1064
f 1059/1059/1059 1063/1063/1063 1060/1060/1060
f 1063/1063/1063 1065/1065/1065 1064/1064/1064
f 1064/1064/1064 1065/1065/1065 1061/1061/1061
f 1065/1065/1065 1062/1062/1062 1061/1061/1061
