# Pieza completa de un material COLLADA para Raylib
o CloudMat01
v -1.3360636 -0.0669886 0.4367523
v -1.3402543 -0.0669886 0.4367523
v -1.3360636 -0.0669886 0.4400631
v -1.3402543 -0.0669886 0.4400631
v -1.3318728 -0.0727145 0.4367523
v -1.3360636 -0.0669886 0.4367523
v -1.3318728 -0.0727145 0.4400631
v -1.3360636 -0.0669886 0.4400631
v -1.3444451 -0.0727145 0.4400631
v -1.3402543 -0.0669886 0.4400631
v -1.3444451 -0.0727145 0.4367523
v -1.3402543 -0.0669886 0.4367523
v -1.3360636 -0.0669886 0.4400631
v -1.3402543 -0.0669886 0.4400631
v -1.3318728 -0.0727145 0.4400631
v -1.3444451 -0.0727145 0.4400631
v -1.3444451 -0.0879042 0.4400631
v -1.3318728 -0.0879042 0.4400631
v -1.3444451 -0.0964607 0.4400631
v -1.3318728 -0.0964607 0.4400631
v -1.3402543 -0.0669886 0.4367523
v -1.3360636 -0.0669886 0.4367523
v -1.3444451 -0.0727145 0.4367523
v -1.3318728 -0.0727145 0.4367523
v -1.3444451 -0.0879042 0.4367523
v -1.3318728 -0.0879042 0.4367523
v -1.3444451 -0.0964607 0.4367523
v -1.3318728 -0.0964607 0.4367523
v -1.3444451 -0.0964607 0.4367523
v -1.3444451 -0.0964607 0.4400631
v -1.3444451 -0.0879042 0.4367523
v -1.3444451 -0.0879042 0.4400631
v -1.3444451 -0.0727145 0.4367523
v -1.3444451 -0.0727145 0.4400631
v -1.3318728 -0.0964607 0.4400631
v -1.3318728 -0.0964607 0.4367523
v -1.3318728 -0.0879042 0.4400631
v -1.3318728 -0.0879042 0.4367523
v -1.3318728 -0.0727145 0.4400631
v -1.3318728 -0.0727145 0.4367523
v -1.2240446 -0.0669886 0.4367523
v -1.2282354 -0.0669886 0.4367523
v -1.2240446 -0.0669886 0.4400630
v -1.2282354 -0.0669886 0.4400630
v -1.2198538 -0.0727145 0.4367523
v -1.2240446 -0.0669886 0.4367523
v -1.2198538 -0.0727145 0.4400629
v -1.2240446 -0.0669886 0.4400630
v -1.2324261 -0.0727145 0.4400630
v -1.2282354 -0.0669886 0.4400630
v -1.2324261 -0.0727145 0.4367523
v -1.2282354 -0.0669886 0.4367523
v -1.2240446 -0.0669886 0.4400630
v -1.2282354 -0.0669886 0.4400630
v -1.2198538 -0.0727145 0.4400629
v -1.2324261 -0.0727145 0.4400630
v -1.2324261 -0.0879042 0.4400630
v -1.2198538 -0.0879042 0.4400629
v -1.2324261 -0.0964607 0.4400630
v -1.2198538 -0.0964607 0.4400629
v -1.2282354 -0.0669886 0.4367523
v -1.2240446 -0.0669886 0.4367523
v -1.2324261 -0.0727145 0.4367523
v -1.2198538 -0.0727145 0.4367523
v -1.2324261 -0.0879042 0.4367523
v -1.2198538 -0.0879042 0.4367523
v -1.2324261 -0.0964607 0.4367523
v -1.2198538 -0.0964607 0.4367523
v -1.2324261 -0.0964607 0.4367523
v -1.2324261 -0.0964607 0.4400630
v -1.2324261 -0.0879042 0.4367523
v -1.2324261 -0.0879042 0.4400630
v -1.2324261 -0.0727145 0.4367523
v -1.2324261 -0.0727145 0.4400630
v -1.2198538 -0.0964607 0.4400629
v -1.2198538 -0.0964607 0.4367523
v -1.2198538 -0.0879042 0.4400629
v -1.2198538 -0.0879042 0.4367523
v -1.2198538 -0.0727145 0.4400629
v -1.2198538 -0.0727145 0.4367523
v -1.2945556 -0.0669886 0.4367523
v -1.2987463 -0.0669886 0.4367523
v -1.2945556 -0.0669886 0.4400630
v -1.2987463 -0.0669886 0.4400630
v -1.2903648 -0.0727145 0.4367523
v -1.2945556 -0.0669886 0.4367523
v -1.2903648 -0.0727145 0.4400630
v -1.2945556 -0.0669886 0.4400630
v -1.3029371 -0.0727145 0.4400630
v -1.2987463 -0.0669886 0.4400630
v -1.3029371 -0.0727145 0.4367523
v -1.2987463 -0.0669886 0.4367523
v -1.2945556 -0.0669886 0.4400630
v -1.2987463 -0.0669886 0.4400630
v -1.2903648 -0.0727145 0.4400630
v -1.3029371 -0.0727145 0.4400630
v -1.3029371 -0.0881690 0.4400630
v -1.2903648 -0.0881690 0.4400630
v -1.3029371 -0.0964607 0.4400630
v -1.2903648 -0.0964607 0.4400630
v -1.2987463 -0.0669886 0.4367523
v -1.2945556 -0.0669886 0.4367523
v -1.3029371 -0.0727145 0.4367523
v -1.2903648 -0.0727145 0.4367523
v -1.3029371 -0.0881690 0.4367523
v -1.2903648 -0.0881690 0.4367523
v -1.3029371 -0.0964607 0.4367523
v -1.2903648 -0.0964607 0.4367523
v -1.3029371 -0.0964607 0.4367523
v -1.3029371 -0.0964607 0.4400630
v -1.3029371 -0.0881690 0.4367523
v -1.3029371 -0.0881690 0.4400630
v -1.3029371 -0.0727145 0.4367523
v -1.3029371 -0.0727145 0.4400630
v -1.2903648 -0.0964607 0.4400630
v -1.2903648 -0.0964607 0.4367523
v -1.2903648 -0.0881690 0.4400630
v -1.2903648 -0.0881690 0.4367523
v -1.2903648 -0.0727145 0.4400630
v -1.2903648 -0.0727145 0.4367523
v -1.1825366 -0.0669886 0.4367523
v -1.1867273 -0.0669886 0.4367523
v -1.1825366 -0.0669886 0.4400630
v -1.1867273 -0.0669886 0.4400630
v -1.1783458 -0.0727145 0.4367523
v -1.1825366 -0.0669886 0.4367523
v -1.1783458 -0.0727145 0.4400630
v -1.1825366 -0.0669886 0.4400630
v -1.1909181 -0.0727145 0.4400630
v -1.1867273 -0.0669886 0.4400630
v -1.1909181 -0.0727145 0.4367523
v -1.1867273 -0.0669886 0.4367523
v -1.1825366 -0.0669886 0.4400630
v -1.1867273 -0.0669886 0.4400630
v -1.1783458 -0.0727145 0.4400630
v -1.1909181 -0.0727145 0.4400630
v -1.1909181 -0.0881690 0.4400630
v -1.1783458 -0.0881690 0.4400630
v -1.1909181 -0.0964607 0.4400630
v -1.1783458 -0.0964607 0.4400630
v -1.1867273 -0.0669886 0.4367523
v -1.1825366 -0.0669886 0.4367523
v -1.1909181 -0.0727145 0.4367523
v -1.1783458 -0.0727145 0.4367523
v -1.1909181 -0.0881690 0.4367523
v -1.1783458 -0.0881690 0.4367523
v -1.1909181 -0.0964607 0.4367523
v -1.1783458 -0.0964607 0.4367523
v -1.1909181 -0.0964607 0.4367523
v -1.1909181 -0.0964607 0.4400630
v -1.1909181 -0.0881690 0.4367523
v -1.1909181 -0.0881690 0.4400630
v -1.1909181 -0.0727145 0.4367523
v -1.1909181 -0.0727145 0.4400630
v -1.1783458 -0.0964607 0.4400630
v -1.1783458 -0.0964607 0.4367523
v -1.1783458 -0.0881690 0.4400630
v -1.1783458 -0.0881690 0.4367523
v -1.1783458 -0.0727145 0.4400630
v -1.1783458 -0.0727145 0.4367523
v -1.2530476 -0.0669886 0.4367523
v -1.2572383 -0.0669886 0.4367523
v -1.2530476 -0.0669886 0.4400630
v -1.2572383 -0.0669886 0.4400630
v -1.2488568 -0.0727145 0.4367523
v -1.2530476 -0.0669886 0.4367523
v -1.2488568 -0.0727145 0.4400630
v -1.2530476 -0.0669886 0.4400630
v -1.2614291 -0.0727145 0.4400630
v -1.2572383 -0.0669886 0.4400630
v -1.2614291 -0.0727145 0.4367523
v -1.2572383 -0.0669886 0.4367523
v -1.2530476 -0.0669886 0.4400630
v -1.2572383 -0.0669886 0.4400630
v -1.2488568 -0.0727145 0.4400630
v -1.2614291 -0.0727145 0.4400630
v -1.2614291 -0.0875126 0.4400630
v -1.2488568 -0.0875126 0.4400630
v -1.2614291 -0.0964607 0.4400630
v -1.2488568 -0.0964607 0.4400630
v -1.2572383 -0.0669886 0.4367523
v -1.2530476 -0.0669886 0.4367523
v -1.2614291 -0.0727145 0.4367523
v -1.2488568 -0.0727145 0.4367523
v -1.2614291 -0.0875126 0.4367523
v -1.2488568 -0.0875126 0.4367523
v -1.2614291 -0.0964607 0.4367523
v -1.2488568 -0.0964607 0.4367523
v -1.2614291 -0.0964607 0.4367523
v -1.2614291 -0.0964607 0.4400630
v -1.2614291 -0.0875126 0.4367523
v -1.2614291 -0.0875126 0.4400630
v -1.2614291 -0.0727145 0.4367523
v -1.2614291 -0.0727145 0.4400630
v -1.2488568 -0.0964607 0.4400630
v -1.2488568 -0.0964607 0.4367523
v -1.2488568 -0.0875126 0.4400630
v -1.2488568 -0.0875126 0.4367523
v -1.2488568 -0.0727145 0.4400630
v -1.2488568 -0.0727145 0.4367523
v -1.1410286 -0.0669886 0.4367523
v -1.1452193 -0.0669886 0.4367523
v -1.1410286 -0.0669886 0.4400630
v -1.1452193 -0.0669886 0.4400630
v -1.1368378 -0.0727145 0.4367523
v -1.1410286 -0.0669886 0.4367523
v -1.1368378 -0.0727145 0.4400630
v -1.1410286 -0.0669886 0.4400630
v -1.1494101 -0.0727145 0.4400630
v -1.1452193 -0.0669886 0.4400630
v -1.1494101 -0.0727145 0.4367523
v -1.1452193 -0.0669886 0.4367523
v -1.1410286 -0.0669886 0.4400630
v -1.1452193 -0.0669886 0.4400630
v -1.1368378 -0.0727145 0.4400630
v -1.1494101 -0.0727145 0.4400630
v -1.1494101 -0.0875126 0.4400630
v -1.1368378 -0.0875126 0.4400630
v -1.1494101 -0.0964607 0.4400630
v -1.1368378 -0.0964607 0.4400630
v -1.1452193 -0.0669886 0.4367523
v -1.1410286 -0.0669886 0.4367523
v -1.1494101 -0.0727145 0.4367523
v -1.1368378 -0.0727145 0.4367523
v -1.1494101 -0.0875126 0.4367523
v -1.1368378 -0.0875126 0.4367523
v -1.1494101 -0.0964607 0.4367523
v -1.1368378 -0.0964607 0.4367523
v -1.1494101 -0.0964607 0.4367523
v -1.1494101 -0.0964607 0.4400630
v -1.1494101 -0.0875126 0.4367523
v -1.1494101 -0.0875126 0.4400630
v -1.1494101 -0.0727145 0.4367523
v -1.1494101 -0.0727145 0.4400630
v -1.1368378 -0.0964607 0.4400630
v -1.1368378 -0.0964607 0.4367523
v -1.1368378 -0.0875126 0.4400630
v -1.1368378 -0.0875126 0.4367523
v -1.1368378 -0.0727145 0.4400630
v -1.1368378 -0.0727145 0.4367523
v -1.3413111 -0.0836244 0.4378913
v -1.3413111 -0.0756083 0.4378913
v -1.3413111 -0.0836244 0.4356307
v -1.3413111 -0.0756083 0.4356307
v -1.2521303 -0.0836244 0.4356307
v -1.2521303 -0.0756083 0.4356307
v -1.2521303 -0.0836244 0.4378913
v -1.2521303 -0.0756083 0.4378913
v -1.2521303 -0.0836244 0.4356307
v -1.2521303 -0.0836244 0.4378913
v -1.2664264 -0.0836244 0.4356307
v -1.2664264 -0.0836244 0.4378913
v -1.2845703 -0.0836244 0.4356307
v -1.2845703 -0.0836244 0.4378913
v -1.2911583 -0.0836244 0.4356307
v -1.2911583 -0.0836244 0.4378913
v -1.3021928 -0.0836244 0.4356307
v -1.3021928 -0.0836246 0.4378913
v -1.3084783 -0.0836244 0.4356307
v -1.3084783 -0.0836246 0.4378913
v -1.3264586 -0.0836244 0.4356307
v -1.3264586 -0.0836246 0.4378913
v -1.3413111 -0.0836244 0.4356307
v -1.3413111 -0.0836244 0.4378913
v -1.2521303 -0.0756083 0.4356307
v -1.2521303 -0.0836244 0.4356307
v -1.2664264 -0.0756083 0.4356307
v -1.2664264 -0.0836244 0.4356307
v -1.2845703 -0.0756083 0.4356307
v -1.2845703 -0.0836244 0.4356307
v -1.2911583 -0.0756083 0.4356307
v -1.2911583 -0.0836244 0.4356307
v -1.3021928 -0.0756083 0.4356307
v -1.3021928 -0.0836244 0.4356307
v -1.3084783 -0.0756083 0.4356307
v -1.3084783 -0.0836244 0.4356307
v -1.3264586 -0.0756083 0.4356307
v -1.3264586 -0.0836244 0.4356307
v -1.3413111 -0.0756083 0.4356307
v -1.3413111 -0.0836244 0.4356307
v -1.2521303 -0.0756083 0.4378913
v -1.2521303 -0.0756083 0.4356307
v -1.2664264 -0.0756083 0.4378913
v -1.2664264 -0.0756083 0.4356307
v -1.2845703 -0.0756083 0.4378913
v -1.2845703 -0.0756083 0.4356307
v -1.2911583 -0.0756083 0.4378913
v -1.2911583 -0.0756083 0.4356307
v -1.3021928 -0.0756083 0.4378913
v -1.3021928 -0.0756083 0.4356307
v -1.3084783 -0.0756083 0.4378913
v -1.3084783 -0.0756083 0.4356307
v -1.3264586 -0.0756083 0.4378913
v -1.3264586 -0.0756083 0.4356307
v -1.3413111 -0.0756083 0.4378913
v -1.3413111 -0.0756083 0.4356307
v -1.2521303 -0.0836244 0.4378913
v -1.2521303 -0.0756083 0.4378913
v -1.2664264 -0.0836244 0.4378913
v -1.2664264 -0.0756083 0.4378913
v -1.2845703 -0.0836244 0.4378913
v -1.2845703 -0.0756083 0.4378913
v -1.2911583 -0.0836244 0.4378913
v -1.2911583 -0.0756083 0.4378913
v -1.3021928 -0.0836246 0.4378913
v -1.3021928 -0.0756083 0.4378913
v -1.3084783 -0.0836246 0.4378913
v -1.3084783 -0.0756083 0.4378913
v -1.3264586 -0.0836246 0.4378913
v -1.3264586 -0.0756083 0.4378913
v -1.3413111 -0.0836244 0.4378913
v -1.3413111 -0.0756083 0.4378913
v -1.2292921 -0.0836244 0.4378911
v -1.2292921 -0.0756083 0.4378911
v -1.2292921 -0.0836244 0.4356308
v -1.2292921 -0.0756083 0.4356308
v -1.1401113 -0.0836242 0.4356306
v -1.1401113 -0.0756083 0.4356306
v -1.1401113 -0.0836242 0.4378912
v -1.1401113 -0.0756083 0.4378912
v -1.1401113 -0.0836242 0.4356306
v -1.1401113 -0.0836242 0.4378912
v -1.1544074 -0.0836242 0.4356306
v -1.1544074 -0.0836242 0.4378912
v -1.1725513 -0.0836242 0.4356307
v -1.1725513 -0.0836244 0.4378909
v -1.1791393 -0.0836242 0.4356306
v -1.1791393 -0.0836244 0.4378912
v -1.1901738 -0.0836242 0.4356307
v -1.1901738 -0.0836244 0.4378913
v -1.1964593 -0.0836244 0.4356308
v -1.1964593 -0.0836244 0.4378911
v -1.2144396 -0.0836244 0.4356305
v -1.2144396 -0.0836244 0.4378909
v -1.2292921 -0.0836244 0.4356308
v -1.2292921 -0.0836244 0.4378911
v -1.1401113 -0.0756083 0.4356306
v -1.1401113 -0.0836242 0.4356306
v -1.1544074 -0.0756083 0.4356306
v -1.1544074 -0.0836242 0.4356306
v -1.1725513 -0.0756083 0.4356307
v -1.1725513 -0.0836242 0.4356307
v -1.1791393 -0.0756083 0.4356306
v -1.1791393 -0.0836242 0.4356306
v -1.1901738 -0.0756083 0.4356307
v -1.1901738 -0.0836242 0.4356307
v -1.1964593 -0.0756083 0.4356308
v -1.1964593 -0.0836244 0.4356308
v -1.2144396 -0.0756083 0.4356305
v -1.2144396 -0.0836244 0.4356305
v -1.2292921 -0.0756083 0.4356308
v -1.2292921 -0.0836244 0.4356308
v -1.1401113 -0.0756083 0.4378912
v -1.1401113 -0.0756083 0.4356306
v -1.1544074 -0.0756081 0.4378912
v -1.1544074 -0.0756083 0.4356306
v -1.1725513 -0.0756083 0.4378909
v -1.1725513 -0.0756083 0.4356307
v -1.1791393 -0.0756083 0.4378912
v -1.1791393 -0.0756083 0.4356306
v -1.1901738 -0.0756083 0.4378913
v -1.1901738 -0.0756083 0.4356307
v -1.1964593 -0.0756083 0.4378911
v -1.1964593 -0.0756083 0.4356308
v -1.2144396 -0.0756083 0.4378909
v -1.2144396 -0.0756083 0.4356305
v -1.2292921 -0.0756083 0.4378911
v -1.2292921 -0.0756083 0.4356308
v -1.1401113 -0.0836242 0.4378912
v -1.1401113 -0.0756083 0.4378912
v -1.1544074 -0.0836242 0.4378912
v -1.1544074 -0.0756081 0.4378912
v -1.1725513 -0.0836244 0.4378909
v -1.1725513 -0.0756083 0.4378909
v -1.1791393 -0.0836244 0.4378912
v -1.1791393 -0.0756083 0.4378912
v -1.1901738 -0.0836244 0.4378913
v -1.1901738 -0.0756083 0.4378913
v -1.1964593 -0.0836244 0.4378911
v -1.1964593 -0.0756083 0.4378911
v -1.2144396 -0.0836244 0.4378909
v -1.2144396 -0.0756083 0.4378909
v -1.2292921 -0.0836244 0.4378911
v -1.2292921 -0.0756083 0.4378911
v 1.1408005 -0.0669886 0.4678687
v 1.1366099 -0.0669886 0.4678687
v 1.1408007 -0.0669886 0.4711795
v 1.1366101 -0.0669886 0.4711795
v 1.1449913 -0.0727145 0.4678687
v 1.1408005 -0.0669886 0.4678687
v 1.1449913 -0.0727145 0.4711795
v 1.1408007 -0.0669886 0.4711795
v 1.1324193 -0.0727145 0.4711795
v 1.1366101 -0.0669886 0.4711795
v 1.1324193 -0.0727145 0.4678687
v 1.1366099 -0.0669886 0.4678687
v 1.1408007 -0.0669886 0.4711795
v 1.1366101 -0.0669886 0.4711795
v 1.1449913 -0.0727145 0.4711795
v 1.1324193 -0.0727145 0.4711795
v 1.1324193 -0.0879042 0.4711795
v 1.1449913 -0.0879042 0.4711795
v 1.1324193 -0.0964607 0.4711795
v 1.1449913 -0.0964607 0.4711795
v 1.1366099 -0.0669886 0.4678687
v 1.1408005 -0.0669886 0.4678687
v 1.1324193 -0.0727145 0.4678687
v 1.1449913 -0.0727145 0.4678687
v 1.1324193 -0.0879042 0.4678687
v 1.1449913 -0.0879042 0.4678687
v 1.1324193 -0.0964607 0.4678687
v 1.1449913 -0.0964607 0.4678687
v 1.1324193 -0.0964607 0.4678687
v 1.1324193 -0.0964607 0.4711795
v 1.1324193 -0.0879042 0.4678687
v 1.1324193 -0.0879042 0.4711795
v 1.1324193 -0.0727145 0.4678687
v 1.1324193 -0.0727145 0.4711795
v 1.1449913 -0.0964607 0.4711795
v 1.1449913 -0.0964607 0.4678687
v 1.1449913 -0.0879042 0.4711795
v 1.1449913 -0.0879042 0.4678687
v 1.1449913 -0.0727145 0.4711795
v 1.1449913 -0.0727145 0.4678687
v 1.0350048 -0.0669886 0.4678687
v 1.0308142 -0.0669886 0.4678687
v 1.0350050 -0.0669886 0.4711795
v 1.0308144 -0.0669886 0.4711795
v 1.0391956 -0.0727145 0.4678687
v 1.0350048 -0.0669886 0.4678687
v 1.0391956 -0.0727145 0.4711795
v 1.0350050 -0.0669886 0.4711795
v 1.0266236 -0.0727145 0.4711795
v 1.0308144 -0.0669886 0.4711795
v 1.0266236 -0.0727145 0.4678687
v 1.0308142 -0.0669886 0.4678687
v 1.0350050 -0.0669886 0.4711795
v 1.0308144 -0.0669886 0.4711795
v 1.0391956 -0.0727145 0.4711795
v 1.0266236 -0.0727145 0.4711795
v 1.0266236 -0.0879042 0.4711795
v 1.0391956 -0.0879042 0.4711795
v 1.0266236 -0.0964607 0.4711795
v 1.0391956 -0.0964607 0.4711795
v 1.0308142 -0.0669886 0.4678687
v 1.0350048 -0.0669886 0.4678687
v 1.0266236 -0.0727145 0.4678687
v 1.0391956 -0.0727145 0.4678687
v 1.0266236 -0.0879042 0.4678687
v 1.0391956 -0.0879042 0.4678687
v 1.0266236 -0.0964607 0.4678687
v 1.0391956 -0.0964607 0.4678687
v 1.0266236 -0.0964607 0.4678687
v 1.0266236 -0.0964607 0.4711795
v 1.0266236 -0.0879042 0.4678687
v 1.0266236 -0.0879042 0.4711795
v 1.0266236 -0.0727145 0.4678687
v 1.0266236 -0.0727145 0.4711795
v 1.0391956 -0.0964607 0.4711795
v 1.0391956 -0.0964607 0.4678687
v 1.0391956 -0.0879042 0.4711795
v 1.0391956 -0.0879042 0.4678687
v 1.0391956 -0.0727145 0.4711795
v 1.0391956 -0.0727145 0.4678687
v 1.1823087 -0.0669886 0.4678687
v 1.1781181 -0.0669886 0.4678687
v 1.1823088 -0.0669886 0.4711795
v 1.1781182 -0.0669886 0.4711795
v 1.1864994 -0.0727145 0.4678687
v 1.1823087 -0.0669886 0.4678687
v 1.1864994 -0.0727145 0.4711795
v 1.1823088 -0.0669886 0.4711795
v 1.1739274 -0.0727145 0.4711795
v 1.1781182 -0.0669886 0.4711795
v 1.1739274 -0.0727145 0.4678687
v 1.1781181 -0.0669886 0.4678687
v 1.1823088 -0.0669886 0.4711795
v 1.1781182 -0.0669886 0.4711795
v 1.1864994 -0.0727145 0.4711795
v 1.1739274 -0.0727145 0.4711795
v 1.1739274 -0.0881690 0.4711795
v 1.1864994 -0.0881690 0.4711795
v 1.1739274 -0.0964607 0.4711795
v 1.1864994 -0.0964607 0.4711795
v 1.1781181 -0.0669886 0.4678687
v 1.1823087 -0.0669886 0.4678687
v 1.1739274 -0.0727145 0.4678687
v 1.1864994 -0.0727145 0.4678687
v 1.1739274 -0.0881690 0.4678687
v 1.1864994 -0.0881690 0.4678687
v 1.1739274 -0.0964607 0.4678687
v 1.1864994 -0.0964607 0.4678687
v 1.1739274 -0.0964607 0.4678687
v 1.1739274 -0.0964607 0.4711795
v 1.1739274 -0.0881690 0.4678687
v 1.1739274 -0.0881690 0.4711795
v 1.1739274 -0.0727145 0.4678687
v 1.1739274 -0.0727145 0.4711795
v 1.1864994 -0.0964607 0.4711795
v 1.1864994 -0.0964607 0.4678687
v 1.1864994 -0.0881690 0.4711795
v 1.1864994 -0.0881690 0.4678687
v 1.1864994 -0.0727145 0.4711795
v 1.1864994 -0.0727145 0.4678687
v 1.0765130 -0.0669886 0.4678687
v 1.0723223 -0.0669886 0.4678687
v 1.0765131 -0.0669886 0.4711795
v 1.0723225 -0.0669886 0.4711795
v 1.0807037 -0.0727145 0.4678687
v 1.0765130 -0.0669886 0.4678687
v 1.0807037 -0.0727145 0.4711795
v 1.0765131 -0.0669886 0.4711795
v 1.0681317 -0.0727145 0.4711795
v 1.0723225 -0.0669886 0.4711795
v 1.0681317 -0.0727145 0.4678687
v 1.0723223 -0.0669886 0.4678687
v 1.0765131 -0.0669886 0.4711795
v 1.0723225 -0.0669886 0.4711795
v 1.0807037 -0.0727145 0.4711795
v 1.0681317 -0.0727145 0.4711795
v 1.0681317 -0.0881690 0.4711795
v 1.0807037 -0.0881690 0.4711795
v 1.0681317 -0.0964607 0.4711795
v 1.0807037 -0.0964607 0.4711795
v 1.0723223 -0.0669886 0.4678687
v 1.0765130 -0.0669886 0.4678687
v 1.0681317 -0.0727145 0.4678687
v 1.0807037 -0.0727145 0.4678687
v 1.0681317 -0.0881690 0.4678687
v 1.0807037 -0.0881690 0.4678687
v 1.0681317 -0.0964607 0.4678687
v 1.0807037 -0.0964607 0.4678687
v 1.0681317 -0.0964607 0.4678687
v 1.0681317 -0.0964607 0.4711795
v 1.0681317 -0.0881690 0.4678687
v 1.0681317 -0.0881690 0.4711795
v 1.0681317 -0.0727145 0.4678687
v 1.0681317 -0.0727145 0.4711795
v 1.0807037 -0.0964607 0.4711795
v 1.0807037 -0.0964607 0.4678687
v 1.0807037 -0.0881690 0.4711795
v 1.0807037 -0.0881690 0.4678687
v 1.0807037 -0.0727145 0.4711795
v 1.0807037 -0.0727145 0.4678687
v 1.2238170 -0.0669886 0.4678687
v 1.2196263 -0.0669886 0.4678687
v 1.2238171 -0.0669886 0.4711795
v 1.2196264 -0.0669886 0.4711795
v 1.2280077 -0.0727145 0.4678687
v 1.2238170 -0.0669886 0.4678687
v 1.2280077 -0.0727145 0.4711795
v 1.2238171 -0.0669886 0.4711795
v 1.2154357 -0.0727145 0.4711795
v 1.2196264 -0.0669886 0.4711795
v 1.2154357 -0.0727145 0.4678687
v 1.2196263 -0.0669886 0.4678687
v 1.2238171 -0.0669886 0.4711795
v 1.2196264 -0.0669886 0.4711795
v 1.2280077 -0.0727145 0.4711795
v 1.2154357 -0.0727145 0.4711795
v 1.2154357 -0.0875126 0.4711795
v 1.2280077 -0.0875126 0.4711795
v 1.2154357 -0.0964607 0.4711795
v 1.2280077 -0.0964607 0.4711795
v 1.2196263 -0.0669886 0.4678687
v 1.2238170 -0.0669886 0.4678687
v 1.2154357 -0.0727145 0.4678687
v 1.2280077 -0.0727145 0.4678687
v 1.2154357 -0.0875126 0.4678687
v 1.2280077 -0.0875126 0.4678687
v 1.2154357 -0.0964607 0.4678687
v 1.2280077 -0.0964607 0.4678687
v 1.2154357 -0.0964607 0.4678687
v 1.2154357 -0.0964607 0.4711795
v 1.2154357 -0.0875126 0.4678687
v 1.2154357 -0.0875126 0.4711795
v 1.2154357 -0.0727145 0.4678687
v 1.2154357 -0.0727145 0.4711795
v 1.2280077 -0.0964607 0.4711795
v 1.2280077 -0.0964607 0.4678687
v 1.2280077 -0.0875126 0.4711795
v 1.2280077 -0.0875126 0.4678687
v 1.2280077 -0.0727145 0.4711795
v 1.2280077 -0.0727145 0.4678687
v 1.1180212 -0.0669886 0.4678687
v 1.1138306 -0.0669886 0.4678687
v 1.1180214 -0.0669886 0.4711795
v 1.1138307 -0.0669886 0.4711795
v 1.1222120 -0.0727145 0.4678687
v 1.1180212 -0.0669886 0.4678687
v 1.1222120 -0.0727145 0.4711795
v 1.1180214 -0.0669886 0.4711795
v 1.1096400 -0.0727145 0.4711795
v 1.1138307 -0.0669886 0.4711795
v 1.1096400 -0.0727145 0.4678687
v 1.1138306 -0.0669886 0.4678687
v 1.1180214 -0.0669886 0.4711795
v 1.1138307 -0.0669886 0.4711795
v 1.1222120 -0.0727145 0.4711795
v 1.1096400 -0.0727145 0.4711795
v 1.1096400 -0.0875126 0.4711795
v 1.1222120 -0.0875126 0.4711795
v 1.1096400 -0.0964607 0.4711795
v 1.1222120 -0.0964607 0.4711795
v 1.1138306 -0.0669886 0.4678687
v 1.1180212 -0.0669886 0.4678687
v 1.1096400 -0.0727145 0.4678687
v 1.1222120 -0.0727145 0.4678687
v 1.1096400 -0.0875126 0.4678687
v 1.1222120 -0.0875126 0.4678687
v 1.1096400 -0.0964607 0.4678687
v 1.1222120 -0.0964607 0.4678687
v 1.1096400 -0.0964607 0.4678687
v 1.1096400 -0.0964607 0.4711795
v 1.1096400 -0.0875126 0.4678687
v 1.1096400 -0.0875126 0.4711795
v 1.1096400 -0.0727145 0.4678687
v 1.1096400 -0.0727145 0.4711795
v 1.1222120 -0.0964607 0.4711795
v 1.1222120 -0.0964607 0.4678687
v 1.1222120 -0.0875126 0.4711795
v 1.1222120 -0.0875126 0.4678687
v 1.1222120 -0.0727145 0.4711795
v 1.1222120 -0.0727145 0.4678687
v 1.1355536 -0.0836244 0.4690077
v 1.1355536 -0.0756083 0.4690077
v 1.1355536 -0.0836244 0.4667470
v 1.1355536 -0.0756083 0.4667470
v 1.2247344 -0.0836243 0.4667470
v 1.2247344 -0.0756083 0.4667470
v 1.2247343 -0.0836243 0.4690076
v 1.2247343 -0.0756083 0.4690076
v 1.2247344 -0.0836243 0.4667470
v 1.2247343 -0.0836243 0.4690076
v 1.2104381 -0.0836243 0.4667470
v 1.2104380 -0.0836243 0.4690076
v 1.1922941 -0.0836243 0.4667470
v 1.1922941 -0.0836244 0.4690076
v 1.1857060 -0.0836243 0.4667470
v 1.1857060 -0.0836244 0.4690077
v 1.1746718 -0.0836243 0.4667470
v 1.1746717 -0.0836245 0.4690077
v 1.1683865 -0.0836244 0.4667470
v 1.1683864 -0.0836245 0.4690077
v 1.1504059 -0.0836244 0.4667470
v 1.1504059 -0.0836245 0.4690077
v 1.1355536 -0.0836244 0.4667470
v 1.1355536 -0.0836244 0.4690077
v 1.2247344 -0.0756083 0.4667470
v 1.2247344 -0.0836243 0.4667470
v 1.2104381 -0.0756083 0.4667470
v 1.2104381 -0.0836243 0.4667470
v 1.1922941 -0.0756083 0.4667470
v 1.1922941 -0.0836243 0.4667470
v 1.1857060 -0.0756083 0.4667470
v 1.1857060 -0.0836243 0.4667470
v 1.1746718 -0.0756083 0.4667470
v 1.1746718 -0.0836243 0.4667470
v 1.1683865 -0.0756083 0.4667470
v 1.1683865 -0.0836244 0.4667470
v 1.1504059 -0.0756083 0.4667470
v 1.1504059 -0.0836244 0.4667470
v 1.1355536 -0.0756083 0.4667470
v 1.1355536 -0.0836244 0.4667470
v 1.2247343 -0.0756083 0.4690076
v 1.2247344 -0.0756083 0.4667470
v 1.2104380 -0.0756082 0.4690076
v 1.2104381 -0.0756083 0.4667470
v 1.1922941 -0.0756083 0.4690076
v 1.1922941 -0.0756083 0.4667470
v 1.1857060 -0.0756083 0.4690077
v 1.1857060 -0.0756083 0.4667470
v 1.1746717 -0.0756083 0.4690077
v 1.1746718 -0.0756083 0.4667470
v 1.1683864 -0.0756083 0.4690077
v 1.1683865 -0.0756083 0.4667470
v 1.1504059 -0.0756083 0.4690077
v 1.1504059 -0.0756083 0.4667470
v 1.1355536 -0.0756083 0.4690077
v 1.1355536 -0.0756083 0.4667470
v 1.2247343 -0.0836243 0.4690076
v 1.2247343 -0.0756083 0.4690076
v 1.2104380 -0.0836243 0.4690076
v 1.2104380 -0.0756082 0.4690076
v 1.1922941 -0.0836244 0.4690076
v 1.1922941 -0.0756083 0.4690076
v 1.1857060 -0.0836244 0.4690077
v 1.1857060 -0.0756083 0.4690077
v 1.1746717 -0.0836245 0.4690077
v 1.1746717 -0.0756083 0.4690077
v 1.1683864 -0.0836245 0.4690077
v 1.1683864 -0.0756083 0.4690077
v 1.1504059 -0.0836245 0.4690077
v 1.1504059 -0.0756083 0.4690077
v 1.1355536 -0.0836244 0.4690077
v 1.1355536 -0.0756083 0.4690077
v 1.0297579 -0.0836244 0.4690077
v 1.0297579 -0.0756083 0.4690077
v 1.0297579 -0.0836244 0.4667470
v 1.0297579 -0.0756083 0.4667470
v 1.1189387 -0.0836243 0.4667470
v 1.1189387 -0.0756083 0.4667470
v 1.1189386 -0.0836243 0.4690076
v 1.1189386 -0.0756083 0.4690076
v 1.1189387 -0.0836243 0.4667470
v 1.1189386 -0.0836243 0.4690076
v 1.1046424 -0.0836243 0.4667470
v 1.1046423 -0.0836243 0.4690076
v 1.0864984 -0.0836243 0.4667470
v 1.0864983 -0.0836244 0.4690076
v 1.0799103 -0.0836243 0.4667470
v 1.0799103 -0.0836244 0.4690077
v 1.0688761 -0.0836243 0.4667470
v 1.0688760 -0.0836245 0.4690077
v 1.0625908 -0.0836244 0.4667470
v 1.0625907 -0.0836245 0.4690077
v 1.0446102 -0.0836244 0.4667470
v 1.0446102 -0.0836245 0.4690077
v 1.0297579 -0.0836244 0.4667470
v 1.0297579 -0.0836244 0.4690077
v 1.1189387 -0.0756083 0.4667470
v 1.1189387 -0.0836243 0.4667470
v 1.1046424 -0.0756083 0.4667470
v 1.1046424 -0.0836243 0.4667470
v 1.0864984 -0.0756083 0.4667470
v 1.0864984 -0.0836243 0.4667470
v 1.0799103 -0.0756083 0.4667470
v 1.0799103 -0.0836243 0.4667470
v 1.0688761 -0.0756083 0.4667470
v 1.0688761 -0.0836243 0.4667470
v 1.0625908 -0.0756083 0.4667470
v 1.0625908 -0.0836244 0.4667470
v 1.0446102 -0.0756083 0.4667470
v 1.0446102 -0.0836244 0.4667470
v 1.0297579 -0.0756083 0.4667470
v 1.0297579 -0.0836244 0.4667470
v 1.1189386 -0.0756083 0.4690076
v 1.1189387 -0.0756083 0.4667470
v 1.1046423 -0.0756082 0.4690076
v 1.1046424 -0.0756083 0.4667470
v 1.0864983 -0.0756083 0.4690076
v 1.0864984 -0.0756083 0.4667470
v 1.0799103 -0.0756083 0.4690077
v 1.0799103 -0.0756083 0.4667470
v 1.0688760 -0.0756083 0.4690077
v 1.0688761 -0.0756083 0.4667470
v 1.0625907 -0.0756083 0.4690077
v 1.0625908 -0.0756083 0.4667470
v 1.0446102 -0.0756083 0.4690077
v 1.0446102 -0.0756083 0.4667470
v 1.0297579 -0.0756083 0.4690077
v 1.0297579 -0.0756083 0.4667470
v 1.1189386 -0.0836243 0.4690076
v 1.1189386 -0.0756083 0.4690076
v 1.1046423 -0.0836243 0.4690076
v 1.1046423 -0.0756082 0.4690076
v 1.0864983 -0.0836244 0.4690076
v 1.0864983 -0.0756083 0.4690076
v 1.0799103 -0.0836244 0.4690077
v 1.0799103 -0.0756083 0.4690077
v 1.0688760 -0.0836245 0.4690077
v 1.0688760 -0.0756083 0.4690077
v 1.0625907 -0.0836245 0.4690077
v 1.0625907 -0.0756083 0.4690077
v 1.0446102 -0.0836245 0.4690077
v 1.0446102 -0.0756083 0.4690077
v 1.0297579 -0.0836244 0.4690077
v 1.0297579 -0.0756083 0.4690077
v -0.9751135 -0.0669886 0.6856832
v -0.9793043 -0.0669886 0.6856832
v -0.9751135 -0.0669886 0.6889940
v -0.9793043 -0.0669886 0.6889940
v -0.9709228 -0.0727145 0.6856832
v -0.9751135 -0.0669886 0.6856832
v -0.9709228 -0.0727145 0.6889940
v -0.9751135 -0.0669886 0.6889940
v -0.9834950 -0.0727145 0.6889940
v -0.9793043 -0.0669886 0.6889940
v -0.9834950 -0.0727145 0.6856832
v -0.9793043 -0.0669886 0.6856832
v -0.9751135 -0.0669886 0.6889940
v -0.9793043 -0.0669886 0.6889940
v -0.9709228 -0.0727145 0.6889940
v -0.9834950 -0.0727145 0.6889940
v -0.9834950 -0.0879042 0.6889940
v -0.9709228 -0.0879042 0.6889940
v -0.9834950 -0.0964607 0.6889940
v -0.9709228 -0.0964607 0.6889940
v -0.9793043 -0.0669886 0.6856832
v -0.9751135 -0.0669886 0.6856832
v -0.9834950 -0.0727145 0.6856832
v -0.9709228 -0.0727145 0.6856832
v -0.9834950 -0.0879042 0.6856832
v -0.9709228 -0.0879042 0.6856832
v -0.9834950 -0.0964607 0.6856832
v -0.9709228 -0.0964607 0.6856832
v -0.9834950 -0.0964607 0.6856832
v -0.9834950 -0.0964607 0.6889940
v -0.9834950 -0.0879042 0.6856832
v -0.9834950 -0.0879042 0.6889940
v -0.9834950 -0.0727145 0.6856832
v -0.9834950 -0.0727145 0.6889940
v -0.9709228 -0.0964607 0.6889940
v -0.9709228 -0.0964607 0.6856832
v -0.9709228 -0.0879042 0.6889940
v -0.9709228 -0.0879042 0.6856832
v -0.9709228 -0.0727145 0.6889940
v -0.9709228 -0.0727145 0.6856832
v -0.9336055 -0.0669886 0.6856832
v -0.9377962 -0.0669886 0.6856832
v -0.9336055 -0.0669886 0.6889940
v -0.9377962 -0.0669886 0.6889940
v -0.9294147 -0.0727145 0.6856832
v -0.9336055 -0.0669886 0.6856832
v -0.9294147 -0.0727145 0.6889940
v -0.9336055 -0.0669886 0.6889940
v -0.9419870 -0.0727145 0.6889940
v -0.9377962 -0.0669886 0.6889940
v -0.9419870 -0.0727145 0.6856832
v -0.9377962 -0.0669886 0.6856832
v -0.9336055 -0.0669886 0.6889940
v -0.9377962 -0.0669886 0.6889940
v -0.9294147 -0.0727145 0.6889940
v -0.9419870 -0.0727145 0.6889940
v -0.9419870 -0.0881690 0.6889940
v -0.9294147 -0.0881690 0.6889940
v -0.9419870 -0.0964607 0.6889940
v -0.9294147 -0.0964607 0.6889940
v -0.9377962 -0.0669886 0.6856832
v -0.9336055 -0.0669886 0.6856832
v -0.9419870 -0.0727145 0.6856832
v -0.9294147 -0.0727145 0.6856832
v -0.9419870 -0.0881690 0.6856832
v -0.9294147 -0.0881690 0.6856832
v -0.9419870 -0.0964607 0.6856832
v -0.9294147 -0.0964607 0.6856832
v -0.9419870 -0.0964607 0.6856832
v -0.9419870 -0.0964607 0.6889940
v -0.9419870 -0.0881690 0.6856832
v -0.9419870 -0.0881690 0.6889940
v -0.9419870 -0.0727145 0.6856832
v -0.9419870 -0.0727145 0.6889940
v -0.9294147 -0.0964607 0.6889940
v -0.9294147 -0.0964607 0.6856832
v -0.9294147 -0.0881690 0.6889940
v -0.9294147 -0.0881690 0.6856832
v -0.9294147 -0.0727145 0.6889940
v -0.9294147 -0.0727145 0.6856832
v -0.8920975 -0.0669886 0.6856832
v -0.8962882 -0.0669886 0.6856832
v -0.8920975 -0.0669886 0.6889940
v -0.8962876 -0.0669886 0.6889940
v -0.8879067 -0.0727145 0.6856832
v -0.8920975 -0.0669886 0.6856832
v -0.8879067 -0.0727145 0.6889940
v -0.8920975 -0.0669886 0.6889940
v -0.9004784 -0.0727145 0.6889940
v -0.8962876 -0.0669886 0.6889940
v -0.9004784 -0.0727145 0.6856832
v -0.8962882 -0.0669886 0.6856832
v -0.8920975 -0.0669886 0.6889940
v -0.8962876 -0.0669886 0.6889940
v -0.8879067 -0.0727145 0.6889940
v -0.9004784 -0.0727145 0.6889940
v -0.9004784 -0.0875126 0.6889940
v -0.8879067 -0.0875126 0.6889940
v -0.9004784 -0.0964607 0.6889940
v -0.8879067 -0.0964607 0.6889940
v -0.8962882 -0.0669886 0.6856832
v -0.8920975 -0.0669886 0.6856832
v -0.9004784 -0.0727145 0.6856832
v -0.8879067 -0.0727145 0.6856832
v -0.9004784 -0.0875126 0.6856832
v -0.8879067 -0.0875126 0.6856832
v -0.9004784 -0.0964607 0.6856832
v -0.8879067 -0.0964607 0.6856832
v -0.9004784 -0.0964607 0.6856832
v -0.9004784 -0.0964607 0.6889940
v -0.9004784 -0.0875126 0.6856832
v -0.9004784 -0.0875126 0.6889940
v -0.9004784 -0.0727145 0.6856832
v -0.9004784 -0.0727145 0.6889940
v -0.8879067 -0.0964607 0.6889940
v -0.8879067 -0.0964607 0.6856832
v -0.8879067 -0.0875126 0.6889940
v -0.8879067 -0.0875126 0.6856832
v -0.8879067 -0.0727145 0.6889940
v -0.8879067 -0.0727145 0.6856832
v -0.9803604 -0.0836244 0.6868220
v -0.9803604 -0.0756083 0.6868220
v -0.9803604 -0.0836244 0.6845618
v -0.9803604 -0.0756083 0.6845618
v -0.8911795 -0.0836243 0.6845618
v -0.8911795 -0.0756083 0.6845618
v -0.8911802 -0.0836243 0.6868220
v -0.8911802 -0.0756083 0.6868220
v -0.8911795 -0.0836243 0.6845618
v -0.8911802 -0.0836243 0.6868220
v -0.9054763 -0.0836243 0.6845618
v -0.9054763 -0.0836243 0.6868220
v -0.9236202 -0.0836243 0.6845618
v -0.9236202 -0.0836244 0.6868220
v -0.9302082 -0.0836243 0.6845618
v -0.9302082 -0.0836244 0.6868220
v -0.9412427 -0.0836243 0.6845618
v -0.9412427 -0.0836245 0.6868220
v -0.9475276 -0.0836244 0.6845618
v -0.9475276 -0.0836245 0.6868220
v -0.9655085 -0.0836244 0.6845618
v -0.9655085 -0.0836245 0.6868220
v -0.9803604 -0.0836244 0.6845618
v -0.9803604 -0.0836244 0.6868220
v -0.8911795 -0.0756083 0.6845618
v -0.8911795 -0.0836243 0.6845618
v -0.9054763 -0.0756083 0.6845618
v -0.9054763 -0.0836243 0.6845618
v -0.9236202 -0.0756083 0.6845618
v -0.9236202 -0.0836243 0.6845618
v -0.9302082 -0.0756083 0.6845618
v -0.9302082 -0.0836243 0.6845618
v -0.9412427 -0.0756083 0.6845618
v -0.9412427 -0.0836243 0.6845618
v -0.9475276 -0.0756083 0.6845618
v -0.9475276 -0.0836244 0.6845618
v -0.9655085 -0.0756083 0.6845618
v -0.9655085 -0.0836244 0.6845618
v -0.9803604 -0.0756083 0.6845618
v -0.9803604 -0.0836244 0.6845618
v -0.8911802 -0.0756083 0.6868220
v -0.8911795 -0.0756083 0.6845618
v -0.9054763 -0.0756082 0.6868220
v -0.9054763 -0.0756083 0.6845618
v -0.9236202 -0.0756083 0.6868220
v -0.9236202 -0.0756083 0.6845618
v -0.9302082 -0.0756083 0.6868220
v -0.9302082 -0.0756083 0.6845618
v -0.9412427 -0.0756083 0.6868220
v -0.9412427 -0.0756083 0.6845618
v -0.9475276 -0.0756083 0.6868220
v -0.9475276 -0.0756083 0.6845618
v -0.9655085 -0.0756083 0.6868220
v -0.9655085 -0.0756083 0.6845618
v -0.9803604 -0.0756083 0.6868220
v -0.9803604 -0.0756083 0.6845618
v -0.8911802 -0.0836243 0.6868220
v -0.8911802 -0.0756083 0.6868220
v -0.9054763 -0.0836243 0.6868220
v -0.9054763 -0.0756082 0.6868220
v -0.9236202 -0.0836244 0.6868220
v -0.9236202 -0.0756083 0.6868220
v -0.9302082 -0.0836244 0.6868220
v -0.9302082 -0.0756083 0.6868220
v -0.9412427 -0.0836245 0.6868220
v -0.9412427 -0.0756083 0.6868220
v -0.9475276 -0.0836245 0.6868220
v -0.9475276 -0.0756083 0.6868220
v -0.9655085 -0.0836245 0.6868220
v -0.9655085 -0.0756083 0.6868220
v -0.9803604 -0.0836244 0.6868220
v -0.9803604 -0.0756083 0.6868220
v 0.5993753 -0.0669886 0.7323578
v 0.5951847 -0.0669886 0.7323578
v 0.5993755 -0.0669886 0.7356686
v 0.5951849 -0.0669886 0.7356686
v 0.6035660 -0.0727145 0.7323578
v 0.5993753 -0.0669886 0.7323578
v 0.6035660 -0.0727145 0.7356686
v 0.5993755 -0.0669886 0.7356686
v 0.5909942 -0.0727145 0.7356686
v 0.5951849 -0.0669886 0.7356686
v 0.5909942 -0.0727145 0.7323578
v 0.5951847 -0.0669886 0.7323578
v 0.5993755 -0.0669886 0.7356686
v 0.5951849 -0.0669886 0.7356686
v 0.6035660 -0.0727145 0.7356686
v 0.5909942 -0.0727145 0.7356686
v 0.5909942 -0.0879042 0.7356686
v 0.6035660 -0.0879042 0.7356686
v 0.5909942 -0.0964607 0.7356686
v 0.6035660 -0.0964607 0.7356686
v 0.5951847 -0.0669886 0.7323578
v 0.5993753 -0.0669886 0.7323578
v 0.5909942 -0.0727145 0.7323578
v 0.6035660 -0.0727145 0.7323578
v 0.5909942 -0.0879042 0.7323578
v 0.6035660 -0.0879042 0.7323578
v 0.5909942 -0.0964607 0.7323578
v 0.6035660 -0.0964607 0.7323578
v 0.5909942 -0.0964607 0.7323578
v 0.5909942 -0.0964607 0.7356686
v 0.5909942 -0.0879042 0.7323578
v 0.5909942 -0.0879042 0.7356686
v 0.5909942 -0.0727145 0.7323578
v 0.5909942 -0.0727145 0.7356686
v 0.6035660 -0.0964607 0.7356686
v 0.6035660 -0.0964607 0.7323578
v 0.6035660 -0.0879042 0.7356686
v 0.6035660 -0.0879042 0.7323578
v 0.6035660 -0.0727145 0.7356686
v 0.6035660 -0.0727145 0.7323578
v 0.7113945 -0.0669886 0.7323578
v 0.7072037 -0.0669886 0.7323578
v 0.7113945 -0.0669886 0.7356686
v 0.7072039 -0.0669886 0.7356686
v 0.7155852 -0.0727145 0.7323578
v 0.7113945 -0.0669886 0.7323578
v 0.7155852 -0.0727145 0.7356686
v 0.7113945 -0.0669886 0.7356686
v 0.7030131 -0.0727145 0.7356686
v 0.7072039 -0.0669886 0.7356686
v 0.7030131 -0.0727145 0.7323578
v 0.7072037 -0.0669886 0.7323578
v 0.7113945 -0.0669886 0.7356686
v 0.7072039 -0.0669886 0.7356686
v 0.7155852 -0.0727145 0.7356686
v 0.7030131 -0.0727145 0.7356686
v 0.7030131 -0.0879042 0.7356686
v 0.7155852 -0.0879042 0.7356686
v 0.7030131 -0.0964607 0.7356686
v 0.7155852 -0.0964607 0.7356686
v 0.7072037 -0.0669886 0.7323578
v 0.7113945 -0.0669886 0.7323578
v 0.7030131 -0.0727145 0.7323578
v 0.7155852 -0.0727145 0.7323578
v 0.7030131 -0.0879042 0.7323578
v 0.7155852 -0.0879042 0.7323578
v 0.7030131 -0.0964607 0.7323578
v 0.7155852 -0.0964607 0.7323578
v 0.7030131 -0.0964607 0.7323578
v 0.7030131 -0.0964607 0.7356686
v 0.7030131 -0.0879042 0.7323578
v 0.7030131 -0.0879042 0.7356686
v 0.7030131 -0.0727145 0.7323578
v 0.7030131 -0.0727145 0.7356686
v 0.7155852 -0.0964607 0.7356686
v 0.7155852 -0.0964607 0.7323578
v 0.7155852 -0.0879042 0.7356686
v 0.7155852 -0.0879042 0.7323578
v 0.7155852 -0.0727145 0.7356686
v 0.7155852 -0.0727145 0.7323578
v 0.6408835 -0.0669886 0.7323578
v 0.6366929 -0.0669886 0.7323578
v 0.6408837 -0.0669886 0.7356686
v 0.6366931 -0.0669886 0.7356686
v 0.6450743 -0.0727145 0.7323578
v 0.6408835 -0.0669886 0.7323578
v 0.6450743 -0.0727145 0.7356686
v 0.6408837 -0.0669886 0.7356686
v 0.6325024 -0.0727145 0.7356686
v 0.6366931 -0.0669886 0.7356686
v 0.6325024 -0.0727145 0.7323578
v 0.6366929 -0.0669886 0.7323578
v 0.6408837 -0.0669886 0.7356686
v 0.6366931 -0.0669886 0.7356686
v 0.6450743 -0.0727145 0.7356686
v 0.6325024 -0.0727145 0.7356686
v 0.6325024 -0.0881690 0.7356686
v 0.6450743 -0.0881690 0.7356686
v 0.6325024 -0.0964607 0.7356686
v 0.6450743 -0.0964607 0.7356686
v 0.6366929 -0.0669886 0.7323578
v 0.6408835 -0.0669886 0.7323578
v 0.6325024 -0.0727145 0.7323578
v 0.6450743 -0.0727145 0.7323578
v 0.6325024 -0.0881690 0.7323578
v 0.6450743 -0.0881690 0.7323578
v 0.6325024 -0.0964607 0.7323578
v 0.6450743 -0.0964607 0.7323578
v 0.6325024 -0.0964607 0.7323578
v 0.6325024 -0.0964607 0.7356686
v 0.6325024 -0.0881690 0.7323578
v 0.6325024 -0.0881690 0.7356686
v 0.6325024 -0.0727145 0.7323578
v 0.6325024 -0.0727145 0.7356686
v 0.6450743 -0.0964607 0.7356686
v 0.6450743 -0.0964607 0.7323578
v 0.6450743 -0.0881690 0.7356686
v 0.6450743 -0.0881690 0.7323578
v 0.6450743 -0.0727145 0.7356686
v 0.6450743 -0.0727145 0.7323578
v 0.7529027 -0.0669886 0.7323578
v 0.7487119 -0.0669886 0.7323578
v 0.7529027 -0.0669886 0.7356686
v 0.7487121 -0.0669886 0.7356686
v 0.7570934 -0.0727145 0.7323578
v 0.7529027 -0.0669886 0.7323578
v 0.7570934 -0.0727145 0.7356686
v 0.7529027 -0.0669886 0.7356686
v 0.7445214 -0.0727145 0.7356686
v 0.7487121 -0.0669886 0.7356686
v 0.7445214 -0.0727145 0.7323578
v 0.7487119 -0.0669886 0.7323578
v 0.7529027 -0.0669886 0.7356686
v 0.7487121 -0.0669886 0.7356686
v 0.7570934 -0.0727145 0.7356686
v 0.7445214 -0.0727145 0.7356686
v 0.7445214 -0.0881690 0.7356686
v 0.7570934 -0.0881690 0.7356686
v 0.7445214 -0.0964607 0.7356686
v 0.7570934 -0.0964607 0.7356686
v 0.7487119 -0.0669886 0.7323578
v 0.7529027 -0.0669886 0.7323578
v 0.7445214 -0.0727145 0.7323578
v 0.7570934 -0.0727145 0.7323578
v 0.7445214 -0.0881690 0.7323578
v 0.7570934 -0.0881690 0.7323578
v 0.7445214 -0.0964607 0.7323578
v 0.7570934 -0.0964607 0.7323578
v 0.7445214 -0.0964607 0.7323578
v 0.7445214 -0.0964607 0.7356686
v 0.7445214 -0.0881690 0.7323578
v 0.7445214 -0.0881690 0.7356686
v 0.7445214 -0.0727145 0.7323578
v 0.7445214 -0.0727145 0.7356686
v 0.7570934 -0.0964607 0.7356686
v 0.7570934 -0.0964607 0.7323578
v 0.7570934 -0.0881690 0.7356686
v 0.7570934 -0.0881690 0.7323578
v 0.7570934 -0.0727145 0.7356686
v 0.7570934 -0.0727145 0.7323578
v 0.6823917 -0.0669886 0.7323578
v 0.6782011 -0.0669886 0.7323578
v 0.6823919 -0.0669886 0.7356686
v 0.6782013 -0.0669886 0.7356686
v 0.6865825 -0.0727145 0.7323578
v 0.6823917 -0.0669886 0.7323578
v 0.6865825 -0.0727145 0.7356686
v 0.6823919 -0.0669886 0.7356686
v 0.6740106 -0.0727145 0.7356686
v 0.6782013 -0.0669886 0.7356686
v 0.6740106 -0.0727145 0.7323578
v 0.6782011 -0.0669886 0.7323578
v 0.6823919 -0.0669886 0.7356686
v 0.6782013 -0.0669886 0.7356686
v 0.6865825 -0.0727145 0.7356686
v 0.6740106 -0.0727145 0.7356686
v 0.6740106 -0.0875126 0.7356686
v 0.6865825 -0.0875126 0.7356686
v 0.6740106 -0.0964607 0.7356686
v 0.6865825 -0.0964607 0.7356686
v 0.6782011 -0.0669886 0.7323578
v 0.6823917 -0.0669886 0.7323578
v 0.6740106 -0.0727145 0.7323578
v 0.6865825 -0.0727145 0.7323578
v 0.6740106 -0.0875126 0.7323578
v 0.6865825 -0.0875126 0.7323578
v 0.6740106 -0.0964607 0.7323578
v 0.6865825 -0.0964607 0.7323578
v 0.6740106 -0.0964607 0.7323578
v 0.6740106 -0.0964607 0.7356686
v 0.6740106 -0.0875126 0.7323578
v 0.6740106 -0.0875126 0.7356686
v 0.6740106 -0.0727145 0.7323578
v 0.6740106 -0.0727145 0.7356686
v 0.6865825 -0.0964607 0.7356686
v 0.6865825 -0.0964607 0.7323578
v 0.6865825 -0.0875126 0.7356686
v 0.6865825 -0.0875126 0.7323578
v 0.6865825 -0.0727145 0.7356686
v 0.6865825 -0.0727145 0.7323578
v 0.7944109 -0.0669886 0.7323578
v 0.7902201 -0.0669886 0.7323578
v 0.7944109 -0.0669886 0.7356686
v 0.7902203 -0.0669886 0.7356686
v 0.7986017 -0.0727145 0.7323578
v 0.7944109 -0.0669886 0.7323578
v 0.7986017 -0.0727145 0.7356686
v 0.7944109 -0.0669886 0.7356686
v 0.7860296 -0.0727145 0.7356686
v 0.7902203 -0.0669886 0.7356686
v 0.7860296 -0.0727145 0.7323578
v 0.7902201 -0.0669886 0.7323578
v 0.7944109 -0.0669886 0.7356686
v 0.7902203 -0.0669886 0.7356686
v 0.7986017 -0.0727145 0.7356686
v 0.7860296 -0.0727145 0.7356686
v 0.7860296 -0.0875126 0.7356686
v 0.7986017 -0.0875126 0.7356686
v 0.7860296 -0.0964607 0.7356686
v 0.7986017 -0.0964607 0.7356686
v 0.7902201 -0.0669886 0.7323578
v 0.7944109 -0.0669886 0.7323578
v 0.7860296 -0.0727145 0.7323578
v 0.7986017 -0.0727145 0.7323578
v 0.7860296 -0.0875126 0.7323578
v 0.7986017 -0.0875126 0.7323578
v 0.7860296 -0.0964607 0.7323578
v 0.7986017 -0.0964607 0.7323578
v 0.7860296 -0.0964607 0.7323578
v 0.7860296 -0.0964607 0.7356686
v 0.7860296 -0.0875126 0.7323578
v 0.7860296 -0.0875126 0.7356686
v 0.7860296 -0.0727145 0.7323578
v 0.7860296 -0.0727145 0.7356686
v 0.7986017 -0.0964607 0.7356686
v 0.7986017 -0.0964607 0.7323578
v 0.7986017 -0.0875126 0.7356686
v 0.7986017 -0.0875126 0.7323578
v 0.7986017 -0.0727145 0.7356686
v 0.7986017 -0.0727145 0.7323578
v 0.5941284 -0.0836244 0.7334973
v 0.5941284 -0.0756083 0.7334973
v 0.5941284 -0.0836244 0.7312363
v 0.5941284 -0.0756083 0.7312363
v 0.6833092 -0.0836244 0.7312363
v 0.6833092 -0.0756083 0.7312363
v 0.6833090 -0.0836244 0.7334973
v 0.6833090 -0.0756083 0.7334973
v 0.6833092 -0.0836244 0.7312363
v 0.6833090 -0.0836244 0.7334973
v 0.6690128 -0.0836244 0.7312363
v 0.6690128 -0.0836244 0.7334973
v 0.6508689 -0.0836244 0.7312363
v 0.6508689 -0.0836244 0.7334973
v 0.6442808 -0.0836244 0.7312363
v 0.6442808 -0.0836244 0.7334973
v 0.6332467 -0.0836244 0.7312363
v 0.6332465 -0.0836246 0.7334973
v 0.6269613 -0.0836244 0.7312363
v 0.6269613 -0.0836246 0.7334973
v 0.6089807 -0.0836244 0.7312363
v 0.6089807 -0.0836246 0.7334973
v 0.5941284 -0.0836244 0.7312363
v 0.5941284 -0.0836244 0.7334973
v 0.6833092 -0.0756083 0.7312363
v 0.6833092 -0.0836244 0.7312363
v 0.6690128 -0.0756083 0.7312363
v 0.6690128 -0.0836244 0.7312363
v 0.6508689 -0.0756083 0.7312363
v 0.6508689 -0.0836244 0.7312363
v 0.6442808 -0.0756083 0.7312363
v 0.6442808 -0.0836244 0.7312363
v 0.6332467 -0.0756083 0.7312363
v 0.6332467 -0.0836244 0.7312363
v 0.6269613 -0.0756083 0.7312363
v 0.6269613 -0.0836244 0.7312363
v 0.6089807 -0.0756083 0.7312363
v 0.6089807 -0.0836244 0.7312363
v 0.5941284 -0.0756083 0.7312363
v 0.5941284 -0.0836244 0.7312363
v 0.6833090 -0.0756083 0.7334973
v 0.6833092 -0.0756083 0.7312363
v 0.6690128 -0.0756083 0.7334973
v 0.6690128 -0.0756083 0.7312363
v 0.6508689 -0.0756083 0.7334973
v 0.6508689 -0.0756083 0.7312363
v 0.6442808 -0.0756083 0.7334973
v 0.6442808 -0.0756083 0.7312363
v 0.6332465 -0.0756083 0.7334973
v 0.6332467 -0.0756083 0.7312363
v 0.6269613 -0.0756083 0.7334973
v 0.6269613 -0.0756083 0.7312363
v 0.6089807 -0.0756083 0.7334973
v 0.6089807 -0.0756083 0.7312363
v 0.5941284 -0.0756083 0.7334973
v 0.5941284 -0.0756083 0.7312363
v 0.6833090 -0.0836244 0.7334973
v 0.6833090 -0.0756083 0.7334973
v 0.6690128 -0.0836244 0.7334973
v 0.6690128 -0.0756083 0.7334973
v 0.6508689 -0.0836244 0.7334973
v 0.6508689 -0.0756083 0.7334973
v 0.6442808 -0.0836244 0.7334973
v 0.6442808 -0.0756083 0.7334973
v 0.6332465 -0.0836246 0.7334973
v 0.6332465 -0.0756083 0.7334973
v 0.6269613 -0.0836246 0.7334973
v 0.6269613 -0.0756083 0.7334973
v 0.6089807 -0.0836246 0.7334973
v 0.6089807 -0.0756083 0.7334973
v 0.5941284 -0.0836244 0.7334973
v 0.5941284 -0.0756083 0.7334973
v 0.7061474 -0.0836244 0.7334973
v 0.7061474 -0.0756083 0.7334973
v 0.7061474 -0.0836244 0.7312363
v 0.7061474 -0.0756083 0.7312363
v 0.7953282 -0.0836244 0.7312363
v 0.7953282 -0.0756083 0.7312363
v 0.7953282 -0.0836244 0.7334973
v 0.7953282 -0.0756083 0.7334973
v 0.7953282 -0.0836244 0.7312363
v 0.7953282 -0.0836244 0.7334973
v 0.7810318 -0.0836244 0.7312363
v 0.7810318 -0.0836244 0.7334973
v 0.7628879 -0.0836244 0.7312363
v 0.7628879 -0.0836244 0.7334973
v 0.7563000 -0.0836244 0.7312363
v 0.7562998 -0.0836244 0.7334973
v 0.7452657 -0.0836244 0.7312363
v 0.7452657 -0.0836246 0.7334973
v 0.7389803 -0.0836244 0.7312363
v 0.7389803 -0.0836246 0.7334973
v 0.7209997 -0.0836244 0.7312363
v 0.7209997 -0.0836246 0.7334973
v 0.7061474 -0.0836244 0.7312363
v 0.7061474 -0.0836244 0.7334973
v 0.7953282 -0.0756083 0.7312363
v 0.7953282 -0.0836244 0.7312363
v 0.7810318 -0.0756083 0.7312363
v 0.7810318 -0.0836244 0.7312363
v 0.7628879 -0.0756083 0.7312363
v 0.7628879 -0.0836244 0.7312363
v 0.7563000 -0.0756083 0.7312363
v 0.7563000 -0.0836244 0.7312363
v 0.7452657 -0.0756083 0.7312363
v 0.7452657 -0.0836244 0.7312363
v 0.7389803 -0.0756083 0.7312363
v 0.7389803 -0.0836244 0.7312363
v 0.7209997 -0.0756083 0.7312363
v 0.7209997 -0.0836244 0.7312363
v 0.7061474 -0.0756083 0.7312363
v 0.7061474 -0.0836244 0.7312363
v 0.7953282 -0.0756083 0.7334973
v 0.7953282 -0.0756083 0.7312363
v 0.7810318 -0.0756083 0.7334973
v 0.7810318 -0.0756083 0.7312363
v 0.7628879 -0.0756083 0.7334973
v 0.7628879 -0.0756083 0.7312363
v 0.7562998 -0.0756083 0.7334973
v 0.7563000 -0.0756083 0.7312363
v 0.7452657 -0.0756083 0.7334973
v 0.7452657 -0.0756083 0.7312363
v 0.7389803 -0.0756083 0.7334973
v 0.7389803 -0.0756083 0.7312363
v 0.7209997 -0.0756083 0.7334973
v 0.7209997 -0.0756083 0.7312363
v 0.7061474 -0.0756083 0.7334973
v 0.7061474 -0.0756083 0.7312363
v 0.7953282 -0.0836244 0.7334973
v 0.7953282 -0.0756083 0.7334973
v 0.7810318 -0.0836244 0.7334973
v 0.7810318 -0.0756083 0.7334973
v 0.7628879 -0.0836244 0.7334973
v 0.7628879 -0.0756083 0.7334973
v 0.7562998 -0.0836244 0.7334973
v 0.7562998 -0.0756083 0.7334973
v 0.7452657 -0.0836246 0.7334973
v 0.7452657 -0.0756083 0.7334973
v 0.7389803 -0.0836246 0.7334973
v 0.7389803 -0.0756083 0.7334973
v 0.7209997 -0.0836246 0.7334973
v 0.7209997 -0.0756083 0.7334973
v 0.7061474 -0.0836244 0.7334973
v 0.7061474 -0.0756083 0.7334973
v -0.0167288 -0.0669886 0.9968471
v -0.0209195 -0.0669886 0.9968471
v -0.0167288 -0.0669886 1.0001578
v -0.0209195 -0.0669886 1.0001578
v -0.0125380 -0.0727145 0.9968471
v -0.0167288 -0.0669886 0.9968471
v -0.0125380 -0.0727145 1.0001578
v -0.0167288 -0.0669886 1.0001578
v -0.0251103 -0.0727145 1.0001578
v -0.0209195 -0.0669886 1.0001578
v -0.0251103 -0.0727145 0.9968471
v -0.0209195 -0.0669886 0.9968471
v -0.0167288 -0.0669886 1.0001578
v -0.0209195 -0.0669886 1.0001578
v -0.0125380 -0.0727145 1.0001578
v -0.0251103 -0.0727145 1.0001578
v -0.0251103 -0.0879042 1.0001578
v -0.0125380 -0.0879042 1.0001578
v -0.0251103 -0.0964607 1.0001578
v -0.0125380 -0.0964607 1.0001578
v -0.0209195 -0.0669886 0.9968471
v -0.0167288 -0.0669886 0.9968471
v -0.0251103 -0.0727145 0.9968471
v -0.0125380 -0.0727145 0.9968471
v -0.0251103 -0.0879042 0.9968471
v -0.0125380 -0.0879042 0.9968471
v -0.0251103 -0.0964607 0.9968471
v -0.0125380 -0.0964607 0.9968471
v -0.0251103 -0.0964607 0.9968471
v -0.0251103 -0.0964607 1.0001578
v -0.0251103 -0.0879042 0.9968471
v -0.0251103 -0.0879042 1.0001578
v -0.0251103 -0.0727145 0.9968471
v -0.0251103 -0.0727145 1.0001578
v -0.0125380 -0.0964607 1.0001578
v -0.0125380 -0.0964607 0.9968471
v -0.0125380 -0.0879042 1.0001578
v -0.0125380 -0.0879042 0.9968471
v -0.0125380 -0.0727145 1.0001578
v -0.0125380 -0.0727145 0.9968471
v 0.0247792 -0.0669886 0.9968471
v 0.0205885 -0.0669886 0.9968471
v 0.0247792 -0.0669886 1.0001578
v 0.0205885 -0.0669886 1.0001578
v 0.0289700 -0.0727145 0.9968471
v 0.0247792 -0.0669886 0.9968471
v 0.0289700 -0.0727145 1.0001578
v 0.0247792 -0.0669886 1.0001578
v 0.0163977 -0.0727145 1.0001578
v 0.0205885 -0.0669886 1.0001578
v 0.0163977 -0.0727145 0.9968471
v 0.0205885 -0.0669886 0.9968471
v 0.0247792 -0.0669886 1.0001578
v 0.0205885 -0.0669886 1.0001578
v 0.0289700 -0.0727145 1.0001578
v 0.0163977 -0.0727145 1.0001578
v 0.0163977 -0.0881690 1.0001578
v 0.0289700 -0.0881690 1.0001578
v 0.0163977 -0.0964607 1.0001578
v 0.0289700 -0.0964607 1.0001578
v 0.0205885 -0.0669886 0.9968471
v 0.0247792 -0.0669886 0.9968471
v 0.0163977 -0.0727145 0.9968471
v 0.0289700 -0.0727145 0.9968471
v 0.0163977 -0.0881690 0.9968471
v 0.0289700 -0.0881690 0.9968471
v 0.0163977 -0.0964607 0.9968471
v 0.0289700 -0.0964607 0.9968471
v 0.0163977 -0.0964607 0.9968471
v 0.0163977 -0.0964607 1.0001578
v 0.0163977 -0.0881690 0.9968471
v 0.0163977 -0.0881690 1.0001578
v 0.0163977 -0.0727145 0.9968471
v 0.0163977 -0.0727145 1.0001578
v 0.0289700 -0.0964607 1.0001578
v 0.0289700 -0.0964607 0.9968471
v 0.0289700 -0.0881690 1.0001578
v 0.0289700 -0.0881690 0.9968471
v 0.0289700 -0.0727145 1.0001578
v 0.0289700 -0.0727145 0.9968471
v 0.0662872 -0.0669886 0.9968471
v 0.0620965 -0.0669886 0.9968471
v 0.0662872 -0.0669886 1.0001578
v 0.0620971 -0.0669886 1.0001578
v 0.0704780 -0.0727145 0.9968471
v 0.0662872 -0.0669886 0.9968471
v 0.0704780 -0.0727145 1.0001578
v 0.0662872 -0.0669886 1.0001578
v 0.0579064 -0.0727145 1.0001578
v 0.0620971 -0.0669886 1.0001578
v 0.0579064 -0.0727145 0.9968471
v 0.0620965 -0.0669886 0.9968471
v 0.0662872 -0.0669886 1.0001578
v 0.0620971 -0.0669886 1.0001578
v 0.0704780 -0.0727145 1.0001578
v 0.0579064 -0.0727145 1.0001578
v 0.0579064 -0.0875126 1.0001578
v 0.0704780 -0.0875126 1.0001578
v 0.0579064 -0.0964607 1.0001578
v 0.0704780 -0.0964607 1.0001578
v 0.0620965 -0.0669886 0.9968471
v 0.0662872 -0.0669886 0.9968471
v 0.0579064 -0.0727145 0.9968471
v 0.0704780 -0.0727145 0.9968471
v 0.0579064 -0.0875126 0.9968471
v 0.0704780 -0.0875126 0.9968471
v 0.0579064 -0.0964607 0.9968471
v 0.0704780 -0.0964607 0.9968471
v 0.0579064 -0.0964607 0.9968471
v 0.0579064 -0.0964607 1.0001578
v 0.0579064 -0.0875126 0.9968471
v 0.0579064 -0.0875126 1.0001578
v 0.0579064 -0.0727145 0.9968471
v 0.0579064 -0.0727145 1.0001578
v 0.0704780 -0.0964607 1.0001578
v 0.0704780 -0.0964607 0.9968471
v 0.0704780 -0.0875126 1.0001578
v 0.0704780 -0.0875126 0.9968471
v 0.0704780 -0.0727145 1.0001578
v 0.0704780 -0.0727145 0.9968471
v -0.0219763 -0.0836244 0.9979859
v -0.0219763 -0.0756083 0.9979859
v -0.0219763 -0.0836244 0.9957256
v -0.0219763 -0.0756083 0.9957256
v 0.0672045 -0.0836243 0.9957256
v 0.0672045 -0.0756083 0.9957256
v 0.0672045 -0.0836243 0.9979859
v 0.0672045 -0.0756083 0.9979859
v 0.0672045 -0.0836243 0.9957256
v 0.0672045 -0.0836243 0.9979859
v 0.0529084 -0.0836243 0.9957256
v 0.0529084 -0.0836243 0.9979859
v 0.0347645 -0.0836243 0.9957256
v 0.0347645 -0.0836244 0.9979859
v 0.0281765 -0.0836243 0.9957256
v 0.0281765 -0.0836244 0.9979859
v 0.0171420 -0.0836243 0.9957256
v 0.0171420 -0.0836245 0.9979859
v 0.0108571 -0.0836244 0.9957256
v 0.0108565 -0.0836245 0.9979859
v -0.0071238 -0.0836244 0.9957256
v -0.0071238 -0.0836245 0.9979859
v -0.0219763 -0.0836244 0.9957256
v -0.0219763 -0.0836244 0.9979859
v 0.0672045 -0.0756083 0.9957256
v 0.0672045 -0.0836243 0.9957256
v 0.0529084 -0.0756083 0.9957256
v 0.0529084 -0.0836243 0.9957256
v 0.0347645 -0.0756083 0.9957256
v 0.0347645 -0.0836243 0.9957256
v 0.0281765 -0.0756083 0.9957256
v 0.0281765 -0.0836243 0.9957256
v 0.0171420 -0.0756083 0.9957256
v 0.0171420 -0.0836243 0.9957256
v 0.0108571 -0.0756083 0.9957256
v 0.0108571 -0.0836244 0.9957256
v -0.0071238 -0.0756083 0.9957256
v -0.0071238 -0.0836244 0.9957256
v -0.0219763 -0.0756083 0.9957256
v -0.0219763 -0.0836244 0.9957256
v 0.0672045 -0.0756083 0.9979859
v 0.0672045 -0.0756083 0.9957256
v 0.0529084 -0.0756082 0.9979859
v 0.0529084 -0.0756083 0.9957256
v 0.0347645 -0.0756083 0.9979859
v 0.0347645 -0.0756083 0.9957256
v 0.0281765 -0.0756083 0.9979859
v 0.0281765 -0.0756083 0.9957256
v 0.0171420 -0.0756083 0.9979859
v 0.0171420 -0.0756083 0.9957256
v 0.0108565 -0.0756083 0.9979859
v 0.0108571 -0.0756083 0.9957256
v -0.0071238 -0.0756083 0.9979859
v -0.0071238 -0.0756083 0.9957256
v -0.0219763 -0.0756083 0.9979859
v -0.0219763 -0.0756083 0.9957256
v 0.0672045 -0.0836243 0.9979859
v 0.0672045 -0.0756083 0.9979859
v 0.0529084 -0.0836243 0.9979859
v 0.0529084 -0.0756082 0.9979859
v 0.0347645 -0.0836244 0.9979859
v 0.0347645 -0.0756083 0.9979859
v 0.0281765 -0.0836244 0.9979859
v 0.0281765 -0.0756083 0.9979859
v 0.0171420 -0.0836245 0.9979859
v 0.0171420 -0.0756083 0.9979859
v 0.0108565 -0.0836245 0.9979859
v 0.0108565 -0.0756083 0.9979859
v -0.0071238 -0.0836245 0.9979859
v -0.0071238 -0.0756083 0.9979859
v -0.0219763 -0.0836244 0.9979859
v -0.0219763 -0.0756083 0.9979859
vt 0.3595428 0.7826415
vt 0.3595428 0.8110362
vt 0.4241065 0.7826406
vt 0.4241066 0.8110353
vt 0.4140096 0.7654037
vt 0.4140096 0.7027647
vt 0.3494457 0.7654037
vt 0.3494457 0.7027647
vt 0.4140096 0.7654037
vt 0.4140096 0.7027647
vt 0.3494457 0.7654037
vt 0.3494457 0.7027647
vt 0.7317753 0.3054095
vt 0.8099663 0.3054095
vt 0.6538372 0.3612440
vt 0.8884132 0.3612440
vt 0.8884132 0.5093608
vt 0.6538372 0.5093608
vt 0.8884132 0.5927961
vt 0.6538372 0.5927961
vt 0.8102221 0.8077731
vt 0.7320310 0.8077731
vt 0.8884132 0.8636076
vt 0.6538372 0.8636076
vt 0.8884132 1.0117242
vt 0.6538372 1.0117242
vt 0.8884132 1.0951595
vt 0.6538372 1.0951595
vt 0.3494457 0.9969556
vt 0.4140096 0.9969556
vt 0.3494457 0.9135204
vt 0.4140096 0.9135204
vt 0.3494457 0.7654037
vt 0.4140096 0.7654037
vt 0.3494457 0.9969556
vt 0.4140096 0.9969556
vt 0.3494457 0.9135204
vt 0.4140096 0.9135204
vt 0.3494457 0.7654037
vt 0.4140096 0.7654037
vt 0.3595428 0.7826415
vt 0.3595428 0.8110362
vt 0.4241065 0.7826406
vt 0.4241066 0.8110353
vt 0.4140096 0.7654037
vt 0.4140096 0.7027647
vt 0.3494457 0.7654037
vt 0.3494457 0.7027647
vt 0.4140096 0.7654037
vt 0.4140096 0.7027647
vt 0.3494457 0.7654037
vt 0.3494457 0.7027647
vt 0.7317753 0.3054095
vt 0.8099663 0.3054095
vt 0.6538372 0.3612440
vt 0.8884132 0.3612440
vt 0.8884132 0.5093608
vt 0.6538372 0.5093608
vt 0.8884132 0.5927961
vt 0.6538372 0.5927961
vt 0.8102221 0.8077731
vt 0.7320310 0.8077731
vt 0.8884132 0.8636076
vt 0.6538372 0.8636076
vt 0.8884132 1.0117242
vt 0.6538372 1.0117242
vt 0.8884132 1.0951595
vt 0.6538372 1.0951595
vt 0.3494457 0.9969556
vt 0.4140096 0.9969556
vt 0.3494457 0.9135204
vt 0.4140096 0.9135204
vt 0.3494457 0.7654037
vt 0.4140096 0.7654037
vt 0.3494457 0.9969556
vt 0.4140096 0.9969556
vt 0.3494457 0.9135204
vt 0.4140096 0.9135204
vt 0.3494457 0.7654037
vt 0.4140096 0.7654037
vt 0.3595428 0.7826415
vt 0.3595428 0.8110362
vt 0.4241065 0.7826406
vt 0.4241066 0.8110353
vt 0.4140096 0.7654037
vt 0.4140096 0.7027647
vt 0.3494457 0.7654037
vt 0.3494457 0.7027647
vt 0.4140096 0.7654037
vt 0.4140096 0.7027647
vt 0.3494457 0.7654037
vt 0.3494457 0.7027647
vt 0.7317753 0.3054095
vt 0.8099663 0.3054095
vt 0.6538372 0.3612440
vt 0.8884132 0.3612440
vt 0.8884132 0.5119433
vt 0.6538372 0.5119433
vt 0.8884132 0.5927961
vt 0.6538372 0.5927961
vt 0.8102221 0.8077731
vt 0.7320310 0.8077731
vt 0.8884132 0.8636076
vt 0.6538372 0.8636076
vt 0.8884132 1.0143068
vt 0.6538372 1.0143068
vt 0.8884132 1.0951595
vt 0.6538372 1.0951595
vt 0.3494457 0.9969556
vt 0.4140096 0.9969556
vt 0.3494457 0.9161028
vt 0.4140096 0.9161028
vt 0.3494457 0.7654037
vt 0.4140096 0.7654037
vt 0.3494457 0.9969556
vt 0.4140096 0.9969556
vt 0.3494457 0.9161028
vt 0.4140096 0.9161028
vt 0.3494457 0.7654037
vt 0.4140096 0.7654037
vt 0.3595428 0.7826415
vt 0.3595428 0.8110362
vt 0.4241065 0.7826406
vt 0.4241066 0.8110353
vt 0.4140096 0.7654037
vt 0.4140096 0.7027647
vt 0.3494457 0.7654037
vt 0.3494457 0.7027647
vt 0.4140096 0.7654037
vt 0.4140096 0.7027647
vt 0.3494457 0.7654037
vt 0.3494457 0.7027647
vt 0.7317753 0.3054095
vt 0.8099663 0.3054095
vt 0.6538372 0.3612440
vt 0.8884132 0.3612440
vt 0.8884132 0.5119433
vt 0.6538372 0.5119433
vt 0.8884132 0.5927961
vt 0.6538372 0.5927961
vt 0.8102221 0.8077731
vt 0.7320310 0.8077731
vt 0.8884132 0.8636076
vt 0.6538372 0.8636076
vt 0.8884132 1.0143068
vt 0.6538372 1.0143068
vt 0.8884132 1.0951595
vt 0.6538372 1.0951595
vt 0.3494457 0.9969556
vt 0.4140096 0.9969556
vt 0.3494457 0.9161028
vt 0.4140096 0.9161028
vt 0.3494457 0.7654037
vt 0.4140096 0.7654037
vt 0.3494457 0.9969556
vt 0.4140096 0.9969556
vt 0.3494457 0.9161028
vt 0.4140096 0.9161028
vt 0.3494457 0.7654037
vt 0.4140096 0.7654037
vt 0.3595428 0.7826415
vt 0.3595428 0.8110362
vt 0.4241065 0.7826406
vt 0.4241066 0.8110353
vt 0.4140096 0.7654037
vt 0.4140096 0.7027647
vt 0.3494457 0.7654037
vt 0.3494457 0.7027647
vt 0.4140096 0.7654037
vt 0.4140096 0.7027647
vt 0.3494457 0.7654037
vt 0.3494457 0.7027647
vt 0.7317753 0.3054095
vt 0.8099663 0.3054095
vt 0.6538372 0.3612440
vt 0.8884132 0.3612440
vt 0.8884132 0.5055425
vt 0.6538372 0.5055425
vt 0.8884132 0.5927961
vt 0.6538372 0.5927961
vt 0.8102221 0.8077731
vt 0.7320310 0.8077731
vt 0.8884132 0.8636076
vt 0.6538372 0.8636076
vt 0.8884132 1.0079060
vt 0.6538372 1.0079060
vt 0.8884132 1.0951595
vt 0.6538372 1.0951595
vt 0.3494457 0.9969556
vt 0.4140096 0.9969556
vt 0.3494457 0.9097020
vt 0.4140096 0.9097020
vt 0.3494457 0.7654037
vt 0.4140096 0.7654037
vt 0.3494457 0.9969556
vt 0.4140096 0.9969556
vt 0.3494457 0.9097020
vt 0.4140096 0.9097020
vt 0.3494457 0.7654037
vt 0.4140096 0.7654037
vt 0.3595428 0.7826415
vt 0.3595428 0.8110362
vt 0.4241065 0.7826406
vt 0.4241066 0.8110353
vt 0.4140096 0.7654037
vt 0.4140096 0.7027647
vt 0.3494457 0.7654037
vt 0.3494457 0.7027647
vt 0.4140096 0.7654037
vt 0.4140096 0.7027647
vt 0.3494457 0.7654037
vt 0.3494457 0.7027647
vt 0.7317753 0.3054095
vt 0.8099663 0.3054095
vt 0.6538372 0.3612440
vt 0.8884132 0.3612440
vt 0.8884132 0.5055425
vt 0.6538372 0.5055425
vt 0.8884132 0.5927961
vt 0.6538372 0.5927961
vt 0.8102221 0.8077731
vt 0.7320310 0.8077731
vt 0.8884132 0.8636076
vt 0.6538372 0.8636076
vt 0.8884132 1.0079060
vt 0.6538372 1.0079060
vt 0.8884132 1.0951595
vt 0.6538372 1.0951595
vt 0.3494457 0.9969556
vt 0.4140096 0.9969556
vt 0.3494457 0.9097020
vt 0.4140096 0.9097020
vt 0.3494457 0.7654037
vt 0.4140096 0.7654037
vt 0.3494457 0.9969556
vt 0.4140096 0.9969556
vt 0.3494457 0.9097020
vt 0.4140096 0.9097020
vt 0.3494457 0.7654037
vt 0.4140096 0.7654037
vt 1.7315670 -2.9564110
vt 1.7315670 -3.0448000
vt 1.7094700 -2.9564110
vt 1.7094700 -3.0448000
vt 1.7315670 -2.9564110
vt 1.7315670 -3.0448000
vt 1.7094700 -2.9564110
vt 1.7094700 -3.0448000
vt 1.7315670 1.1665199
vt 1.7094700 1.1665199
vt 1.7315670 0.9385381
vt 1.7094700 0.9385379
vt 1.7315670 0.6491982
vt 1.7094700 0.6491977
vt 1.7315670 0.5441386
vt 1.7094700 0.5441380
vt 1.7315670 0.3681768
vt 1.7094700 0.3681761
vt 1.7315670 0.2679458
vt 1.7094700 0.2679451
vt 1.7315670 -0.0187900
vt 1.7094700 -0.0187900
vt 1.7315670 -0.2556370
vt 1.7094700 -0.2556370
vt 1.7451190 1.1665199
vt 1.7893130 1.1665199
vt 1.7451190 0.9385381
vt 1.7893130 0.9385381
vt 1.7451190 0.6491981
vt 1.7893130 0.6491981
vt 1.7451190 0.5441385
vt 1.7893130 0.5441385
vt 1.7451190 0.3681768
vt 1.7893130 0.3681768
vt 1.7451190 0.2679458
vt 1.7893130 0.2679458
vt 1.7451190 -0.0187900
vt 1.7893130 -0.0187900
vt 1.7451190 -0.2556370
vt 1.7893130 -0.2556370
vt 1.7094700 1.1665199
vt 1.7315670 1.1665199
vt 1.7094700 0.9385379
vt 1.7315670 0.9385381
vt 1.7094700 0.6491977
vt 1.7315670 0.6491982
vt 1.7094700 0.5441380
vt 1.7315670 0.5441386
vt 1.7094700 0.3681761
vt 1.7315670 0.3681768
vt 1.7094700 0.2679451
vt 1.7315670 0.2679458
vt 1.7094700 -0.0187900
vt 1.7315670 -0.0187900
vt 1.7094700 -0.2556370
vt 1.7315670 -0.2556370
vt 1.7893130 1.1665199
vt 1.7451190 1.1665199
vt 1.7893130 0.9385378
vt 1.7451190 0.9385378
vt 1.7893130 0.6491981
vt 1.7451190 0.6491977
vt 1.7893130 0.5441385
vt 1.7451190 0.5441380
vt 1.7893130 0.3681768
vt 1.7451190 0.3681761
vt 1.7893130 0.2679458
vt 1.7451190 0.2679451
vt 1.7893130 -0.0187900
vt 1.7451190 -0.0187900
vt 1.7893130 -0.2556370
vt 1.7451190 -0.2556370
vt 1.7315670 -2.9564110
vt 1.7315670 -3.0448000
vt 1.7094700 -2.9564110
vt 1.7094700 -3.0448000
vt 1.7315670 -2.9564110
vt 1.7315670 -3.0448000
vt 1.7094700 -2.9564110
vt 1.7094700 -3.0448000
vt 1.7315670 1.1665199
vt 1.7094700 1.1665199
vt 1.7315670 0.9385381
vt 1.7094700 0.9385379
vt 1.7315670 0.6491982
vt 1.7094700 0.6491977
vt 1.7315670 0.5441386
vt 1.7094700 0.5441380
vt 1.7315670 0.3681768
vt 1.7094700 0.3681761
vt 1.7315670 0.2679458
vt 1.7094700 0.2679451
vt 1.7315670 -0.0187900
vt 1.7094700 -0.0187900
vt 1.7315670 -0.2556370
vt 1.7094700 -0.2556370
vt 1.7451190 1.1665199
vt 1.7893130 1.1665199
vt 1.7451190 0.9385381
vt 1.7893130 0.9385381
vt 1.7451190 0.6491981
vt 1.7893130 0.6491981
vt 1.7451190 0.5441385
vt 1.7893130 0.5441385
vt 1.7451190 0.3681768
vt 1.7893130 0.3681768
vt 1.7451190 0.2679458
vt 1.7893130 0.2679458
vt 1.7451190 -0.0187900
vt 1.7893130 -0.0187900
vt 1.7451190 -0.2556370
vt 1.7893130 -0.2556370
vt 1.7094700 1.1665199
vt 1.7315670 1.1665199
vt 1.7094700 0.9385379
vt 1.7315670 0.9385381
vt 1.7094700 0.6491977
vt 1.7315670 0.6491982
vt 1.7094700 0.5441380
vt 1.7315670 0.5441386
vt 1.7094700 0.3681761
vt 1.7315670 0.3681768
vt 1.7094700 0.2679451
vt 1.7315670 0.2679458
vt 1.7094700 -0.0187900
vt 1.7315670 -0.0187900
vt 1.7094700 -0.2556370
vt 1.7315670 -0.2556370
vt 1.7893130 1.1665199
vt 1.7451190 1.1665199
vt 1.7893130 0.9385378
vt 1.7451190 0.9385378
vt 1.7893130 0.6491981
vt 1.7451190 0.6491977
vt 1.7893130 0.5441385
vt 1.7451190 0.5441380
vt 1.7893130 0.3681768
vt 1.7451190 0.3681761
vt 1.7893130 0.2679458
vt 1.7451190 0.2679451
vt 1.7893130 -0.0187900
vt 1.7451190 -0.0187900
vt 1.7893130 -0.2556370
vt 1.7451190 -0.2556370
vt 0.3595428 0.7826415
vt 0.3595428 0.8110362
vt 0.4241065 0.7826406
vt 0.4241066 0.8110353
vt 0.4140096 0.7654037
vt 0.4140096 0.7027647
vt 0.3494457 0.7654037
vt 0.3494457 0.7027647
vt 0.4140096 0.7654037
vt 0.4140096 0.7027647
vt 0.3494457 0.7654037
vt 0.3494457 0.7027647
vt 0.7317753 0.3054095
vt 0.8099663 0.3054095
vt 0.6538372 0.3612440
vt 0.8884132 0.3612440
vt 0.8884132 0.5093608
vt 0.6538372 0.5093608
vt 0.8884132 0.5927961
vt 0.6538372 0.5927961
vt 0.8102221 0.8077731
vt 0.7320310 0.8077731
vt 0.8884132 0.8636076
vt 0.6538372 0.8636076
vt 0.8884132 1.0117242
vt 0.6538372 1.0117242
vt 0.8884132 1.0951595
vt 0.6538372 1.0951595
vt 0.3494457 0.9969556
vt 0.4140096 0.9969556
vt 0.3494457 0.9135204
vt 0.4140096 0.9135204
vt 0.3494457 0.7654037
vt 0.4140096 0.7654037
vt 0.3494457 0.9969556
vt 0.4140096 0.9969556
vt 0.3494457 0.9135204
vt 0.4140096 0.9135204
vt 0.3494457 0.7654037
vt 0.4140096 0.7654037
vt 0.3595428 0.7826415
vt 0.3595428 0.8110362
vt 0.4241065 0.7826406
vt 0.4241066 0.8110353
vt 0.4140096 0.7654037
vt 0.4140096 0.7027647
vt 0.3494457 0.7654037
vt 0.3494457 0.7027647
vt 0.4140096 0.7654037
vt 0.4140096 0.7027647
vt 0.3494457 0.7654037
vt 0.3494457 0.7027647
vt 0.7317753 0.3054095
vt 0.8099663 0.3054095
vt 0.6538372 0.3612440
vt 0.8884132 0.3612440
vt 0.8884132 0.5093608
vt 0.6538372 0.5093608
vt 0.8884132 0.5927961
vt 0.6538372 0.5927961
vt 0.8102221 0.8077731
vt 0.7320310 0.8077731
vt 0.8884132 0.8636076
vt 0.6538372 0.8636076
vt 0.8884132 1.0117242
vt 0.6538372 1.0117242
vt 0.8884132 1.0951595
vt 0.6538372 1.0951595
vt 0.3494457 0.9969556
vt 0.4140096 0.9969556
vt 0.3494457 0.9135204
vt 0.4140096 0.9135204
vt 0.3494457 0.7654037
vt 0.4140096 0.7654037
vt 0.3494457 0.9969556
vt 0.4140096 0.9969556
vt 0.3494457 0.9135204
vt 0.4140096 0.9135204
vt 0.3494457 0.7654037
vt 0.4140096 0.7654037
vt 0.3595428 0.7826415
vt 0.3595428 0.8110362
vt 0.4241065 0.7826406
vt 0.4241066 0.8110353
vt 0.4140096 0.7654037
vt 0.4140096 0.7027647
vt 0.3494457 0.7654037
vt 0.3494457 0.7027647
vt 0.4140096 0.7654037
vt 0.4140096 0.7027647
vt 0.3494457 0.7654037
vt 0.3494457 0.7027647
vt 0.7317753 0.3054095
vt 0.8099663 0.3054095
vt 0.6538372 0.3612440
vt 0.8884132 0.3612440
vt 0.8884132 0.5119433
vt 0.6538372 0.5119433
vt 0.8884132 0.5927961
vt 0.6538372 0.5927961
vt 0.8102221 0.8077731
vt 0.7320310 0.8077731
vt 0.8884132 0.8636076
vt 0.6538372 0.8636076
vt 0.8884132 1.0143068
vt 0.6538372 1.0143068
vt 0.8884132 1.0951595
vt 0.6538372 1.0951595
vt 0.3494457 0.9969556
vt 0.4140096 0.9969556
vt 0.3494457 0.9161028
vt 0.4140096 0.9161028
vt 0.3494457 0.7654037
vt 0.4140096 0.7654037
vt 0.3494457 0.9969556
vt 0.4140096 0.9969556
vt 0.3494457 0.9161028
vt 0.4140096 0.9161028
vt 0.3494457 0.7654037
vt 0.4140096 0.7654037
vt 0.3595428 0.7826415
vt 0.3595428 0.8110362
vt 0.4241065 0.7826406
vt 0.4241066 0.8110353
vt 0.4140096 0.7654037
vt 0.4140096 0.7027647
vt 0.3494457 0.7654037
vt 0.3494457 0.7027647
vt 0.4140096 0.7654037
vt 0.4140096 0.7027647
vt 0.3494457 0.7654037
vt 0.3494457 0.7027647
vt 0.7317753 0.3054095
vt 0.8099663 0.3054095
vt 0.6538372 0.3612440
vt 0.8884132 0.3612440
vt 0.8884132 0.5119433
vt 0.6538372 0.5119433
vt 0.8884132 0.5927961
vt 0.6538372 0.5927961
vt 0.8102221 0.8077731
vt 0.7320310 0.8077731
vt 0.8884132 0.8636076
vt 0.6538372 0.8636076
vt 0.8884132 1.0143068
vt 0.6538372 1.0143068
vt 0.8884132 1.0951595
vt 0.6538372 1.0951595
vt 0.3494457 0.9969556
vt 0.4140096 0.9969556
vt 0.3494457 0.9161028
vt 0.4140096 0.9161028
vt 0.3494457 0.7654037
vt 0.4140096 0.7654037
vt 0.3494457 0.9969556
vt 0.4140096 0.9969556
vt 0.3494457 0.9161028
vt 0.4140096 0.9161028
vt 0.3494457 0.7654037
vt 0.4140096 0.7654037
vt 0.3595428 0.7826415
vt 0.3595428 0.8110362
vt 0.4241065 0.7826406
vt 0.4241066 0.8110353
vt 0.4140096 0.7654037
vt 0.4140096 0.7027647
vt 0.3494457 0.7654037
vt 0.3494457 0.7027647
vt 0.4140096 0.7654037
vt 0.4140096 0.7027647
vt 0.3494457 0.7654037
vt 0.3494457 0.7027647
vt 0.7317753 0.3054095
vt 0.8099663 0.3054095
vt 0.6538372 0.3612440
vt 0.8884132 0.3612440
vt 0.8884132 0.5055425
vt 0.6538372 0.5055425
vt 0.8884132 0.5927961
vt 0.6538372 0.5927961
vt 0.8102221 0.8077731
vt 0.7320310 0.8077731
vt 0.8884132 0.8636076
vt 0.6538372 0.8636076
vt 0.8884132 1.0079060
vt 0.6538372 1.0079060
vt 0.8884132 1.0951595
vt 0.6538372 1.0951595
vt 0.3494457 0.9969556
vt 0.4140096 0.9969556
vt 0.3494457 0.9097020
vt 0.4140096 0.9097020
vt 0.3494457 0.7654037
vt 0.4140096 0.7654037
vt 0.3494457 0.9969556
vt 0.4140096 0.9969556
vt 0.3494457 0.9097020
vt 0.4140096 0.9097020
vt 0.3494457 0.7654037
vt 0.4140096 0.7654037
vt 0.3595428 0.7826415
vt 0.3595428 0.8110362
vt 0.4241065 0.7826406
vt 0.4241066 0.8110353
vt 0.4140096 0.7654037
vt 0.4140096 0.7027647
vt 0.3494457 0.7654037
vt 0.3494457 0.7027647
vt 0.4140096 0.7654037
vt 0.4140096 0.7027647
vt 0.3494457 0.7654037
vt 0.3494457 0.7027647
vt 0.7317753 0.3054095
vt 0.8099663 0.3054095
vt 0.6538372 0.3612440
vt 0.8884132 0.3612440
vt 0.8884132 0.5055425
vt 0.6538372 0.5055425
vt 0.8884132 0.5927961
vt 0.6538372 0.5927961
vt 0.8102221 0.8077731
vt 0.7320310 0.8077731
vt 0.8884132 0.8636076
vt 0.6538372 0.8636076
vt 0.8884132 1.0079060
vt 0.6538372 1.0079060
vt 0.8884132 1.0951595
vt 0.6538372 1.0951595
vt 0.3494457 0.9969556
vt 0.4140096 0.9969556
vt 0.3494457 0.9097020
vt 0.4140096 0.9097020
vt 0.3494457 0.7654037
vt 0.4140096 0.7654037
vt 0.3494457 0.9969556
vt 0.4140096 0.9969556
vt 0.3494457 0.9097020
vt 0.4140096 0.9097020
vt 0.3494457 0.7654037
vt 0.4140096 0.7654037
vt 1.7315670 -2.9564110
vt 1.7315670 -3.0448000
vt 1.7094700 -2.9564110
vt 1.7094700 -3.0448000
vt 1.7315670 -2.9564110
vt 1.7315670 -3.0448000
vt 1.7094700 -2.9564110
vt 1.7094700 -3.0448000
vt 1.7315670 1.1665199
vt 1.7094700 1.1665199
vt 1.7315670 0.9385381
vt 1.7094700 0.9385379
vt 1.7315670 0.6491982
vt 1.7094700 0.6491977
vt 1.7315670 0.5441386
vt 1.7094700 0.5441380
vt 1.7315670 0.3681768
vt 1.7094700 0.3681761
vt 1.7315670 0.2679458
vt 1.7094700 0.2679451
vt 1.7315670 -0.0187900
vt 1.7094700 -0.0187900
vt 1.7315670 -0.2556370
vt 1.7094700 -0.2556370
vt 1.7451190 1.1665199
vt 1.7893130 1.1665199
vt 1.7451190 0.9385381
vt 1.7893130 0.9385381
vt 1.7451190 0.6491981
vt 1.7893130 0.6491981
vt 1.7451190 0.5441385
vt 1.7893130 0.5441385
vt 1.7451190 0.3681768
vt 1.7893130 0.3681768
vt 1.7451190 0.2679458
vt 1.7893130 0.2679458
vt 1.7451190 -0.0187900
vt 1.7893130 -0.0187900
vt 1.7451190 -0.2556370
vt 1.7893130 -0.2556370
vt 1.7094700 1.1665199
vt 1.7315670 1.1665199
vt 1.7094700 0.9385379
vt 1.7315670 0.9385381
vt 1.7094700 0.6491977
vt 1.7315670 0.6491982
vt 1.7094700 0.5441380
vt 1.7315670 0.5441386
vt 1.7094700 0.3681761
vt 1.7315670 0.3681768
vt 1.7094700 0.2679451
vt 1.7315670 0.2679458
vt 1.7094700 -0.0187900
vt 1.7315670 -0.0187900
vt 1.7094700 -0.2556370
vt 1.7315670 -0.2556370
vt 1.7893130 1.1665199
vt 1.7451190 1.1665199
vt 1.7893130 0.9385378
vt 1.7451190 0.9385378
vt 1.7893130 0.6491981
vt 1.7451190 0.6491977
vt 1.7893130 0.5441385
vt 1.7451190 0.5441380
vt 1.7893130 0.3681768
vt 1.7451190 0.3681761
vt 1.7893130 0.2679458
vt 1.7451190 0.2679451
vt 1.7893130 -0.0187900
vt 1.7451190 -0.0187900
vt 1.7893130 -0.2556370
vt 1.7451190 -0.2556370
vt 1.7315670 -2.9564110
vt 1.7315670 -3.0448000
vt 1.7094700 -2.9564110
vt 1.7094700 -3.0448000
vt 1.7315670 -2.9564110
vt 1.7315670 -3.0448000
vt 1.7094700 -2.9564110
vt 1.7094700 -3.0448000
vt 1.7315670 1.1665199
vt 1.7094700 1.1665199
vt 1.7315670 0.9385381
vt 1.7094700 0.9385379
vt 1.7315670 0.6491982
vt 1.7094700 0.6491977
vt 1.7315670 0.5441386
vt 1.7094700 0.5441380
vt 1.7315670 0.3681768
vt 1.7094700 0.3681761
vt 1.7315670 0.2679458
vt 1.7094700 0.2679451
vt 1.7315670 -0.0187900
vt 1.7094700 -0.0187900
vt 1.7315670 -0.2556370
vt 1.7094700 -0.2556370
vt 1.7451190 1.1665199
vt 1.7893130 1.1665199
vt 1.7451190 0.9385381
vt 1.7893130 0.9385381
vt 1.7451190 0.6491981
vt 1.7893130 0.6491981
vt 1.7451190 0.5441385
vt 1.7893130 0.5441385
vt 1.7451190 0.3681768
vt 1.7893130 0.3681768
vt 1.7451190 0.2679458
vt 1.7893130 0.2679458
vt 1.7451190 -0.0187900
vt 1.7893130 -0.0187900
vt 1.7451190 -0.2556370
vt 1.7893130 -0.2556370
vt 1.7094700 1.1665199
vt 1.7315670 1.1665199
vt 1.7094700 0.9385379
vt 1.7315670 0.9385381
vt 1.7094700 0.6491977
vt 1.7315670 0.6491982
vt 1.7094700 0.5441380
vt 1.7315670 0.5441386
vt 1.7094700 0.3681761
vt 1.7315670 0.3681768
vt 1.7094700 0.2679451
vt 1.7315670 0.2679458
vt 1.7094700 -0.0187900
vt 1.7315670 -0.0187900
vt 1.7094700 -0.2556370
vt 1.7315670 -0.2556370
vt 1.7893130 1.1665199
vt 1.7451190 1.1665199
vt 1.7893130 0.9385378
vt 1.7451190 0.9385378
vt 1.7893130 0.6491981
vt 1.7451190 0.6491977
vt 1.7893130 0.5441385
vt 1.7451190 0.5441380
vt 1.7893130 0.3681768
vt 1.7451190 0.3681761
vt 1.7893130 0.2679458
vt 1.7451190 0.2679451
vt 1.7893130 -0.0187900
vt 1.7451190 -0.0187900
vt 1.7893130 -0.2556370
vt 1.7451190 -0.2556370
vt 0.3595428 0.7826415
vt 0.3595428 0.8110362
vt 0.4241065 0.7826406
vt 0.4241066 0.8110353
vt 0.4140096 0.7654037
vt 0.4140096 0.7027647
vt 0.3494457 0.7654037
vt 0.3494457 0.7027647
vt 0.4140096 0.7654037
vt 0.4140096 0.7027647
vt 0.3494457 0.7654037
vt 0.3494457 0.7027647
vt 0.7317753 0.3054095
vt 0.8099663 0.3054095
vt 0.6538372 0.3612440
vt 0.8884132 0.3612440
vt 0.8884132 0.5093608
vt 0.6538372 0.5093608
vt 0.8884132 0.5927961
vt 0.6538372 0.5927961
vt 0.8102221 0.8077731
vt 0.7320310 0.8077731
vt 0.8884132 0.8636076
vt 0.6538372 0.8636076
vt 0.8884132 1.0117242
vt 0.6538372 1.0117242
vt 0.8884132 1.0951595
vt 0.6538372 1.0951595
vt 0.3494457 0.9969556
vt 0.4140096 0.9969556
vt 0.3494457 0.9135204
vt 0.4140096 0.9135204
vt 0.3494457 0.7654037
vt 0.4140096 0.7654037
vt 0.3494457 0.9969556
vt 0.4140096 0.9969556
vt 0.3494457 0.9135204
vt 0.4140096 0.9135204
vt 0.3494457 0.7654037
vt 0.4140096 0.7654037
vt 0.3595428 0.7826415
vt 0.3595428 0.8110362
vt 0.4241065 0.7826406
vt 0.4241066 0.8110353
vt 0.4140096 0.7654037
vt 0.4140096 0.7027647
vt 0.3494457 0.7654037
vt 0.3494457 0.7027647
vt 0.4140096 0.7654037
vt 0.4140096 0.7027647
vt 0.3494457 0.7654037
vt 0.3494457 0.7027647
vt 0.7317753 0.3054095
vt 0.8099663 0.3054095
vt 0.6538372 0.3612440
vt 0.8884132 0.3612440
vt 0.8884132 0.5119433
vt 0.6538372 0.5119433
vt 0.8884132 0.5927961
vt 0.6538372 0.5927961
vt 0.8102221 0.8077731
vt 0.7320310 0.8077731
vt 0.8884132 0.8636076
vt 0.6538372 0.8636076
vt 0.8884132 1.0143068
vt 0.6538372 1.0143068
vt 0.8884132 1.0951595
vt 0.6538372 1.0951595
vt 0.3494457 0.9969556
vt 0.4140096 0.9969556
vt 0.3494457 0.9161028
vt 0.4140096 0.9161028
vt 0.3494457 0.7654037
vt 0.4140096 0.7654037
vt 0.3494457 0.9969556
vt 0.4140096 0.9969556
vt 0.3494457 0.9161028
vt 0.4140096 0.9161028
vt 0.3494457 0.7654037
vt 0.4140096 0.7654037
vt 0.3595428 0.7826415
vt 0.3595428 0.8110362
vt 0.4241065 0.7826406
vt 0.4241066 0.8110353
vt 0.4140096 0.7654037
vt 0.4140096 0.7027647
vt 0.3494457 0.7654037
vt 0.3494457 0.7027647
vt 0.4140096 0.7654037
vt 0.4140096 0.7027647
vt 0.3494457 0.7654037
vt 0.3494457 0.7027647
vt 0.7317753 0.3054095
vt 0.8099663 0.3054095
vt 0.6538372 0.3612440
vt 0.8884132 0.3612440
vt 0.8884132 0.5055425
vt 0.6538372 0.5055425
vt 0.8884132 0.5927961
vt 0.6538372 0.5927961
vt 0.8102221 0.8077731
vt 0.7320310 0.8077731
vt 0.8884132 0.8636076
vt 0.6538372 0.8636076
vt 0.8884132 1.0079060
vt 0.6538372 1.0079060
vt 0.8884132 1.0951595
vt 0.6538372 1.0951595
vt 0.3494457 0.9969556
vt 0.4140096 0.9969556
vt 0.3494457 0.9097020
vt 0.4140096 0.9097020
vt 0.3494457 0.7654037
vt 0.4140096 0.7654037
vt 0.3494457 0.9969556
vt 0.4140096 0.9969556
vt 0.3494457 0.9097020
vt 0.4140096 0.9097020
vt 0.3494457 0.7654037
vt 0.4140096 0.7654037
vt 1.7315670 -2.9564110
vt 1.7315670 -3.0448000
vt 1.7094700 -2.9564110
vt 1.7094700 -3.0448000
vt 1.7315670 -2.9564110
vt 1.7315670 -3.0448000
vt 1.7094700 -2.9564110
vt 1.7094700 -3.0448000
vt 1.7315670 1.1665199
vt 1.7094700 1.1665199
vt 1.7315670 0.9385381
vt 1.7094700 0.9385379
vt 1.7315670 0.6491982
vt 1.7094700 0.6491977
vt 1.7315670 0.5441386
vt 1.7094700 0.5441380
vt 1.7315670 0.3681768
vt 1.7094700 0.3681761
vt 1.7315670 0.2679458
vt 1.7094700 0.2679451
vt 1.7315670 -0.0187900
vt 1.7094700 -0.0187900
vt 1.7315670 -0.2556370
vt 1.7094700 -0.2556370
vt 1.7451190 1.1665199
vt 1.7893130 1.1665199
vt 1.7451190 0.9385381
vt 1.7893130 0.9385381
vt 1.7451190 0.6491981
vt 1.7893130 0.6491981
vt 1.7451190 0.5441385
vt 1.7893130 0.5441385
vt 1.7451190 0.3681768
vt 1.7893130 0.3681768
vt 1.7451190 0.2679458
vt 1.7893130 0.2679458
vt 1.7451190 -0.0187900
vt 1.7893130 -0.0187900
vt 1.7451190 -0.2556370
vt 1.7893130 -0.2556370
vt 1.7094700 1.1665199
vt 1.7315670 1.1665199
vt 1.7094700 0.9385379
vt 1.7315670 0.9385381
vt 1.7094700 0.6491977
vt 1.7315670 0.6491982
vt 1.7094700 0.5441380
vt 1.7315670 0.5441386
vt 1.7094700 0.3681761
vt 1.7315670 0.3681768
vt 1.7094700 0.2679451
vt 1.7315670 0.2679458
vt 1.7094700 -0.0187900
vt 1.7315670 -0.0187900
vt 1.7094700 -0.2556370
vt 1.7315670 -0.2556370
vt 1.7893130 1.1665199
vt 1.7451190 1.1665199
vt 1.7893130 0.9385378
vt 1.7451190 0.9385378
vt 1.7893130 0.6491981
vt 1.7451190 0.6491977
vt 1.7893130 0.5441385
vt 1.7451190 0.5441380
vt 1.7893130 0.3681768
vt 1.7451190 0.3681761
vt 1.7893130 0.2679458
vt 1.7451190 0.2679451
vt 1.7893130 -0.0187900
vt 1.7451190 -0.0187900
vt 1.7893130 -0.2556370
vt 1.7451190 -0.2556370
vt 0.3595428 0.7826415
vt 0.3595428 0.8110362
vt 0.4241065 0.7826406
vt 0.4241066 0.8110353
vt 0.4140096 0.7654037
vt 0.4140096 0.7027647
vt 0.3494457 0.7654037
vt 0.3494457 0.7027647
vt 0.4140096 0.7654037
vt 0.4140096 0.7027647
vt 0.3494457 0.7654037
vt 0.3494457 0.7027647
vt 0.7317753 0.3054095
vt 0.8099663 0.3054095
vt 0.6538372 0.3612440
vt 0.8884132 0.3612440
vt 0.8884132 0.5093608
vt 0.6538372 0.5093608
vt 0.8884132 0.5927961
vt 0.6538372 0.5927961
vt 0.8102221 0.8077731
vt 0.7320310 0.8077731
vt 0.8884132 0.8636076
vt 0.6538372 0.8636076
vt 0.8884132 1.0117242
vt 0.6538372 1.0117242
vt 0.8884132 1.0951595
vt 0.6538372 1.0951595
vt 0.3494457 0.9969556
vt 0.4140096 0.9969556
vt 0.3494457 0.9135204
vt 0.4140096 0.9135204
vt 0.3494457 0.7654037
vt 0.4140096 0.7654037
vt 0.3494457 0.9969556
vt 0.4140096 0.9969556
vt 0.3494457 0.9135204
vt 0.4140096 0.9135204
vt 0.3494457 0.7654037
vt 0.4140096 0.7654037
vt 0.3595428 0.7826415
vt 0.3595428 0.8110362
vt 0.4241065 0.7826406
vt 0.4241066 0.8110353
vt 0.4140096 0.7654037
vt 0.4140096 0.7027647
vt 0.3494457 0.7654037
vt 0.3494457 0.7027647
vt 0.4140096 0.7654037
vt 0.4140096 0.7027647
vt 0.3494457 0.7654037
vt 0.3494457 0.7027647
vt 0.7317753 0.3054095
vt 0.8099663 0.3054095
vt 0.6538372 0.3612440
vt 0.8884132 0.3612440
vt 0.8884132 0.5093608
vt 0.6538372 0.5093608
vt 0.8884132 0.5927961
vt 0.6538372 0.5927961
vt 0.8102221 0.8077731
vt 0.7320310 0.8077731
vt 0.8884132 0.8636076
vt 0.6538372 0.8636076
vt 0.8884132 1.0117242
vt 0.6538372 1.0117242
vt 0.8884132 1.0951595
vt 0.6538372 1.0951595
vt 0.3494457 0.9969556
vt 0.4140096 0.9969556
vt 0.3494457 0.9135204
vt 0.4140096 0.9135204
vt 0.3494457 0.7654037
vt 0.4140096 0.7654037
vt 0.3494457 0.9969556
vt 0.4140096 0.9969556
vt 0.3494457 0.9135204
vt 0.4140096 0.9135204
vt 0.3494457 0.7654037
vt 0.4140096 0.7654037
vt 0.3595428 0.7826415
vt 0.3595428 0.8110362
vt 0.4241065 0.7826406
vt 0.4241066 0.8110353
vt 0.4140096 0.7654037
vt 0.4140096 0.7027647
vt 0.3494457 0.7654037
vt 0.3494457 0.7027647
vt 0.4140096 0.7654037
vt 0.4140096 0.7027647
vt 0.3494457 0.7654037
vt 0.3494457 0.7027647
vt 0.7317753 0.3054095
vt 0.8099663 0.3054095
vt 0.6538372 0.3612440
vt 0.8884132 0.3612440
vt 0.8884132 0.5119433
vt 0.6538372 0.5119433
vt 0.8884132 0.5927961
vt 0.6538372 0.5927961
vt 0.8102221 0.8077731
vt 0.7320310 0.8077731
vt 0.8884132 0.8636076
vt 0.6538372 0.8636076
vt 0.8884132 1.0143068
vt 0.6538372 1.0143068
vt 0.8884132 1.0951595
vt 0.6538372 1.0951595
vt 0.3494457 0.9969556
vt 0.4140096 0.9969556
vt 0.3494457 0.9161028
vt 0.4140096 0.9161028
vt 0.3494457 0.7654037
vt 0.4140096 0.7654037
vt 0.3494457 0.9969556
vt 0.4140096 0.9969556
vt 0.3494457 0.9161028
vt 0.4140096 0.9161028
vt 0.3494457 0.7654037
vt 0.4140096 0.7654037
vt 0.3595428 0.7826415
vt 0.3595428 0.8110362
vt 0.4241065 0.7826406
vt 0.4241066 0.8110353
vt 0.4140096 0.7654037
vt 0.4140096 0.7027647
vt 0.3494457 0.7654037
vt 0.3494457 0.7027647
vt 0.4140096 0.7654037
vt 0.4140096 0.7027647
vt 0.3494457 0.7654037
vt 0.3494457 0.7027647
vt 0.7317753 0.3054095
vt 0.8099663 0.3054095
vt 0.6538372 0.3612440
vt 0.8884132 0.3612440
vt 0.8884132 0.5119433
vt 0.6538372 0.5119433
vt 0.8884132 0.5927961
vt 0.6538372 0.5927961
vt 0.8102221 0.8077731
vt 0.7320310 0.8077731
vt 0.8884132 0.8636076
vt 0.6538372 0.8636076
vt 0.8884132 1.0143068
vt 0.6538372 1.0143068
vt 0.8884132 1.0951595
vt 0.6538372 1.0951595
vt 0.3494457 0.9969556
vt 0.4140096 0.9969556
vt 0.3494457 0.9161028
vt 0.4140096 0.9161028
vt 0.3494457 0.7654037
vt 0.4140096 0.7654037
vt 0.3494457 0.9969556
vt 0.4140096 0.9969556
vt 0.3494457 0.9161028
vt 0.4140096 0.9161028
vt 0.3494457 0.7654037
vt 0.4140096 0.7654037
vt 0.3595428 0.7826415
vt 0.3595428 0.8110362
vt 0.4241065 0.7826406
vt 0.4241066 0.8110353
vt 0.4140096 0.7654037
vt 0.4140096 0.7027647
vt 0.3494457 0.7654037
vt 0.3494457 0.7027647
vt 0.4140096 0.7654037
vt 0.4140096 0.7027647
vt 0.3494457 0.7654037
vt 0.3494457 0.7027647
vt 0.7317753 0.3054095
vt 0.8099663 0.3054095
vt 0.6538372 0.3612440
vt 0.8884132 0.3612440
vt 0.8884132 0.5055425
vt 0.6538372 0.5055425
vt 0.8884132 0.5927961
vt 0.6538372 0.5927961
vt 0.8102221 0.8077731
vt 0.7320310 0.8077731
vt 0.8884132 0.8636076
vt 0.6538372 0.8636076
vt 0.8884132 1.0079060
vt 0.6538372 1.0079060
vt 0.8884132 1.0951595
vt 0.6538372 1.0951595
vt 0.3494457 0.9969556
vt 0.4140096 0.9969556
vt 0.3494457 0.9097020
vt 0.4140096 0.9097020
vt 0.3494457 0.7654037
vt 0.4140096 0.7654037
vt 0.3494457 0.9969556
vt 0.4140096 0.9969556
vt 0.3494457 0.9097020
vt 0.4140096 0.9097020
vt 0.3494457 0.7654037
vt 0.4140096 0.7654037
vt 0.3595428 0.7826415
vt 0.3595428 0.8110362
vt 0.4241065 0.7826406
vt 0.4241066 0.8110353
vt 0.4140096 0.7654037
vt 0.4140096 0.7027647
vt 0.3494457 0.7654037
vt 0.3494457 0.7027647
vt 0.4140096 0.7654037
vt 0.4140096 0.7027647
vt 0.3494457 0.7654037
vt 0.3494457 0.7027647
vt 0.7317753 0.3054095
vt 0.8099663 0.3054095
vt 0.6538372 0.3612440
vt 0.8884132 0.3612440
vt 0.8884132 0.5055425
vt 0.6538372 0.5055425
vt 0.8884132 0.5927961
vt 0.6538372 0.5927961
vt 0.8102221 0.8077731
vt 0.7320310 0.8077731
vt 0.8884132 0.8636076
vt 0.6538372 0.8636076
vt 0.8884132 1.0079060
vt 0.6538372 1.0079060
vt 0.8884132 1.0951595
vt 0.6538372 1.0951595
vt 0.3494457 0.9969556
vt 0.4140096 0.9969556
vt 0.3494457 0.9097020
vt 0.4140096 0.9097020
vt 0.3494457 0.7654037
vt 0.4140096 0.7654037
vt 0.3494457 0.9969556
vt 0.4140096 0.9969556
vt 0.3494457 0.9097020
vt 0.4140096 0.9097020
vt 0.3494457 0.7654037
vt 0.4140096 0.7654037
vt 1.7315670 -2.9564110
vt 1.7315670 -3.0448000
vt 1.7094700 -2.9564110
vt 1.7094700 -3.0448000
vt 1.7315670 -2.9564110
vt 1.7315670 -3.0448000
vt 1.7094700 -2.9564110
vt 1.7094700 -3.0448000
vt 1.7315670 1.1665199
vt 1.7094700 1.1665199
vt 1.7315670 0.9385381
vt 1.7094700 0.9385379
vt 1.7315670 0.6491982
vt 1.7094700 0.6491977
vt 1.7315670 0.5441386
vt 1.7094700 0.5441380
vt 1.7315670 0.3681768
vt 1.7094700 0.3681761
vt 1.7315670 0.2679458
vt 1.7094700 0.2679451
vt 1.7315670 -0.0187900
vt 1.7094700 -0.0187900
vt 1.7315670 -0.2556370
vt 1.7094700 -0.2556370
vt 1.7451190 1.1665199
vt 1.7893130 1.1665199
vt 1.7451190 0.9385381
vt 1.7893130 0.9385381
vt 1.7451190 0.6491981
vt 1.7893130 0.6491981
vt 1.7451190 0.5441385
vt 1.7893130 0.5441385
vt 1.7451190 0.3681768
vt 1.7893130 0.3681768
vt 1.7451190 0.2679458
vt 1.7893130 0.2679458
vt 1.7451190 -0.0187900
vt 1.7893130 -0.0187900
vt 1.7451190 -0.2556370
vt 1.7893130 -0.2556370
vt 1.7094700 1.1665199
vt 1.7315670 1.1665199
vt 1.7094700 0.9385379
vt 1.7315670 0.9385381
vt 1.7094700 0.6491977
vt 1.7315670 0.6491982
vt 1.7094700 0.5441380
vt 1.7315670 0.5441386
vt 1.7094700 0.3681761
vt 1.7315670 0.3681768
vt 1.7094700 0.2679451
vt 1.7315670 0.2679458
vt 1.7094700 -0.0187900
vt 1.7315670 -0.0187900
vt 1.7094700 -0.2556370
vt 1.7315670 -0.2556370
vt 1.7893130 1.1665199
vt 1.7451190 1.1665199
vt 1.7893130 0.9385378
vt 1.7451190 0.9385378
vt 1.7893130 0.6491981
vt 1.7451190 0.6491977
vt 1.7893130 0.5441385
vt 1.7451190 0.5441380
vt 1.7893130 0.3681768
vt 1.7451190 0.3681761
vt 1.7893130 0.2679458
vt 1.7451190 0.2679451
vt 1.7893130 -0.0187900
vt 1.7451190 -0.0187900
vt 1.7893130 -0.2556370
vt 1.7451190 -0.2556370
vt 1.7315670 -2.9564110
vt 1.7315670 -3.0448000
vt 1.7094700 -2.9564110
vt 1.7094700 -3.0448000
vt 1.7315670 -2.9564110
vt 1.7315670 -3.0448000
vt 1.7094700 -2.9564110
vt 1.7094700 -3.0448000
vt 1.7315670 1.1665199
vt 1.7094700 1.1665199
vt 1.7315670 0.9385381
vt 1.7094700 0.9385379
vt 1.7315670 0.6491982
vt 1.7094700 0.6491977
vt 1.7315670 0.5441386
vt 1.7094700 0.5441380
vt 1.7315670 0.3681768
vt 1.7094700 0.3681761
vt 1.7315670 0.2679458
vt 1.7094700 0.2679451
vt 1.7315670 -0.0187900
vt 1.7094700 -0.0187900
vt 1.7315670 -0.2556370
vt 1.7094700 -0.2556370
vt 1.7451190 1.1665199
vt 1.7893130 1.1665199
vt 1.7451190 0.9385381
vt 1.7893130 0.9385381
vt 1.7451190 0.6491981
vt 1.7893130 0.6491981
vt 1.7451190 0.5441385
vt 1.7893130 0.5441385
vt 1.7451190 0.3681768
vt 1.7893130 0.3681768
vt 1.7451190 0.2679458
vt 1.7893130 0.2679458
vt 1.7451190 -0.0187900
vt 1.7893130 -0.0187900
vt 1.7451190 -0.2556370
vt 1.7893130 -0.2556370
vt 1.7094700 1.1665199
vt 1.7315670 1.1665199
vt 1.7094700 0.9385379
vt 1.7315670 0.9385381
vt 1.7094700 0.6491977
vt 1.7315670 0.6491982
vt 1.7094700 0.5441380
vt 1.7315670 0.5441386
vt 1.7094700 0.3681761
vt 1.7315670 0.3681768
vt 1.7094700 0.2679451
vt 1.7315670 0.2679458
vt 1.7094700 -0.0187900
vt 1.7315670 -0.0187900
vt 1.7094700 -0.2556370
vt 1.7315670 -0.2556370
vt 1.7893130 1.1665199
vt 1.7451190 1.1665199
vt 1.7893130 0.9385378
vt 1.7451190 0.9385378
vt 1.7893130 0.6491981
vt 1.7451190 0.6491977
vt 1.7893130 0.5441385
vt 1.7451190 0.5441380
vt 1.7893130 0.3681768
vt 1.7451190 0.3681761
vt 1.7893130 0.2679458
vt 1.7451190 0.2679451
vt 1.7893130 -0.0187900
vt 1.7451190 -0.0187900
vt 1.7893130 -0.2556370
vt 1.7451190 -0.2556370
vt 0.3595428 0.7826415
vt 0.3595428 0.8110362
vt 0.4241065 0.7826406
vt 0.4241066 0.8110353
vt 0.4140096 0.7654037
vt 0.4140096 0.7027647
vt 0.3494457 0.7654037
vt 0.3494457 0.7027647
vt 0.4140096 0.7654037
vt 0.4140096 0.7027647
vt 0.3494457 0.7654037
vt 0.3494457 0.7027647
vt 0.7317753 0.3054095
vt 0.8099663 0.3054095
vt 0.6538372 0.3612440
vt 0.8884132 0.3612440
vt 0.8884132 0.5093608
vt 0.6538372 0.5093608
vt 0.8884132 0.5927961
vt 0.6538372 0.5927961
vt 0.8102221 0.8077731
vt 0.7320310 0.8077731
vt 0.8884132 0.8636076
vt 0.6538372 0.8636076
vt 0.8884132 1.0117242
vt 0.6538372 1.0117242
vt 0.8884132 1.0951595
vt 0.6538372 1.0951595
vt 0.3494457 0.9969556
vt 0.4140096 0.9969556
vt 0.3494457 0.9135204
vt 0.4140096 0.9135204
vt 0.3494457 0.7654037
vt 0.4140096 0.7654037
vt 0.3494457 0.9969556
vt 0.4140096 0.9969556
vt 0.3494457 0.9135204
vt 0.4140096 0.9135204
vt 0.3494457 0.7654037
vt 0.4140096 0.7654037
vt 0.3595428 0.7826415
vt 0.3595428 0.8110362
vt 0.4241065 0.7826406
vt 0.4241066 0.8110353
vt 0.4140096 0.7654037
vt 0.4140096 0.7027647
vt 0.3494457 0.7654037
vt 0.3494457 0.7027647
vt 0.4140096 0.7654037
vt 0.4140096 0.7027647
vt 0.3494457 0.7654037
vt 0.3494457 0.7027647
vt 0.7317753 0.3054095
vt 0.8099663 0.3054095
vt 0.6538372 0.3612440
vt 0.8884132 0.3612440
vt 0.8884132 0.5119433
vt 0.6538372 0.5119433
vt 0.8884132 0.5927961
vt 0.6538372 0.5927961
vt 0.8102221 0.8077731
vt 0.7320310 0.8077731
vt 0.8884132 0.8636076
vt 0.6538372 0.8636076
vt 0.8884132 1.0143068
vt 0.6538372 1.0143068
vt 0.8884132 1.0951595
vt 0.6538372 1.0951595
vt 0.3494457 0.9969556
vt 0.4140096 0.9969556
vt 0.3494457 0.9161028
vt 0.4140096 0.9161028
vt 0.3494457 0.7654037
vt 0.4140096 0.7654037
vt 0.3494457 0.9969556
vt 0.4140096 0.9969556
vt 0.3494457 0.9161028
vt 0.4140096 0.9161028
vt 0.3494457 0.7654037
vt 0.4140096 0.7654037
vt 0.3595428 0.7826415
vt 0.3595428 0.8110362
vt 0.4241065 0.7826406
vt 0.4241066 0.8110353
vt 0.4140096 0.7654037
vt 0.4140096 0.7027647
vt 0.3494457 0.7654037
vt 0.3494457 0.7027647
vt 0.4140096 0.7654037
vt 0.4140096 0.7027647
vt 0.3494457 0.7654037
vt 0.3494457 0.7027647
vt 0.7317753 0.3054095
vt 0.8099663 0.3054095
vt 0.6538372 0.3612440
vt 0.8884132 0.3612440
vt 0.8884132 0.5055425
vt 0.6538372 0.5055425
vt 0.8884132 0.5927961
vt 0.6538372 0.5927961
vt 0.8102221 0.8077731
vt 0.7320310 0.8077731
vt 0.8884132 0.8636076
vt 0.6538372 0.8636076
vt 0.8884132 1.0079060
vt 0.6538372 1.0079060
vt 0.8884132 1.0951595
vt 0.6538372 1.0951595
vt 0.3494457 0.9969556
vt 0.4140096 0.9969556
vt 0.3494457 0.9097020
vt 0.4140096 0.9097020
vt 0.3494457 0.7654037
vt 0.4140096 0.7654037
vt 0.3494457 0.9969556
vt 0.4140096 0.9969556
vt 0.3494457 0.9097020
vt 0.4140096 0.9097020
vt 0.3494457 0.7654037
vt 0.4140096 0.7654037
vt 1.7315670 -2.9564110
vt 1.7315670 -3.0448000
vt 1.7094700 -2.9564110
vt 1.7094700 -3.0448000
vt 1.7315670 -2.9564110
vt 1.7315670 -3.0448000
vt 1.7094700 -2.9564110
vt 1.7094700 -3.0448000
vt 1.7315670 1.1665199
vt 1.7094700 1.1665199
vt 1.7315670 0.9385381
vt 1.7094700 0.9385379
vt 1.7315670 0.6491982
vt 1.7094700 0.6491977
vt 1.7315670 0.5441386
vt 1.7094700 0.5441380
vt 1.7315670 0.3681768
vt 1.7094700 0.3681761
vt 1.7315670 0.2679458
vt 1.7094700 0.2679451
vt 1.7315670 -0.0187900
vt 1.7094700 -0.0187900
vt 1.7315670 -0.2556370
vt 1.7094700 -0.2556370
vt 1.7451190 1.1665199
vt 1.7893130 1.1665199
vt 1.7451190 0.9385381
vt 1.7893130 0.9385381
vt 1.7451190 0.6491981
vt 1.7893130 0.6491981
vt 1.7451190 0.5441385
vt 1.7893130 0.5441385
vt 1.7451190 0.3681768
vt 1.7893130 0.3681768
vt 1.7451190 0.2679458
vt 1.7893130 0.2679458
vt 1.7451190 -0.0187900
vt 1.7893130 -0.0187900
vt 1.7451190 -0.2556370
vt 1.7893130 -0.2556370
vt 1.7094700 1.1665199
vt 1.7315670 1.1665199
vt 1.7094700 0.9385379
vt 1.7315670 0.9385381
vt 1.7094700 0.6491977
vt 1.7315670 0.6491982
vt 1.7094700 0.5441380
vt 1.7315670 0.5441386
vt 1.7094700 0.3681761
vt 1.7315670 0.3681768
vt 1.7094700 0.2679451
vt 1.7315670 0.2679458
vt 1.7094700 -0.0187900
vt 1.7315670 -0.0187900
vt 1.7094700 -0.2556370
vt 1.7315670 -0.2556370
vt 1.7893130 1.1665199
vt 1.7451190 1.1665199
vt 1.7893130 0.9385378
vt 1.7451190 0.9385378
vt 1.7893130 0.6491981
vt 1.7451190 0.6491977
vt 1.7893130 0.5441385
vt 1.7451190 0.5441380
vt 1.7893130 0.3681768
vt 1.7451190 0.3681761
vt 1.7893130 0.2679458
vt 1.7451190 0.2679451
vt 1.7893130 -0.0187900
vt 1.7451190 -0.0187900
vt 1.7893130 -0.2556370
vt 1.7451190 -0.2556370
vn 0.0000000 1.0000000 0.0000000
vn 0.0000000 1.0000000 0.0000000
vn 0.0000000 1.0000000 0.0000000
vn 0.0000000 1.0000000 0.0000000
vn 0.8065294 0.5911939 0.0000000
vn 0.8065294 0.5911939 0.0000000
vn 0.8065294 0.5911939 0.0000000
vn 0.8065294 0.5911939 0.0000000
vn -0.8065294 0.5911939 0.0000000
vn -0.8065294 0.5911939 0.0000000
vn -0.8065294 0.5911939 0.0000000
vn -0.8065294 0.5911939 0.0000000
vn 0.0000000 0.0000000 1.0000000
vn 0.0000000 0.0000000 1.0000000
vn 0.0000000 0.0000000 1.0000000
vn 0.0000000 0.0000000 1.0000000
vn 0.0000000 0.0000000 1.0000000
vn 0.0000000 0.0000000 1.0000000
vn 0.0000000 0.0000000 1.0000000
vn 0.0000000 0.0000000 1.0000000
vn 0.0000000 0.0000000 -1.0000000
vn 0.0000000 0.0000000 -1.0000000
vn 0.0000000 0.0000000 -1.0000000
vn 0.0000000 0.0000000 -1.0000000
vn 0.0000000 0.0000000 -1.0000000
vn 0.0000000 0.0000000 -1.0000000
vn 0.0000000 0.0000000 -1.0000000
vn 0.0000000 0.0000000 -1.0000000
vn -1.0000000 0.0000000 0.0000000
vn -1.0000000 0.0000000 0.0000000
vn -1.0000000 0.0000000 0.0000000
vn -1.0000000 0.0000000 0.0000000
vn -1.0000000 0.0000000 0.0000000
vn -1.0000000 0.0000000 0.0000000
vn 1.0000000 0.0000000 0.0000000
vn 1.0000000 0.0000000 0.0000000
vn 1.0000000 0.0000000 0.0000000
vn 1.0000000 0.0000000 0.0000000
vn 1.0000000 0.0000000 0.0000000
vn 1.0000000 0.0000000 0.0000000
vn 0.0000000 1.0000000 0.0000000
vn 0.0000000 1.0000000 0.0000000
vn 0.0000000 1.0000000 0.0000000
vn 0.0000000 1.0000000 0.0000000
vn 0.8065294 0.5911939 0.0000000
vn 0.8065294 0.5911939 0.0000000
vn 0.8065294 0.5911939 0.0000000
vn 0.8065294 0.5911939 0.0000000
vn -0.8065294 0.5911939 0.0000000
vn -0.8065294 0.5911939 0.0000000
vn -0.8065294 0.5911939 0.0000000
vn -0.8065294 0.5911939 0.0000000
vn 0.0000000 0.0000000 1.0000000
vn 0.0000000 0.0000000 1.0000000
vn 0.0000000 0.0000000 1.0000000
vn 0.0000000 0.0000000 1.0000000
vn 0.0000000 0.0000000 1.0000000
vn 0.0000000 0.0000000 1.0000000
vn 0.0000000 0.0000000 1.0000000
vn 0.0000000 0.0000000 1.0000000
vn 0.0000000 0.0000000 -1.0000000
vn 0.0000000 0.0000000 -1.0000000
vn 0.0000000 0.0000000 -1.0000000
vn 0.0000000 0.0000000 -1.0000000
vn 0.0000000 0.0000000 -1.0000000
vn 0.0000000 0.0000000 -1.0000000
vn 0.0000000 0.0000000 -1.0000000
vn 0.0000000 0.0000000 -1.0000000
vn -1.0000000 0.0000000 0.0000000
vn -1.0000000 0.0000000 0.0000000
vn -1.0000000 0.0000000 0.0000000
vn -1.0000000 0.0000000 0.0000000
vn -1.0000000 0.0000000 0.0000000
vn -1.0000000 0.0000000 0.0000000
vn 1.0000000 0.0000000 0.0000000
vn 1.0000000 0.0000000 0.0000000
vn 1.0000000 0.0000000 0.0000000
vn 1.0000000 0.0000000 0.0000000
vn 1.0000000 0.0000000 0.0000000
vn 1.0000000 0.0000000 0.0000000
vn 0.0000000 1.0000000 0.0000000
vn 0.0000000 1.0000000 0.0000000
vn 0.0000000 1.0000000 0.0000000
vn 0.0000000 1.0000000 0.0000000
vn 0.8065294 0.5911939 0.0000000
vn 0.8065294 0.5911939 0.0000000
vn 0.8065294 0.5911939 0.0000000
vn 0.8065294 0.5911939 0.0000000
vn -0.8065294 0.5911939 0.0000000
vn -0.8065294 0.5911939 0.0000000
vn -0.8065294 0.5911939 0.0000000
vn -0.8065294 0.5911939 0.0000000
vn 0.0000000 0.0000000 1.0000000
vn 0.0000000 0.0000000 1.0000000
vn 0.0000000 0.0000000 1.0000000
vn 0.0000000 0.0000000 1.0000000
vn 0.0000000 0.0000000 1.0000000
vn 0.0000000 0.0000000 1.0000000
vn 0.0000000 0.0000000 1.0000000
vn 0.0000000 0.0000000 1.0000000
vn 0.0000000 0.0000000 -1.0000000
vn 0.0000000 0.0000000 -1.0000000
vn 0.0000000 0.0000000 -1.0000000
vn 0.0000000 0.0000000 -1.0000000
vn 0.0000000 0.0000000 -1.0000000
vn 0.0000000 0.0000000 -1.0000000
vn 0.0000000 0.0000000 -1.0000000
vn 0.0000000 0.0000000 -1.0000000
vn -1.0000000 0.0000000 0.0000000
vn -1.0000000 0.0000000 0.0000000
vn -1.0000000 0.0000000 0.0000000
vn -1.0000000 0.0000000 0.0000000
vn -1.0000000 0.0000000 0.0000000
vn -1.0000000 0.0000000 0.0000000
vn 1.0000000 0.0000000 0.0000000
vn 1.0000000 0.0000000 0.0000000
vn 1.0000000 0.0000000 0.0000000
vn 1.0000000 0.0000000 0.0000000
vn 1.0000000 0.0000000 0.0000000
vn 1.0000000 0.0000000 0.0000000
vn 0.0000000 1.0000000 0.0000000
vn 0.0000000 1.0000000 0.0000000
vn 0.0000000 1.0000000 0.0000000
vn 0.0000000 1.0000000 0.0000000
vn 0.8065294 0.5911939 0.0000000
vn 0.8065294 0.5911939 0.0000000
vn 0.8065294 0.5911939 0.0000000
vn 0.8065294 0.5911939 0.0000000
vn -0.8065294 0.5911939 0.0000000
vn -0.8065294 0.5911939 0.0000000
vn -0.8065294 0.5911939 0.0000000
vn -0.8065294 0.5911939 0.0000000
vn 0.0000000 0.0000000 1.0000000
vn 0.0000000 0.0000000 1.0000000
vn 0.0000000 0.0000000 1.0000000
vn 0.0000000 0.0000000 1.0000000
vn 0.0000000 0.0000000 1.0000000
vn 0.0000000 0.0000000 1.0000000
vn 0.0000000 0.0000000 1.0000000
vn 0.0000000 0.0000000 1.0000000
vn 0.0000000 0.0000000 -1.0000000
vn 0.0000000 0.0000000 -1.0000000
vn 0.0000000 0.0000000 -1.0000000
vn 0.0000000 0.0000000 -1.0000000
vn 0.0000000 0.0000000 -1.0000000
vn 0.0000000 0.0000000 -1.0000000
vn 0.0000000 0.0000000 -1.0000000
vn 0.0000000 0.0000000 -1.0000000
vn -1.0000000 0.0000000 0.0000000
vn -1.0000000 0.0000000 0.0000000
vn -1.0000000 0.0000000 0.0000000
vn -1.0000000 0.0000000 0.0000000
vn -1.0000000 0.0000000 0.0000000
vn -1.0000000 0.0000000 0.0000000
vn 1.0000000 0.0000000 0.0000000
vn 1.0000000 0.0000000 0.0000000
vn 1.0000000 0.0000000 0.0000000
vn 1.0000000 0.0000000 0.0000000
vn 1.0000000 0.0000000 0.0000000
vn 1.0000000 0.0000000 0.0000000
vn 0.0000000 1.0000000 0.0000000
vn 0.0000000 1.0000000 0.0000000
vn 0.0000000 1.0000000 0.0000000
vn 0.0000000 1.0000000 0.0000000
vn 0.8065294 0.5911939 0.0000000
vn 0.8065294 0.5911939 0.0000000
vn 0.8065294 0.5911939 0.0000000
vn 0.8065294 0.5911939 0.0000000
vn -0.8065294 0.5911939 0.0000000
vn -0.8065294 0.5911939 0.0000000
vn -0.8065294 0.5911939 0.0000000
vn -0.8065294 0.5911939 0.0000000
vn 0.0000000 0.0000000 1.0000000
vn 0.0000000 0.0000000 1.0000000
vn 0.0000000 0.0000000 1.0000000
vn 0.0000000 0.0000000 1.0000000
vn 0.0000000 0.0000000 1.0000000
vn 0.0000000 0.0000000 1.0000000
vn 0.0000000 0.0000000 1.0000000
vn 0.0000000 0.0000000 1.0000000
vn 0.0000000 0.0000000 -1.0000000
vn 0.0000000 0.0000000 -1.0000000
vn 0.0000000 0.0000000 -1.0000000
vn 0.0000000 0.0000000 -1.0000000
vn 0.0000000 0.0000000 -1.0000000
vn 0.0000000 0.0000000 -1.0000000
vn 0.0000000 0.0000000 -1.0000000
vn 0.0000000 0.0000000 -1.0000000
vn -1.0000000 0.0000000 0.0000000
vn -1.0000000 0.0000000 0.0000000
vn -1.0000000 0.0000000 0.0000000
vn -1.0000000 0.0000000 0.0000000
vn -1.0000000 0.0000000 0.0000000
vn -1.0000000 0.0000000 0.0000000
vn 1.0000000 0.0000000 0.0000000
vn 1.0000000 0.0000000 0.0000000
vn 1.0000000 0.0000000 0.0000000
vn 1.0000000 0.0000000 0.0000000
vn 1.0000000 0.0000000 0.0000000
vn 1.0000000 0.0000000 0.0000000
vn 0.0000000 1.0000000 0.0000000
vn 0.0000000 1.0000000 0.0000000
vn 0.0000000 1.0000000 0.0000000
vn 0.0000000 1.0000000 0.0000000
vn 0.8065294 0.5911939 0.0000000
vn 0.8065294 0.5911939 0.0000000
vn 0.8065294 0.5911939 0.0000000
vn 0.8065294 0.5911939 0.0000000
vn -0.8065294 0.5911939 0.0000000
vn -0.8065294 0.5911939 0.0000000
vn -0.8065294 0.5911939 0.0000000
vn -0.8065294 0.5911939 0.0000000
vn 0.0000000 0.0000000 1.0000000
vn 0.0000000 0.0000000 1.0000000
vn 0.0000000 0.0000000 1.0000000
vn 0.0000000 0.0000000 1.0000000
vn 0.0000000 0.0000000 1.0000000
vn 0.0000000 0.0000000 1.0000000
vn 0.0000000 0.0000000 1.0000000
vn 0.0000000 0.0000000 1.0000000
vn 0.0000000 0.0000000 -1.0000000
vn 0.0000000 0.0000000 -1.0000000
vn 0.0000000 0.0000000 -1.0000000
vn 0.0000000 0.0000000 -1.0000000
vn 0.0000000 0.0000000 -1.0000000
vn 0.0000000 0.0000000 -1.0000000
vn 0.0000000 0.0000000 -1.0000000
vn 0.0000000 0.0000000 -1.0000000
vn -1.0000000 0.0000000 0.0000000
vn -1.0000000 0.0000000 0.0000000
vn -1.0000000 0.0000000 0.0000000
vn -1.0000000 0.0000000 0.0000000
vn -1.0000000 0.0000000 0.0000000
vn -1.0000000 0.0000000 0.0000000
vn 1.0000000 0.0000000 0.0000000
vn 1.0000000 0.0000000 0.0000000
vn 1.0000000 0.0000000 0.0000000
vn 1.0000000 0.0000000 0.0000000
vn 1.0000000 0.0000000 0.0000000
vn 1.0000000 0.0000000 0.0000000
vn -1.0000000 0.0000000 0.0000000
vn -1.0000000 0.0000000 0.0000000
vn -1.0000000 0.0000000 0.0000000
vn -1.0000000 0.0000000 0.0000000
vn 1.0000000 0.0000000 0.0000000
vn 1.0000000 0.0000000 0.0000000
vn 1.0000000 0.0000000 0.0000000
vn 1.0000000 0.0000000 0.0000000
vn 0.0000000 -1.0000000 0.0000000
vn 0.0000000 -1.0000000 0.0000000
vn 0.0000000 -1.0000000 0.0000000
vn 0.0000000 -1.0000000 0.0000000
vn 0.0000000 -1.0000000 0.0000000
vn 0.0000000 -1.0000000 0.0000000
vn 0.0000000 -1.0000000 0.0000000
vn 0.0000000 -1.0000000 0.0000000
vn 0.0000000 -1.0000000 0.0000000
vn 0.0000000 -1.0000000 0.0000000
vn 0.0000000 -1.0000000 0.0000000
vn 0.0000000 -1.0000000 0.0000000
vn 0.0000000 -1.0000000 0.0000000
vn 0.0000000 -1.0000000 0.0000000
vn 0.0000000 -1.0000000 0.0000000
vn 0.0000000 -1.0000000 0.0000000
vn 0.0000000 0.0000000 -1.0000000
vn 0.0000000 0.0000000 -1.0000000
vn 0.0000000 0.0000000 -1.0000000
vn 0.0000000 0.0000000 -1.0000000
vn 0.0000000 0.0000000 -1.0000000
vn 0.0000000 0.0000000 -1.0000000
vn 0.0000000 0.0000000 -1.0000000
vn 0.0000000 0.0000000 -1.0000000
vn 0.0000000 0.0000000 -1.0000000
vn 0.0000000 0.0000000 -1.0000000
vn 0.0000000 0.0000000 -1.0000000
vn 0.0000000 0.0000000 -1.0000000
vn 0.0000000 0.0000000 -1.0000000
vn 0.0000000 0.0000000 -1.0000000
vn 0.0000000 0.0000000 -1.0000000
vn 0.0000000 0.0000000 -1.0000000
vn 0.0000000 1.0000000 0.0000000
vn 0.0000000 1.0000000 0.0000000
vn 0.0000000 1.0000000 0.0000000
vn 0.0000000 1.0000000 0.0000000
vn 0.0000000 1.0000000 0.0000000
vn 0.0000000 1.0000000 0.0000000
vn 0.0000000 1.0000000 0.0000000
vn 0.0000000 1.0000000 0.0000000
vn 0.0000000 1.0000000 0.0000000
vn 0.0000000 1.0000000 0.0000000
vn 0.0000000 1.0000000 0.0000000
vn 0.0000000 1.0000000 0.0000000
vn 0.0000000 1.0000000 0.0000000
vn 0.0000000 1.0000000 0.0000000
vn 0.0000000 1.0000000 0.0000000
vn 0.0000000 1.0000000 0.0000000
vn 0.0000000 0.0000000 1.0000000
vn 0.0000000 0.0000000 1.0000000
vn 0.0000000 0.0000000 1.0000000
vn 0.0000000 0.0000000 1.0000000
vn 0.0000000 0.0000000 1.0000000
vn 0.0000000 0.0000000 1.0000000
vn 0.0000000 0.0000000 1.0000000
vn 0.0000000 0.0000000 1.0000000
vn 0.0000000 0.0000000 1.0000000
vn 0.0000000 0.0000000 1.0000000
vn 0.0000000 0.0000000 1.0000000
vn 0.0000000 0.0000000 1.0000000
vn 0.0000000 0.0000000 1.0000000
vn 0.0000000 0.0000000 1.0000000
vn 0.0000000 0.0000000 1.0000000
vn 0.0000000 0.0000000 1.0000000
vn -1.0000000 0.0000000 0.0000000
vn -1.0000000 0.0000000 0.0000000
vn -1.0000000 0.0000000 0.0000000
vn -1.0000000 0.0000000 0.0000000
vn 1.0000000 0.0000000 0.0000000
vn 1.0000000 0.0000000 0.0000000
vn 1.0000000 0.0000000 0.0000000
vn 1.0000000 0.0000000 0.0000000
vn 0.0000000 -1.0000000 0.0000000
vn 0.0000000 -1.0000000 0.0000000
vn 0.0000000 -1.0000000 0.0000000
vn 0.0000000 -1.0000000 0.0000000
vn 0.0000000 -1.0000000 0.0000000
vn 0.0000000 -1.0000000 0.0000000
vn 0.0000000 -1.0000000 0.0000000
vn 0.0000000 -1.0000000 0.0000000
vn 0.0000000 -1.0000000 0.0000000
vn 0.0000000 -1.0000000 0.0000000
vn 0.0000000 -1.0000000 0.0000000
vn 0.0000000 -1.0000000 0.0000000
vn 0.0000000 -1.0000000 0.0000000
vn 0.0000000 -1.0000000 0.0000000
vn 0.0000000 -1.0000000 0.0000000
vn 0.0000000 -1.0000000 0.0000000
vn 0.0000000 0.0000000 -1.0000000
vn 0.0000000 0.0000000 -1.0000000
vn 0.0000000 0.0000000 -1.0000000
vn 0.0000000 0.0000000 -1.0000000
vn 0.0000000 0.0000000 -1.0000000
vn 0.0000000 0.0000000 -1.0000000
vn 0.0000000 0.0000000 -1.0000000
vn 0.0000000 0.0000000 -1.0000000
vn 0.0000000 0.0000000 -1.0000000
vn 0.0000000 0.0000000 -1.0000000
vn 0.0000000 0.0000000 -1.0000000
vn 0.0000000 0.0000000 -1.0000000
vn 0.0000000 0.0000000 -1.0000000
vn 0.0000000 0.0000000 -1.0000000
vn 0.0000000 0.0000000 -1.0000000
vn 0.0000000 0.0000000 -1.0000000
vn 0.0000000 1.0000000 0.0000000
vn 0.0000000 1.0000000 0.0000000
vn 0.0000000 1.0000000 0.0000000
vn 0.0000000 1.0000000 0.0000000
vn 0.0000000 1.0000000 0.0000000
vn 0.0000000 1.0000000 0.0000000
vn 0.0000000 1.0000000 0.0000000
vn 0.0000000 1.0000000 0.0000000
vn 0.0000000 1.0000000 0.0000000
vn 0.0000000 1.0000000 0.0000000
vn 0.0000000 1.0000000 0.0000000
vn 0.0000000 1.0000000 0.0000000
vn 0.0000000 1.0000000 0.0000000
vn 0.0000000 1.0000000 0.0000000
vn 0.0000000 1.0000000 0.0000000
vn 0.0000000 1.0000000 0.0000000
vn 0.0000000 0.0000000 1.0000000
vn 0.0000000 0.0000000 1.0000000
vn 0.0000000 0.0000000 1.0000000
vn 0.0000000 0.0000000 1.0000000
vn 0.0000000 0.0000000 1.0000000
vn 0.0000000 0.0000000 1.0000000
vn 0.0000000 0.0000000 1.0000000
vn 0.0000000 0.0000000 1.0000000
vn 0.0000000 0.0000000 1.0000000
vn 0.0000000 0.0000000 1.0000000
vn 0.0000000 0.0000000 1.0000000
vn 0.0000000 0.0000000 1.0000000
vn 0.0000000 0.0000000 1.0000000
vn 0.0000000 0.0000000 1.0000000
vn 0.0000000 0.0000000 1.0000000
vn 0.0000000 0.0000000 1.0000000
vn 0.0000000 1.0000000 0.0000000
vn 0.0000000 1.0000000 0.0000000
vn 0.0000000 1.0000000 0.0000000
vn 0.0000000 1.0000000 0.0000000
vn 0.8065294 0.5911939 0.0000000
vn 0.8065294 0.5911939 0.0000000
vn 0.8065294 0.5911939 0.0000000
vn 0.8065294 0.5911939 0.0000000
vn -0.8065294 0.5911939 0.0000000
vn -0.8065294 0.5911939 0.0000000
vn -0.8065294 0.5911939 0.0000000
vn -0.8065294 0.5911939 0.0000000
vn 0.0000000 0.0000000 1.0000000
vn 0.0000000 0.0000000 1.0000000
vn 0.0000000 0.0000000 1.0000000
vn 0.0000000 0.0000000 1.0000000
vn 0.0000000 0.0000000 1.0000000
vn 0.0000000 0.0000000 1.0000000
vn 0.0000000 0.0000000 1.0000000
vn 0.0000000 0.0000000 1.0000000
vn 0.0000000 0.0000000 -1.0000000
vn 0.0000000 0.0000000 -1.0000000
vn 0.0000000 0.0000000 -1.0000000
vn 0.0000000 0.0000000 -1.0000000
vn 0.0000000 0.0000000 -1.0000000
vn 0.0000000 0.0000000 -1.0000000
vn 0.0000000 0.0000000 -1.0000000
vn 0.0000000 0.0000000 -1.0000000
vn -1.0000000 0.0000000 0.0000000
vn -1.0000000 0.0000000 0.0000000
vn -1.0000000 0.0000000 0.0000000
vn -1.0000000 0.0000000 0.0000000
vn -1.0000000 0.0000000 0.0000000
vn -1.0000000 0.0000000 0.0000000
vn 1.0000000 0.0000000 0.0000000
vn 1.0000000 0.0000000 0.0000000
vn 1.0000000 0.0000000 0.0000000
vn 1.0000000 0.0000000 0.0000000
vn 1.0000000 0.0000000 0.0000000
vn 1.0000000 0.0000000 0.0000000
vn 0.0000000 1.0000000 0.0000000
vn 0.0000000 1.0000000 0.0000000
vn 0.0000000 1.0000000 0.0000000
vn 0.0000000 1.0000000 0.0000000
vn 0.8065294 0.5911939 0.0000000
vn 0.8065294 0.5911939 0.0000000
vn 0.8065294 0.5911939 0.0000000
vn 0.8065294 0.5911939 0.0000000
vn -0.8065294 0.5911939 0.0000000
vn -0.8065294 0.5911939 0.0000000
vn -0.8065294 0.5911939 0.0000000
vn -0.8065294 0.5911939 0.0000000
vn 0.0000000 0.0000000 1.0000000
vn 0.0000000 0.0000000 1.0000000
vn 0.0000000 0.0000000 1.0000000
vn 0.0000000 0.0000000 1.0000000
vn 0.0000000 0.0000000 1.0000000
vn 0.0000000 0.0000000 1.0000000
vn 0.0000000 0.0000000 1.0000000
vn 0.0000000 0.0000000 1.0000000
vn 0.0000000 0.0000000 -1.0000000
vn 0.0000000 0.0000000 -1.0000000
vn 0.0000000 0.0000000 -1.0000000
vn 0.0000000 0.0000000 -1.0000000
vn 0.0000000 0.0000000 -1.0000000
vn 0.0000000 0.0000000 -1.0000000
vn 0.0000000 0.0000000 -1.0000000
vn 0.0000000 0.0000000 -1.0000000
vn -1.0000000 0.0000000 0.0000000
vn -1.0000000 0.0000000 0.0000000
vn -1.0000000 0.0000000 0.0000000
vn -1.0000000 0.0000000 0.0000000
vn -1.0000000 0.0000000 0.0000000
vn -1.0000000 0.0000000 0.0000000
vn 1.0000000 0.0000000 0.0000000
vn 1.0000000 0.0000000 0.0000000
vn 1.0000000 0.0000000 0.0000000
vn 1.0000000 0.0000000 0.0000000
vn 1.0000000 0.0000000 0.0000000
vn 1.0000000 0.0000000 0.0000000
vn 0.0000000 1.0000000 0.0000000
vn 0.0000000 1.0000000 0.0000000
vn 0.0000000 1.0000000 0.0000000
vn 0.0000000 1.0000000 0.0000000
vn 0.8065294 0.5911939 0.0000000
vn 0.8065294 0.5911939 0.0000000
vn 0.8065294 0.5911939 0.0000000
vn 0.8065294 0.5911939 0.0000000
vn -0.8065294 0.5911939 0.0000000
vn -0.8065294 0.5911939 0.0000000
vn -0.8065294 0.5911939 0.0000000
vn -0.8065294 0.5911939 0.0000000
vn 0.0000000 0.0000000 1.0000000
vn 0.0000000 0.0000000 1.0000000
vn 0.0000000 0.0000000 1.0000000
vn 0.0000000 0.0000000 1.0000000
vn 0.0000000 0.0000000 1.0000000
vn 0.0000000 0.0000000 1.0000000
vn 0.0000000 0.0000000 1.0000000
vn 0.0000000 0.0000000 1.0000000
vn 0.0000000 0.0000000 -1.0000000
vn 0.0000000 0.0000000 -1.0000000
vn 0.0000000 0.0000000 -1.0000000
vn 0.0000000 0.0000000 -1.0000000
vn 0.0000000 0.0000000 -1.0000000
vn 0.0000000 0.0000000 -1.0000000
vn 0.0000000 0.0000000 -1.0000000
vn 0.0000000 0.0000000 -1.0000000
vn -1.0000000 0.0000000 0.0000000
vn -1.0000000 0.0000000 0.0000000
vn -1.0000000 0.0000000 0.0000000
vn -1.0000000 0.0000000 0.0000000
vn -1.0000000 0.0000000 0.0000000
vn -1.0000000 0.0000000 0.0000000
vn 1.0000000 0.0000000 0.0000000
vn 1.0000000 0.0000000 0.0000000
vn 1.0000000 0.0000000 0.0000000
vn 1.0000000 0.0000000 0.0000000
vn 1.0000000 0.0000000 0.0000000
vn 1.0000000 0.0000000 0.0000000
vn 0.0000000 1.0000000 0.0000000
vn 0.0000000 1.0000000 0.0000000
vn 0.0000000 1.0000000 0.0000000
vn 0.0000000 1.0000000 0.0000000
vn 0.8065294 0.5911939 0.0000000
vn 0.8065294 0.5911939 0.0000000
vn 0.8065294 0.5911939 0.0000000
vn 0.8065294 0.5911939 0.0000000
vn -0.8065294 0.5911939 0.0000000
vn -0.8065294 0.5911939 0.0000000
vn -0.8065294 0.5911939 0.0000000
vn -0.8065294 0.5911939 0.0000000
vn 0.0000000 0.0000000 1.0000000
vn 0.0000000 0.0000000 1.0000000
vn 0.0000000 0.0000000 1.0000000
vn 0.0000000 0.0000000 1.0000000
vn 0.0000000 0.0000000 1.0000000
vn 0.0000000 0.0000000 1.0000000
vn 0.0000000 0.0000000 1.0000000
vn 0.0000000 0.0000000 1.0000000
vn 0.0000000 0.0000000 -1.0000000
vn 0.0000000 0.0000000 -1.0000000
vn 0.0000000 0.0000000 -1.0000000
vn 0.0000000 0.0000000 -1.0000000
vn 0.0000000 0.0000000 -1.0000000
vn 0.0000000 0.0000000 -1.0000000
vn 0.0000000 0.0000000 -1.0000000
vn 0.0000000 0.0000000 -1.0000000
vn -1.0000000 0.0000000 0.0000000
vn -1.0000000 0.0000000 0.0000000
vn -1.0000000 0.0000000 0.0000000
vn -1.0000000 0.0000000 0.0000000
vn -1.0000000 0.0000000 0.0000000
vn -1.0000000 0.0000000 0.0000000
vn 1.0000000 0.0000000 0.0000000
vn 1.0000000 0.0000000 0.0000000
vn 1.0000000 0.0000000 0.0000000
vn 1.0000000 0.0000000 0.0000000
vn 1.0000000 0.0000000 0.0000000
vn 1.0000000 0.0000000 0.0000000
vn 0.0000000 1.0000000 0.0000000
vn 0.0000000 1.0000000 0.0000000
vn 0.0000000 1.0000000 0.0000000
vn 0.0000000 1.0000000 0.0000000
vn 0.8065294 0.5911939 0.0000000
vn 0.8065294 0.5911939 0.0000000
vn 0.8065294 0.5911939 0.0000000
vn 0.8065294 0.5911939 0.0000000
vn -0.8065294 0.5911939 0.0000000
vn -0.8065294 0.5911939 0.0000000
vn -0.8065294 0.5911939 0.0000000
vn -0.8065294 0.5911939 0.0000000
vn 0.0000000 0.0000000 1.0000000
vn 0.0000000 0.0000000 1.0000000
vn 0.0000000 0.0000000 1.0000000
vn 0.0000000 0.0000000 1.0000000
vn 0.0000000 0.0000000 1.0000000
vn 0.0000000 0.0000000 1.0000000
vn 0.0000000 0.0000000 1.0000000
vn 0.0000000 0.0000000 1.0000000
vn 0.0000000 0.0000000 -1.0000000
vn 0.0000000 0.0000000 -1.0000000
vn 0.0000000 0.0000000 -1.0000000
vn 0.0000000 0.0000000 -1.0000000
vn 0.0000000 0.0000000 -1.0000000
vn 0.0000000 0.0000000 -1.0000000
vn 0.0000000 0.0000000 -1.0000000
vn 0.0000000 0.0000000 -1.0000000
vn -1.0000000 0.0000000 0.0000000
vn -1.0000000 0.0000000 0.0000000
vn -1.0000000 0.0000000 0.0000000
vn -1.0000000 0.0000000 0.0000000
vn -1.0000000 0.0000000 0.0000000
vn -1.0000000 0.0000000 0.0000000
vn 1.0000000 0.0000000 0.0000000
vn 1.0000000 0.0000000 0.0000000
vn 1.0000000 0.0000000 0.0000000
vn 1.0000000 0.0000000 0.0000000
vn 1.0000000 0.0000000 0.0000000
vn 1.0000000 0.0000000 0.0000000
vn 0.0000000 1.0000000 0.0000000
vn 0.0000000 1.0000000 0.0000000
vn 0.0000000 1.0000000 0.0000000
vn 0.0000000 1.0000000 0.0000000
vn 0.8065294 0.5911939 0.0000000
vn 0.8065294 0.5911939 0.0000000
vn 0.8065294 0.5911939 0.0000000
vn 0.8065294 0.5911939 0.0000000
vn -0.8065294 0.5911939 0.0000000
vn -0.8065294 0.5911939 0.0000000
vn -0.8065294 0.5911939 0.0000000
vn -0.8065294 0.5911939 0.0000000
vn 0.0000000 0.0000000 1.0000000
vn 0.0000000 0.0000000 1.0000000
vn 0.0000000 0.0000000 1.0000000
vn 0.0000000 0.0000000 1.0000000
vn 0.0000000 0.0000000 1.0000000
vn 0.0000000 0.0000000 1.0000000
vn 0.0000000 0.0000000 1.0000000
vn 0.0000000 0.0000000 1.0000000
vn 0.0000000 0.0000000 -1.0000000
vn 0.0000000 0.0000000 -1.0000000
vn 0.0000000 0.0000000 -1.0000000
vn 0.0000000 0.0000000 -1.0000000
vn 0.0000000 0.0000000 -1.0000000
vn 0.0000000 0.0000000 -1.0000000
vn 0.0000000 0.0000000 -1.0000000
vn 0.0000000 0.0000000 -1.0000000
vn -1.0000000 0.0000000 0.0000000
vn -1.0000000 0.0000000 0.0000000
vn -1.0000000 0.0000000 0.0000000
vn -1.0000000 0.0000000 0.0000000
vn -1.0000000 0.0000000 0.0000000
vn -1.0000000 0.0000000 0.0000000
vn 1.0000000 0.0000000 0.0000000
vn 1.0000000 0.0000000 0.0000000
vn 1.0000000 0.0000000 0.0000000
vn 1.0000000 0.0000000 0.0000000
vn 1.0000000 0.0000000 0.0000000
vn 1.0000000 0.0000000 0.0000000
vn -1.0000000 0.0000000 0.0000000
vn -1.0000000 0.0000000 0.0000000
vn -1.0000000 0.0000000 0.0000000
vn -1.0000000 0.0000000 0.0000000
vn 1.0000000 0.0000000 0.0000000
vn 1.0000000 0.0000000 0.0000000
vn 1.0000000 0.0000000 0.0000000
vn 1.0000000 0.0000000 0.0000000
vn 0.0000000 -1.0000000 0.0000000
vn 0.0000000 -1.0000000 0.0000000
vn 0.0000000 -1.0000000 0.0000000
vn 0.0000000 -1.0000000 0.0000000
vn 0.0000000 -1.0000000 0.0000000
vn 0.0000000 -1.0000000 0.0000000
vn 0.0000000 -1.0000000 0.0000000
vn 0.0000000 -1.0000000 0.0000000
vn 0.0000000 -1.0000000 0.0000000
vn 0.0000000 -1.0000000 0.0000000
vn 0.0000000 -1.0000000 0.0000000
vn 0.0000000 -1.0000000 0.0000000
vn 0.0000000 -1.0000000 0.0000000
vn 0.0000000 -1.0000000 0.0000000
vn 0.0000000 -1.0000000 0.0000000
vn 0.0000000 -1.0000000 0.0000000
vn 0.0000000 0.0000000 -1.0000000
vn 0.0000000 0.0000000 -1.0000000
vn 0.0000000 0.0000000 -1.0000000
vn 0.0000000 0.0000000 -1.0000000
vn 0.0000000 0.0000000 -1.0000000
vn 0.0000000 0.0000000 -1.0000000
vn 0.0000000 0.0000000 -1.0000000
vn 0.0000000 0.0000000 -1.0000000
vn 0.0000000 0.0000000 -1.0000000
vn 0.0000000 0.0000000 -1.0000000
vn 0.0000000 0.0000000 -1.0000000
vn 0.0000000 0.0000000 -1.0000000
vn 0.0000000 0.0000000 -1.0000000
vn 0.0000000 0.0000000 -1.0000000
vn 0.0000000 0.0000000 -1.0000000
vn 0.0000000 0.0000000 -1.0000000
vn 0.0000000 1.0000000 0.0000000
vn 0.0000000 1.0000000 0.0000000
vn 0.0000000 1.0000000 0.0000000
vn 0.0000000 1.0000000 0.0000000
vn 0.0000000 1.0000000 0.0000000
vn 0.0000000 1.0000000 0.0000000
vn 0.0000000 1.0000000 0.0000000
vn 0.0000000 1.0000000 0.0000000
vn 0.0000000 1.0000000 0.0000000
vn 0.0000000 1.0000000 0.0000000
vn 0.0000000 1.0000000 0.0000000
vn 0.0000000 1.0000000 0.0000000
vn 0.0000000 1.0000000 0.0000000
vn 0.0000000 1.0000000 0.0000000
vn 0.0000000 1.0000000 0.0000000
vn 0.0000000 1.0000000 0.0000000
vn 0.0000000 0.0000000 1.0000000
vn 0.0000000 0.0000000 1.0000000
vn 0.0000000 0.0000000 1.0000000
vn 0.0000000 0.0000000 1.0000000
vn 0.0000000 0.0000000 1.0000000
vn 0.0000000 0.0000000 1.0000000
vn 0.0000000 0.0000000 1.0000000
vn 0.0000000 0.0000000 1.0000000
vn 0.0000000 0.0000000 1.0000000
vn 0.0000000 0.0000000 1.0000000
vn 0.0000000 0.0000000 1.0000000
vn 0.0000000 0.0000000 1.0000000
vn 0.0000000 0.0000000 1.0000000
vn 0.0000000 0.0000000 1.0000000
vn 0.0000000 0.0000000 1.0000000
vn 0.0000000 0.0000000 1.0000000
vn -1.0000000 0.0000000 0.0000000
vn -1.0000000 0.0000000 0.0000000
vn -1.0000000 0.0000000 0.0000000
vn -1.0000000 0.0000000 0.0000000
vn 1.0000000 0.0000000 0.0000000
vn 1.0000000 0.0000000 0.0000000
vn 1.0000000 0.0000000 0.0000000
vn 1.0000000 0.0000000 0.0000000
vn 0.0000000 -1.0000000 0.0000000
vn 0.0000000 -1.0000000 0.0000000
vn 0.0000000 -1.0000000 0.0000000
vn 0.0000000 -1.0000000 0.0000000
vn 0.0000000 -1.0000000 0.0000000
vn 0.0000000 -1.0000000 0.0000000
vn 0.0000000 -1.0000000 0.0000000
vn 0.0000000 -1.0000000 0.0000000
vn 0.0000000 -1.0000000 0.0000000
vn 0.0000000 -1.0000000 0.0000000
vn 0.0000000 -1.0000000 0.0000000
vn 0.0000000 -1.0000000 0.0000000
vn 0.0000000 -1.0000000 0.0000000
vn 0.0000000 -1.0000000 0.0000000
vn 0.0000000 -1.0000000 0.0000000
vn 0.0000000 -1.0000000 0.0000000
vn 0.0000000 0.0000000 -1.0000000
vn 0.0000000 0.0000000 -1.0000000
vn 0.0000000 0.0000000 -1.0000000
vn 0.0000000 0.0000000 -1.0000000
vn 0.0000000 0.0000000 -1.0000000
vn 0.0000000 0.0000000 -1.0000000
vn 0.0000000 0.0000000 -1.0000000
vn 0.0000000 0.0000000 -1.0000000
vn 0.0000000 0.0000000 -1.0000000
vn 0.0000000 0.0000000 -1.0000000
vn 0.0000000 0.0000000 -1.0000000
vn 0.0000000 0.0000000 -1.0000000
vn 0.0000000 0.0000000 -1.0000000
vn 0.0000000 0.0000000 -1.0000000
vn 0.0000000 0.0000000 -1.0000000
vn 0.0000000 0.0000000 -1.0000000
vn 0.0000000 1.0000000 0.0000000
vn 0.0000000 1.0000000 0.0000000
vn 0.0000000 1.0000000 0.0000000
vn 0.0000000 1.0000000 0.0000000
vn 0.0000000 1.0000000 0.0000000
vn 0.0000000 1.0000000 0.0000000
vn 0.0000000 1.0000000 0.0000000
vn 0.0000000 1.0000000 0.0000000
vn 0.0000000 1.0000000 0.0000000
vn 0.0000000 1.0000000 0.0000000
vn 0.0000000 1.0000000 0.0000000
vn 0.0000000 1.0000000 0.0000000
vn 0.0000000 1.0000000 0.0000000
vn 0.0000000 1.0000000 0.0000000
vn 0.0000000 1.0000000 0.0000000
vn 0.0000000 1.0000000 0.0000000
vn 0.0000000 0.0000000 1.0000000
vn 0.0000000 0.0000000 1.0000000
vn 0.0000000 0.0000000 1.0000000
vn 0.0000000 0.0000000 1.0000000
vn 0.0000000 0.0000000 1.0000000
vn 0.0000000 0.0000000 1.0000000
vn 0.0000000 0.0000000 1.0000000
vn 0.0000000 0.0000000 1.0000000
vn 0.0000000 0.0000000 1.0000000
vn 0.0000000 0.0000000 1.0000000
vn 0.0000000 0.0000000 1.0000000
vn 0.0000000 0.0000000 1.0000000
vn 0.0000000 0.0000000 1.0000000
vn 0.0000000 0.0000000 1.0000000
vn 0.0000000 0.0000000 1.0000000
vn 0.0000000 0.0000000 1.0000000
vn 0.0000000 1.0000000 0.0000000
vn 0.0000000 1.0000000 0.0000000
vn 0.0000000 1.0000000 0.0000000
vn 0.0000000 1.0000000 0.0000000
vn 0.8065294 0.5911939 0.0000000
vn 0.8065294 0.5911939 0.0000000
vn 0.8065294 0.5911939 0.0000000
vn 0.8065294 0.5911939 0.0000000
vn -0.8065294 0.5911939 0.0000000
vn -0.8065294 0.5911939 0.0000000
vn -0.8065294 0.5911939 0.0000000
vn -0.8065294 0.5911939 0.0000000
vn 0.0000000 0.0000000 1.0000000
vn 0.0000000 0.0000000 1.0000000
vn 0.0000000 0.0000000 1.0000000
vn 0.0000000 0.0000000 1.0000000
vn 0.0000000 0.0000000 1.0000000
vn 0.0000000 0.0000000 1.0000000
vn 0.0000000 0.0000000 1.0000000
vn 0.0000000 0.0000000 1.0000000
vn 0.0000000 0.0000000 -1.0000000
vn 0.0000000 0.0000000 -1.0000000
vn 0.0000000 0.0000000 -1.0000000
vn 0.0000000 0.0000000 -1.0000000
vn 0.0000000 0.0000000 -1.0000000
vn 0.0000000 0.0000000 -1.0000000
vn 0.0000000 0.0000000 -1.0000000
vn 0.0000000 0.0000000 -1.0000000
vn -1.0000000 0.0000000 0.0000000
vn -1.0000000 0.0000000 0.0000000
vn -1.0000000 0.0000000 0.0000000
vn -1.0000000 0.0000000 0.0000000
vn -1.0000000 0.0000000 0.0000000
vn -1.0000000 0.0000000 0.0000000
vn 1.0000000 0.0000000 0.0000000
vn 1.0000000 0.0000000 0.0000000
vn 1.0000000 0.0000000 0.0000000
vn 1.0000000 0.0000000 0.0000000
vn 1.0000000 0.0000000 0.0000000
vn 1.0000000 0.0000000 0.0000000
vn 0.0000000 1.0000000 0.0000000
vn 0.0000000 1.0000000 0.0000000
vn 0.0000000 1.0000000 0.0000000
vn 0.0000000 1.0000000 0.0000000
vn 0.8065294 0.5911939 0.0000000
vn 0.8065294 0.5911939 0.0000000
vn 0.8065294 0.5911939 0.0000000
vn 0.8065294 0.5911939 0.0000000
vn -0.8065294 0.5911939 0.0000000
vn -0.8065294 0.5911939 0.0000000
vn -0.8065294 0.5911939 0.0000000
vn -0.8065294 0.5911939 0.0000000
vn 0.0000000 0.0000000 1.0000000
vn 0.0000000 0.0000000 1.0000000
vn 0.0000000 0.0000000 1.0000000
vn 0.0000000 0.0000000 1.0000000
vn 0.0000000 0.0000000 1.0000000
vn 0.0000000 0.0000000 1.0000000
vn 0.0000000 0.0000000 1.0000000
vn 0.0000000 0.0000000 1.0000000
vn 0.0000000 0.0000000 -1.0000000
vn 0.0000000 0.0000000 -1.0000000
vn 0.0000000 0.0000000 -1.0000000
vn 0.0000000 0.0000000 -1.0000000
vn 0.0000000 0.0000000 -1.0000000
vn 0.0000000 0.0000000 -1.0000000
vn 0.0000000 0.0000000 -1.0000000
vn 0.0000000 0.0000000 -1.0000000
vn -1.0000000 0.0000000 0.0000000
vn -1.0000000 0.0000000 0.0000000
vn -1.0000000 0.0000000 0.0000000
vn -1.0000000 0.0000000 0.0000000
vn -1.0000000 0.0000000 0.0000000
vn -1.0000000 0.0000000 0.0000000
vn 1.0000000 0.0000000 0.0000000
vn 1.0000000 0.0000000 0.0000000
vn 1.0000000 0.0000000 0.0000000
vn 1.0000000 0.0000000 0.0000000
vn 1.0000000 0.0000000 0.0000000
vn 1.0000000 0.0000000 0.0000000
vn 0.0000000 1.0000000 0.0000000
vn 0.0000000 1.0000000 0.0000000
vn 0.0000000 1.0000000 0.0000000
vn 0.0000000 1.0000000 0.0000000
vn 0.8065294 0.5911939 0.0000000
vn 0.8065294 0.5911939 0.0000000
vn 0.8065294 0.5911939 0.0000000
vn 0.8065294 0.5911939 0.0000000
vn -0.8065294 0.5911939 0.0000000
vn -0.8065294 0.5911939 0.0000000
vn -0.8065294 0.5911939 0.0000000
vn -0.8065294 0.5911939 0.0000000
vn 0.0000000 0.0000000 1.0000000
vn 0.0000000 0.0000000 1.0000000
vn 0.0000000 0.0000000 1.0000000
vn 0.0000000 0.0000000 1.0000000
vn 0.0000000 0.0000000 1.0000000
vn 0.0000000 0.0000000 1.0000000
vn 0.0000000 0.0000000 1.0000000
vn 0.0000000 0.0000000 1.0000000
vn 0.0000000 0.0000000 -1.0000000
vn 0.0000000 0.0000000 -1.0000000
vn 0.0000000 0.0000000 -1.0000000
vn 0.0000000 0.0000000 -1.0000000
vn 0.0000000 0.0000000 -1.0000000
vn 0.0000000 0.0000000 -1.0000000
vn 0.0000000 0.0000000 -1.0000000
vn 0.0000000 0.0000000 -1.0000000
vn -1.0000000 0.0000000 0.0000000
vn -1.0000000 0.0000000 0.0000000
vn -1.0000000 0.0000000 0.0000000
vn -1.0000000 0.0000000 0.0000000
vn -1.0000000 0.0000000 0.0000000
vn -1.0000000 0.0000000 0.0000000
vn 1.0000000 0.0000000 0.0000000
vn 1.0000000 0.0000000 0.0000000
vn 1.0000000 0.0000000 0.0000000
vn 1.0000000 0.0000000 0.0000000
vn 1.0000000 0.0000000 0.0000000
vn 1.0000000 0.0000000 0.0000000
vn -1.0000000 0.0000000 0.0000000
vn -1.0000000 0.0000000 0.0000000
vn -1.0000000 0.0000000 0.0000000
vn -1.0000000 0.0000000 0.0000000
vn 1.0000000 0.0000000 0.0000000
vn 1.0000000 0.0000000 0.0000000
vn 1.0000000 0.0000000 0.0000000
vn 1.0000000 0.0000000 0.0000000
vn 0.0000000 -1.0000000 0.0000000
vn 0.0000000 -1.0000000 0.0000000
vn 0.0000000 -1.0000000 0.0000000
vn 0.0000000 -1.0000000 0.0000000
vn 0.0000000 -1.0000000 0.0000000
vn 0.0000000 -1.0000000 0.0000000
vn 0.0000000 -1.0000000 0.0000000
vn 0.0000000 -1.0000000 0.0000000
vn 0.0000000 -1.0000000 0.0000000
vn 0.0000000 -1.0000000 0.0000000
vn 0.0000000 -1.0000000 0.0000000
vn 0.0000000 -1.0000000 0.0000000
vn 0.0000000 -1.0000000 0.0000000
vn 0.0000000 -1.0000000 0.0000000
vn 0.0000000 -1.0000000 0.0000000
vn 0.0000000 -1.0000000 0.0000000
vn 0.0000000 0.0000000 -1.0000000
vn 0.0000000 0.0000000 -1.0000000
vn 0.0000000 0.0000000 -1.0000000
vn 0.0000000 0.0000000 -1.0000000
vn 0.0000000 0.0000000 -1.0000000
vn 0.0000000 0.0000000 -1.0000000
vn 0.0000000 0.0000000 -1.0000000
vn 0.0000000 0.0000000 -1.0000000
vn 0.0000000 0.0000000 -1.0000000
vn 0.0000000 0.0000000 -1.0000000
vn 0.0000000 0.0000000 -1.0000000
vn 0.0000000 0.0000000 -1.0000000
vn 0.0000000 0.0000000 -1.0000000
vn 0.0000000 0.0000000 -1.0000000
vn 0.0000000 0.0000000 -1.0000000
vn 0.0000000 0.0000000 -1.0000000
vn 0.0000000 1.0000000 0.0000000
vn 0.0000000 1.0000000 0.0000000
vn 0.0000000 1.0000000 0.0000000
vn 0.0000000 1.0000000 0.0000000
vn 0.0000000 1.0000000 0.0000000
vn 0.0000000 1.0000000 0.0000000
vn 0.0000000 1.0000000 0.0000000
vn 0.0000000 1.0000000 0.0000000
vn 0.0000000 1.0000000 0.0000000
vn 0.0000000 1.0000000 0.0000000
vn 0.0000000 1.0000000 0.0000000
vn 0.0000000 1.0000000 0.0000000
vn 0.0000000 1.0000000 0.0000000
vn 0.0000000 1.0000000 0.0000000
vn 0.0000000 1.0000000 0.0000000
vn 0.0000000 1.0000000 0.0000000
vn 0.0000000 0.0000000 1.0000000
vn 0.0000000 0.0000000 1.0000000
vn 0.0000000 0.0000000 1.0000000
vn 0.0000000 0.0000000 1.0000000
vn 0.0000000 0.0000000 1.0000000
vn 0.0000000 0.0000000 1.0000000
vn 0.0000000 0.0000000 1.0000000
vn 0.0000000 0.0000000 1.0000000
vn 0.0000000 0.0000000 1.0000000
vn 0.0000000 0.0000000 1.0000000
vn 0.0000000 0.0000000 1.0000000
vn 0.0000000 0.0000000 1.0000000
vn 0.0000000 0.0000000 1.0000000
vn 0.0000000 0.0000000 1.0000000
vn 0.0000000 0.0000000 1.0000000
vn 0.0000000 0.0000000 1.0000000
vn 0.0000000 1.0000000 0.0000000
vn 0.0000000 1.0000000 0.0000000
vn 0.0000000 1.0000000 0.0000000
vn 0.0000000 1.0000000 0.0000000
vn 0.8065294 0.5911939 0.0000000
vn 0.8065294 0.5911939 0.0000000
vn 0.8065294 0.5911939 0.0000000
vn 0.8065294 0.5911939 0.0000000
vn -0.8065294 0.5911939 0.0000000
vn -0.8065294 0.5911939 0.0000000
vn -0.8065294 0.5911939 0.0000000
vn -0.8065294 0.5911939 0.0000000
vn 0.0000000 0.0000000 1.0000000
vn 0.0000000 0.0000000 1.0000000
vn 0.0000000 0.0000000 1.0000000
vn 0.0000000 0.0000000 1.0000000
vn 0.0000000 0.0000000 1.0000000
vn 0.0000000 0.0000000 1.0000000
vn 0.0000000 0.0000000 1.0000000
vn 0.0000000 0.0000000 1.0000000
vn 0.0000000 0.0000000 -1.0000000
vn 0.0000000 0.0000000 -1.0000000
vn 0.0000000 0.0000000 -1.0000000
vn 0.0000000 0.0000000 -1.0000000
vn 0.0000000 0.0000000 -1.0000000
vn 0.0000000 0.0000000 -1.0000000
vn 0.0000000 0.0000000 -1.0000000
vn 0.0000000 0.0000000 -1.0000000
vn -1.0000000 0.0000000 0.0000000
vn -1.0000000 0.0000000 0.0000000
vn -1.0000000 0.0000000 0.0000000
vn -1.0000000 0.0000000 0.0000000
vn -1.0000000 0.0000000 0.0000000
vn -1.0000000 0.0000000 0.0000000
vn 1.0000000 0.0000000 0.0000000
vn 1.0000000 0.0000000 0.0000000
vn 1.0000000 0.0000000 0.0000000
vn 1.0000000 0.0000000 0.0000000
vn 1.0000000 0.0000000 0.0000000
vn 1.0000000 0.0000000 0.0000000
vn 0.0000000 1.0000000 0.0000000
vn 0.0000000 1.0000000 0.0000000
vn 0.0000000 1.0000000 0.0000000
vn 0.0000000 1.0000000 0.0000000
vn 0.8065294 0.5911939 0.0000000
vn 0.8065294 0.5911939 0.0000000
vn 0.8065294 0.5911939 0.0000000
vn 0.8065294 0.5911939 0.0000000
vn -0.8065294 0.5911939 0.0000000
vn -0.8065294 0.5911939 0.0000000
vn -0.8065294 0.5911939 0.0000000
vn -0.8065294 0.5911939 0.0000000
vn 0.0000000 0.0000000 1.0000000
vn 0.0000000 0.0000000 1.0000000
vn 0.0000000 0.0000000 1.0000000
vn 0.0000000 0.0000000 1.0000000
vn 0.0000000 0.0000000 1.0000000
vn 0.0000000 0.0000000 1.0000000
vn 0.0000000 0.0000000 1.0000000
vn 0.0000000 0.0000000 1.0000000
vn 0.0000000 0.0000000 -1.0000000
vn 0.0000000 0.0000000 -1.0000000
vn 0.0000000 0.0000000 -1.0000000
vn 0.0000000 0.0000000 -1.0000000
vn 0.0000000 0.0000000 -1.0000000
vn 0.0000000 0.0000000 -1.0000000
vn 0.0000000 0.0000000 -1.0000000
vn 0.0000000 0.0000000 -1.0000000
vn -1.0000000 0.0000000 0.0000000
vn -1.0000000 0.0000000 0.0000000
vn -1.0000000 0.0000000 0.0000000
vn -1.0000000 0.0000000 0.0000000
vn -1.0000000 0.0000000 0.0000000
vn -1.0000000 0.0000000 0.0000000
vn 1.0000000 0.0000000 0.0000000
vn 1.0000000 0.0000000 0.0000000
vn 1.0000000 0.0000000 0.0000000
vn 1.0000000 0.0000000 0.0000000
vn 1.0000000 0.0000000 0.0000000
vn 1.0000000 0.0000000 0.0000000
vn 0.0000000 1.0000000 0.0000000
vn 0.0000000 1.0000000 0.0000000
vn 0.0000000 1.0000000 0.0000000
vn 0.0000000 1.0000000 0.0000000
vn 0.8065294 0.5911939 0.0000000
vn 0.8065294 0.5911939 0.0000000
vn 0.8065294 0.5911939 0.0000000
vn 0.8065294 0.5911939 0.0000000
vn -0.8065294 0.5911939 0.0000000
vn -0.8065294 0.5911939 0.0000000
vn -0.8065294 0.5911939 0.0000000
vn -0.8065294 0.5911939 0.0000000
vn 0.0000000 0.0000000 1.0000000
vn 0.0000000 0.0000000 1.0000000
vn 0.0000000 0.0000000 1.0000000
vn 0.0000000 0.0000000 1.0000000
vn 0.0000000 0.0000000 1.0000000
vn 0.0000000 0.0000000 1.0000000
vn 0.0000000 0.0000000 1.0000000
vn 0.0000000 0.0000000 1.0000000
vn 0.0000000 0.0000000 -1.0000000
vn 0.0000000 0.0000000 -1.0000000
vn 0.0000000 0.0000000 -1.0000000
vn 0.0000000 0.0000000 -1.0000000
vn 0.0000000 0.0000000 -1.0000000
vn 0.0000000 0.0000000 -1.0000000
vn 0.0000000 0.0000000 -1.0000000
vn 0.0000000 0.0000000 -1.0000000
vn -1.0000000 0.0000000 0.0000000
vn -1.0000000 0.0000000 0.0000000
vn -1.0000000 0.0000000 0.0000000
vn -1.0000000 0.0000000 0.0000000
vn -1.0000000 0.0000000 0.0000000
vn -1.0000000 0.0000000 0.0000000
vn 1.0000000 0.0000000 0.0000000
vn 1.0000000 0.0000000 0.0000000
vn 1.0000000 0.0000000 0.0000000
vn 1.0000000 0.0000000 0.0000000
vn 1.0000000 0.0000000 0.0000000
vn 1.0000000 0.0000000 0.0000000
vn 0.0000000 1.0000000 0.0000000
vn 0.0000000 1.0000000 0.0000000
vn 0.0000000 1.0000000 0.0000000
vn 0.0000000 1.0000000 0.0000000
vn 0.8065294 0.5911939 0.0000000
vn 0.8065294 0.5911939 0.0000000
vn 0.8065294 0.5911939 0.0000000
vn 0.8065294 0.5911939 0.0000000
vn -0.8065294 0.5911939 0.0000000
vn -0.8065294 0.5911939 0.0000000
vn -0.8065294 0.5911939 0.0000000
vn -0.8065294 0.5911939 0.0000000
vn 0.0000000 0.0000000 1.0000000
vn 0.0000000 0.0000000 1.0000000
vn 0.0000000 0.0000000 1.0000000
vn 0.0000000 0.0000000 1.0000000
vn 0.0000000 0.0000000 1.0000000
vn 0.0000000 0.0000000 1.0000000
vn 0.0000000 0.0000000 1.0000000
vn 0.0000000 0.0000000 1.0000000
vn 0.0000000 0.0000000 -1.0000000
vn 0.0000000 0.0000000 -1.0000000
vn 0.0000000 0.0000000 -1.0000000
vn 0.0000000 0.0000000 -1.0000000
vn 0.0000000 0.0000000 -1.0000000
vn 0.0000000 0.0000000 -1.0000000
vn 0.0000000 0.0000000 -1.0000000
vn 0.0000000 0.0000000 -1.0000000
vn -1.0000000 0.0000000 0.0000000
vn -1.0000000 0.0000000 0.0000000
vn -1.0000000 0.0000000 0.0000000
vn -1.0000000 0.0000000 0.0000000
vn -1.0000000 0.0000000 0.0000000
vn -1.0000000 0.0000000 0.0000000
vn 1.0000000 0.0000000 0.0000000
vn 1.0000000 0.0000000 0.0000000
vn 1.0000000 0.0000000 0.0000000
vn 1.0000000 0.0000000 0.0000000
vn 1.0000000 0.0000000 0.0000000
vn 1.0000000 0.0000000 0.0000000
vn 0.0000000 1.0000000 0.0000000
vn 0.0000000 1.0000000 0.0000000
vn 0.0000000 1.0000000 0.0000000
vn 0.0000000 1.0000000 0.0000000
vn 0.8065294 0.5911939 0.0000000
vn 0.8065294 0.5911939 0.0000000
vn 0.8065294 0.5911939 0.0000000
vn 0.8065294 0.5911939 0.0000000
vn -0.8065294 0.5911939 0.0000000
vn -0.8065294 0.5911939 0.0000000
vn -0.8065294 0.5911939 0.0000000
vn -0.8065294 0.5911939 0.0000000
vn 0.0000000 0.0000000 1.0000000
vn 0.0000000 0.0000000 1.0000000
vn 0.0000000 0.0000000 1.0000000
vn 0.0000000 0.0000000 1.0000000
vn 0.0000000 0.0000000 1.0000000
vn 0.0000000 0.0000000 1.0000000
vn 0.0000000 0.0000000 1.0000000
vn 0.0000000 0.0000000 1.0000000
vn 0.0000000 0.0000000 -1.0000000
vn 0.0000000 0.0000000 -1.0000000
vn 0.0000000 0.0000000 -1.0000000
vn 0.0000000 0.0000000 -1.0000000
vn 0.0000000 0.0000000 -1.0000000
vn 0.0000000 0.0000000 -1.0000000
vn 0.0000000 0.0000000 -1.0000000
vn 0.0000000 0.0000000 -1.0000000
vn -1.0000000 0.0000000 0.0000000
vn -1.0000000 0.0000000 0.0000000
vn -1.0000000 0.0000000 0.0000000
vn -1.0000000 0.0000000 0.0000000
vn -1.0000000 0.0000000 0.0000000
vn -1.0000000 0.0000000 0.0000000
vn 1.0000000 0.0000000 0.0000000
vn 1.0000000 0.0000000 0.0000000
vn 1.0000000 0.0000000 0.0000000
vn 1.0000000 0.0000000 0.0000000
vn 1.0000000 0.0000000 0.0000000
vn 1.0000000 0.0000000 0.0000000
vn 0.0000000 1.0000000 0.0000000
vn 0.0000000 1.0000000 0.0000000
vn 0.0000000 1.0000000 0.0000000
vn 0.0000000 1.0000000 0.0000000
vn 0.8065294 0.5911939 0.0000000
vn 0.8065294 0.5911939 0.0000000
vn 0.8065294 0.5911939 0.0000000
vn 0.8065294 0.5911939 0.0000000
vn -0.8065294 0.5911939 0.0000000
vn -0.8065294 0.5911939 0.0000000
vn -0.8065294 0.5911939 0.0000000
vn -0.8065294 0.5911939 0.0000000
vn 0.0000000 0.0000000 1.0000000
vn 0.0000000 0.0000000 1.0000000
vn 0.0000000 0.0000000 1.0000000
vn 0.0000000 0.0000000 1.0000000
vn 0.0000000 0.0000000 1.0000000
vn 0.0000000 0.0000000 1.0000000
vn 0.0000000 0.0000000 1.0000000
vn 0.0000000 0.0000000 1.0000000
vn 0.0000000 0.0000000 -1.0000000
vn 0.0000000 0.0000000 -1.0000000
vn 0.0000000 0.0000000 -1.0000000
vn 0.0000000 0.0000000 -1.0000000
vn 0.0000000 0.0000000 -1.0000000
vn 0.0000000 0.0000000 -1.0000000
vn 0.0000000 0.0000000 -1.0000000
vn 0.0000000 0.0000000 -1.0000000
vn -1.0000000 0.0000000 0.0000000
vn -1.0000000 0.0000000 0.0000000
vn -1.0000000 0.0000000 0.0000000
vn -1.0000000 0.0000000 0.0000000
vn -1.0000000 0.0000000 0.0000000
vn -1.0000000 0.0000000 0.0000000
vn 1.0000000 0.0000000 0.0000000
vn 1.0000000 0.0000000 0.0000000
vn 1.0000000 0.0000000 0.0000000
vn 1.0000000 0.0000000 0.0000000
vn 1.0000000 0.0000000 0.0000000
vn 1.0000000 0.0000000 0.0000000
vn -1.0000000 0.0000000 0.0000000
vn -1.0000000 0.0000000 0.0000000
vn -1.0000000 0.0000000 0.0000000
vn -1.0000000 0.0000000 0.0000000
vn 1.0000000 0.0000000 0.0000000
vn 1.0000000 0.0000000 0.0000000
vn 1.0000000 0.0000000 0.0000000
vn 1.0000000 0.0000000 0.0000000
vn 0.0000000 -1.0000000 0.0000000
vn 0.0000000 -1.0000000 0.0000000
vn 0.0000000 -1.0000000 0.0000000
vn 0.0000000 -1.0000000 0.0000000
vn 0.0000000 -1.0000000 0.0000000
vn 0.0000000 -1.0000000 0.0000000
vn 0.0000000 -1.0000000 0.0000000
vn 0.0000000 -1.0000000 0.0000000
vn 0.0000000 -1.0000000 0.0000000
vn 0.0000000 -1.0000000 0.0000000
vn 0.0000000 -1.0000000 0.0000000
vn 0.0000000 -1.0000000 0.0000000
vn 0.0000000 -1.0000000 0.0000000
vn 0.0000000 -1.0000000 0.0000000
vn 0.0000000 -1.0000000 0.0000000
vn 0.0000000 -1.0000000 0.0000000
vn 0.0000000 0.0000000 -1.0000000
vn 0.0000000 0.0000000 -1.0000000
vn 0.0000000 0.0000000 -1.0000000
vn 0.0000000 0.0000000 -1.0000000
vn 0.0000000 0.0000000 -1.0000000
vn 0.0000000 0.0000000 -1.0000000
vn 0.0000000 0.0000000 -1.0000000
vn 0.0000000 0.0000000 -1.0000000
vn 0.0000000 0.0000000 -1.0000000
vn 0.0000000 0.0000000 -1.0000000
vn 0.0000000 0.0000000 -1.0000000
vn 0.0000000 0.0000000 -1.0000000
vn 0.0000000 0.0000000 -1.0000000
vn 0.0000000 0.0000000 -1.0000000
vn 0.0000000 0.0000000 -1.0000000
vn 0.0000000 0.0000000 -1.0000000
vn 0.0000000 1.0000000 0.0000000
vn 0.0000000 1.0000000 0.0000000
vn 0.0000000 1.0000000 0.0000000
vn 0.0000000 1.0000000 0.0000000
vn 0.0000000 1.0000000 0.0000000
vn 0.0000000 1.0000000 0.0000000
vn 0.0000000 1.0000000 0.0000000
vn 0.0000000 1.0000000 0.0000000
vn 0.0000000 1.0000000 0.0000000
vn 0.0000000 1.0000000 0.0000000
vn 0.0000000 1.0000000 0.0000000
vn 0.0000000 1.0000000 0.0000000
vn 0.0000000 1.0000000 0.0000000
vn 0.0000000 1.0000000 0.0000000
vn 0.0000000 1.0000000 0.0000000
vn 0.0000000 1.0000000 0.0000000
vn 0.0000000 0.0000000 1.0000000
vn 0.0000000 0.0000000 1.0000000
vn 0.0000000 0.0000000 1.0000000
vn 0.0000000 0.0000000 1.0000000
vn 0.0000000 0.0000000 1.0000000
vn 0.0000000 0.0000000 1.0000000
vn 0.0000000 0.0000000 1.0000000
vn 0.0000000 0.0000000 1.0000000
vn 0.0000000 0.0000000 1.0000000
vn 0.0000000 0.0000000 1.0000000
vn 0.0000000 0.0000000 1.0000000
vn 0.0000000 0.0000000 1.0000000
vn 0.0000000 0.0000000 1.0000000
vn 0.0000000 0.0000000 1.0000000
vn 0.0000000 0.0000000 1.0000000
vn 0.0000000 0.0000000 1.0000000
vn -1.0000000 0.0000000 0.0000000
vn -1.0000000 0.0000000 0.0000000
vn -1.0000000 0.0000000 0.0000000
vn -1.0000000 0.0000000 0.0000000
vn 1.0000000 0.0000000 0.0000000
vn 1.0000000 0.0000000 0.0000000
vn 1.0000000 0.0000000 0.0000000
vn 1.0000000 0.0000000 0.0000000
vn 0.0000000 -1.0000000 0.0000000
vn 0.0000000 -1.0000000 0.0000000
vn 0.0000000 -1.0000000 0.0000000
vn 0.0000000 -1.0000000 0.0000000
vn 0.0000000 -1.0000000 0.0000000
vn 0.0000000 -1.0000000 0.0000000
vn 0.0000000 -1.0000000 0.0000000
vn 0.0000000 -1.0000000 0.0000000
vn 0.0000000 -1.0000000 0.0000000
vn 0.0000000 -1.0000000 0.0000000
vn 0.0000000 -1.0000000 0.0000000
vn 0.0000000 -1.0000000 0.0000000
vn 0.0000000 -1.0000000 0.0000000
vn 0.0000000 -1.0000000 0.0000000
vn 0.0000000 -1.0000000 0.0000000
vn 0.0000000 -1.0000000 0.0000000
vn 0.0000000 0.0000000 -1.0000000
vn 0.0000000 0.0000000 -1.0000000
vn 0.0000000 0.0000000 -1.0000000
vn 0.0000000 0.0000000 -1.0000000
vn 0.0000000 0.0000000 -1.0000000
vn 0.0000000 0.0000000 -1.0000000
vn 0.0000000 0.0000000 -1.0000000
vn 0.0000000 0.0000000 -1.0000000
vn 0.0000000 0.0000000 -1.0000000
vn 0.0000000 0.0000000 -1.0000000
vn 0.0000000 0.0000000 -1.0000000
vn 0.0000000 0.0000000 -1.0000000
vn 0.0000000 0.0000000 -1.0000000
vn 0.0000000 0.0000000 -1.0000000
vn 0.0000000 0.0000000 -1.0000000
vn 0.0000000 0.0000000 -1.0000000
vn 0.0000000 1.0000000 0.0000000
vn 0.0000000 1.0000000 0.0000000
vn 0.0000000 1.0000000 0.0000000
vn 0.0000000 1.0000000 0.0000000
vn 0.0000000 1.0000000 0.0000000
vn 0.0000000 1.0000000 0.0000000
vn 0.0000000 1.0000000 0.0000000
vn 0.0000000 1.0000000 0.0000000
vn 0.0000000 1.0000000 0.0000000
vn 0.0000000 1.0000000 0.0000000
vn 0.0000000 1.0000000 0.0000000
vn 0.0000000 1.0000000 0.0000000
vn 0.0000000 1.0000000 0.0000000
vn 0.0000000 1.0000000 0.0000000
vn 0.0000000 1.0000000 0.0000000
vn 0.0000000 1.0000000 0.0000000
vn 0.0000000 0.0000000 1.0000000
vn 0.0000000 0.0000000 1.0000000
vn 0.0000000 0.0000000 1.0000000
vn 0.0000000 0.0000000 1.0000000
vn 0.0000000 0.0000000 1.0000000
vn 0.0000000 0.0000000 1.0000000
vn 0.0000000 0.0000000 1.0000000
vn 0.0000000 0.0000000 1.0000000
vn 0.0000000 0.0000000 1.0000000
vn 0.0000000 0.0000000 1.0000000
vn 0.0000000 0.0000000 1.0000000
vn 0.0000000 0.0000000 1.0000000
vn 0.0000000 0.0000000 1.0000000
vn 0.0000000 0.0000000 1.0000000
vn 0.0000000 0.0000000 1.0000000
vn 0.0000000 0.0000000 1.0000000
vn 0.0000000 1.0000000 0.0000000
vn 0.0000000 1.0000000 0.0000000
vn 0.0000000 1.0000000 0.0000000
vn 0.0000000 1.0000000 0.0000000
vn 0.8065294 0.5911939 0.0000000
vn 0.8065294 0.5911939 0.0000000
vn 0.8065294 0.5911939 0.0000000
vn 0.8065294 0.5911939 0.0000000
vn -0.8065294 0.5911939 0.0000000
vn -0.8065294 0.5911939 0.0000000
vn -0.8065294 0.5911939 0.0000000
vn -0.8065294 0.5911939 0.0000000
vn 0.0000000 0.0000000 1.0000000
vn 0.0000000 0.0000000 1.0000000
vn 0.0000000 0.0000000 1.0000000
vn 0.0000000 0.0000000 1.0000000
vn 0.0000000 0.0000000 1.0000000
vn 0.0000000 0.0000000 1.0000000
vn 0.0000000 0.0000000 1.0000000
vn 0.0000000 0.0000000 1.0000000
vn 0.0000000 0.0000000 -1.0000000
vn 0.0000000 0.0000000 -1.0000000
vn 0.0000000 0.0000000 -1.0000000
vn 0.0000000 0.0000000 -1.0000000
vn 0.0000000 0.0000000 -1.0000000
vn 0.0000000 0.0000000 -1.0000000
vn 0.0000000 0.0000000 -1.0000000
vn 0.0000000 0.0000000 -1.0000000
vn -1.0000000 0.0000000 0.0000000
vn -1.0000000 0.0000000 0.0000000
vn -1.0000000 0.0000000 0.0000000
vn -1.0000000 0.0000000 0.0000000
vn -1.0000000 0.0000000 0.0000000
vn -1.0000000 0.0000000 0.0000000
vn 1.0000000 0.0000000 0.0000000
vn 1.0000000 0.0000000 0.0000000
vn 1.0000000 0.0000000 0.0000000
vn 1.0000000 0.0000000 0.0000000
vn 1.0000000 0.0000000 0.0000000
vn 1.0000000 0.0000000 0.0000000
vn 0.0000000 1.0000000 0.0000000
vn 0.0000000 1.0000000 0.0000000
vn 0.0000000 1.0000000 0.0000000
vn 0.0000000 1.0000000 0.0000000
vn 0.8065294 0.5911939 0.0000000
vn 0.8065294 0.5911939 0.0000000
vn 0.8065294 0.5911939 0.0000000
vn 0.8065294 0.5911939 0.0000000
vn -0.8065294 0.5911939 0.0000000
vn -0.8065294 0.5911939 0.0000000
vn -0.8065294 0.5911939 0.0000000
vn -0.8065294 0.5911939 0.0000000
vn 0.0000000 0.0000000 1.0000000
vn 0.0000000 0.0000000 1.0000000
vn 0.0000000 0.0000000 1.0000000
vn 0.0000000 0.0000000 1.0000000
vn 0.0000000 0.0000000 1.0000000
vn 0.0000000 0.0000000 1.0000000
vn 0.0000000 0.0000000 1.0000000
vn 0.0000000 0.0000000 1.0000000
vn 0.0000000 0.0000000 -1.0000000
vn 0.0000000 0.0000000 -1.0000000
vn 0.0000000 0.0000000 -1.0000000
vn 0.0000000 0.0000000 -1.0000000
vn 0.0000000 0.0000000 -1.0000000
vn 0.0000000 0.0000000 -1.0000000
vn 0.0000000 0.0000000 -1.0000000
vn 0.0000000 0.0000000 -1.0000000
vn -1.0000000 0.0000000 0.0000000
vn -1.0000000 0.0000000 0.0000000
vn -1.0000000 0.0000000 0.0000000
vn -1.0000000 0.0000000 0.0000000
vn -1.0000000 0.0000000 0.0000000
vn -1.0000000 0.0000000 0.0000000
vn 1.0000000 0.0000000 0.0000000
vn 1.0000000 0.0000000 0.0000000
vn 1.0000000 0.0000000 0.0000000
vn 1.0000000 0.0000000 0.0000000
vn 1.0000000 0.0000000 0.0000000
vn 1.0000000 0.0000000 0.0000000
vn 0.0000000 1.0000000 0.0000000
vn 0.0000000 1.0000000 0.0000000
vn 0.0000000 1.0000000 0.0000000
vn 0.0000000 1.0000000 0.0000000
vn 0.8065294 0.5911939 0.0000000
vn 0.8065294 0.5911939 0.0000000
vn 0.8065294 0.5911939 0.0000000
vn 0.8065294 0.5911939 0.0000000
vn -0.8065294 0.5911939 0.0000000
vn -0.8065294 0.5911939 0.0000000
vn -0.8065294 0.5911939 0.0000000
vn -0.8065294 0.5911939 0.0000000
vn 0.0000000 0.0000000 1.0000000
vn 0.0000000 0.0000000 1.0000000
vn 0.0000000 0.0000000 1.0000000
vn 0.0000000 0.0000000 1.0000000
vn 0.0000000 0.0000000 1.0000000
vn 0.0000000 0.0000000 1.0000000
vn 0.0000000 0.0000000 1.0000000
vn 0.0000000 0.0000000 1.0000000
vn 0.0000000 0.0000000 -1.0000000
vn 0.0000000 0.0000000 -1.0000000
vn 0.0000000 0.0000000 -1.0000000
vn 0.0000000 0.0000000 -1.0000000
vn 0.0000000 0.0000000 -1.0000000
vn 0.0000000 0.0000000 -1.0000000
vn 0.0000000 0.0000000 -1.0000000
vn 0.0000000 0.0000000 -1.0000000
vn -1.0000000 0.0000000 0.0000000
vn -1.0000000 0.0000000 0.0000000
vn -1.0000000 0.0000000 0.0000000
vn -1.0000000 0.0000000 0.0000000
vn -1.0000000 0.0000000 0.0000000
vn -1.0000000 0.0000000 0.0000000
vn 1.0000000 0.0000000 0.0000000
vn 1.0000000 0.0000000 0.0000000
vn 1.0000000 0.0000000 0.0000000
vn 1.0000000 0.0000000 0.0000000
vn 1.0000000 0.0000000 0.0000000
vn 1.0000000 0.0000000 0.0000000
vn -1.0000000 0.0000000 0.0000000
vn -1.0000000 0.0000000 0.0000000
vn -1.0000000 0.0000000 0.0000000
vn -1.0000000 0.0000000 0.0000000
vn 1.0000000 0.0000000 0.0000000
vn 1.0000000 0.0000000 0.0000000
vn 1.0000000 0.0000000 0.0000000
vn 1.0000000 0.0000000 0.0000000
vn 0.0000000 -1.0000000 0.0000000
vn 0.0000000 -1.0000000 0.0000000
vn 0.0000000 -1.0000000 0.0000000
vn 0.0000000 -1.0000000 0.0000000
vn 0.0000000 -1.0000000 0.0000000
vn 0.0000000 -1.0000000 0.0000000
vn 0.0000000 -1.0000000 0.0000000
vn 0.0000000 -1.0000000 0.0000000
vn 0.0000000 -1.0000000 0.0000000
vn 0.0000000 -1.0000000 0.0000000
vn 0.0000000 -1.0000000 0.0000000
vn 0.0000000 -1.0000000 0.0000000
vn 0.0000000 -1.0000000 0.0000000
vn 0.0000000 -1.0000000 0.0000000
vn 0.0000000 -1.0000000 0.0000000
vn 0.0000000 -1.0000000 0.0000000
vn 0.0000000 0.0000000 -1.0000000
vn 0.0000000 0.0000000 -1.0000000
vn 0.0000000 0.0000000 -1.0000000
vn 0.0000000 0.0000000 -1.0000000
vn 0.0000000 0.0000000 -1.0000000
vn 0.0000000 0.0000000 -1.0000000
vn 0.0000000 0.0000000 -1.0000000
vn 0.0000000 0.0000000 -1.0000000
vn 0.0000000 0.0000000 -1.0000000
vn 0.0000000 0.0000000 -1.0000000
vn 0.0000000 0.0000000 -1.0000000
vn 0.0000000 0.0000000 -1.0000000
vn 0.0000000 0.0000000 -1.0000000
vn 0.0000000 0.0000000 -1.0000000
vn 0.0000000 0.0000000 -1.0000000
vn 0.0000000 0.0000000 -1.0000000
vn 0.0000000 1.0000000 0.0000000
vn 0.0000000 1.0000000 0.0000000
vn 0.0000000 1.0000000 0.0000000
vn 0.0000000 1.0000000 0.0000000
vn 0.0000000 1.0000000 0.0000000
vn 0.0000000 1.0000000 0.0000000
vn 0.0000000 1.0000000 0.0000000
vn 0.0000000 1.0000000 0.0000000
vn 0.0000000 1.0000000 0.0000000
vn 0.0000000 1.0000000 0.0000000
vn 0.0000000 1.0000000 0.0000000
vn 0.0000000 1.0000000 0.0000000
vn 0.0000000 1.0000000 0.0000000
vn 0.0000000 1.0000000 0.0000000
vn 0.0000000 1.0000000 0.0000000
vn 0.0000000 1.0000000 0.0000000
vn 0.0000000 0.0000000 1.0000000
vn 0.0000000 0.0000000 1.0000000
vn 0.0000000 0.0000000 1.0000000
vn 0.0000000 0.0000000 1.0000000
vn 0.0000000 0.0000000 1.0000000
vn 0.0000000 0.0000000 1.0000000
vn 0.0000000 0.0000000 1.0000000
vn 0.0000000 0.0000000 1.0000000
vn 0.0000000 0.0000000 1.0000000
vn 0.0000000 0.0000000 1.0000000
vn 0.0000000 0.0000000 1.0000000
vn 0.0000000 0.0000000 1.0000000
vn 0.0000000 0.0000000 1.0000000
vn 0.0000000 0.0000000 1.0000000
vn 0.0000000 0.0000000 1.0000000
vn 0.0000000 0.0000000 1.0000000
f 1/1/1 2/2/2 3/3/3
f 2/2/2 4/4/4 3/3/3
f 5/5/5 6/6/6 7/7/7
f 6/6/6 8/8/8 7/7/7
f 9/9/9 10/10/10 11/11/11
f 10/10/10 12/12/12 11/11/11
f 13/13/13 14/14/14 15/15/15
f 14/14/14 16/16/16 15/15/15
f 15/15/15 16/16/16 17/17/17
f 15/15/15 17/17/17 18/18/18
f 17/17/17 19/19/19 18/18/18
f 18/18/18 19/19/19 20/20/20
f 21/21/21 22/22/22 23/23/23
f 22/22/22 24/24/24 23/23/23
f 23/23/23 24/24/24 25/25/25
f 24/24/24 26/26/26 25/25/25
f 25/25/25 26/26/26 27/27/27
f 26/26/26 28/28/28 27/27/27
f 29/29/29 30/30/30 31/31/31
f 30/30/30 32/32/32 31/31/31
f 31/31/31 32/32/32 33/33/33
f 32/32/32 34/34/34 33/33/33
f 35/35/35 36/36/36 37/37/37
f 36/36/36 38/38/38 37/37/37
f 37/37/37 38/38/38 39/39/39
f 38/38/38 40/40/40 39/39/39
f 41/41/41 42/42/42 43/43/43
f 42/42/42 44/44/44 43/43/43
f 45/45/45 46/46/46 47/47/47
f 46/46/46 48/48/48 47/47/47
f 49/49/49 50/50/50 51/51/51
f 50/50/50 52/52/52 51/51/51
f 53/53/53 54/54/54 55/55/55
f 54/54/54 56/56/56 55/55/55
f 55/55/55 56/56/56 57/57/57
f 55/55/55 57/57/57 58/58/58
f 57/57/57 59/59/59 58/58/58
f 58/58/58 59/59/59 60/60/60
f 61/61/61 62/62/62 63/63/63
f 62/62/62 64/64/64 63/63/63
f 63/63/63 64/64/64 65/65/65
f 64/64/64 66/66/66 65/65/65
f 65/65/65 66/66/66 67/67/67
f 66/66/66 68/68/68 67/67/67
f 69/69/69 70/70/70 71/71/71
f 70/70/70 72/72/72 71/71/71
f 71/71/71 72/72/72 73/73/73
f 72/72/72 74/74/74 73/73/73
f 75/75/75 76/76/76 77/77/77
f 76/76/76 78/78/78 77/77/77
f 77/77/77 78/78/78 79/79/79
f 78/78/78 80/80/80 79/79/79
f 81/81/81 82/82/82 83/83/83
f 82/82/82 84/84/84 83/83/83
f 85/85/85 86/86/86 87/87/87
f 86/86/86 88/88/88 87/87/87
f 89/89/89 90/90/90 91/91/91
f 90/90/90 92/92/92 91/91/91
f 93/93/93 94/94/94 95/95/95
f 94/94/94 96/96/96 95/95/95
f 95/95/95 96/96/96 97/97/97
f 95/95/95 97/97/97 98/98/98
f 97/97/97 99/99/99 98/98/98
f 98/98/98 99/99/99 100/100/100
f 101/101/101 102/102/102 103/103/103
f 102/102/102 104/104/104 103/103/103
f 103/103/103 104/104/104 105/105/105
f 104/104/104 106/106/106 105/105/105
f 105/105/105 106/106/106 107/107/107
f 106/106/106 108/108/108 107/107/107
f 109/109/109 110/110/110 111/111/111
f 110/110/110 112/112/112 111/111/111
f 111/111/111 112/112/112 113/113/113
f 112/112/112 114/114/114 113/113/113
f 115/115/115 116/116/116 117/117/117
f 116/116/116 118/118/118 117/117/117
f 117/117/117 118/118/118 119/119/119
f 118/118/118 120/120/120 119/119/119
f 121/121/121 122/122/122 123/123/123
f 122/122/122 124/124/124 123/123/123
f 125/125/125 126/126/126 127/127/127
f 126/126/126 128/128/128 127/127/127
f 129/129/129 130/130/130 131/131/131
f 130/130/130 132/132/132 131/131/131
f 133/133/133 134/134/134 135/135/135
f 134/134/134 136/136/136 135/135/135
f 135/135/135 136/136/136 137/137/137
f 135/135/135 137/137/137 138/138/138
f 137/137/137 139/139/139 138/138/138
f 138/138/138 139/139/139 140/140/140
f 141/141/141 142/142/142 143/143/143
f 142/142/142 144/144/144 143/143/143
f 143/143/143 144/144/144 145/145/145
f 144/144/144 146/146/146 145/145/145
f 145/145/145 146/146/146 147/147/147
f 146/146/146 148/148/148 147/147/147
f 149/149/149 150/150/150 151/151/151
f 150/150/150 152/152/152 151/151/151
f 151/151/151 152/152/152 153/153/153
f 152/152/152 154/154/154 153/153/153
f 155/155/155 156/156/156 157/157/157
f 156/156/156 158/158/158 157/157/157
f 157/157/157 158/158/158 159/159/159
f 158/158/158 160/160/160 159/159/159
f 161/161/161 162/162/162 163/163/163
f 162/162/162 164/164/164 163/163/163
f 165/165/165 166/166/166 167/167/167
f 166/166/166 168/168/168 167/167/167
f 169/169/169 170/170/170 171/171/171
f 170/170/170 172/172/172 171/171/171
f 173/173/173 174/174/174 175/175/175
f 174/174/174 176/176/176 175/175/175
f 175/175/175 177/177/177 178/178/178
f 175/175/175 176/176/176 177/177/177
f 177/177/177 179/179/179 178/178/178
f 178/178/178 179/179/179 180/180/180
f 181/181/181 182/182/182 183/183/183
f 182/182/182 184/184/184 183/183/183
f 183/183/183 184/184/184 185/185/185
f 184/184/184 186/186/186 185/185/185
f 185/185/185 186/186/186 187/187/187
f 186/186/186 188/188/188 187/187/187
f 189/189/189 190/190/190 191/191/191
f 190/190/190 192/192/192 191/191/191
f 191/191/191 192/192/192 193/193/193
f 192/192/192 194/194/194 193/193/193
f 195/195/195 196/196/196 197/197/197
f 196/196/196 198/198/198 197/197/197
f 197/197/197 198/198/198 199/199/199
f 198/198/198 200/200/200 199/199/199
f 201/201/201 202/202/202 203/203/203
f 202/202/202 204/204/204 203/203/203
f 205/205/205 206/206/206 207/207/207
f 206/206/206 208/208/208 207/207/207
f 209/209/209 210/210/210 211/211/211
f 210/210/210 212/212/212 211/211/211
f 213/213/213 214/214/214 215/215/215
f 214/214/214 216/216/216 215/215/215
f 215/215/215 216/216/216 217/217/217
f 215/215/215 217/217/217 218/218/218
f 217/217/217 219/219/219 218/218/218
f 218/218/218 219/219/219 220/220/220
f 221/221/221 222/222/222 223/223/223
f 222/222/222 224/224/224 223/223/223
f 223/223/223 224/224/224 225/225/225
f 224/224/224 226/226/226 225/225/225
f 225/225/225 226/226/226 227/227/227
f 226/226/226 228/228/228 227/227/227
f 229/229/229 230/230/230 231/231/231
f 230/230/230 232/232/232 231/231/231
f 231/231/231 232/232/232 233/233/233
f 232/232/232 234/234/234 233/233/233
f 235/235/235 236/236/236 237/237/237
f 236/236/236 238/238/238 237/237/237
f 237/237/237 238/238/238 239/239/239
f 238/238/238 240/240/240 239/239/239
f 241/241/241 242/242/242 243/243/243
f 242/242/242 244/244/244 243/243/243
f 245/245/245 246/246/246 247/247/247
f 246/246/246 248/248/248 247/247/247
f 249/249/249 250/250/250 251/251/251
f 250/250/250 252/252/252 251/251/251
f 251/251/251 252/252/252 253/253/253
f 252/252/252 254/254/254 253/253/253
f 253/253/253 254/254/254 255/255/255
f 254/254/254 256/256/256 255/255/255
f 255/255/255 256/256/256 257/257/257
f 256/256/256 258/258/258 257/257/257
f 257/257/257 258/258/258 259/259/259
f 258/258/258 260/260/260 259/259/259
f 259/259/259 260/260/260 261/261/261
f 260/260/260 262/262/262 261/261/261
f 261/261/261 262/262/262 263/263/263
f 262/262/262 264/264/264 263/263/263
f 265/265/265 266/266/266 267/267/267
f 266/266/266 268/268/268 267/267/267
f 267/267/267 268/268/268 269/269/269
f 268/268/268 270/270/270 269/269/269
f 269/269/269 270/270/270 271/271/271
f 270/270/270 272/272/272 271/271/271
f 271/271/271 272/272/272 273/273/273
f 272/272/272 274/274/274 273/273/273
f 273/273/273 274/274/274 275/275/275
f 274/274/274 276/276/276 275/275/275
f 275/275/275 276/276/276 277/277/277
f 276/276/276 278/278/278 277/277/277
f 277/277/277 278/278/278 279/279/279
f 278/278/278 280/280/280 279/279/279
f 281/281/281 282/282/282 283/283/283
f 282/282/282 284/284/284 283/283/283
f 283/283/283 284/284/284 285/285/285
f 284/284/284 286/286/286 285/285/285
f 285/285/285 286/286/286 287/287/287
f 286/286/286 288/288/288 287/287/287
f 287/287/287 288/288/288 289/289/289
f 288/288/288 290/290/290 289/289/289
f 289/289/289 290/290/290 291/291/291
f 290/290/290 292/292/292 291/291/291
f 291/291/291 292/292/292 293/293/293
f 292/292/292 294/294/294 293/293/293
f 293/293/293 294/294/294 295/295/295
f 294/294/294 296/296/296 295/295/295
f 297/297/297 298/298/298 299/299/299
f 298/298/298 300/300/300 299/299/299
f 299/299/299 300/300/300 301/301/301
f 300/300/300 302/302/302 301/301/301
f 301/301/301 302/302/302 303/303/303
f 302/302/302 304/304/304 303/303/303
f 303/303/303 304/304/304 305/305/305
f 304/304/304 306/306/306 305/305/305
f 305/305/305 306/306/306 307/307/307
f 306/306/306 308/308/308 307/307/307
f 307/307/307 308/308/308 309/309/309
f 308/308/308 310/310/310 309/309/309
f 309/309/309 310/310/310 311/311/311
f 310/310/310 312/312/312 311/311/311
f 313/313/313 314/314/314 315/315/315
f 314/314/314 316/316/316 315/315/315
f 317/317/317 318/318/318 319/319/319
f 318/318/318 320/320/320 319/319/319
f 321/321/321 322/322/322 323/323/323
f 322/322/322 324/324/324 323/323/323
f 323/323/323 324/324/324 325/325/325
f 324/324/324 326/326/326 325/325/325
f 325/325/325 326/326/326 327/327/327
f 326/326/326 328/328/328 327/327/327
f 327/327/327 328/328/328 329/329/329
f 328/328/328 330/330/330 329/329/329
f 329/329/329 330/330/330 331/331/331
f 330/330/330 332/332/332 331/331/331
f 331/331/331 332/332/332 333/333/333
f 332/332/332 334/334/334 333/333/333
f 333/333/333 334/334/334 335/335/335
f 334/334/334 336/336/336 335/335/335
f 337/337/337 338/338/338 339/339/339
f 338/338/338 340/340/340 339/339/339
f 339/339/339 340/340/340 341/341/341
f 340/340/340 342/342/342 341/341/341
f 341/341/341 342/342/342 343/343/343
f 342/342/342 344/344/344 343/343/343
f 343/343/343 344/344/344 345/345/345
f 344/344/344 346/346/346 345/345/345
f 345/345/345 346/346/346 347/347/347
f 346/346/346 348/348/348 347/347/347
f 347/347/347 348/348/348 349/349/349
f 348/348/348 350/350/350 349/349/349
f 349/349/349 350/350/350 351/351/351
f 350/350/350 352/352/352 351/351/351
f 353/353/353 354/354/354 355/355/355
f 354/354/354 356/356/356 355/355/355
f 355/355/355 356/356/356 357/357/357
f 356/356/356 358/358/358 357/357/357
f 357/357/357 358/358/358 359/359/359
f 358/358/358 360/360/360 359/359/359
f 359/359/359 360/360/360 361/361/361
f 360/360/360 362/362/362 361/361/361
f 361/361/361 362/362/362 363/363/363
f 362/362/362 364/364/364 363/363/363
f 363/363/363 364/364/364 365/365/365
f 364/364/364 366/366/366 365/365/365
f 365/365/365 366/366/366 367/367/367
f 366/366/366 368/368/368 367/367/367
f 369/369/369 370/370/370 371/371/371
f 370/370/370 372/372/372 371/371/371
f 371/371/371 372/372/372 373/373/373
f 372/372/372 374/374/374 373/373/373
f 373/373/373 374/374/374 375/375/375
f 374/374/374 376/376/376 375/375/375
f 375/375/375 376/376/376 377/377/377
f 376/376/376 378/378/378 377/377/377
f 377/377/377 378/378/378 379/379/379
f 378/378/378 380/380/380 379/379/379
f 379/379/379 380/380/380 381/381/381
f 380/380/380 382/382/382 381/381/381
f 381/381/381 382/382/382 383/383/383
f 382/382/382 384/384/384 383/383/383
f 385/385/385 386/386/386 387/387/387
f 386/386/386 388/388/388 387/387/387
f 389/389/389 390/390/390 391/391/391
f 390/390/390 392/392/392 391/391/391
f 393/393/393 394/394/394 395/395/395
f 394/394/394 396/396/396 395/395/395
f 397/397/397 398/398/398 399/399/399
f 398/398/398 400/400/400 399/399/399
f 399/399/399 400/400/400 401/401/401
f 399/399/399 401/401/401 402/402/402
f 401/401/401 403/403/403 402/402/402
f 402/402/402 403/403/403 404/404/404
f 405/405/405 406/406/406 407/407/407
f 406/406/406 408/408/408 407/407/407
f 407/407/407 408/408/408 409/409/409
f 408/408/408 410/410/410 409/409/409
f 409/409/409 410/410/410 411/411/411
f 410/410/410 412/412/412 411/411/411
f 413/413/413 414/414/414 415/415/415
f 414/414/414 416/416/416 415/415/415
f 415/415/415 416/416/416 417/417/417
f 416/416/416 418/418/418 417/417/417
f 419/419/419 420/420/420 421/421/421
f 420/420/420 422/422/422 421/421/421
f 421/421/421 422/422/422 423/423/423
f 422/422/422 424/424/424 423/423/423
f 425/425/425 426/426/426 427/427/427
f 426/426/426 428/428/428 427/427/427
f 429/429/429 430/430/430 431/431/431
f 430/430/430 432/432/432 431/431/431
f 433/433/433 434/434/434 435/435/435
f 434/434/434 436/436/436 435/435/435
f 437/437/437 438/438/438 439/439/439
f 438/438/438 440/440/440 439/439/439
f 439/439/439 440/440/440 441/441/441
f 439/439/439 441/441/441 442/442/442
f 441/441/441 443/443/443 442/442/442
f 442/442/442 443/443/443 444/444/444
f 445/445/445 446/446/446 447/447/447
f 446/446/446 448/448/448 447/447/447
f 447/447/447 448/448/448 449/449/449
f 448/448/448 450/450/450 449/449/449
f 449/449/449 450/450/450 451/451/451
f 450/450/450 452/452/452 451/451/451
f 453/453/453 454/454/454 455/455/455
f 454/454/454 456/456/456 455/455/455
f 455/455/455 456/456/456 457/457/457
f 456/456/456 458/458/458 457/457/457
f 459/459/459 460/460/460 461/461/461
f 460/460/460 462/462/462 461/461/461
f 461/461/461 462/462/462 463/463/463
f 462/462/462 464/464/464 463/463/463
f 465/465/465 466/466/466 467/467/467
f 466/466/466 468/468/468 467/467/467
f 469/469/469 470/470/470 471/471/471
f 470/470/470 472/472/472 471/471/471
f 473/473/473 474/474/474 475/475/475
f 474/474/474 476/476/476 475/475/475
f 477/477/477 478/478/478 479/479/479
f 478/478/478 480/480/480 479/479/479
f 479/479/479 480/480/480 481/481/481
f 479/479/479 481/481/481 482/482/482
f 481/481/481 483/483/483 482/482/482
f 482/482/482 483/483/483 484/484/484
f 485/485/485 486/486/486 487/487/487
f 486/486/486 488/488/488 487/487/487
f 487/487/487 488/488/488 489/489/489
f 488/488/488 490/490/490 489/489/489
f 489/489/489 490/490/490 491/491/491
f 490/490/490 492/492/492 491/491/491
f 493/493/493 494/494/494 495/495/495
f 494/494/494 496/496/496 495/495/495
f 495/495/495 496/496/496 497/497/497
f 496/496/496 498/498/498 497/497/497
f 499/499/499 500/500/500 501/501/501
f 500/500/500 502/502/502 501/501/501
f 501/501/501 502/502/502 503/503/503
f 502/502/502 504/504/504 503/503/503
f 505/505/505 506/506/506 507/507/507
f 506/506/506 508/508/508 507/507/507
f 509/509/509 510/510/510 511/511/511
f 510/510/510 512/512/512 511/511/511
f 513/513/513 514/514/514 515/515/515
f 514/514/514 516/516/516 515/515/515
f 517/517/517 518/518/518 519/519/519
f 518/518/518 520/520/520 519/519/519
f 519/519/519 521/521/521 522/522/522
f 519/519/519 520/520/520 521/521/521
f 521/521/521 523/523/523 522/522/522
f 522/522/522 523/523/523 524/524/524
f 525/525/525 526/526/526 527/527/527
f 526/526/526 528/528/528 527/527/527
f 527/527/527 528/528/528 529/529/529
f 528/528/528 530/530/530 529/529/529
f 529/529/529 530/530/530 531/531/531
f 530/530/530 532/532/532 531/531/531
f 533/533/533 534/534/534 535/535/535
f 534/534/534 536/536/536 535/535/535
f 535/535/535 536/536/536 537/537/537
f 536/536/536 538/538/538 537/537/537
f 539/539/539 540/540/540 541/541/541
f 540/540/540 542/542/542 541/541/541
f 541/541/541 542/542/542 543/543/543
f 542/542/542 544/544/544 543/543/543
f 545/545/545 546/546/546 547/547/547
f 546/546/546 548/548/548 547/547/547
f 549/549/549 550/550/550 551/551/551
f 550/550/550 552/552/552 551/551/551
f 553/553/553 554/554/554 555/555/555
f 554/554/554 556/556/556 555/555/555
f 557/557/557 558/558/558 559/559/559
f 558/558/558 560/560/560 559/559/559
f 559/559/559 560/560/560 561/561/561
f 559/559/559 561/561/561 562/562/562
f 561/561/561 563/563/563 562/562/562
f 562/562/562 563/563/563 564/564/564
f 565/565/565 566/566/566 567/567/567
f 566/566/566 568/568/568 567/567/567
f 567/567/567 568/568/568 569/569/569
f 568/568/568 570/570/570 569/569/569
f 569/569/569 570/570/570 571/571/571
f 570/570/570 572/572/572 571/571/571
f 573/573/573 574/574/574 575/575/575
f 574/574/574 576/576/576 575/575/575
f 575/575/575 576/576/576 577/577/577
f 576/576/576 578/578/578 577/577/577
f 579/579/579 580/580/580 581/581/581
f 580/580/580 582/582/582 581/581/581
f 581/581/581 582/582/582 583/583/583
f 582/582/582 584/584/584 583/583/583
f 585/585/585 586/586/586 587/587/587
f 586/586/586 588/588/588 587/587/587
f 589/589/589 590/590/590 591/591/591
f 590/590/590 592/592/592 591/591/591
f 593/593/593 594/594/594 595/595/595
f 594/594/594 596/596/596 595/595/595
f 597/597/597 598/598/598 599/599/599
f 598/598/598 600/600/600 599/599/599
f 599/599/599 601/601/601 602/602/602
f 599/599/599 600/600/600 601/601/601
f 601/601/601 603/603/603 602/602/602
f 602/602/602 603/603/603 604/604/604
f 605/605/605 606/606/606 607/607/607
f 606/606/606 608/608/608 607/607/607
f 607/607/607 608/608/608 609/609/609
f 608/608/608 610/610/610 609/609/609
f 609/609/609 610/610/610 611/611/611
f 610/610/610 612/612/612 611/611/611
f 613/613/613 614/614/614 615/615/615
f 614/614/614 616/616/616 615/615/615
f 615/615/615 616/616/616 617/617/617
f 616/616/616 618/618/618 617/617/617
f 619/619/619 620/620/620 621/621/621
f 620/620/620 622/622/622 621/621/621
f 621/621/621 622/622/622 623/623/623
f 622/622/622 624/624/624 623/623/623
f 625/625/625 626/626/626 627/627/627
f 626/626/626 628/628/628 627/627/627
f 629/629/629 630/630/630 631/631/631
f 630/630/630 632/632/632 631/631/631
f 633/633/633 634/634/634 635/635/635
f 634/634/634 636/636/636 635/635/635
f 635/635/635 636/636/636 637/637/637
f 636/636/636 638/638/638 637/637/637
f 637/637/637 638/638/638 639/639/639
f 638/638/638 640/640/640 639/639/639
f 639/639/639 640/640/640 641/641/641
f 640/640/640 642/642/642 641/641/641
f 641/641/641 642/642/642 643/643/643
f 642/642/642 644/644/644 643/643/643
f 643/643/643 644/644/644 645/645/645
f 644/644/644 646/646/646 645/645/645
f 645/645/645 646/646/646 647/647/647
f 646/646/646 648/648/648 647/647/647
f 649/649/649 650/650/650 651/651/651
f 650/650/650 652/652/652 651/651/651
f 651/651/651 652/652/652 653/653/653
f 652/652/652 654/654/654 653/653/653
f 653/653/653 654/654/654 655/655/655
f 654/654/654 656/656/656 655/655/655
f 655/655/655 656/656/656 657/657/657
f 656/656/656 658/658/658 657/657/657
f 657/657/657 658/658/658 659/659/659
f 658/658/658 660/660/660 659/659/659
f 659/659/659 660/660/660 661/661/661
f 660/660/660 662/662/662 661/661/661
f 661/661/661 662/662/662 663/663/663
f 662/662/662 664/664/664 663/663/663
f 665/665/665 666/666/666 667/667/667
f 666/666/666 668/668/668 667/667/667
f 667/667/667 668/668/668 669/669/669
f 668/668/668 670/670/670 669/669/669
f 669/669/669 670/670/670 671/671/671
f 670/670/670 672/672/672 671/671/671
f 671/671/671 672/672/672 673/673/673
f 672/672/672 674/674/674 673/673/673
f 673/673/673 674/674/674 675/675/675
f 674/674/674 676/676/676 675/675/675
f 675/675/675 676/676/676 677/677/677
f 676/676/676 678/678/678 677/677/677
f 677/677/677 678/678/678 679/679/679
f 678/678/678 680/680/680 679/679/679
f 681/681/681 682/682/682 683/683/683
f 682/682/682 684/684/684 683/683/683
f 683/683/683 684/684/684 685/685/685
f 684/684/684 686/686/686 685/685/685
f 685/685/685 686/686/686 687/687/687
f 686/686/686 688/688/688 687/687/687
f 687/687/687 688/688/688 689/689/689
f 688/688/688 690/690/690 689/689/689
f 689/689/689 690/690/690 691/691/691
f 690/690/690 692/692/692 691/691/691
f 691/691/691 692/692/692 693/693/693
f 692/692/692 694/694/694 693/693/693
f 693/693/693 694/694/694 695/695/695
f 694/694/694 696/696/696 695/695/695
f 697/697/697 698/698/698 699/699/699
f 698/698/698 700/700/700 699/699/699
f 701/701/701 702/702/702 703/703/703
f 702/702/702 704/704/704 703/703/703
f 705/705/705 706/706/706 707/707/707
f 706/706/706 708/708/708 707/707/707
f 707/707/707 708/708/708 709/709/709
f 708/708/708 710/710/710 709/709/709
f 709/709/709 710/710/710 711/711/711
f 710/710/710 712/712/712 711/711/711
f 711/711/711 712/712/712 713/713/713
f 712/712/712 714/714/714 713/713/713
f 713/713/713 714/714/714 715/715/715
f 714/714/714 716/716/716 715/715/715
f 715/715/715 716/716/716 717/717/717
f 716/716/716 718/718/718 717/717/717
f 717/717/717 718/718/718 719/719/719
f 718/718/718 720/720/720 719/719/719
f 721/721/721 722/722/722 723/723/723
f 722/722/722 724/724/724 723/723/723
f 723/723/723 724/724/724 725/725/725
f 724/724/724 726/726/726 725/725/725
f 725/725/725 726/726/726 727/727/727
f 726/726/726 728/728/728 727/727/727
f 727/727/727 728/728/728 729/729/729
f 728/728/728 730/730/730 729/729/729
f 729/729/729 730/730/730 731/731/731
f 730/730/730 732/732/732 731/731/731
f 731/731/731 732/732/732 733/733/733
f 732/732/732 734/734/734 733/733/733
f 733/733/733 734/734/734 735/735/735
f 734/734/734 736/736/736 735/735/735
f 737/737/737 738/738/738 739/739/739
f 738/738/738 740/740/740 739/739/739
f 739/739/739 740/740/740 741/741/741
f 740/740/740 742/742/742 741/741/741
f 741/741/741 742/742/742 743/743/743
f 742/742/742 744/744/744 743/743/743
f 743/743/743 744/744/744 745/745/745
f 744/744/744 746/746/746 745/745/745
f 745/745/745 746/746/746 747/747/747
f 746/746/746 748/748/748 747/747/747
f 747/747/747 748/748/748 749/749/749
f 748/748/748 750/750/750 749/749/749
f 749/749/749 750/750/750 751/751/751
f 750/750/750 752/752/752 751/751/751
f 753/753/753 754/754/754 755/755/755
f 754/754/754 756/756/756 755/755/755
f 755/755/755 756/756/756 757/757/757
f 756/756/756 758/758/758 757/757/757
f 757/757/757 758/758/758 759/759/759
f 758/758/758 760/760/760 759/759/759
f 759/759/759 760/760/760 761/761/761
f 760/760/760 762/762/762 761/761/761
f 761/761/761 762/762/762 763/763/763
f 762/762/762 764/764/764 763/763/763
f 763/763/763 764/764/764 765/765/765
f 764/764/764 766/766/766 765/765/765
f 765/765/765 766/766/766 767/767/767
f 766/766/766 768/768/768 767/767/767
f 769/769/769 770/770/770 771/771/771
f 770/770/770 772/772/772 771/771/771
f 773/773/773 774/774/774 775/775/775
f 774/774/774 776/776/776 775/775/775
f 777/777/777 778/778/778 779/779/779
f 778/778/778 780/780/780 779/779/779
f 781/781/781 782/782/782 783/783/783
f 782/782/782 784/784/784 783/783/783
f 783/783/783 785/785/785 786/786/786
f 783/783/783 784/784/784 785/785/785
f 785/785/785 787/787/787 786/786/786
f 786/786/786 787/787/787 788/788/788
f 789/789/789 790/790/790 791/791/791
f 790/790/790 792/792/792 791/791/791
f 791/791/791 792/792/792 793/793/793
f 792/792/792 794/794/794 793/793/793
f 793/793/793 794/794/794 795/795/795
f 794/794/794 796/796/796 795/795/795
f 797/797/797 798/798/798 799/799/799
f 798/798/798 800/800/800 799/799/799
f 799/799/799 800/800/800 801/801/801
f 800/800/800 802/802/802 801/801/801
f 803/803/803 804/804/804 805/805/805
f 804/804/804 806/806/806 805/805/805
f 805/805/805 806/806/806 807/807/807
f 806/806/806 808/808/808 807/807/807
f 809/809/809 810/810/810 811/811/811
f 810/810/810 812/812/812 811/811/811
f 813/813/813 814/814/814 815/815/815
f 814/814/814 816/816/816 815/815/815
f 817/817/817 818/818/818 819/819/819
f 818/818/818 820/820/820 819/819/819
f 821/821/821 822/822/822 823/823/823
f 822/822/822 824/824/824 823/823/823
f 823/823/823 825/825/825 826/826/826
f 823/823/823 824/824/824 825/825/825
f 825/825/825 827/827/827 826/826/826
f 826/826/826 827/827/827 828/828/828
f 829/829/829 830/830/830 831/831/831
f 830/830/830 832/832/832 831/831/831
f 831/831/831 832/832/832 833/833/833
f 832/832/832 834/834/834 833/833/833
f 833/833/833 834/834/834 835/835/835
f 834/834/834 836/836/836 835/835/835
f 837/837/837 838/838/838 839/839/839
f 838/838/838 840/840/840 839/839/839
f 839/839/839 840/840/840 841/841/841
f 840/840/840 842/842/842 841/841/841
f 843/843/843 844/844/844 845/845/845
f 844/844/844 846/846/846 845/845/845
f 845/845/845 846/846/846 847/847/847
f 846/846/846 848/848/848 847/847/847
f 849/849/849 850/850/850 851/851/851
f 850/850/850 852/852/852 851/851/851
f 853/853/853 854/854/854 855/855/855
f 854/854/854 856/856/856 855/855/855
f 857/857/857 858/858/858 859/859/859
f 858/858/858 860/860/860 859/859/859
f 861/861/861 862/862/862 863/863/863
f 862/862/862 864/864/864 863/863/863
f 863/863/863 864/864/864 865/865/865
f 863/863/863 865/865/865 866/866/866
f 865/865/865 867/867/867 866/866/866
f 866/866/866 867/867/867 868/868/868
f 869/869/869 870/870/870 871/871/871
f 870/870/870 872/872/872 871/871/871
f 871/871/871 872/872/872 873/873/873
f 872/872/872 874/874/874 873/873/873
f 873/873/873 874/874/874 875/875/875
f 874/874/874 876/876/876 875/875/875
f 877/877/877 878/878/878 879/879/879
f 878/878/878 880/880/880 879/879/879
f 879/879/879 880/880/880 881/881/881
f 880/880/880 882/882/882 881/881/881
f 883/883/883 884/884/884 885/885/885
f 884/884/884 886/886/886 885/885/885
f 885/885/885 886/886/886 887/887/887
f 886/886/886 888/888/888 887/887/887
f 889/889/889 890/890/890 891/891/891
f 890/890/890 892/892/892 891/891/891
f 893/893/893 894/894/894 895/895/895
f 894/894/894 896/896/896 895/895/895
f 897/897/897 898/898/898 899/899/899
f 898/898/898 900/900/900 899/899/899
f 899/899/899 900/900/900 901/901/901
f 900/900/900 902/902/902 901/901/901
f 901/901/901 902/902/902 903/903/903
f 902/902/902 904/904/904 903/903/903
f 903/903/903 904/904/904 905/905/905
f 904/904/904 906/906/906 905/905/905
f 905/905/905 906/906/906 907/907/907
f 906/906/906 908/908/908 907/907/907
f 907/907/907 908/908/908 909/909/909
f 908/908/908 910/910/910 909/909/909
f 909/909/909 910/910/910 911/911/911
f 910/910/910 912/912/912 911/911/911
f 913/913/913 914/914/914 915/915/915
f 914/914/914 916/916/916 915/915/915
f 915/915/915 916/916/916 917/917/917
f 916/916/916 918/918/918 917/917/917
f 917/917/917 918/918/918 919/919/919
f 918/918/918 920/920/920 919/919/919
f 919/919/919 920/920/920 921/921/921
f 920/920/920 922/922/922 921/921/921
f 921/921/921 922/922/922 923/923/923
f 922/922/922 924/924/924 923/923/923
f 923/923/923 924/924/924 925/925/925
f 924/924/924 926/926/926 925/925/925
f 925/925/925 926/926/926 927/927/927
f 926/926/926 928/928/928 927/927/927
f 929/929/929 930/930/930 931/931/931
f 930/930/930 932/932/932 931/931/931
f 931/931/931 932/932/932 933/933/933
f 932/932/932 934/934/934 933/933/933
f 933/933/933 934/934/934 935/935/935
f 934/934/934 936/936/936 935/935/935
f 935/935/935 936/936/936 937/937/937
f 936/936/936 938/938/938 937/937/937
f 937/937/937 938/938/938 939/939/939
f 938/938/938 940/940/940 939/939/939
f 939/939/939 940/940/940 941/941/941
f 940/940/940 942/942/942 941/941/941
f 941/941/941 942/942/942 943/943/943
f 942/942/942 944/944/944 943/943/943
f 945/945/945 946/946/946 947/947/947
f 946/946/946 948/948/948 947/947/947
f 947/947/947 948/948/948 949/949/949
f 948/948/948 950/950/950 949/949/949
f 949/949/949 950/950/950 951/951/951
f 950/950/950 952/952/952 951/951/951
f 951/951/951 952/952/952 953/953/953
f 952/952/952 954/954/954 953/953/953
f 953/953/953 954/954/954 955/955/955
f 954/954/954 956/956/956 955/955/955
f 955/955/955 956/956/956 957/957/957
f 956/956/956 958/958/958 957/957/957
f 957/957/957 958/958/958 959/959/959
f 958/958/958 960/960/960 959/959/959
f 961/961/961 962/962/962 963/963/963
f 962/962/962 964/964/964 963/963/963
f 965/965/965 966/966/966 967/967/967
f 966/966/966 968/968/968 967/967/967
f 969/969/969 970/970/970 971/971/971
f 970/970/970 972/972/972 971/971/971
f 973/973/973 974/974/974 975/975/975
f 974/974/974 976/976/976 975/975/975
f 975/975/975 976/976/976 977/977/977
f 975/975/975 977/977/977 978/978/978
f 977/977/977 979/979/979 978/978/978
f 978/978/978 979/979/979 980/980/980
f 981/981/981 982/982/982 983/983/983
f 982/982/982 984/984/984 983/983/983
f 983/983/983 984/984/984 985/985/985
f 984/984/984 986/986/986 985/985/985
f 985/985/985 986/986/986 987/987/987
f 986/986/986 988/988/988 987/987/987
f 989/989/989 990/990/990 991/991/991
f 990/990/990 992/992/992 991/991/991
f 991/991/991 992/992/992 993/993/993
f 992/992/992 994/994/994 993/993/993
f 995/995/995 996/996/996 997/997/997
f 996/996/996 998/998/998 997/997/997
f 997/997/997 998/998/998 999/999/999
f 998/998/998 1000/1000/1000 999/999/999
f 1001/1001/1001 1002/1002/1002 1003/1003/1003
f 1002/1002/1002 1004/1004/1004 1003/1003/1003
f 1005/1005/1005 1006/1006/1006 1007/1007/1007
f 1006/1006/1006 1008/1008/1008 1007/1007/1007
f 1009/1009/1009 1010/1010/1010 1011/1011/1011
f 1010/1010/1010 1012/1012/1012 1011/1011/1011
f 1013/1013/1013 1014/1014/1014 1015/1015/1015
f 1014/1014/1014 1016/1016/1016 1015/1015/1015
f 1015/1015/1015 1017/1017/1017 1018/1018/1018
f 1015/1015/1015 1016/1016/1016 1017/1017/1017
f 1017/1017/1017 1019/1019/1019 1018/1018/1018
f 1018/1018/1018 1019/1019/1019 1020/1020/1020
f 1021/1021/1021 1022/1022/1022 1023/1023/1023
f 1022/1022/1022 1024/1024/1024 1023/1023/1023
f 1023/1023/1023 1024/1024/1024 1025/1025/1025
f 1024/1024/1024 1026/1026/1026 1025/1025/1025
f 1025/1025/1025 1026/1026/1026 1027/1027/1027
f 1026/1026/1026 1028/1028/1028 1027/1027/1027
f 1029/1029/1029 1030/1030/1030 1031/1031/1031
f 1030/1030/1030 1032/1032/1032 1031/1031/1031
f 1031/1031/1031 1032/1032/1032 1033/1033/1033
f 1032/1032/1032 1034/1034/1034 1033/1033/1033
f 1035/1035/1035 1036/1036/1036 1037/1037/1037
f 1036/1036/1036 1038/1038/1038 1037/1037/1037
f 1037/1037/1037 1038/1038/1038 1039/1039/1039
f 1038/1038/1038 1040/1040/1040 1039/1039/1039
f 1041/1041/1041 1042/1042/1042 1043/1043/1043
f 1042/1042/1042 1044/1044/1044 1043/1043/1043
f 1045/1045/1045 1046/1046/1046 1047/1047/1047
f 1046/1046/1046 1048/1048/1048 1047/1047/1047
f 1049/1049/1049 1050/1050/1050 1051/1051/1051
f 1050/1050/1050 1052/1052/1052 1051/1051/1051
f 1053/1053/1053 1054/1054/1054 1055/1055/1055
f 1054/1054/1054 1056/1056/1056 1055/1055/1055
f 1055/1055/1055 1057/1057/1057 1058/1058/1058
f 1055/1055/1055 1056/1056/1056 1057/1057/1057
f 1057/1057/1057 1059/1059/1059 1058/1058/1058
f 1058/1058/1058 1059/1059/1059 1060/1060/1060
f 1061/1061/1061 1062/1062/1062 1063/1063/1063
f 1062/1062/1062 1064/1064/1064 1063/1063/1063
f 1063/1063/1063 1064/1064/1064 1065/1065/1065
f 1064/1064/1064 1066/1066/1066 1065/1065/1065
f 1065/1065/1065 1066/1066/1066 1067/1067/1067
f 1066/1066/1066 1068/1068/1068 1067/1067/1067
f 1069/1069/1069 1070/1070/1070 1071/1071/1071
f 1070/1070/1070 1072/1072/1072 1071/1071/1071
f 1071/1071/1071 1072/1072/1072 1073/1073/1073
f 1072/1072/1072 1074/1074/1074 1073/1073/1073
f 1075/1075/1075 1076/1076/1076 1077/1077/1077
f 1076/1076/1076 1078/1078/1078 1077/1077/1077
f 1077/1077/1077 1078/1078/1078 1079/1079/1079
f 1078/1078/1078 1080/1080/1080 1079/1079/1079
f 1081/1081/1081 1082/1082/1082 1083/1083/1083
f 1082/1082/1082 1084/1084/1084 1083/1083/1083
f 1085/1085/1085 1086/1086/1086 1087/1087/1087
f 1086/1086/1086 1088/1088/1088 1087/1087/1087
f 1089/1089/1089 1090/1090/1090 1091/1091/1091
f 1090/1090/1090 1092/1092/1092 1091/1091/1091
f 1093/1093/1093 1094/1094/1094 1095/1095/1095
f 1094/1094/1094 1096/1096/1096 1095/1095/1095
f 1095/1095/1095 1096/1096/1096 1097/1097/1097
f 1095/1095/1095 1097/1097/1097 1098/1098/1098
f 1097/1097/1097 1099/1099/1099 1098/1098/1098
f 1098/1098/1098 1099/1099/1099 1100/1100/1100
f 1101/1101/1101 1102/1102/1102 1103/1103/1103
f 1102/1102/1102 1104/1104/1104 1103/1103/1103
f 1103/1103/1103 1104/1104/1104 1105/1105/1105
f 1104/1104/1104 1106/1106/1106 1105/1105/1105
f 1105/1105/1105 1106/1106/1106 1107/1107/1107
f 1106/1106/1106 1108/1108/1108 1107/1107/1107
f 1109/1109/1109 1110/1110/1110 1111/1111/1111
f 1110/1110/1110 1112/1112/1112 1111/1111/1111
f 1111/1111/1111 1112/1112/1112 1113/1113/1113
f 1112/1112/1112 1114/1114/1114 1113/1113/1113
f 1115/1115/1115 1116/1116/1116 1117/1117/1117
f 1116/1116/1116 1118/1118/1118 1117/1117/1117
f 1117/1117/1117 1118/1118/1118 1119/1119/1119
f 1118/1118/1118 1120/1120/1120 1119/1119/1119
f 1121/1121/1121 1122/1122/1122 1123/1123/1123
f 1122/1122/1122 1124/1124/1124 1123/1123/1123
f 1125/1125/1125 1126/1126/1126 1127/1127/1127
f 1126/1126/1126 1128/1128/1128 1127/1127/1127
f 1129/1129/1129 1130/1130/1130 1131/1131/1131
f 1130/1130/1130 1132/1132/1132 1131/1131/1131
f 1133/1133/1133 1134/1134/1134 1135/1135/1135
f 1134/1134/1134 1136/1136/1136 1135/1135/1135
f 1135/1135/1135 1137/1137/1137 1138/1138/1138
f 1135/1135/1135 1136/1136/1136 1137/1137/1137
f 1137/1137/1137 1139/1139/1139 1138/1138/1138
f 1138/1138/1138 1139/1139/1139 1140/1140/1140
f 1141/1141/1141 1142/1142/1142 1143/1143/1143
f 1142/1142/1142 1144/1144/1144 1143/1143/1143
f 1143/1143/1143 1144/1144/1144 1145/1145/1145
f 1144/1144/1144 1146/1146/1146 1145/1145/1145
f 1145/1145/1145 1146/1146/1146 1147/1147/1147
f 1146/1146/1146 1148/1148/1148 1147/1147/1147
f 1149/1149/1149 1150/1150/1150 1151/1151/1151
f 1150/1150/1150 1152/1152/1152 1151/1151/1151
f 1151/1151/1151 1152/1152/1152 1153/1153/1153
f 1152/1152/1152 1154/1154/1154 1153/1153/1153
f 1155/1155/1155 1156/1156/1156 1157/1157/1157
f 1156/1156/1156 1158/1158/1158 1157/1157/1157
f 1157/1157/1157 1158/1158/1158 1159/1159/1159
f 1158/1158/1158 1160/1160/1160 1159/1159/1159
f 1161/1161/1161 1162/1162/1162 1163/1163/1163
f 1162/1162/1162 1164/1164/1164 1163/1163/1163
f 1165/1165/1165 1166/1166/1166 1167/1167/1167
f 1166/1166/1166 1168/1168/1168 1167/1167/1167
f 1169/1169/1169 1170/1170/1170 1171/1171/1171
f 1170/1170/1170 1172/1172/1172 1171/1171/1171
f 1173/1173/1173 1174/1174/1174 1175/1175/1175
f 1174/1174/1174 1176/1176/1176 1175/1175/1175
f 1175/1175/1175 1176/1176/1176 1177/1177/1177
f 1175/1175/1175 1177/1177/1177 1178/1178/1178
f 1177/1177/1177 1179/1179/1179 1178/1178/1178
f 1178/1178/1178 1179/1179/1179 1180/1180/1180
f 1181/1181/1181 1182/1182/1182 1183/1183/1183
f 1182/1182/1182 1184/1184/1184 1183/1183/1183
f 1183/1183/1183 1184/1184/1184 1185/1185/1185
f 1184/1184/1184 1186/1186/1186 1185/1185/1185
f 1185/1185/1185 1186/1186/1186 1187/1187/1187
f 1186/1186/1186 1188/1188/1188 1187/1187/1187
f 1189/1189/1189 1190/1190/1190 1191/1191/1191
f 1190/1190/1190 1192/1192/1192 1191/1191/1191
f 1191/1191/1191 1192/1192/1192 1193/1193/1193
f 1192/1192/1192 1194/1194/1194 1193/1193/1193
f 1195/1195/1195 1196/1196/1196 1197/1197/1197
f 1196/1196/1196 1198/1198/1198 1197/1197/1197
f 1197/1197/1197 1198/1198/1198 1199/1199/1199
f 1198/1198/1198 1200/1200/1200 1199/1199/1199
f 1201/1201/1201 1202/1202/1202 1203/1203/1203
f 1202/1202/1202 1204/1204/1204 1203/1203/1203
f 1205/1205/1205 1206/1206/1206 1207/1207/1207
f 1206/1206/1206 1208/1208/1208 1207/1207/1207
f 1209/1209/1209 1210/1210/1210 1211/1211/1211
f 1210/1210/1210 1212/1212/1212 1211/1211/1211
f 1211/1211/1211 1212/1212/1212 1213/1213/1213
f 1212/1212/1212 1214/1214/1214 1213/1213/1213
f 1213/1213/1213 1214/1214/1214 1215/1215/1215
f 1214/1214/1214 1216/1216/1216 1215/1215/1215
f 1215/1215/1215 1216/1216/1216 1217/1217/1217
f 1216/1216/1216 1218/1218/1218 1217/1217/1217
f 1217/1217/1217 1218/1218/1218 1219/1219/1219
f 1218/1218/1218 1220/1220/1220 1219/1219/1219
f 1219/1219/1219 1220/1220/1220 1221/1221/1221
f 1220/1220/1220 1222/1222/1222 1221/1221/1221
f 1221/1221/1221 1222/1222/1222 1223/1223/1223
f 1222/1222/1222 1224/1224/1224 1223/1223/1223
f 1225/1225/1225 1226/1226/1226 1227/1227/1227
f 1226/1226/1226 1228/1228/1228 1227/1227/1227
f 1227/1227/1227 1228/1228/1228 1229/1229/1229
f 1228/1228/1228 1230/1230/1230 1229/1229/1229
f 1229/1229/1229 1230/1230/1230 1231/1231/1231
f 1230/1230/1230 1232/1232/1232 1231/1231/1231
f 1231/1231/1231 1232/1232/1232 1233/1233/1233
f 1232/1232/1232 1234/1234/1234 1233/1233/1233
f 1233/1233/1233 1234/1234/1234 1235/1235/1235
f 1234/1234/1234 1236/1236/1236 1235/1235/1235
f 1235/1235/1235 1236/1236/1236 1237/1237/1237
f 1236/1236/1236 1238/1238/1238 1237/1237/1237
f 1237/1237/1237 1238/1238/1238 1239/1239/1239
f 1238/1238/1238 1240/1240/1240 1239/1239/1239
f 1241/1241/1241 1242/1242/1242 1243/1243/1243
f 1242/1242/1242 1244/1244/1244 1243/1243/1243
f 1243/1243/1243 1244/1244/1244 1245/1245/1245
f 1244/1244/1244 1246/1246/1246 1245/1245/1245
f 1245/1245/1245 1246/1246/1246 1247/1247/1247
f 1246/1246/1246 1248/1248/1248 1247/1247/1247
f 1247/1247/1247 1248/1248/1248 1249/1249/1249
f 1248/1248/1248 1250/1250/1250 1249/1249/1249
f 1249/1249/1249 1250/1250/1250 1251/1251/1251
f 1250/1250/1250 1252/1252/1252 1251/1251/1251
f 1251/1251/1251 1252/1252/1252 1253/1253/1253
f 1252/1252/1252 1254/1254/1254 1253/1253/1253
f 1253/1253/1253 1254/1254/1254 1255/1255/1255
f 1254/1254/1254 1256/1256/1256 1255/1255/1255
f 1257/1257/1257 1258/1258/1258 1259/1259/1259
f 1258/1258/1258 1260/1260/1260 1259/1259/1259
f 1259/1259/1259 1260/1260/1260 1261/1261/1261
f 1260/1260/1260 1262/1262/1262 1261/1261/1261
f 1261/1261/1261 1262/1262/1262 1263/1263/1263
f 1262/1262/1262 1264/1264/1264 1263/1263/1263
f 1263/1263/1263 1264/1264/1264 1265/1265/1265
f 1264/1264/1264 1266/1266/1266 1265/1265/1265
f 1265/1265/1265 1266/1266/1266 1267/1267/1267
f 1266/1266/1266 1268/1268/1268 1267/1267/1267
f 1267/1267/1267 1268/1268/1268 1269/1269/1269
f 1268/1268/1268 1270/1270/1270 1269/1269/1269
f 1269/1269/1269 1270/1270/1270 1271/1271/1271
f 1270/1270/1270 1272/1272/1272 1271/1271/1271
f 1273/1273/1273 1274/1274/1274 1275/1275/1275
f 1274/1274/1274 1276/1276/1276 1275/1275/1275
f 1277/1277/1277 1278/1278/1278 1279/1279/1279
f 1278/1278/1278 1280/1280/1280 1279/1279/1279
f 1281/1281/1281 1282/1282/1282 1283/1283/1283
f 1282/1282/1282 1284/1284/1284 1283/1283/1283
f 1283/1283/1283 1284/1284/1284 1285/1285/1285
f 1284/1284/1284 1286/1286/1286 1285/1285/1285
f 1285/1285/1285 1286/1286/1286 1287/1287/1287
f 1286/1286/1286 1288/1288/1288 1287/1287/1287
f 1287/1287/1287 1288/1288/1288 1289/1289/1289
f 1288/1288/1288 1290/1290/1290 1289/1289/1289
f 1289/1289/1289 1290/1290/1290 1291/1291/1291
f 1290/1290/1290 1292/1292/1292 1291/1291/1291
f 1291/1291/1291 1292/1292/1292 1293/1293/1293
f 1292/1292/1292 1294/1294/1294 1293/1293/1293
f 1293/1293/1293 1294/1294/1294 1295/1295/1295
f 1294/1294/1294 1296/1296/1296 1295/1295/1295
f 1297/1297/1297 1298/1298/1298 1299/1299/1299
f 1298/1298/1298 1300/1300/1300 1299/1299/1299
f 1299/1299/1299 1300/1300/1300 1301/1301/1301
f 1300/1300/1300 1302/1302/1302 1301/1301/1301
f 1301/1301/1301 1302/1302/1302 1303/1303/1303
f 1302/1302/1302 1304/1304/1304 1303/1303/1303
f 1303/1303/1303 1304/1304/1304 1305/1305/1305
f 1304/1304/1304 1306/1306/1306 1305/1305/1305
f 1305/1305/1305 1306/1306/1306 1307/1307/1307
f 1306/1306/1306 1308/1308/1308 1307/1307/1307
f 1307/1307/1307 1308/1308/1308 1309/1309/1309
f 1308/1308/1308 1310/1310/1310 1309/1309/1309
f 1309/1309/1309 1310/1310/1310 1311/1311/1311
f 1310/1310/1310 1312/1312/1312 1311/1311/1311
f 1313/1313/1313 1314/1314/1314 1315/1315/1315
f 1314/1314/1314 1316/1316/1316 1315/1315/1315
f 1315/1315/1315 1316/1316/1316 1317/1317/1317
f 1316/1316/1316 1318/1318/1318 1317/1317/1317
f 1317/1317/1317 1318/1318/1318 1319/1319/1319
f 1318/1318/1318 1320/1320/1320 1319/1319/1319
f 1319/1319/1319 1320/1320/1320 1321/1321/1321
f 1320/1320/1320 1322/1322/1322 1321/1321/1321
f 1321/1321/1321 1322/1322/1322 1323/1323/1323
f 1322/1322/1322 1324/1324/1324 1323/1323/1323
f 1323/1323/1323 1324/1324/1324 1325/1325/1325
f 1324/1324/1324 1326/1326/1326 1325/1325/1325
f 1325/1325/1325 1326/1326/1326 1327/1327/1327
f 1326/1326/1326 1328/1328/1328 1327/1327/1327
f 1329/1329/1329 1330/1330/1330 1331/1331/1331
f 1330/1330/1330 1332/1332/1332 1331/1331/1331
f 1331/1331/1331 1332/1332/1332 1333/1333/1333
f 1332/1332/1332 1334/1334/1334 1333/1333/1333
f 1333/1333/1333 1334/1334/1334 1335/1335/1335
f 1334/1334/1334 1336/1336/1336 1335/1335/1335
f 1335/1335/1335 1336/1336/1336 1337/1337/1337
f 1336/1336/1336 1338/1338/1338 1337/1337/1337
f 1337/1337/1337 1338/1338/1338 1339/1339/1339
f 1338/1338/1338 1340/1340/1340 1339/1339/1339
f 1339/1339/1339 1340/1340/1340 1341/1341/1341
f 1340/1340/1340 1342/1342/1342 1341/1341/1341
f 1341/1341/1341 1342/1342/1342 1343/1343/1343
f 1342/1342/1342 1344/1344/1344 1343/1343/1343
f 1345/1345/1345 1346/1346/1346 1347/1347/1347
f 1346/1346/1346 1348/1348/1348 1347/1347/1347
f 1349/1349/1349 1350/1350/1350 1351/1351/1351
f 1350/1350/1350 1352/1352/1352 1351/1351/1351
f 1353/1353/1353 1354/1354/1354 1355/1355/1355
f 1354/1354/1354 1356/1356/1356 1355/1355/1355
f 1357/1357/1357 1358/1358/1358 1359/1359/1359
f 1358/1358/1358 1360/1360/1360 1359/1359/1359
f 1359/1359/1359 1361/1361/1361 1362/1362/1362
f 1359/1359/1359 1360/1360/1360 1361/1361/1361
f 1361/1361/1361 1363/1363/1363 1362/1362/1362
f 1362/1362/1362 1363/1363/1363 1364/1364/1364
f 1365/1365/1365 1366/1366/1366 1367/1367/1367
f 1366/1366/1366 1368/1368/1368 1367/1367/1367
f 1367/1367/1367 1368/1368/1368 1369/1369/1369
f 1368/1368/1368 1370/1370/1370 1369/1369/1369
f 1369/1369/1369 1370/1370/1370 1371/1371/1371
f 1370/1370/1370 1372/1372/1372 1371/1371/1371
f 1373/1373/1373 1374/1374/1374 1375/1375/1375
f 1374/1374/1374 1376/1376/1376 1375/1375/1375
f 1375/1375/1375 1376/1376/1376 1377/1377/1377
f 1376/1376/1376 1378/1378/1378 1377/1377/1377
f 1379/1379/1379 1380/1380/1380 1381/1381/1381
f 1380/1380/1380 1382/1382/1382 1381/1381/1381
f 1381/1381/1381 1382/1382/1382 1383/1383/1383
f 1382/1382/1382 1384/1384/1384 1383/1383/1383
f 1385/1385/1385 1386/1386/1386 1387/1387/1387
f 1386/1386/1386 1388/1388/1388 1387/1387/1387
f 1389/1389/1389 1390/1390/1390 1391/1391/1391
f 1390/1390/1390 1392/1392/1392 1391/1391/1391
f 1393/1393/1393 1394/1394/1394 1395/1395/1395
f 1394/1394/1394 1396/1396/1396 1395/1395/1395
f 1397/1397/1397 1398/1398/1398 1399/1399/1399
f 1398/1398/1398 1400/1400/1400 1399/1399/1399
f 1399/1399/1399 1401/1401/1401 1402/1402/1402
f 1399/1399/1399 1400/1400/1400 1401/1401/1401
f 1401/1401/1401 1403/1403/1403 1402/1402/1402
f 1402/1402/1402 1403/1403/1403 1404/1404/1404
f 1405/1405/1405 1406/1406/1406 1407/1407/1407
f 1406/1406/1406 1408/1408/1408 1407/1407/1407
f 1407/1407/1407 1408/1408/1408 1409/1409/1409
f 1408/1408/1408 1410/1410/1410 1409/1409/1409
f 1409/1409/1409 1410/1410/1410 1411/1411/1411
f 1410/1410/1410 1412/1412/1412 1411/1411/1411
f 1413/1413/1413 1414/1414/1414 1415/1415/1415
f 1414/1414/1414 1416/1416/1416 1415/1415/1415
f 1415/1415/1415 1416/1416/1416 1417/1417/1417
f 1416/1416/1416 1418/1418/1418 1417/1417/1417
f 1419/1419/1419 1420/1420/1420 1421/1421/1421
f 1420/1420/1420 1422/1422/1422 1421/1421/1421
f 1421/1421/1421 1422/1422/1422 1423/1423/1423
f 1422/1422/1422 1424/1424/1424 1423/1423/1423
f 1425/1425/1425 1426/1426/1426 1427/1427/1427
f 1426/1426/1426 1428/1428/1428 1427/1427/1427
f 1429/1429/1429 1430/1430/1430 1431/1431/1431
f 1430/1430/1430 1432/1432/1432 1431/1431/1431
f 1433/1433/1433 1434/1434/1434 1435/1435/1435
f 1434/1434/1434 1436/1436/1436 1435/1435/1435
f 1437/1437/1437 1438/1438/1438 1439/1439/1439
f 1438/1438/1438 1440/1440/1440 1439/1439/1439
f 1439/1439/1439 1441/1441/1441 1442/1442/1442
f 1439/1439/1439 1440/1440/1440 1441/1441/1441
f 1441/1441/1441 1443/1443/1443 1442/1442/1442
f 1442/1442/1442 1443/1443/1443 1444/1444/1444
f 1445/1445/1445 1446/1446/1446 1447/1447/1447
f 1446/1446/1446 1448/1448/1448 1447/1447/1447
f 1447/1447/1447 1448/1448/1448 1449/1449/1449
f 1448/1448/1448 1450/1450/1450 1449/1449/1449
f 1449/1449/1449 1450/1450/1450 1451/1451/1451
f 1450/1450/1450 1452/1452/1452 1451/1451/1451
f 1453/1453/1453 1454/1454/1454 1455/1455/1455
f 1454/1454/1454 1456/1456/1456 1455/1455/1455
f 1455/1455/1455 1456/1456/1456 1457/1457/1457
f 1456/1456/1456 1458/1458/1458 1457/1457/1457
f 1459/1459/1459 1460/1460/1460 1461/1461/1461
f 1460/1460/1460 1462/1462/1462 1461/1461/1461
f 1461/1461/1461 1462/1462/1462 1463/1463/1463
f 1462/1462/1462 1464/1464/1464 1463/1463/1463
f 1465/1465/1465 1466/1466/1466 1467/1467/1467
f 1466/1466/1466 1468/1468/1468 1467/1467/1467
f 1469/1469/1469 1470/1470/1470 1471/1471/1471
f 1470/1470/1470 1472/1472/1472 1471/1471/1471
f 1473/1473/1473 1474/1474/1474 1475/1475/1475
f 1474/1474/1474 1476/1476/1476 1475/1475/1475
f 1475/1475/1475 1476/1476/1476 1477/1477/1477
f 1476/1476/1476 1478/1478/1478 1477/1477/1477
f 1477/1477/1477 1478/1478/1478 1479/1479/1479
f 1478/1478/1478 1480/1480/1480 1479/1479/1479
f 1479/1479/1479 1480/1480/1480 1481/1481/1481
f 1480/1480/1480 1482/1482/1482 1481/1481/1481
f 1481/1481/1481 1482/1482/1482 1483/1483/1483
f 1482/1482/1482 1484/1484/1484 1483/1483/1483
f 1483/1483/1483 1484/1484/1484 1485/1485/1485
f 1484/1484/1484 1486/1486/1486 1485/1485/1485
f 1485/1485/1485 1486/1486/1486 1487/1487/1487
f 1486/1486/1486 1488/1488/1488 1487/1487/1487
f 1489/1489/1489 1490/1490/1490 1491/1491/1491
f 1490/1490/1490 1492/1492/1492 1491/1491/1491
f 1491/1491/1491 1492/1492/1492 1493/1493/1493
f 1492/1492/1492 1494/1494/1494 1493/1493/1493
f 1493/1493/1493 1494/1494/1494 1495/1495/1495
f 1494/1494/1494 1496/1496/1496 1495/1495/1495
f 1495/1495/1495 1496/1496/1496 1497/1497/1497
f 1496/1496/1496 1498/1498/1498 1497/1497/1497
f 1497/1497/1497 1498/1498/1498 1499/1499/1499
f 1498/1498/1498 1500/1500/1500 1499/1499/1499
f 1499/1499/1499 1500/1500/1500 1501/1501/1501
f 1500/1500/1500 1502/1502/1502 1501/1501/1501
f 1501/1501/1501 1502/1502/1502 1503/1503/1503
f 1502/1502/1502 1504/1504/1504 1503/1503/1503
f 1505/1505/1505 1506/1506/1506 1507/1507/1507
f 1506/1506/1506 1508/1508/1508 1507/1507/1507
f 1507/1507/1507 1508/1508/1508 1509/1509/1509
f 1508/1508/1508 1510/1510/1510 1509/1509/1509
f 1509/1509/1509 1510/1510/1510 1511/1511/1511
f 1510/1510/1510 1512/1512/1512 1511/1511/1511
f 1511/1511/1511 1512/1512/1512 1513/1513/1513
f 1512/1512/1512 1514/1514/1514 1513/1513/1513
f 1513/1513/1513 1514/1514/1514 1515/1515/1515
f 1514/1514/1514 1516/1516/1516 1515/1515/1515
f 1515/1515/1515 1516/1516/1516 1517/1517/1517
f 1516/1516/1516 1518/1518/1518 1517/1517/1517
f 1517/1517/1517 1518/1518/1518 1519/1519/1519
f 1518/1518/1518 1520/1520/1520 1519/1519/1519
f 1521/1521/1521 1522/1522/1522 1523/1523/1523
f 1522/1522/1522 1524/1524/1524 1523/1523/1523
f 1523/1523/1523 1524/1524/1524 1525/1525/1525
f 1524/1524/1524 1526/1526/1526 1525/1525/1525
f 1525/1525/1525 1526/1526/1526 1527/1527/1527
f 1526/1526/1526 1528/1528/1528 1527/1527/1527
f 1527/1527/1527 1528/1528/1528 1529/1529/1529
f 1528/1528/1528 1530/1530/1530 1529/1529/1529
f 1529/1529/1529 1530/1530/1530 1531/1531/1531
f 1530/1530/1530 1532/1532/1532 1531/1531/1531
f 1531/1531/1531 1532/1532/1532 1533/1533/1533
f 1532/1532/1532 1534/1534/1534 1533/1533/1533
f 1533/1533/1533 1534/1534/1534 1535/1535/1535
f 1534/1534/1534 1536/1536/1536 1535/1535/1535
