# Pieza completa de un material COLLADA para Raylib
o SandSeaSideMat00
v -1.9065321 -0.1716704 0.5207184
v -1.9063498 -0.1765254 0.5161543
v -1.1514775 -0.1716704 0.5207184
v -1.9065321 -0.1673160 0.5191315
v -1.1498905 -0.1673160 0.5191321
v -1.9065321 -0.1174213 0.5009533
v -1.1469139 -0.1765254 0.5161543
v -1.1317123 -0.1174213 0.5009533
v -1.1252445 -0.1087771 0.4944851
v -1.9065321 -0.1087772 0.4944851
v -1.1171729 -0.1041559 0.4864135
v -1.9065321 -0.1041559 0.4864136
v -1.1055036 -0.1029619 0.4747446
v -1.9065321 -0.1029620 0.4747446
v -1.0975895 -0.1021493 0.4668306
v -1.9065321 -0.1021493 0.4668306
v -1.9065321 -0.1716704 -0.3340174
v -0.9647791 -0.1716704 -0.3340174
v -1.9063498 -0.1765254 -0.3294538
v -0.9631928 -0.1673160 -0.3324309
v -1.9065321 -0.1673160 -0.3324309
v -0.9620639 -0.1765254 -0.3313025
v -0.9450140 -0.1174213 -0.3142522
v -1.9065321 -0.1174213 -0.3142522
v -1.9065321 -0.1087772 -0.3077843
v -0.9385462 -0.1087771 -0.3077843
v -1.9065321 -0.1041559 -0.2997128
v -0.9304746 -0.1041559 -0.2997129
v -0.9188053 -0.1029619 -0.2880440
v -1.9065321 -0.1029620 -0.2880438
v -1.9065321 -0.1021493 -0.2801297
v -0.9108912 -0.1021493 -0.2801298
v -0.0862453 -0.1174213 0.3858444
v -0.0680665 -0.1673160 -0.7779084
v -0.0862453 -0.1174213 -0.7779084
v -0.0680665 -0.1673160 0.3858444
v -0.0710437 -0.1765254 0.3858444
v -0.0710443 -0.1765254 -0.7777261
v -0.0664802 -0.1716704 0.3858444
v -0.0664802 -0.1716704 -0.7779084
v 0.6761280 -0.1296096 -1.2086215
v 1.7652015 -0.1174213 -1.2041811
v 1.7652015 -0.1296096 -1.2086215
v 0.6761280 -0.1174213 -1.2041811
v 0.6761280 -0.1087771 -1.1977133
v 1.7652015 -0.1087771 -1.1977133
v 0.6761280 -0.1041559 -1.1896417
v 1.7652015 -0.1041559 -1.1896417
v 0.6761280 -0.1029619 -1.1779724
v 1.7652015 -0.1029619 -1.1779724
v 0.6761280 -0.1021493 -1.1700583
v 1.7652015 -0.1021493 -1.1700583
v -0.1125237 -0.1029619 0.3858444
v -0.1125237 -0.1029619 -0.7779084
v -0.1204372 -0.1021493 -0.7779084
v -0.1204372 -0.1021493 0.3858444
v -0.1007841 -0.1041559 0.3858444
v -0.1007841 -0.1041559 -0.7779084
v -0.0927131 -0.1087771 0.3858444
v -0.0927131 -0.1087771 -0.7779084
v -0.0239914 -0.1174213 0.5041776
v -0.0284093 -0.1296096 -0.7779084
v -0.0284317 -0.1296096 0.5041776
v -0.0239690 -0.1174213 -0.7779084
v -0.0175235 -0.1087771 0.5041776
v -0.0175011 -0.1087771 -0.7779084
v -0.0094519 -0.1041559 0.5041776
v -0.0094295 -0.1041559 -0.7779084
v 0.0022174 -0.1029619 0.5041776
v 0.0022398 -0.1029619 -0.7779084
v 0.0101315 -0.1021493 0.5041776
v 0.0101539 -0.1021493 -0.7779084
v 2.4217355 -0.1174213 -0.9334904
v 2.4261758 -0.1296096 -0.2813533
v 2.4261758 -0.1296096 -0.9334904
v 2.4217355 -0.1174213 -0.2769126
v 2.4152676 -0.1087771 -0.9334904
v 2.4152676 -0.1087771 -0.2704447
v 2.4071960 -0.1041559 -0.9334904
v 2.4071960 -0.1041559 -0.2623731
v 2.3955268 -0.1029619 -0.9334904
v 2.3955274 -0.1029619 -0.2507041
v 2.3876126 -0.1021493 -0.9334904
v 2.3876126 -0.1021493 -0.2427902
v 2.5680043 -0.1021493 0.2427926
v 1.7030521 -0.1021493 0.2427927
v 2.5680043 -0.1029619 0.2507068
v 1.7109663 -0.1029619 0.2507068
v 2.5680043 -0.1041559 0.2623758
v 1.7226355 -0.1041559 0.2623758
v 2.5680043 -0.1087771 0.2704471
v 1.7307071 -0.1087771 0.2704473
v 2.5680043 -0.1174213 0.2769151
v 1.7371750 -0.1174213 0.2769151
v 2.5680043 -0.1296096 0.2813557
v 1.7416153 -0.1296096 0.2813558
v -2.0329916 -0.1174213 -0.2033457
v -2.0522657 -0.1673160 -0.1866971
v -2.0340869 -0.1174213 -0.1866971
v -2.0276191 -0.1087772 -0.1866971
v -2.0473002 -0.1673160 -0.2244158
v -2.0510142 -0.1673160 -0.2057185
v -2.0297406 -0.1174213 -0.2197108
v -2.0265792 -0.1087772 -0.2025015
v -2.0538527 -0.1716704 -0.1866971
v -2.0195481 -0.1041559 -0.1866971
v -2.0488324 -0.1716704 -0.2248263
v -2.0525862 -0.1716704 -0.2059256
v -2.0411678 -0.1673160 -0.2424649
v -2.0488324 -0.1716704 -0.2248263
v -2.0243736 -0.1174213 -0.2355085
v -2.0234937 -0.1087772 -0.2180368
v -2.0185773 -0.1041559 -0.2014480
v -2.0078788 -0.1029620 -0.1866971
v -2.0488324 -0.1716704 -0.2248263
v -2.0480594 -0.1765254 -0.2053295
v -2.0492891 -0.1765254 -0.1865146
v -2.0538527 -0.1716704 -0.1866971
v -2.0480594 -0.1765254 -0.2053295
v -2.0426333 -0.1716704 -0.2430720
v -2.0426333 -0.1716704 -0.2430720
v -2.0444219 -0.1765254 -0.2236445
v -2.0070082 -0.1029620 -0.1999250
v -2.0156965 -0.1041559 -0.2159477
v -1.9999653 -0.1021493 -0.1866971
v -2.0444219 -0.1765254 -0.2236445
v -2.0341149 -0.1716704 -0.2603573
v -2.0384146 -0.1765254 -0.2413246
v -2.0044262 -0.1029620 -0.2129276
v -1.9967815 -0.1021493 -0.2108792
v -1.9991625 -0.1021493 -0.1988921
v -2.0183980 -0.1087772 -0.2330334
v -2.0109407 -0.1041559 -0.2299447
v -2.0327414 -0.1673160 -0.2595640
v -2.0001613 -0.1029620 -0.2254794
v -1.9928496 -0.1021493 -0.2224509
v -2.0113968 -0.1087772 -0.2472407
v -2.0169978 -0.1174213 -0.2504746
v -2.0044062 -0.1041559 -0.2432049
v -2.0077245 -0.1174213 -0.2643448
v -2.0221463 -0.1673160 -0.2754110
v -2.0341149 -0.1716704 -0.2603573
v -1.9943009 -0.1029620 -0.2373704
v -1.9874472 -0.1021493 -0.2334134
v -2.0025934 -0.1087772 -0.2604076
v -1.9961903 -0.1041559 -0.2554941
v -1.9967273 -0.1174213 -0.2768921
v -2.0095815 -0.1673160 -0.2897465
v -2.0107036 -0.1716704 -0.2908683
v -2.0234047 -0.1716704 -0.2763767
v -2.0234047 -0.1716704 -0.2763767
v -1.9869331 -0.1029620 -0.2483908
v -1.9806539 -0.1021493 -0.2435732
v -1.9921539 -0.1087772 -0.2723187
v -1.9864459 -0.1041559 -0.2666112
v -1.9841800 -0.1174213 -0.2878896
v -1.9952462 -0.1673160 -0.3023112
v -2.0107036 -0.1716704 -0.2908683
v -1.9781950 -0.1029620 -0.2583600
v -1.9725997 -0.1021493 -0.2527639
v -1.9802425 -0.1087772 -0.2827585
v -1.9753286 -0.1041559 -0.2763551
v -1.9793986 -0.1673160 -0.3129063
v -1.9703095 -0.1174213 -0.2971630
v -1.9962121 -0.1716704 -0.3035698
v -1.9801921 -0.1716704 -0.3142802
v -1.9962121 -0.1716704 -0.3035698
v -1.9682260 -0.1029620 -0.2670979
v -1.9634079 -0.1021493 -0.2608194
v -1.9670759 -0.1087772 -0.2915617
v -1.9630401 -0.1041559 -0.2845716
v -1.9623002 -0.1673160 -0.3213326
v -1.9801921 -0.1716704 -0.3142802
v -1.9553432 -0.1174213 -0.3045383
v -1.9572058 -0.1029620 -0.2744659
v -1.9532478 -0.1021493 -0.2676121
v -1.9528682 -0.1087772 -0.2985629
v -1.9497796 -0.1041559 -0.2911061
v -1.9442508 -0.1673160 -0.3274651
v -1.9446615 -0.1716704 -0.3289976
v -1.9629069 -0.1716704 -0.3227983
v -1.9629069 -0.1716704 -0.3227983
v -1.9395460 -0.1174213 -0.3099058
v -1.9453137 -0.1029620 -0.2803258
v -1.9422861 -0.1021493 -0.2730144
v -1.9378713 -0.1087772 -0.3036583
v -1.9357828 -0.1041559 -0.2958618
v -1.9255536 -0.1673160 -0.3311789
v -1.9446615 -0.1716704 -0.3289976
v -1.9231806 -0.1174213 -0.3131563
v -1.9327626 -0.1029620 -0.2845905
v -1.9307145 -0.1021493 -0.2769461
v -1.9223368 -0.1087772 -0.3067439
v -1.9212832 -0.1041559 -0.2987418
v -1.9065321 -0.1716704 -0.3340174
v -1.9257602 -0.1716704 -0.3327517
v -1.9257602 -0.1716704 -0.3327517
v -1.9197597 -0.1029620 -0.2871731
v -1.9187273 -0.1021493 -0.2793270
v -1.9065321 -0.1716704 -0.3340174
v -1.9251640 -0.1765254 -0.3282244
v -1.9063498 -0.1765254 -0.3294538
v -1.9434797 -0.1765254 -0.3245869
v -1.9611594 -0.1765254 -0.3185796
v -1.9446615 -0.1716704 -0.3289976
v -1.9629069 -0.1716704 -0.3227983
v -1.9779094 -0.1765254 -0.3103258
v -1.9934321 -0.1765254 -0.2999472
v -1.9801921 -0.1716704 -0.3142802
v -1.9962121 -0.1716704 -0.3035698
v -2.0074749 -0.1765254 -0.2876395
v -2.0197821 -0.1765254 -0.2735969
v -2.0107036 -0.1716704 -0.2908683
v -2.0234047 -0.1716704 -0.2763767
v -2.0301607 -0.1765254 -0.2580741
v -2.0384146 -0.1765254 -0.2413246
v -2.0341149 -0.1716704 -0.2603573
v -2.0426333 -0.1716704 -0.2430720
v -1.9251640 -0.1765254 -0.3282244
v -1.9434797 -0.1765254 -0.3245869
v -1.9257602 -0.1716704 -0.3327517
v -1.9446615 -0.1716704 -0.3289976
v -1.9611594 -0.1765254 -0.3185796
v -1.9779094 -0.1765254 -0.3103258
v -1.9629069 -0.1716704 -0.3227983
v -1.9801921 -0.1716704 -0.3142802
v -1.9934321 -0.1765254 -0.2999472
v -2.0074749 -0.1765254 -0.2876395
v -1.9962121 -0.1716704 -0.3035698
v -2.0107036 -0.1716704 -0.2908683
v -2.0197821 -0.1765254 -0.2735969
v -2.0301607 -0.1765254 -0.2580741
v -2.0234047 -0.1716704 -0.2763767
v -2.0341149 -0.1716704 -0.2603573
v -2.0070082 -0.1029620 0.3866258
v -1.9991625 -0.1021493 0.3855929
v -1.9999653 -0.1021493 0.3733979
v -2.0078788 -0.1029620 0.3733979
v -2.0185773 -0.1041559 0.3881489
v -1.9967815 -0.1021493 0.3975800
v -2.0044262 -0.1029620 0.3996284
v -2.0156965 -0.1041559 0.4026485
v -2.0001613 -0.1029620 0.4121802
v -1.9928496 -0.1021493 0.4091517
v -2.0109407 -0.1041559 0.4166455
v -2.0234937 -0.1087772 0.4047376
v -2.0183980 -0.1087772 0.4197342
v -1.9874472 -0.1021493 0.4201142
v -1.9943009 -0.1029620 0.4240712
v -2.0044062 -0.1041559 0.4299057
v -2.0113968 -0.1087772 0.4339415
v -2.0265792 -0.1087772 0.3892024
v -2.0297406 -0.1174213 0.4064116
v -2.0243736 -0.1174213 0.4222093
v -2.0169978 -0.1174213 0.4371754
v -2.0195481 -0.1041559 0.3733979
v -1.9869331 -0.1029620 0.4350916
v -1.9806539 -0.1021493 0.4302740
v -2.0276191 -0.1087772 0.3733979
v -2.0329916 -0.1174213 0.3900466
v -2.0473002 -0.1673160 0.4111166
v -2.0411678 -0.1673160 0.4291658
v -2.0327414 -0.1673160 0.4462647
v -2.0077245 -0.1174213 0.4510456
v -1.9725997 -0.1021493 0.4394648
v -2.0340869 -0.1174213 0.3733979
v -2.0522657 -0.1673160 0.3733979
v -2.0510142 -0.1673160 0.3924193
v -2.0488324 -0.1716704 0.4115272
v -2.0488324 -0.1716704 0.4115272
v -2.0341149 -0.1716704 0.4470581
v -2.0341149 -0.1716704 0.4470581
v -2.0221463 -0.1673160 0.4621118
v -2.0025934 -0.1087772 0.4471084
v -2.0538527 -0.1716704 0.3733979
v -2.0525862 -0.1716704 0.3926264
v -2.0525862 -0.1716704 0.3926264
v -2.0444219 -0.1765254 0.4103454
v -2.0426333 -0.1716704 0.4297729
v -2.0234047 -0.1716704 0.4630775
v -1.9961903 -0.1041559 0.4421950
v -2.0492891 -0.1765254 0.3732154
v -2.0538527 -0.1716704 0.3733979
v -2.0480594 -0.1765254 0.3920303
v -2.0480594 -0.1765254 0.3920303
v -1.9864459 -0.1041559 0.4533120
v -1.9921539 -0.1087772 0.4590195
v -2.0492891 -0.1765254 -0.1865146
v -2.0492891 -0.1765254 0.3732154
v -1.9781950 -0.1029620 0.4450609
v -1.9753286 -0.1041559 0.4630560
v -1.9802425 -0.1087772 0.4694593
v -1.9967273 -0.1174213 0.4635929
v -1.9841800 -0.1174213 0.4745904
v -1.9682260 -0.1029620 0.4537987
v -1.9634079 -0.1021493 0.4475202
v -1.9630401 -0.1041559 0.4712724
v -1.9670759 -0.1087772 0.4782625
v -1.9703095 -0.1174213 0.4838638
v -2.0095815 -0.1673160 0.4764473
v -1.9952462 -0.1673160 0.4890121
v -1.9793986 -0.1673160 0.4996072
v -1.9532478 -0.1021493 0.4543129
v -1.9572058 -0.1029620 0.4611668
v -1.9497796 -0.1041559 0.4778069
v -1.9528682 -0.1087772 0.4852637
v -1.9553432 -0.1174213 0.4912391
v -2.0107036 -0.1716704 0.4775691
v -2.0107036 -0.1716704 0.4775691
v -1.9962121 -0.1716704 0.4902707
v -1.9962121 -0.1716704 0.4902707
v -1.9801921 -0.1716704 0.5009813
v -1.9623002 -0.1673160 0.5080335
v -1.9801921 -0.1716704 0.5009813
v -2.0234047 -0.1716704 0.4630775
v -1.9453137 -0.1029620 0.4670266
v -1.9422861 -0.1021493 0.4597152
v -1.9442508 -0.1673160 0.5141659
v -1.9629069 -0.1716704 0.5094991
v -1.9446615 -0.1716704 0.5156981
v -1.9629069 -0.1716704 0.5094991
v -1.9962121 -0.1716704 0.4902707
v -1.9779094 -0.1765254 0.4970266
v -1.9307145 -0.1021493 0.4636469
v -1.9327626 -0.1029620 0.4712913
v -1.9357828 -0.1041559 0.4825626
v -1.9934321 -0.1765254 0.4866479
v -1.9197597 -0.1029620 0.4738739
v -1.9187273 -0.1021493 0.4660278
v -1.9212832 -0.1041559 0.4854426
v -1.9378713 -0.1087772 0.4903592
v -1.9223368 -0.1087772 0.4934447
v -1.9395460 -0.1174213 0.4966066
v -1.9231806 -0.1174213 0.4998567
v -1.9255536 -0.1673160 0.5178794
v -1.9446615 -0.1716704 0.5156981
v -1.9257602 -0.1716704 0.5194526
v -1.9257602 -0.1716704 0.5194526
v -1.9251640 -0.1765254 0.5149252
v -1.9063498 -0.1765254 0.5161543
v -1.9065321 -0.1716704 0.5207184
v -2.0341149 -0.1716704 0.4470581
v -2.0426333 -0.1716704 0.4297729
v -2.0301607 -0.1765254 0.4447750
v -2.0384146 -0.1765254 0.4280254
v -2.0107036 -0.1716704 0.4775691
v -2.0234047 -0.1716704 0.4630775
v -2.0074749 -0.1765254 0.4743403
v -2.0197821 -0.1765254 0.4602977
v -1.9446615 -0.1716704 0.5156981
v -1.9629069 -0.1716704 0.5094991
v -1.9434797 -0.1765254 0.5112877
v -1.9611594 -0.1765254 0.5052803
v -1.9257602 -0.1716704 0.5194526
v -1.9446615 -0.1716704 0.5156981
v -1.9251640 -0.1765254 0.5149252
v -1.9434797 -0.1765254 0.5112877
v -1.9629069 -0.1716704 0.5094991
v -1.9801921 -0.1716704 0.5009813
v -1.9611594 -0.1765254 0.5052803
v -1.9779094 -0.1765254 0.4970266
v -1.9962121 -0.1716704 0.4902707
v -2.0107036 -0.1716704 0.4775691
v -1.9934321 -0.1765254 0.4866479
v -2.0074749 -0.1765254 0.4743403
v -2.0234047 -0.1716704 0.4630775
v -2.0341149 -0.1716704 0.4470581
v -2.0197821 -0.1765254 0.4602977
v -2.0301607 -0.1765254 0.4447750
v -2.0426333 -0.1716704 0.4297729
v -2.0488324 -0.1716704 0.4115272
v -2.0384146 -0.1765254 0.4280254
v -2.0444219 -0.1765254 0.4103454
v -0.0873412 -0.1174213 -0.7945569
v -0.0730326 -0.1673160 -0.8156271
v -0.0905916 -0.1174213 -0.8109223
v -0.0693192 -0.1673160 -0.7969299
v -0.0937537 -0.1087771 -0.7937131
v -0.0968392 -0.1087771 -0.8092482
v -0.1017556 -0.1041559 -0.7926595
v -0.0959598 -0.1174213 -0.8267201
v -0.1019348 -0.1087771 -0.8242451
v -0.1046357 -0.1041559 -0.8071591
v -0.1133246 -0.1029619 -0.7911360
v -0.0875914 -0.1673160 -0.8507755
v -0.1033350 -0.1174213 -0.8416858
v -0.0791651 -0.1673160 -0.8336765
v -0.0677460 -0.1716704 -0.7971371
v -0.1089360 -0.1087771 -0.8384522
v -0.1093915 -0.1041559 -0.8211558
v -0.1159073 -0.1029619 -0.8041389
v -0.1126083 -0.1174213 -0.8555563
v -0.0714999 -0.1716704 -0.8160378
v -0.0714999 -0.1716704 -0.8160378
v -0.0677460 -0.1716704 -0.7971371
v -0.1211709 -0.1021493 -0.7901036
v -0.1177394 -0.1087771 -0.8516188
v -0.1159260 -0.1041559 -0.8344164
v -0.1201721 -0.1029619 -0.8166906
v -0.1235513 -0.1021493 -0.8020908
v -0.0776995 -0.1716704 -0.8342832
v -0.0677460 -0.1716704 -0.7971371
v -0.0759109 -0.1765254 -0.8148560
v -0.0664802 -0.1716704 -0.7779084
v -0.0722734 -0.1765254 -0.7965409
v -0.1241426 -0.1041559 -0.8467055
v -0.1260319 -0.1029619 -0.8285821
v -0.1328856 -0.1021493 -0.8246247
v -0.1274832 -0.1021493 -0.8136624
v -0.0776995 -0.1716704 -0.8342832
v -0.0862173 -0.1716704 -0.8515684
v -0.0722734 -0.1765254 -0.7965409
v -0.0710443 -0.1765254 -0.7777261
v -0.1333997 -0.1029619 -0.8396023
v -0.1281790 -0.1087771 -0.8635301
v -0.1338863 -0.1041559 -0.8578228
v -0.1396783 -0.1021493 -0.8347848
v -0.0862173 -0.1716704 -0.8515684
v -0.0981865 -0.1673160 -0.8666225
v -0.1421378 -0.1029619 -0.8495713
v -0.1477338 -0.1021493 -0.8439754
v -0.1400903 -0.1087771 -0.8739697
v -0.1450036 -0.1041559 -0.8675666
v -0.1236055 -0.1174213 -0.8681036
v -0.1361529 -0.1174213 -0.8791008
v -0.0969282 -0.1716704 -0.8675883
v -0.1096293 -0.1716704 -0.8820799
v -0.1107513 -0.1673160 -0.8809578
v -0.0969282 -0.1716704 -0.8675883
v -0.1521069 -0.1029619 -0.8583094
v -0.1569243 -0.1021493 -0.8520308
v -0.1500233 -0.1174213 -0.8883741
v -0.1532569 -0.1087771 -0.8827731
v -0.1572927 -0.1041559 -0.8757832
v -0.1409336 -0.1673160 -0.9041177
v -0.1250866 -0.1673160 -0.8935226
v -0.1096293 -0.1716704 -0.8820799
v -0.1631270 -0.1029619 -0.8656772
v -0.1670844 -0.1021493 -0.8588235
v -0.1649890 -0.1174213 -0.8957493
v -0.1674640 -0.1087771 -0.8897743
v -0.1705533 -0.1041559 -0.8823176
v -0.1401401 -0.1716704 -0.9054918
v -0.1580327 -0.1673160 -0.9125441
v -0.1401401 -0.1716704 -0.9054918
v -0.1241208 -0.1716704 -0.8947810
v -0.1241208 -0.1716704 -0.8947810
v -0.1750185 -0.1029619 -0.8715370
v -0.1780467 -0.1021493 -0.8642259
v -0.1760820 -0.1673160 -0.9186765
v -0.1807868 -0.1174213 -0.9011169
v -0.1824609 -0.1087771 -0.8948699
v -0.1845500 -0.1041559 -0.8870734
v -0.1574259 -0.1716704 -0.9140096
v -0.1241208 -0.1716704 -0.8947810
v -0.1424234 -0.1765254 -0.9015369
v -0.1875702 -0.1029619 -0.8758018
v -0.1896183 -0.1021493 -0.8681571
v -0.1971522 -0.1174213 -0.9043673
v -0.1756713 -0.1716704 -0.9202093
v -0.1947792 -0.1673160 -0.9223905
v -0.1756713 -0.1716704 -0.9202093
v -0.1979961 -0.1087771 -0.8979554
v -0.1990497 -0.1041559 -0.8899529
v -0.1269007 -0.1765254 -0.8911584
v -0.2005731 -0.1029619 -0.8783845
v -0.2016056 -0.1021493 -0.8705382
v -0.2138007 -0.1673160 -0.9236420
v -0.2138007 -0.1174213 -0.9054638
v -0.1945726 -0.1716704 -0.9239631
v -0.2138007 -0.1716704 -0.9252290
v -0.1945726 -0.1716704 -0.9239631
v -0.1574259 -0.1716704 -0.9140096
v -0.2138007 -0.1087771 -0.8989960
v -0.2138007 -0.1041559 -0.8909244
v -0.2138007 -0.1029619 -0.8792551
v -0.2138007 -0.1021493 -0.8713410
v -0.2138007 -0.1673160 -0.9236420
v -0.3195964 -0.1174213 -0.9054638
v -0.3195964 -0.1087771 -0.8989960
v -0.3195964 -0.1041559 -0.8909244
v -0.3195964 -0.1029619 -0.8792551
v -0.3195964 -0.1021493 -0.8713410
v -0.2138007 -0.1716704 -0.9252290
v -0.3195964 -0.1673160 -0.9236420
v -0.3362449 -0.1174213 -0.9043679
v -0.3354010 -0.1087771 -0.8979554
v -0.3343474 -0.1041559 -0.8899536
v -0.3328240 -0.1029619 -0.8783845
v -0.3317909 -0.1021493 -0.8705382
v -0.3195964 -0.1716704 -0.9252290
v -0.3194141 -0.1765254 -0.9206648
v -0.2138007 -0.1765254 -0.9206648
v -0.3195964 -0.1716704 -0.9252290
v -0.3386179 -0.1673160 -0.9223905
v -0.3573151 -0.1673160 -0.9186765
v -0.3526103 -0.1174213 -0.9011175
v -0.3509362 -0.1087771 -0.8948699
v -0.3488471 -0.1041559 -0.8870734
v -0.3437782 -0.1021493 -0.8681578
v -0.3458269 -0.1029619 -0.8758018
v -0.3388245 -0.1716704 -0.9239631
v -0.3388245 -0.1716704 -0.9239631
v -0.3577258 -0.1716704 -0.9202093
v -0.3577258 -0.1716704 -0.9202093
v -0.3753644 -0.1673160 -0.9125441
v -0.3684074 -0.1174213 -0.8957493
v -0.3659324 -0.1087771 -0.8897743
v -0.3628438 -0.1041559 -0.8823176
v -0.3583786 -0.1029619 -0.8715370
v -0.3553504 -0.1021493 -0.8642259
v -0.3759712 -0.1716704 -0.9140096
v -0.3759712 -0.1716704 -0.9140096
v -0.3932570 -0.1716704 -0.9054918
v -0.3924635 -0.1673160 -0.9041177
v -0.3833738 -0.1174213 -0.8883741
v -0.3801402 -0.1087771 -0.8827731
v -0.3761044 -0.1041559 -0.8757832
v -0.3702694 -0.1029619 -0.8656772
v -0.3663127 -0.1021493 -0.8588235
v -0.3932570 -0.1716704 -0.9054918
v -0.4083105 -0.1673160 -0.8935226
v -0.3972442 -0.1174213 -0.8791008
v -0.3933068 -0.1087771 -0.8739697
v -0.3883935 -0.1041559 -0.8675666
v -0.3812902 -0.1029619 -0.8583094
v -0.3764722 -0.1021493 -0.8520308
v -0.4092763 -0.1716704 -0.8947810
v -0.4092763 -0.1716704 -0.8947810
v -0.4237678 -0.1716704 -0.8820799
v -0.4226458 -0.1673160 -0.8809578
v -0.4097916 -0.1174213 -0.8681036
v -0.4052175 -0.1087771 -0.8635301
v -0.3995108 -0.1041559 -0.8578228
v -0.3912593 -0.1029619 -0.8495713
v -0.3856633 -0.1021493 -0.8439754
v -0.4205392 -0.1765254 -0.8788506
v -0.4237678 -0.1716704 -0.8820799
v -0.4064964 -0.1765254 -0.8911584
v -0.4237678 -0.1716704 -0.8820799
v -0.4352106 -0.1673160 -0.8666225
v -0.4207888 -0.1174213 -0.8555563
v -0.4156583 -0.1087771 -0.8516188
v -0.4092545 -0.1041559 -0.8467055
v -0.3999974 -0.1029619 -0.8396023
v -0.3937188 -0.1021493 -0.8347848
v -0.4364689 -0.1716704 -0.8675883
v -0.4364689 -0.1716704 -0.8675883
v -0.4471798 -0.1716704 -0.8515684
v -0.4458057 -0.1673160 -0.8507755
v -0.4300621 -0.1174213 -0.8416858
v -0.4244611 -0.1087771 -0.8384522
v -0.4174711 -0.1041559 -0.8344164
v -0.4073652 -0.1029619 -0.8285821
v -0.4005115 -0.1021493 -0.8246247
v -0.4432249 -0.1765254 -0.8492857
v -0.4471798 -0.1716704 -0.8515684
v -0.4328464 -0.1765254 -0.8648084
v -0.4471798 -0.1716704 -0.8515684
v -0.4542320 -0.1673160 -0.8336765
v -0.4374373 -0.1174213 -0.8267201
v -0.4314623 -0.1087771 -0.8242451
v -0.4240056 -0.1041559 -0.8211558
v -0.4132250 -0.1029619 -0.8166906
v -0.4059139 -0.1021493 -0.8136624
v -0.4556976 -0.1716704 -0.8342832
v -0.4556976 -0.1716704 -0.8342832
v -0.4618966 -0.1716704 -0.8160378
v -0.4603645 -0.1673160 -0.8156271
v -0.4428049 -0.1174213 -0.8109223
v -0.4365573 -0.1087771 -0.8092482
v -0.4287608 -0.1041559 -0.8071591
v -0.4174898 -0.1029619 -0.8041389
v -0.4098451 -0.1021493 -0.8020908
v -0.4618966 -0.1716704 -0.8160378
v -0.4640779 -0.1673160 -0.7969299
v -0.4460559 -0.1174213 -0.7945569
v -0.4396434 -0.1087771 -0.7937131
v -0.4316409 -0.1041559 -0.7926595
v -0.4200725 -0.1029619 -0.7911366
v -0.4122268 -0.1021493 -0.7901036
v -0.4656505 -0.1716704 -0.7971371
v -0.4656505 -0.1716704 -0.7971371
v -0.4653300 -0.1673160 -0.7779084
v -0.4471518 -0.1174213 -0.7779084
v -0.4406840 -0.1087771 -0.7779084
v -0.4326124 -0.1041559 -0.7779084
v -0.4209431 -0.1029619 -0.7779084
v -0.4130290 -0.1021493 -0.7779084
v -0.4669169 -0.1716704 -0.7779084
v -0.4669169 -0.1716704 -0.7229721
v -0.4653300 -0.1673160 -0.7213858
v -0.4471518 -0.1174213 -0.7032071
v -0.4406840 -0.1087771 -0.6967392
v -0.4326124 -0.1041559 -0.6886678
v -0.4209431 -0.1029619 -0.6769989
v -0.4130290 -0.1021493 -0.6690847
v -0.4623534 -0.1765254 -0.7777261
v -0.4642017 -0.1765254 -0.7202572
v -0.4669169 -0.1716704 -0.7229721
v -0.0759109 -0.1765254 -0.8148560
v -0.0819182 -0.1765254 -0.8325357
v -0.0714999 -0.1716704 -0.8160378
v -0.0776995 -0.1716704 -0.8342832
v -0.0901722 -0.1765254 -0.8492857
v -0.1005507 -0.1765254 -0.8648084
v -0.0862173 -0.1716704 -0.8515684
v -0.0969282 -0.1716704 -0.8675883
v -0.1128579 -0.1765254 -0.8788506
v -0.1269007 -0.1765254 -0.8911584
v -0.1096293 -0.1716704 -0.8820799
v -0.1241208 -0.1716704 -0.8947810
v -0.1424234 -0.1765254 -0.9015369
v -0.1591728 -0.1765254 -0.9097909
v -0.1401401 -0.1716704 -0.9054918
v -0.1574259 -0.1716704 -0.9140096
v -0.1768531 -0.1765254 -0.9157982
v -0.1951682 -0.1765254 -0.9194357
v -0.1756713 -0.1716704 -0.9202093
v -0.1945726 -0.1716704 -0.9239631
v -0.1951682 -0.1765254 -0.9194357
v -0.2138007 -0.1765254 -0.9206648
v -0.1945726 -0.1716704 -0.9239631
v -0.2138007 -0.1716704 -0.9252290
v -0.1591728 -0.1765254 -0.9097909
v -0.1768531 -0.1765254 -0.9157982
v -0.1574259 -0.1716704 -0.9140096
v -0.1756713 -0.1716704 -0.9202093
v -0.1005507 -0.1765254 -0.8648084
v -0.1128579 -0.1765254 -0.8788506
v -0.0969282 -0.1716704 -0.8675883
v -0.1096293 -0.1716704 -0.8820799
v -0.0819182 -0.1765254 -0.8325357
v -0.0901722 -0.1765254 -0.8492857
v -0.0776995 -0.1716704 -0.8342832
v -0.0862173 -0.1716704 -0.8515684
v -0.4642017 -0.1765254 -0.7202572
v -0.5683452 -0.1765254 -0.7184086
v -0.4669169 -0.1716704 -0.7229721
v -0.5685275 -0.1716704 -0.7229723
v -0.5685275 -0.1673160 -0.7213858
v -0.4653300 -0.1673160 -0.7213858
v -0.5685275 -0.1716704 -0.7229723
v -0.5875490 -0.1673160 -0.7201338
v -0.5851760 -0.1174213 -0.7021112
v -0.5685275 -0.1174213 -0.7032071
v -0.4471518 -0.1174213 -0.7032071
v -0.5877556 -0.1716704 -0.7217066
v -0.6066569 -0.1716704 -0.7179525
v -0.6062462 -0.1673160 -0.7164201
v -0.5877556 -0.1716704 -0.7217066
v -0.6015414 -0.1174213 -0.6988608
v -0.5843321 -0.1087771 -0.6956988
v -0.5685275 -0.1087771 -0.6967392
v -0.4406840 -0.1087771 -0.6967392
v -0.6242955 -0.1673160 -0.7102876
v -0.6173385 -0.1174213 -0.6934931
v -0.6066569 -0.1716704 -0.7179525
v -0.5998673 -0.1087771 -0.6926134
v -0.5832785 -0.1041559 -0.6876967
v -0.5685275 -0.1041559 -0.6886678
v -0.4326124 -0.1041559 -0.6886678
v -0.6421881 -0.1716704 -0.7032350
v -0.6413946 -0.1673160 -0.7018611
v -0.6249023 -0.1716704 -0.7117532
v -0.6249023 -0.1716704 -0.7117532
v -0.6323049 -0.1174213 -0.6861178
v -0.6148635 -0.1087771 -0.6875178
v -0.5977782 -0.1041559 -0.6848168
v -0.5817551 -0.1029619 -0.6761280
v -0.5685275 -0.1029619 -0.6769988
v -0.4209431 -0.1029619 -0.6769989
v -0.6421881 -0.1716704 -0.7032350
v -0.6572416 -0.1673160 -0.6912660
v -0.6461753 -0.1174213 -0.6768443
v -0.6290713 -0.1087771 -0.6805166
v -0.6117749 -0.1041559 -0.6800610
v -0.5947580 -0.1029619 -0.6735454
v -0.5685275 -0.1021493 -0.6690847
v -0.5927093 -0.1021493 -0.6659010
v -0.5807220 -0.1021493 -0.6682818
v -0.4130290 -0.1021493 -0.6690847
v -0.6582074 -0.1716704 -0.6925247
v -0.6726989 -0.1716704 -0.6798231
v -0.6715769 -0.1673160 -0.6787013
v -0.6582074 -0.1716704 -0.6925247
v -0.6250355 -0.1041559 -0.6735265
v -0.6073097 -0.1029619 -0.6692806
v -0.6042815 -0.1021493 -0.6619693
v -0.6554275 -0.1765254 -0.6889019
v -0.6694703 -0.1765254 -0.6765943
v -0.6726989 -0.1716704 -0.6798231
v -0.6841417 -0.1673160 -0.6643659
v -0.6697199 -0.1174213 -0.6532997
v -0.6587227 -0.1174213 -0.6658471
v -0.6726989 -0.1716704 -0.6798231
v -0.6192005 -0.1029619 -0.6634208
v -0.6152438 -0.1021493 -0.6565670
v -0.6961109 -0.1716704 -0.6493122
v -0.6947368 -0.1673160 -0.6485190
v -0.6854000 -0.1716704 -0.6653316
v -0.6854000 -0.1716704 -0.6653316
v -0.6541492 -0.1087771 -0.6612736
v -0.6422379 -0.1087771 -0.6717133
v -0.6373246 -0.1041559 -0.6653100
v -0.6302213 -0.1029619 -0.6560527
v -0.6254033 -0.1021493 -0.6497744
v -0.6921560 -0.1765254 -0.6470290
v -0.6961109 -0.1716704 -0.6493122
v -0.6817775 -0.1765254 -0.6625518
v -0.6645888 -0.1087771 -0.6493625
v -0.6484419 -0.1041559 -0.6555662
v -0.6401904 -0.1029619 -0.6473149
v -0.6345944 -0.1021493 -0.6417188
v -0.6789932 -0.1174213 -0.6394295
v -0.6581856 -0.1041559 -0.6444491
v -0.6733922 -0.1087771 -0.6361956
v -0.6489285 -0.1029619 -0.6373457
v -0.6426492 -0.1021493 -0.6325281
v -0.6863684 -0.1174213 -0.6244633
v -0.7031631 -0.1673160 -0.6314199
v -0.6961109 -0.1716704 -0.6493122
v -0.6664022 -0.1041559 -0.6321598
v -0.6803934 -0.1087771 -0.6219883
v -0.6562963 -0.1029619 -0.6263254
v -0.6494426 -0.1021493 -0.6223684
v -0.6917359 -0.1174213 -0.6086655
v -0.7092955 -0.1673160 -0.6133706
v -0.7108277 -0.1716704 -0.6137812
v -0.7046287 -0.1716704 -0.6320270
v -0.7046287 -0.1716704 -0.6320270
v -0.6729361 -0.1041559 -0.6188996
v -0.6854884 -0.1087771 -0.6069916
v -0.6621561 -0.1029619 -0.6144343
v -0.6548450 -0.1021493 -0.6114058
v -0.6949870 -0.1174213 -0.5923005
v -0.7130090 -0.1673160 -0.5946733
v -0.7108277 -0.1716704 -0.6137812
v -0.6776919 -0.1041559 -0.6049026
v -0.6885745 -0.1087771 -0.5914563
v -0.6664209 -0.1029619 -0.6018824
v -0.6587762 -0.1021493 -0.5998341
v -0.6960829 -0.1174213 -0.5756519
v -0.7142617 -0.1673160 -0.5756518
v -0.7145822 -0.1716704 -0.5948804
v -0.7145822 -0.1716704 -0.5948804
v -0.6805720 -0.1041559 -0.5904029
v -0.6896151 -0.1087771 -0.5756519
v -0.6690036 -0.1029619 -0.5888799
v -0.6611579 -0.1021493 -0.5878469
v -0.6896151 -0.1087771 -0.5255990
v -0.6960829 -0.1174213 -0.5320669
v -0.7142617 -0.1673160 -0.5502456
v -0.7158480 -0.1716704 -0.5518320
v -0.7158480 -0.1716704 -0.5756518
v -0.6815435 -0.1041559 -0.5756519
v -0.6815435 -0.1041559 -0.5175277
v -0.6619601 -0.1021493 -0.5756519
v -0.6698742 -0.1029619 -0.5756519
v -0.6698742 -0.1029619 -0.5058587
v -0.6619601 -0.1021493 -0.4979446
v -0.8172763 -0.1765254 -0.5472685
v -0.7158480 -0.1716704 -0.5518320
v -0.7131328 -0.1765254 -0.5491172
v -0.8174586 -0.1716704 -0.5518321
v -0.8174586 -0.1673160 -0.5502457
v -0.7142617 -0.1673160 -0.5502456
v -0.8364794 -0.1673160 -0.5489936
v -0.8341071 -0.1174213 -0.5309711
v -0.8174586 -0.1174213 -0.5320669
v -0.8174586 -0.1716704 -0.5518321
v -0.6960829 -0.1174213 -0.5320669
v -0.8555880 -0.1716704 -0.5468124
v -0.8551773 -0.1673160 -0.5452800
v -0.8366867 -0.1716704 -0.5505664
v -0.8366867 -0.1716704 -0.5505664
v -0.8504725 -0.1174213 -0.5277207
v -0.8332632 -0.1087771 -0.5245587
v -0.8174586 -0.1087771 -0.5255990
v -0.6896151 -0.1087771 -0.5255990
v -0.8732266 -0.1673160 -0.5391475
v -0.8662696 -0.1174213 -0.5223530
v -0.8555880 -0.1716704 -0.5468124
v -0.8487984 -0.1087771 -0.5214732
v -0.8322096 -0.1041559 -0.5165566
v -0.8174586 -0.1041559 -0.5175277
v -0.6815435 -0.1041559 -0.5175277
v -0.8903251 -0.1673160 -0.5307210
v -0.8911186 -0.1716704 -0.5320949
v -0.8738334 -0.1716704 -0.5406131
v -0.8738334 -0.1716704 -0.5406131
v -0.8812360 -0.1174213 -0.5149776
v -0.8637946 -0.1087771 -0.5163777
v -0.8467092 -0.1041559 -0.5136767
v -0.8306862 -0.1029619 -0.5049878
v -0.8174586 -0.1029619 -0.5058587
v -0.6698742 -0.1029619 -0.5058587
v -0.8911186 -0.1716704 -0.5320949
v -0.9061727 -0.1673160 -0.5201259
v -0.8951064 -0.1174213 -0.5057042
v -0.8780024 -0.1087771 -0.5093765
v -0.8607060 -0.1041559 -0.5089209
v -0.8436891 -0.1029619 -0.5024053
v -0.8174586 -0.1021493 -0.4979445
v -0.8416404 -0.1021493 -0.4947609
v -0.8296531 -0.1021493 -0.4971417
v -0.6619601 -0.1021493 -0.4979446
v -0.9071385 -0.1716704 -0.5213846
v -0.9216300 -0.1716704 -0.5086831
v -0.9205080 -0.1673160 -0.5075613
v -0.9071385 -0.1716704 -0.5213846
v -0.8739666 -0.1041559 -0.5023863
v -0.8562408 -0.1029619 -0.4981405
v -0.8532126 -0.1021493 -0.4908292
v -0.9330728 -0.1673160 -0.4932257
v -0.9186510 -0.1174213 -0.4821596
v -0.9076538 -0.1174213 -0.4947069
v -0.9216300 -0.1716704 -0.5086831
v -0.8911690 -0.1087771 -0.5005732
v -0.8862557 -0.1041559 -0.4941699
v -0.8681316 -0.1029619 -0.4922807
v -0.8641749 -0.1021493 -0.4854269
v -0.9030803 -0.1087771 -0.4901335
v -0.9343311 -0.1716704 -0.4941915
v -0.8973729 -0.1041559 -0.4844261
v -0.8791524 -0.1029619 -0.4849126
v -0.8743344 -0.1021493 -0.4786343
v -0.9135199 -0.1087771 -0.4782223
v -0.9410871 -0.1765254 -0.4758889
v -0.9450420 -0.1716704 -0.4781721
v -0.9307086 -0.1765254 -0.4914117
v -0.9071167 -0.1041559 -0.4733089
v -0.8891215 -0.1029619 -0.4761748
v -0.8835255 -0.1021493 -0.4705787
v -0.9223233 -0.1087771 -0.4650554
v -0.9279243 -0.1174213 -0.4682894
v -0.9436679 -0.1673160 -0.4773788
v -0.9153333 -0.1041559 -0.4610197
v -0.8978596 -0.1029619 -0.4662056
v -0.8915803 -0.1021493 -0.4613880
v -0.9352995 -0.1174213 -0.4533231
v -0.9293245 -0.1087771 -0.4508481
v -0.9520942 -0.1673160 -0.4602797
v -0.9450420 -0.1716704 -0.4781721
v -0.9450420 -0.1716704 -0.4781721
v -0.9343311 -0.1716704 -0.4941915
v -0.9218671 -0.1041559 -0.4477595
v -0.9052273 -0.1029619 -0.4551853
v -0.8983737 -0.1021493 -0.4512282
v -0.9582266 -0.1673160 -0.4422304
v -0.9406670 -0.1174213 -0.4375254
v -0.9344195 -0.1087771 -0.4358514
v -0.9597588 -0.1716704 -0.4426411
v -0.9535598 -0.1716704 -0.4608868
v -0.9535598 -0.1716704 -0.4608868
v -0.9266230 -0.1041559 -0.4337624
v -0.9110872 -0.1029619 -0.4432941
v -0.9037761 -0.1021493 -0.4402657
v -0.9597588 -0.1716704 -0.4426411
v -0.9619401 -0.1673160 -0.4235332
v -0.9439181 -0.1174213 -0.4211604
v -0.9375056 -0.1087771 -0.4203162
v -0.9295031 -0.1041559 -0.4192628
v -0.9153520 -0.1029619 -0.4307423
v -0.9077073 -0.1021493 -0.4286940
v -0.9635127 -0.1716704 -0.4237402
v -0.9647791 -0.1716704 -0.4045118
v -0.9631928 -0.1673160 -0.4045118
v -0.9450140 -0.1174213 -0.4045118
v -0.9385462 -0.1087771 -0.4045118
v -0.9304746 -0.1041559 -0.4045118
v -0.9179347 -0.1029619 -0.4177397
v -0.9100890 -0.1021493 -0.4167068
v -0.9647791 -0.1716704 -0.4045118
v -0.9631928 -0.1673160 -0.3324309
v -0.9450140 -0.1174213 -0.3142522
v -0.9385462 -0.1087771 -0.3077843
v -0.9304746 -0.1041559 -0.2997129
v -0.9188053 -0.1029619 -0.4045118
v -0.9188053 -0.1029619 -0.2880440
v -0.9108912 -0.1021493 -0.4045118
v -0.9602156 -0.1765254 -0.4043293
v -0.9647791 -0.1716704 -0.3340174
v -0.9647791 -0.1716704 -0.3340174
v -0.9108912 -0.1021493 -0.2801298
v -0.9620639 -0.1765254 -0.3313025
v -0.3194141 -0.1765254 -0.9206648
v -0.3382289 -0.1765254 -0.9194357
v -0.3195964 -0.1716704 -0.9252290
v -0.3388245 -0.1716704 -0.9239631
v -0.3565440 -0.1765254 -0.9157982
v -0.3742243 -0.1765254 -0.9097909
v -0.3577258 -0.1716704 -0.9202093
v -0.3759712 -0.1716704 -0.9140096
v -0.3909737 -0.1765254 -0.9015369
v -0.4064964 -0.1765254 -0.8911584
v -0.3932570 -0.1716704 -0.9054918
v -0.4092763 -0.1716704 -0.8947810
v -0.4205392 -0.1765254 -0.8788506
v -0.4328464 -0.1765254 -0.8648084
v -0.4237678 -0.1716704 -0.8820799
v -0.4364689 -0.1716704 -0.8675883
v -0.4432249 -0.1765254 -0.8492857
v -0.4514789 -0.1765254 -0.8325357
v -0.4471798 -0.1716704 -0.8515684
v -0.4556976 -0.1716704 -0.8342832
v -0.4574862 -0.1765254 -0.8148560
v -0.4611237 -0.1765254 -0.7965409
v -0.4618966 -0.1716704 -0.8160378
v -0.4656505 -0.1716704 -0.7971371
v -0.4611237 -0.1765254 -0.7965409
v -0.4623534 -0.1765254 -0.7777261
v -0.4669169 -0.1716704 -0.7779084
v -0.5683452 -0.1765254 -0.7184086
v -0.5871594 -0.1765254 -0.7171793
v -0.5685275 -0.1716704 -0.7229723
v -0.5877556 -0.1716704 -0.7217066
v -0.6054751 -0.1765254 -0.7135417
v -0.6231554 -0.1765254 -0.7075345
v -0.6066569 -0.1716704 -0.7179525
v -0.6249023 -0.1716704 -0.7117532
v -0.6399048 -0.1765254 -0.6992805
v -0.6554275 -0.1765254 -0.6889019
v -0.6421881 -0.1716704 -0.7032350
v -0.6582074 -0.1716704 -0.6925247
v -0.6694703 -0.1765254 -0.6765943
v -0.6817775 -0.1765254 -0.6625518
v -0.6726989 -0.1716704 -0.6798231
v -0.6854000 -0.1716704 -0.6653316
v -0.6921560 -0.1765254 -0.6470290
v -0.7004100 -0.1765254 -0.6302795
v -0.6961109 -0.1716704 -0.6493122
v -0.7046287 -0.1716704 -0.6320270
v -0.7064173 -0.1765254 -0.6125994
v -0.7100548 -0.1765254 -0.5942843
v -0.7108277 -0.1716704 -0.6137812
v -0.7145822 -0.1716704 -0.5948804
v -0.7100548 -0.1765254 -0.5942843
v -0.7112845 -0.1765254 -0.5754694
v -0.7158480 -0.1716704 -0.5756518
v -0.8172763 -0.1765254 -0.5472685
v -0.8360905 -0.1765254 -0.5460391
v -0.8174586 -0.1716704 -0.5518321
v -0.8366867 -0.1716704 -0.5505664
v -0.8544062 -0.1765254 -0.5424016
v -0.8720865 -0.1765254 -0.5363944
v -0.8555880 -0.1716704 -0.5468124
v -0.8738334 -0.1716704 -0.5406131
v -0.8888352 -0.1765254 -0.5281404
v -0.9043586 -0.1765254 -0.5177618
v -0.8911186 -0.1716704 -0.5320949
v -0.9071385 -0.1716704 -0.5213846
v -0.9184014 -0.1765254 -0.5054542
v -0.9307086 -0.1765254 -0.4914117
v -0.9216300 -0.1716704 -0.5086831
v -0.9343311 -0.1716704 -0.4941915
v -0.9410871 -0.1765254 -0.4758889
v -0.9493410 -0.1765254 -0.4591393
v -0.9450420 -0.1716704 -0.4781721
v -0.9535598 -0.1716704 -0.4608868
v -0.9553484 -0.1765254 -0.4414593
v -0.9589859 -0.1765254 -0.4231442
v -0.9597588 -0.1716704 -0.4426411
v -0.9635127 -0.1716704 -0.4237402
v -0.9589859 -0.1765254 -0.4231442
v -0.9602156 -0.1765254 -0.4043293
v -0.9647791 -0.1716704 -0.4045118
v -0.4514789 -0.1765254 -0.8325357
v -0.4574862 -0.1765254 -0.8148560
v -0.4556976 -0.1716704 -0.8342832
v -0.4618966 -0.1716704 -0.8160378
v -0.3742243 -0.1765254 -0.9097909
v -0.3909737 -0.1765254 -0.9015369
v -0.3759712 -0.1716704 -0.9140096
v -0.3932570 -0.1716704 -0.9054918
v -0.3382289 -0.1765254 -0.9194357
v -0.3565440 -0.1765254 -0.9157982
v -0.3388245 -0.1716704 -0.9239631
v -0.3577258 -0.1716704 -0.9202093
v -0.7004100 -0.1765254 -0.6302795
v -0.7064173 -0.1765254 -0.6125994
v -0.7046287 -0.1716704 -0.6320270
v -0.7108277 -0.1716704 -0.6137812
v -0.6231554 -0.1765254 -0.7075345
v -0.6399048 -0.1765254 -0.6992805
v -0.6249023 -0.1716704 -0.7117532
v -0.6421881 -0.1716704 -0.7032350
v -0.5871594 -0.1765254 -0.7171793
v -0.6054751 -0.1765254 -0.7135417
v -0.5877556 -0.1716704 -0.7217066
v -0.6066569 -0.1716704 -0.7179525
v -0.7112845 -0.1765254 -0.5754694
v -0.7131328 -0.1765254 -0.5491172
v -0.7158480 -0.1716704 -0.5756518
v -0.7158480 -0.1716704 -0.5518320
v -0.9493410 -0.1765254 -0.4591393
v -0.9553484 -0.1765254 -0.4414593
v -0.9535598 -0.1716704 -0.4608868
v -0.9597588 -0.1716704 -0.4426411
v -0.9043586 -0.1765254 -0.5177618
v -0.9184014 -0.1765254 -0.5054542
v -0.9071385 -0.1716704 -0.5213846
v -0.9216300 -0.1716704 -0.5086831
v -0.8720865 -0.1765254 -0.5363944
v -0.8888352 -0.1765254 -0.5281404
v -0.8738334 -0.1716704 -0.5406131
v -0.8911186 -0.1716704 -0.5320949
v -0.8360905 -0.1765254 -0.5460391
v -0.8544062 -0.1765254 -0.5424016
v -0.8366867 -0.1716704 -0.5505664
v -0.8555880 -0.1716704 -0.5468124
v -0.1200227 -0.1041559 0.4797624
v -0.1236565 -0.1029619 0.4662458
v -0.1282742 -0.1029619 0.4715108
v -0.1143988 -0.1041559 0.4733496
v -0.1266194 -0.1021493 0.4564663
v -0.1299352 -0.1021493 0.4614284
v -0.1197664 -0.1029619 0.4604231
v -0.1338702 -0.1021493 0.4659152
v -0.1335391 -0.1029619 0.4761283
v -0.1096604 -0.1041559 0.4662578
v -0.1079956 -0.1087771 0.4782628
v -0.1239801 -0.1021493 0.4511139
v -0.1166690 -0.1029619 0.4541423
v -0.1383565 -0.1021493 0.4698500
v -0.1058878 -0.1041559 0.4586081
v -0.1026704 -0.1087771 0.4702932
v -0.1220621 -0.1021493 0.4454628
v -0.1144181 -0.1029619 0.4475111
v -0.1031458 -0.1041559 0.4505314
v -0.0984311 -0.1087771 0.4616965
v -0.0970694 -0.1174213 0.4735272
v -0.1208977 -0.1021493 0.4396096
v -0.1130514 -0.1029619 0.4406426
v -0.1014817 -0.1041559 0.4421658
v -0.0953506 -0.1087771 0.4526201
v -0.0924555 -0.1174213 0.4641717
v -0.0813258 -0.1673159 0.4826167
v -0.1204372 -0.1021493 0.4336548
v -0.1125237 -0.1029619 0.4336548
v -0.1007841 -0.1041559 0.4336548
v -0.0934798 -0.1087771 0.4432193
v -0.0891030 -0.1174213 0.4542942
v -0.0756601 -0.1673159 0.4711285
v -0.1204372 -0.1021493 0.4065886
v -0.1125237 -0.1029619 0.4065886
v -0.1007841 -0.1041559 0.4065886
v -0.0927131 -0.1087771 0.4336548
v -0.0870674 -0.1174213 0.4440634
v -0.0715434 -0.1673159 0.4589993
v -0.0741945 -0.1716703 0.4717357
v -0.1007841 -0.1041559 0.3858444
v -0.0927131 -0.1087771 0.4065886
v -0.0862453 -0.1174213 0.4336548
v -0.0680665 -0.1673159 0.4336548
v -0.0690442 -0.1673159 0.4464363
v -0.0700106 -0.1716703 0.4594099
v -0.0927131 -0.1087771 0.3858444
v -0.0862453 -0.1174213 0.4065886
v -0.0680665 -0.1673160 0.4065886
v -0.0664802 -0.1716703 0.4336548
v -0.0674715 -0.1716703 0.4466433
v -0.0862453 -0.1174213 0.3858444
v -0.0680665 -0.1673160 0.3858444
v -0.0664802 -0.1716704 0.4065886
v -0.0664802 -0.1716704 0.3858444
v -0.0710437 -0.1765254 0.4065886
v -0.0664802 -0.1716704 0.3858444
v -0.0664802 -0.1716703 0.4336548
v -0.0710437 -0.1765253 0.4336548
v -0.0674715 -0.1716703 0.4466433
v -0.0719959 -0.1765253 0.4460477
v -0.0744186 -0.1765253 0.4582288
v -0.0700106 -0.1716703 0.4594099
v -0.0784108 -0.1765253 0.4699892
v -0.0741945 -0.1716703 0.4717357
v -0.7995698 -0.1029619 1.0339689
v -0.8125727 -0.1029619 1.0313862
v -0.8010932 -0.1041559 1.0455374
v -0.8105246 -0.1021493 1.0237416
v -0.7985373 -0.1021493 1.0261226
v -0.7863422 -0.1041559 1.0465088
v -0.7863422 -0.1029619 1.0348395
v -0.7863422 -0.1021493 1.0269254
v -0.8251244 -0.1029619 1.0271214
v -0.8220962 -0.1021493 1.0198103
v -0.7863422 -0.1087771 1.0545804
v -0.8370159 -0.1029619 1.0212616
v -0.8295896 -0.1041559 1.0379020
v -0.8330585 -0.1021493 1.0144079
v -0.8155929 -0.1041559 1.0426578
v -0.8021468 -0.1087771 1.0535399
v -0.7863422 -0.1174213 1.0610483
v -0.8480360 -0.1029619 1.0138939
v -0.8428502 -0.1041559 1.0313676
v -0.8326782 -0.1087771 1.0453587
v -0.8176820 -0.1087771 1.0504544
v -0.8432186 -0.1021493 1.0076152
v -0.8029907 -0.1174213 1.0599517
v -0.8580051 -0.1029619 1.0051558
v -0.8551393 -0.1041559 1.0231510
v -0.8524091 -0.1021493 0.9995598
v -0.8468860 -0.1087771 1.0383576
v -0.8351532 -0.1174213 1.0513337
v -0.8193561 -0.1174213 1.0567013
v -0.8240609 -0.1673160 1.0742609
v -0.8053630 -0.1673160 1.0779743
v -0.8662566 -0.1041559 1.0134072
v -0.8667432 -0.1029619 0.9951867
v -0.8600526 -0.1087771 1.0295541
v -0.8604646 -0.1021493 0.9903692
v -0.8501196 -0.1174213 1.0439585
v -0.8592093 -0.1673160 1.0597022
v -0.8421102 -0.1673160 1.0681285
v -0.8244716 -0.1716704 1.0757937
v -0.8244716 -0.1716704 1.0757937
v -0.8055703 -0.1716704 1.0795476
v -0.8760003 -0.1041559 1.0022899
v -0.8719639 -0.1087771 1.0191146
v -0.8639900 -0.1174213 1.0346852
v -0.8672573 -0.1021493 0.9802091
v -0.8750563 -0.1673160 1.0491070
v -0.8600028 -0.1716704 1.0610763
v -0.8600028 -0.1716704 1.0610763
v -0.8427176 -0.1716704 1.0695941
v -0.8427176 -0.1716704 1.0695941
v -0.8824035 -0.1087771 1.0072032
v -0.8765374 -0.1174213 1.0236881
v -0.8893916 -0.1673160 1.0365422
v -0.8799708 -0.1029619 0.9722751
v -0.8741110 -0.1029619 0.9841665
v -0.8726597 -0.1021493 0.9692468
v -0.8760221 -0.1716704 1.0503654
v -0.8760221 -0.1716704 1.0503654
v -0.8577195 -0.1765254 1.0571214
v -0.8875346 -0.1174213 1.0111407
v -0.9019564 -0.1673160 1.0222069
v -0.8905137 -0.1716704 1.0376643
v -0.8905137 -0.1716704 1.0376643
v -0.8842169 -0.1041559 0.9900008
v -0.8765916 -0.1021493 0.9576753
v -0.8732422 -0.1765254 1.0467428
v -0.9032147 -0.1716704 1.0231728
v -0.9139256 -0.1716704 1.0071528
v -0.9032147 -0.1716704 1.0231728
v -0.9125515 -0.1673160 1.0063600
v -0.8760221 -0.1716704 1.0503654
v -0.8912069 -0.1087771 0.9940366
v -0.8907508 -0.1041559 0.9767403
v -0.8842356 -0.1029619 0.9597233
v -0.8789726 -0.1021493 0.9456880
v -0.8868183 -0.1029619 0.9467204
v -0.9209778 -0.1673160 0.9892609
v -0.9139256 -0.1716704 1.0071528
v -0.9041831 -0.1174213 0.9823045
v -0.8968079 -0.1174213 0.9972702
v -0.8982081 -0.1087771 0.9798295
v -0.8955072 -0.1041559 0.9627435
v -0.8797748 -0.1021493 0.9334928
v -0.8983873 -0.1041559 0.9482439
v -0.8876889 -0.1029619 0.9334928
v -0.9224434 -0.1716704 0.9898677
v -0.9033037 -0.1087771 0.9648327
v -0.9271103 -0.1673160 0.9712115
v -0.9095507 -0.1174213 0.9665067
v -0.8876895 -0.1029619 0.7236757
v -0.8797748 -0.1021493 0.7157615
v -0.9063892 -0.1087771 0.9492975
v -0.8993582 -0.1041559 0.9334928
v -0.8993582 -0.1041559 0.7353449
v -0.9308237 -0.1673160 0.9525143
v -0.9286424 -0.1716704 0.9716222
v -0.9286424 -0.1716704 0.9716222
v -0.9128017 -0.1174213 0.9501414
v -0.9074298 -0.1087771 0.9334928
v -0.9074298 -0.1087771 0.7434165
v -0.9323963 -0.1716704 0.9527209
v -0.9320758 -0.1673160 0.9334928
v -0.9336627 -0.1716704 0.9334928
v -0.9323963 -0.1716704 0.9527209
v -0.9138976 -0.1174213 0.9334928
v -0.9224434 -0.1716704 0.9898677
v -0.9138976 -0.1174213 0.7498844
v -0.9336627 -0.1716704 0.7696495
v -0.9336627 -0.1716704 0.9334928
v -0.9320758 -0.1673160 0.7680626
v -0.9336627 -0.1716704 0.9334928
v -0.9278695 -0.1765254 0.9521253
v -0.9336627 -0.1716704 0.7696495
v -0.9290992 -0.1765254 0.9333105
v -0.9290992 -0.1765254 0.9333105
v -0.9290992 -0.1765254 0.7650854
v -0.9286424 -0.1716704 0.9716222
v -0.9323963 -0.1716704 0.9527209
v -0.9242320 -0.1765254 0.9704404
v -0.9278695 -0.1765254 0.9521253
v -0.9139256 -0.1716704 1.0071528
v -0.9224434 -0.1716704 0.9898677
v -0.9099707 -0.1765254 1.0048701
v -0.9182247 -0.1765254 0.9881202
v -0.8905137 -0.1716704 1.0376643
v -0.9032147 -0.1716704 1.0231728
v -0.8872850 -0.1765254 1.0344350
v -0.8995922 -0.1765254 1.0203928
v -0.8244716 -0.1716704 1.0757937
v -0.8427176 -0.1716704 1.0695941
v -0.8232898 -0.1765254 1.0713826
v -0.8409701 -0.1765254 1.0653753
v -0.9032147 -0.1716704 1.0231728
v -0.9139256 -0.1716704 1.0071528
v -0.8995922 -0.1765254 1.0203928
v -0.9099707 -0.1765254 1.0048701
v -0.9224434 -0.1716704 0.9898677
v -0.9286424 -0.1716704 0.9716222
v -0.9182247 -0.1765254 0.9881202
v -0.9242320 -0.1765254 0.9704404
v -0.8055703 -0.1716704 1.0795476
v -0.8244716 -0.1716704 1.0757937
v -0.8049741 -0.1765254 1.0750201
v -0.8232898 -0.1765254 1.0713826
v -0.8427176 -0.1716704 1.0695941
v -0.8600028 -0.1716704 1.0610763
v -0.8409701 -0.1765254 1.0653753
v -0.8577195 -0.1765254 1.0571214
v -0.8760221 -0.1716704 1.0503654
v -0.8905137 -0.1716704 1.0376643
v -0.8732422 -0.1765254 1.0467428
v -0.8872850 -0.1765254 1.0344350
v -1.1502116 -0.1716704 0.6415577
v -1.1514775 -0.1716704 0.6223290
v -1.1456848 -0.1765254 0.6409615
v -1.1469139 -0.1765254 0.6221466
v -1.1402581 -0.1716704 0.6787038
v -1.1464571 -0.1716704 0.6604584
v -1.1360394 -0.1765254 0.6769563
v -1.1420467 -0.1765254 0.6592766
v -1.1210294 -0.1716704 0.7120089
v -1.1317403 -0.1716704 0.6959889
v -1.1174069 -0.1765254 0.7092290
v -1.1277854 -0.1765254 0.6937062
v -1.0938368 -0.1716704 0.7392015
v -1.1083284 -0.1716704 0.7265004
v -1.0910569 -0.1765254 0.7355789
v -1.1050997 -0.1765254 0.7232712
v -1.0605317 -0.1716704 0.7584302
v -1.0778175 -0.1716704 0.7499124
v -1.0587848 -0.1765254 0.7542114
v -1.0755342 -0.1765254 0.7459575
v -1.0233850 -0.1716704 0.7683837
v -1.0422863 -0.1716704 0.7646292
v -1.0227888 -0.1765254 0.7638563
v -1.0411045 -0.1765254 0.7602188
v -1.1464571 -0.1716704 0.6604584
v -1.1502116 -0.1716704 0.6415577
v -1.1420467 -0.1765254 0.6592766
v -1.1456848 -0.1765254 0.6409615
v -1.1317403 -0.1716704 0.6959889
v -1.1402581 -0.1716704 0.6787038
v -1.1277854 -0.1765254 0.6937062
v -1.1360394 -0.1765254 0.6769563
v -1.1083284 -0.1716704 0.7265004
v -1.1210294 -0.1716704 0.7120089
v -1.1050997 -0.1765254 0.7232712
v -1.1174069 -0.1765254 0.7092290
v -1.0778175 -0.1716704 0.7499124
v -1.0938368 -0.1716704 0.7392015
v -1.0755342 -0.1765254 0.7459575
v -1.0910569 -0.1765254 0.7355789
v -1.0422863 -0.1716704 0.7646292
v -1.0605317 -0.1716704 0.7584302
v -1.0411045 -0.1765254 0.7602188
v -1.0587848 -0.1765254 0.7542114
v -1.0041569 -0.1716704 0.7696495
v -1.0233850 -0.1716704 0.7683837
v -1.0041569 -0.1765254 0.7650854
v -1.0227888 -0.1765254 0.7638563
v -1.1469139 -0.1765254 0.5161543
v -1.1469139 -0.1765254 0.6221466
v -1.1514775 -0.1716704 0.5207184
v -1.1514775 -0.1716704 0.6223290
v -1.1498905 -0.1673160 0.6223290
v -1.1514775 -0.1716704 0.5207184
v -1.1514775 -0.1716704 0.6223290
v -1.1486390 -0.1673160 0.6413504
v -1.1306164 -0.1174213 0.6389775
v -1.1317123 -0.1174213 0.6223290
v -1.1498905 -0.1673160 0.5191321
v -1.1317123 -0.1174213 0.5009533
v -1.1502116 -0.1716704 0.6415577
v -1.1502116 -0.1716704 0.6415577
v -1.1449250 -0.1673160 0.6600476
v -1.1273654 -0.1174213 0.6553428
v -1.1242039 -0.1087771 0.6381336
v -1.1252445 -0.1087771 0.6223290
v -1.1252445 -0.1087771 0.4944851
v -1.1464571 -0.1716704 0.6604584
v -1.1464571 -0.1716704 0.6604584
v -1.1387925 -0.1673160 0.6780970
v -1.1219978 -0.1174213 0.6711406
v -1.1211184 -0.1087771 0.6536688
v -1.1162020 -0.1041559 0.6370800
v -1.1171729 -0.1041559 0.6223290
v -1.1171729 -0.1041559 0.4864135
v -1.1402581 -0.1716704 0.6787038
v -1.1402581 -0.1716704 0.6787038
v -1.1303662 -0.1673160 0.6951961
v -1.1146226 -0.1174213 0.6861064
v -1.1160228 -0.1087771 0.6686656
v -1.1133219 -0.1041559 0.6515796
v -1.1046330 -0.1029619 0.6355572
v -1.1055036 -0.1029619 0.6223290
v -1.1055036 -0.1029619 0.4747446
v -1.1317403 -0.1716704 0.6959889
v -1.1317403 -0.1716704 0.6959889
v -1.1197711 -0.1673160 0.7110430
v -1.1053493 -0.1174213 0.6999768
v -1.1090216 -0.1087771 0.6828728
v -1.1085655 -0.1041559 0.6655764
v -1.1020503 -0.1029619 0.6485595
v -1.0975895 -0.1021493 0.6223290
v -1.0975895 -0.1021493 0.4668306
v -1.1210294 -0.1716704 0.7120089
v -1.1210294 -0.1716704 0.7120089
v -1.1072063 -0.1673160 0.7253784
v -1.0943521 -0.1174213 0.7125242
v -1.1002182 -0.1087771 0.6960393
v -1.1020316 -0.1041559 0.6788370
v -1.0977855 -0.1029619 0.6611112
v -1.0944063 -0.1021493 0.6465114
v -1.0967873 -0.1021493 0.6345241
v -1.1083284 -0.1716704 0.7265004
v -1.1083284 -0.1716704 0.7265004
v -1.0928710 -0.1673160 0.7379432
v -1.0818048 -0.1174213 0.7235213
v -1.0897786 -0.1087771 0.7079507
v -1.0938151 -0.1041559 0.6911261
v -1.0919257 -0.1029619 0.6730026
v -1.0904744 -0.1021493 0.6580830
v -1.0850720 -0.1021493 0.6690453
v -1.0938368 -0.1716704 0.7392015
v -1.0938368 -0.1716704 0.7392015
v -1.0770240 -0.1673160 0.7485383
v -1.0778673 -0.1087771 0.7183902
v -1.0679343 -0.1174213 0.7327946
v -1.0840713 -0.1041559 0.7022433
v -1.0845579 -0.1029619 0.6840228
v -1.0782793 -0.1021493 0.6792054
v -1.0778175 -0.1716704 0.7499124
v -1.0778175 -0.1716704 0.7499124
v -1.0599250 -0.1673160 0.7569646
v -1.0529680 -0.1174213 0.7401698
v -1.0729540 -0.1041559 0.7119871
v -1.0647007 -0.1087771 0.7271937
v -1.0758198 -0.1029619 0.6939919
v -1.0702245 -0.1021493 0.6883959
v -1.0605317 -0.1716704 0.7584302
v -1.0605317 -0.1716704 0.7584302
v -1.0418756 -0.1673160 0.7630970
v -1.0504930 -0.1087771 0.7341949
v -1.0371708 -0.1174213 0.7455374
v -1.0658508 -0.1029619 0.7027300
v -1.0606649 -0.1041559 0.7202037
v -1.0610333 -0.1021493 0.6964513
v -1.0422863 -0.1716704 0.7646292
v -1.0422863 -0.1716704 0.7646292
v -1.0231777 -0.1673160 0.7668105
v -1.0208054 -0.1174213 0.7487878
v -1.0474043 -0.1041559 0.7267381
v -1.0354961 -0.1087771 0.7392905
v -1.0548306 -0.1029619 0.7100977
v -1.0508732 -0.1021493 0.7032440
v -1.0233850 -0.1716704 0.7683837
v -1.0041569 -0.1716704 0.7696495
v -1.0041569 -0.1673160 0.7680626
v -1.0233850 -0.1716704 0.7683837
v -1.0199616 -0.1087771 0.7423760
v -1.0041569 -0.1174213 0.7498844
v -1.0429391 -0.1029619 0.7159576
v -1.0334076 -0.1041559 0.7314940
v -1.0399109 -0.1021493 0.7086465
v -1.0189080 -0.1041559 0.7343735
v -1.0041569 -0.1087771 0.7434165
v -1.0041569 -0.1673160 0.7680626
v -0.9320758 -0.1673160 0.7680626
v -0.9138976 -0.1174213 0.7498844
v -0.9074298 -0.1087771 0.7434165
v -1.0303874 -0.1029619 0.7202224
v -1.0283393 -0.1021493 0.7125777
v -1.0173845 -0.1029619 0.7228050
v -1.0041569 -0.1041559 0.7353449
v -0.8993582 -0.1041559 0.7353449
v -1.0041569 -0.1716704 0.7696495
v -0.9336627 -0.1716704 0.7696495
v -1.0163521 -0.1021493 0.7149587
v -1.0041569 -0.1029619 0.7236757
v -1.0041569 -0.1021493 0.7157615
v -0.8876895 -0.1029619 0.7236757
v -1.0041569 -0.1765254 0.7650854
v -0.9290992 -0.1765254 0.7650854
v -0.9336627 -0.1716704 0.7696495
v -0.8797748 -0.1021493 0.7157615
v -0.3457964 -0.1296097 0.9334928
v -0.3413555 -0.1174213 0.9334928
v -0.3413555 -0.1174213 0.7032316
v -0.3457964 -0.1296097 0.7032316
v -0.3348876 -0.1087772 0.9334928
v -0.3457964 -0.1296096 0.6824875
v -0.3268167 -0.1041559 0.9334928
v -0.3348876 -0.1087771 0.7032316
v -0.3413555 -0.1174213 0.6824875
v -0.3457964 -0.1296096 0.6554219
v -0.3150777 -0.1029620 0.9334928
v -0.3268167 -0.1041559 0.7032316
v -0.3348876 -0.1087771 0.6824875
v -0.3413555 -0.1174213 0.6554219
v -0.3449363 -0.1296096 0.6444334
v -0.3071635 -0.1021493 0.9334928
v -0.3150777 -0.1029620 0.7032316
v -0.3268167 -0.1041559 0.6824875
v -0.3348876 -0.1087771 0.6554219
v -0.3405334 -0.1174213 0.6450128
v -0.3427875 -0.1296096 0.6336329
v -0.3071635 -0.1021493 0.7032316
v -0.3150777 -0.1029619 0.6824875
v -0.3268167 -0.1041559 0.6554219
v -0.3341209 -0.1087771 0.6458573
v -0.3384984 -0.1174213 0.6347824
v -0.3392483 -0.1296096 0.6232052
v -0.3071635 -0.1021493 0.6824875
v -0.3150777 -0.1029619 0.6554219
v -0.3261190 -0.1041559 0.6469109
v -0.3322508 -0.1087771 0.6364564
v -0.3351453 -0.1174213 0.6249048
v -0.3343773 -0.1296096 0.6133289
v -0.3071635 -0.1021493 0.6554219
v -0.3145493 -0.1029619 0.6484338
v -0.3244549 -0.1041559 0.6385450
v -0.3291697 -0.1087771 0.6273798
v -0.3305320 -0.1174213 0.6155493
v -0.3282592 -0.1296096 0.6041726
v -0.3067036 -0.1021493 0.6494668
v -0.3131833 -0.1029619 0.6415651
v -0.3217129 -0.1041559 0.6304684
v -0.3249304 -0.1087771 0.6187830
v -0.3247362 -0.1174213 0.6068760
v -0.3209991 -0.1296096 0.5958937
v -0.3055393 -0.1021493 0.6436138
v -0.3109324 -0.1029619 0.6349342
v -0.3179410 -0.1041559 0.6228188
v -0.3196051 -0.1087771 0.6108134
v -0.3178589 -0.1174213 0.5990334
v -0.3127197 -0.1296096 0.5886324
v -0.3036213 -0.1021493 0.6379625
v -0.3078350 -0.1029619 0.6286531
v -0.3132020 -0.1041559 0.6157267
v -0.3132854 -0.1087771 0.6036069
v -0.3100163 -0.1174213 0.5921560
v -0.3035634 -0.1296096 0.5825149
v -0.3009813 -0.1021493 0.6326098
v -0.3039442 -0.1029619 0.6228306
v -0.3075780 -0.1041559 0.6093142
v -0.3060788 -0.1087771 0.5972871
v -0.3013429 -0.1174213 0.5863609
v -0.2936870 -0.1296096 0.5776446
v -0.2976656 -0.1021493 0.6276480
v -0.2993266 -0.1029619 0.6175657
v -0.3011656 -0.1041559 0.6036903
v -0.2981093 -0.1087771 0.5919619
v -0.2919875 -0.1174213 0.5817470
v -0.2832593 -0.1296096 0.5741048
v -0.2937312 -0.1021493 0.6231610
v -0.2940617 -0.1029619 0.6129480
v -0.2940735 -0.1041559 0.5989519
v -0.2895125 -0.1087771 0.5877226
v -0.2821099 -0.1174213 0.5783939
v -0.2724588 -0.1296096 0.5719559
v -0.2892442 -0.1021493 0.6192267
v -0.2882392 -0.1029619 0.6090578
v -0.2864239 -0.1041559 0.5951793
v -0.2804364 -0.1087771 0.5846414
v -0.2718794 -0.1174213 0.5763589
v -0.2614704 -0.1296096 0.5712359
v -0.2842824 -0.1021493 0.6159109
v -0.2819586 -0.1029619 0.6059605
v -0.2783473 -0.1041559 0.5924373
v -0.2710349 -0.1087771 0.5827720
v -0.2614704 -0.1174213 0.5756768
v -0.2345447 -0.1296097 0.5712359
v -0.2789298 -0.1021493 0.6132716
v -0.2753271 -0.1029619 0.6037096
v -0.2699820 -0.1041559 0.5907732
v -0.2614704 -0.1087771 0.5821447
v -0.2345447 -0.1174213 0.5756762
v -0.2138007 -0.1296097 0.5712359
v -0.2732784 -0.1021493 0.6113530
v -0.2684585 -0.1029619 0.6023429
v -0.2614704 -0.1041559 0.5902156
v -0.2345447 -0.1087771 0.5821440
v -0.2138007 -0.1174213 0.5756762
v -0.2674254 -0.1021493 0.6101886
v -0.2614704 -0.1029619 0.6018849
v -0.2345447 -0.1041559 0.5902156
v -0.2138007 -0.1087771 0.5821440
v -0.2614704 -0.1021493 0.6097984
v -0.2345447 -0.1029619 0.6018849
v -0.2138007 -0.1041559 0.5902156
v -0.2345447 -0.1021493 0.6097990
v -0.2138007 -0.1029619 0.6018849
v -0.2138007 -0.1021493 0.6097990
v -0.0683310 -0.1021493 0.6062206
v -0.0703790 -0.1029619 0.5985760
v -0.0818958 -0.1021493 0.6089066
v -0.0733992 -0.1041559 0.5873050
v -0.0829289 -0.1029619 0.6010603
v -0.0956947 -0.1021493 0.6097990
v -0.0658161 -0.1087771 0.5762375
v -0.0754884 -0.1087771 0.5795085
v -0.0844517 -0.1041559 0.5894912
v -0.0956947 -0.1029619 0.6018849
v -0.0682911 -0.1174213 0.5702619
v -0.0771624 -0.1174213 0.5732609
v -0.0855053 -0.1087771 0.5814881
v -0.0956947 -0.1041559 0.5902156
v -0.0699907 -0.1296096 0.5661589
v -0.0783119 -0.1296096 0.5689712
v -0.0863498 -0.1174213 0.5750756
v -0.0956947 -0.1087771 0.5821440
v -0.0869292 -0.1296096 0.5706733
v -0.0956947 -0.1174213 0.5756762
v -0.0956947 -0.1296096 0.5712359
v -0.0799517 -0.1716703 0.4834098
v -0.0908038 -0.1765253 0.4914546
v -0.0839041 -0.1765253 0.4811281
v -0.0871838 -0.1716703 0.4942328
v -0.0989931 -0.1765253 0.5007921
v -0.0957657 -0.1716703 0.5040189
v -0.1083305 -0.1765253 0.5089813
v -0.1055524 -0.1716703 0.5126014
v -0.1186567 -0.1765253 0.5158811
v -0.1163753 -0.1716703 0.5198328
v -0.1297958 -0.1765253 0.5213737
v -0.1280489 -0.1716703 0.5255900
v -0.1415565 -0.1765253 0.5253660
v -0.1403754 -0.1716703 0.5297745
v -0.1537374 -0.1765253 0.5277893
v -0.1531418 -0.1716703 0.5323136
v -0.1661304 -0.1765254 0.5286014
v -0.1661304 -0.1716704 0.5331650
v -0.1661304 -0.1716704 0.5331650
v -0.3319067 -0.1716704 0.5331650
v -0.3319067 -0.1765254 0.5286008
v -0.0799517 -0.1716703 0.4834098
v -0.0871838 -0.1716703 0.4942328
v -0.0884421 -0.1673159 0.4932670
v -0.0957657 -0.1716703 0.5040189
v -0.1028646 -0.1174213 0.4822002
v -0.0968877 -0.1673159 0.5028974
v -0.1055524 -0.1716703 0.5126014
v -0.1097425 -0.1174213 0.4900428
v -0.1065182 -0.1673159 0.5113431
v -0.1163753 -0.1716703 0.5198328
v -0.1143160 -0.1087771 0.4854693
v -0.1175845 -0.1174213 0.4969206
v -0.1171681 -0.1673159 0.5184594
v -0.1280489 -0.1716703 0.5255900
v -0.1215219 -0.1087771 0.4917893
v -0.1262579 -0.1174213 0.5027157
v -0.1286563 -0.1673159 0.5241244
v -0.1403754 -0.1716703 0.5297745
v -0.1294921 -0.1087771 0.4971144
v -0.1264352 -0.1041559 0.4853861
v -0.1356133 -0.1174213 0.5073290
v -0.1407861 -0.1673159 0.5282417
v -0.1531418 -0.1716703 0.5323136
v -0.1380883 -0.1087771 0.5013534
v -0.1335273 -0.1041559 0.4901248
v -0.1454909 -0.1174213 0.5106821
v -0.1533490 -0.1673159 0.5307410
v -0.1661304 -0.1716704 0.5331650
v -0.1411769 -0.1041559 0.4938972
v -0.1393622 -0.1029619 0.4800188
v -0.1557220 -0.1174213 0.5127172
v -0.1661304 -0.1673160 0.5315787
v -0.1433190 -0.1021493 0.4731655
v -0.1661304 -0.1174213 0.5133998
v -0.3319067 -0.1174213 0.5133998
v -0.3319067 -0.1673160 0.5315787
v -0.3319067 -0.1716704 0.5331650
v -0.1661304 -0.1716704 0.5331650
v -0.1661304 -0.1087771 0.5069320
v -0.3388792 -0.1673160 0.5320242
v -0.3319067 -0.1673160 0.5315787
v -0.3412515 -0.1174213 0.5140010
v -0.3319067 -0.1087771 0.5069320
v -0.1661304 -0.1041559 0.4988604
v -0.3457342 -0.1673160 0.5333753
v -0.3453234 -0.1716704 0.5349075
v -0.3386720 -0.1716704 0.5335969
v -0.3319067 -0.1716704 0.5331650
v -0.3504390 -0.1174213 0.5158163
v -0.3420960 -0.1087771 0.5075885
v -0.3319067 -0.1041559 0.4988604
v -0.1661304 -0.1029619 0.4871914
v -0.3523533 -0.1673160 0.5356101
v -0.3517459 -0.1716704 0.5370757
v -0.3593103 -0.1174213 0.5188147
v -0.3521130 -0.1087771 0.5095688
v -0.3431496 -0.1041559 0.4995860
v -0.3319067 -0.1029619 0.4871915
v -0.1661304 -0.1021493 0.4792776
v -0.3586244 -0.1673160 0.5386894
v -0.3578316 -0.1716704 0.5400629
v -0.3677142 -0.1174213 0.5229464
v -0.3617853 -0.1087771 0.5128391
v -0.3542022 -0.1041559 0.5017723
v -0.3446725 -0.1029619 0.4880167
v -0.3319067 -0.1021493 0.4792776
v -0.3644407 -0.1673160 0.5425609
v -0.3634749 -0.1716704 0.5438192
v -0.3755070 -0.1174213 0.5281384
v -0.3709478 -0.1087771 0.5173448
v -0.3648739 -0.1041559 0.5053824
v -0.3572223 -0.1029619 0.4905006
v -0.3457055 -0.1021493 0.4801703
v -0.3697006 -0.1673160 0.5471586
v -0.3685792 -0.1716704 0.5482801
v -0.3825554 -0.1174213 0.5343038
v -0.3794444 -0.1087771 0.5230073
v -0.3749836 -0.1041559 0.5103542
v -0.3693397 -0.1029619 0.4946014
v -0.3592704 -0.1021493 0.4828562
v -0.3743164 -0.1673160 0.5524030
v -0.3730581 -0.1716704 0.5533688
v -0.3887389 -0.1174213 0.5413368
v -0.3871289 -0.1087771 0.5297303
v -0.3843583 -0.1041559 0.5166036
v -0.3808179 -0.1029619 0.5002488
v -0.3723679 -0.1021493 0.4872898
v -0.3782079 -0.1673160 0.5582056
v -0.3768338 -0.1716704 0.5589990
v -0.3939515 -0.1174213 0.5491165
v -0.3938700 -0.1087771 0.5373993
v -0.3928363 -0.1041559 0.5240230
v -0.3914616 -0.1029619 0.5073458
v -0.3847753 -0.1021493 0.4933950
v -0.3813089 -0.1673160 0.5644662
v -0.3798427 -0.1716704 0.5650736
v -0.3981037 -0.1174213 0.5575098
v -0.3995525 -0.1087771 0.5458822
v -0.4002737 -0.1041559 0.5324854
v -0.4010871 -0.1029619 0.5157722
v -0.3962796 -0.1021493 0.5010672
v -0.3835661 -0.1673160 0.5710778
v -0.3820333 -0.1716704 0.5714885
v -0.4040793 -0.1087771 0.5550342
v -0.4011251 -0.1174213 0.5663730
v -0.4065424 -0.1041559 0.5418464
v -0.4095315 -0.1029619 0.5253821
v -0.4066837 -0.1021493 0.5101762
v -0.3849402 -0.1673160 0.5779284
v -0.3833676 -0.1716704 0.5781350
v -0.4073726 -0.1087771 0.5646989
v -0.4115366 -0.1041559 0.5519456
v -0.4029641 -0.1174213 0.5755555
v -0.4166484 -0.1029619 0.5360121
v -0.4158101 -0.1021493 0.5205641
v -0.3854318 -0.1673160 0.5848985
v -0.3838455 -0.1716704 0.5848985
v -0.4093765 -0.1087771 0.5747110
v -0.4151691 -0.1041559 0.5626104
v -0.4223172 -0.1029619 0.5474804
v -0.4036100 -0.1174213 0.5848985
v -0.4235021 -0.1021493 0.5320547
v -0.4100779 -0.1087771 0.5848985
v -0.4173784 -0.1041559 0.5736574
v -0.4264407 -0.1029619 0.5595896
v -0.4296289 -0.1021493 0.5444515
v -0.4036324 -0.1174213 0.9334928
v -0.3854318 -0.1673160 0.5848985
v -0.4101003 -0.1087771 0.9334928
v -0.4181495 -0.1041559 0.5848985
v -0.4289481 -0.1029619 0.5721345
v -0.4340848 -0.1021493 0.5575416
v -0.3854542 -0.1673160 0.9334928
v -0.3838673 -0.1716704 0.9334928
v -0.3838455 -0.1716704 0.5848985
v -0.4181719 -0.1041559 0.9334928
v -0.4298187 -0.1029619 0.5848985
v -0.4367944 -0.1021493 0.5711015
v -0.4298405 -0.1029619 0.9334928
v -0.4377329 -0.1021493 0.5848985
v -0.4377553 -0.1021493 0.9334928
v -0.3880525 -0.1765254 0.9334020
v -0.3884315 -0.1765254 0.5848985
v -0.3838673 -0.1716704 0.9334928
v -0.3838455 -0.1716704 0.5848985
v -0.3838455 -0.1716704 0.5848985
v -0.3883860 -0.1765254 0.5850814
v -0.3833676 -0.1716704 0.5781350
v -0.3879162 -0.1765254 0.5777205
v -0.3820333 -0.1716704 0.5714885
v -0.3864886 -0.1765254 0.5704841
v -0.3798427 -0.1716704 0.5650736
v -0.3841293 -0.1765254 0.5634954
v -0.3768338 -0.1716704 0.5589990
v -0.3808776 -0.1765254 0.5568750
v -0.3730581 -0.1716704 0.5533688
v -0.3767896 -0.1765254 0.5507352
v -0.3685792 -0.1716704 0.5482801
v -0.3719354 -0.1765254 0.5451821
v -0.3634749 -0.1716704 0.5438192
v -0.3663979 -0.1765254 0.5403099
v -0.3578316 -0.1716704 0.5400629
v -0.3602711 -0.1765254 0.5362019
v -0.3517459 -0.1716704 0.5370757
v -0.3536614 -0.1765254 0.5329291
v -0.3453234 -0.1716704 0.5349075
v -0.3466807 -0.1765254 0.5305468
v -0.3386720 -0.1716704 0.5335969
v -0.3394487 -0.1765254 0.5290962
v -0.3319067 -0.1716704 0.5331650
v -0.3320890 -0.1765254 0.5286021
v -0.2138007 -0.1029620 1.0348395
v -0.2138007 -0.1021493 1.0269254
v -0.2270283 -0.1029620 1.0339689
v -0.2138007 -0.1041559 1.0465088
v -0.2259958 -0.1021493 1.0261226
v -0.2285517 -0.1041559 1.0455374
v -0.2138007 -0.1087772 1.0545804
v -0.2379831 -0.1021493 1.0237416
v -0.2400312 -0.1029620 1.0313862
v -0.2430520 -0.1041559 1.0426578
v -0.2296053 -0.1087772 1.0535399
v -0.2138007 -0.1174213 1.0610483
v -0.2495547 -0.1021493 1.0198103
v -0.2525829 -0.1029620 1.0271214
v -0.2570481 -0.1041559 1.0379020
v -0.2451399 -0.1087772 1.0504544
v -0.2304492 -0.1174213 1.0599517
v -0.2138007 -0.1296097 1.0654886
v -0.2605170 -0.1021493 1.0144079
v -0.2644744 -0.1029620 1.0212616
v -0.2703087 -0.1041559 1.0313676
v -0.2601367 -0.1087772 1.0453587
v -0.2468146 -0.1174213 1.0567013
v -0.2479640 -0.1296097 1.0609910
v -0.2310292 -0.1296097 1.0643547
v -0.2706765 -0.1021493 1.0076152
v -0.2754945 -0.1029620 1.0138939
v -0.2825972 -0.1041559 1.0231510
v -0.2743445 -0.1087772 1.0383576
v -0.2626117 -0.1174213 1.0513337
v -0.2643113 -0.1296097 1.0554367
v -0.2798676 -0.1021493 0.9995598
v -0.2854636 -0.1029620 1.0051558
v -0.2937144 -0.1041559 1.0134072
v -0.2875111 -0.1087772 1.0295541
v -0.2775781 -0.1174213 1.0439585
v -0.2797986 -0.1296097 1.0478045
v -0.2879230 -0.1021493 0.9903692
v -0.2942017 -0.1029620 0.9951867
v -0.3034588 -0.1041559 1.0022899
v -0.2994230 -0.1087772 1.0191146
v -0.2914485 -0.1174213 1.0346852
v -0.2941519 -0.1296097 1.0382082
v -0.2947157 -0.1021493 0.9802091
v -0.3015694 -0.1029620 0.9841665
v -0.3116748 -0.1041559 0.9900008
v -0.3098626 -0.1087772 1.0072032
v -0.3039959 -0.1174213 1.0236881
v -0.3071362 -0.1296097 1.0268277
v -0.3001182 -0.1021493 0.9692468
v -0.3074299 -0.1029620 0.9722751
v -0.3182099 -0.1041559 0.9767403
v -0.3186654 -0.1087772 0.9940366
v -0.3149931 -0.1174213 1.0111407
v -0.3185160 -0.1296097 1.0138441
v -0.3040500 -0.1021493 0.9576746
v -0.3116947 -0.1029620 0.9597233
v -0.3229651 -0.1041559 0.9627435
v -0.3256666 -0.1087772 0.9798295
v -0.3242664 -0.1174213 0.9972702
v -0.3281123 -0.1296097 0.9994907
v -0.3064311 -0.1021493 0.9456880
v -0.3142768 -0.1029620 0.9467204
v -0.3258458 -0.1041559 0.9482439
v -0.3307628 -0.1087772 0.9648327
v -0.3316422 -0.1174213 0.9823045
v -0.3357446 -0.1296097 0.9840035
v -0.3338477 -0.1087772 0.9492975
v -0.3370091 -0.1174213 0.9665067
v -0.3412988 -0.1296097 0.9676562
v -0.3402602 -0.1174213 0.9501414
v -0.3446625 -0.1296097 0.9507214
v -0.8055703 -0.1716704 1.0795476
v -0.7863422 -0.1716704 1.0808134
v -0.7863422 -0.1673160 1.0792264
v -0.5311878 -0.1673160 1.0792264
v -0.7863422 -0.1716704 1.0808134
v -0.5311878 -0.1174213 1.0610483
v -0.5311878 -0.1716704 1.0808134
v -0.5311878 -0.1087771 1.0545804
v -0.7863422 -0.1765254 1.0762492
v -0.5311878 -0.1765254 1.0762492
v -0.5311878 -0.1041559 1.0465088
v -0.5311878 -0.1029619 1.0348395
v -0.5164368 -0.1041559 1.0455380
v -0.5179603 -0.1029619 1.0339689
v -0.5311878 -0.1041559 1.0465088
v -0.5311878 -0.1021493 1.0269254
v -0.5153832 -0.1087771 1.0535399
v -0.4998480 -0.1087771 1.0504544
v -0.5019372 -0.1041559 1.0426578
v -0.5049573 -0.1029619 1.0313862
v -0.5070061 -0.1021493 1.0237422
v -0.5189933 -0.1021493 1.0261226
v -0.5311878 -0.1087771 1.0545804
v -0.5145393 -0.1174213 1.0599523
v -0.4981740 -0.1174213 1.0567019
v -0.4823768 -0.1174213 1.0513337
v -0.4848518 -0.1087771 1.0453587
v -0.4879404 -0.1041559 1.0379020
v -0.4924056 -0.1029619 1.0271214
v -0.4954339 -0.1021493 1.0198103
v -0.5311878 -0.1174213 1.0610483
v -0.5121670 -0.1673160 1.0779749
v -0.4934692 -0.1673160 1.0742609
v -0.5311878 -0.1673160 1.0792264
v -0.4674104 -0.1174213 1.0439585
v -0.4706441 -0.1087771 1.0383576
v -0.4746799 -0.1041559 1.0313676
v -0.4805148 -0.1029619 1.0212616
v -0.4844716 -0.1021493 1.0144079
v -0.5119598 -0.1716704 1.0795476
v -0.4930584 -0.1716704 1.0757931
v -0.5311878 -0.1716704 1.0808134
v -0.4754198 -0.1673160 1.0681285
v -0.4583207 -0.1673160 1.0597022
v -0.4535400 -0.1174213 1.0346852
v -0.4574775 -0.1087771 1.0295541
v -0.4623908 -0.1041559 1.0231510
v -0.4694940 -0.1029619 1.0138939
v -0.4743121 -0.1021493 1.0076152
v -0.4748130 -0.1716704 1.0695941
v -0.4575279 -0.1716704 1.0610763
v -0.4424738 -0.1673160 1.0491070
v -0.4281385 -0.1673160 1.0365422
v -0.4409926 -0.1174213 1.0236881
v -0.4455661 -0.1087771 1.0191146
v -0.4512735 -0.1041559 1.0134072
v -0.4595249 -0.1029619 1.0051558
v -0.4651209 -0.1021493 0.9995598
v -0.4415079 -0.1716704 1.0503654
v -0.4270164 -0.1716704 1.0376643
v -0.4155737 -0.1673160 1.0222069
v -0.4299955 -0.1174213 1.0111407
v -0.4351266 -0.1087771 1.0072032
v -0.4415297 -0.1041559 1.0022899
v -0.4507868 -0.1029619 0.9951867
v -0.4570661 -0.1021493 0.9903692
v -0.4143153 -0.1716704 1.0231728
v -0.4036044 -0.1716704 1.0071528
v -0.4049785 -0.1673160 1.0063600
v -0.4207222 -0.1174213 0.9972702
v -0.4263231 -0.1087771 0.9940366
v -0.4333131 -0.1041559 0.9900008
v -0.4502728 -0.1021493 0.9802091
v -0.4434191 -0.1029619 0.9841665
v -0.3950866 -0.1716704 0.9898677
v -0.3965522 -0.1673160 0.9892609
v -0.4133470 -0.1174213 0.9823045
v -0.4193219 -0.1087771 0.9798295
v -0.4267787 -0.1041559 0.9767403
v -0.4375593 -0.1029619 0.9722751
v -0.4448704 -0.1021493 0.9692468
v -0.3888870 -0.1716704 0.9716222
v -0.3904198 -0.1673160 0.9712115
v -0.4079794 -0.1174213 0.9665067
v -0.4142263 -0.1087771 0.9648327
v -0.4220228 -0.1041559 0.9627435
v -0.4409391 -0.1021493 0.9576753
v -0.4332944 -0.1029619 0.9597233
v -0.3867064 -0.1673160 0.9525143
v -0.3851331 -0.1716704 0.9527209
v -0.4047290 -0.1174213 0.9501414
v -0.4111408 -0.1087771 0.9492975
v -0.4191433 -0.1041559 0.9482439
v -0.4307118 -0.1029619 0.9467204
v -0.4385581 -0.1021493 0.9456880
v -0.4942402 -0.1765254 1.0713826
v -0.4930584 -0.1716704 1.0757931
v -0.5125560 -0.1765254 1.0750201
v -0.5311878 -0.1716704 1.0808134
v -0.4765599 -0.1765254 1.0653753
v -0.4748130 -0.1716704 1.0695941
v -0.5311878 -0.1765254 1.0762492
v -0.4598106 -0.1765254 1.0571214
v -0.4575279 -0.1716704 1.0610763
v -0.4442879 -0.1765254 1.0467428
v -0.4415079 -0.1716704 1.0503654
v -0.4302450 -0.1765254 1.0344357
v -0.4270164 -0.1716704 1.0376643
v -0.4179379 -0.1765254 1.0203928
v -0.4143153 -0.1716704 1.0231728
v -0.4075593 -0.1765254 1.0048701
v -0.4036044 -0.1716704 1.0071528
v -0.3993054 -0.1765254 0.9881208
v -0.3950866 -0.1716704 0.9898677
v -0.3932981 -0.1765254 0.9704404
v -0.3888870 -0.1716704 0.9716222
v -0.3896606 -0.1765254 0.9521253
v -0.3851331 -0.1716704 0.9527209
v -0.8049741 -0.1765254 1.0750201
v -0.7863422 -0.1765254 1.0762492
v -0.8055703 -0.1716704 1.0795476
v -0.7863422 -0.1716704 1.0808134
v 0.5441321 -0.1296096 -0.9099041
v 0.1035865 -0.1296096 -0.9099041
v 0.1035865 -0.1174213 -0.9054638
v 0.5485728 -0.1174213 -0.9054638
v 0.1035865 -0.1087771 -0.8989960
v 0.5550407 -0.1087771 -0.8989960
v 0.0869379 -0.1174213 -0.9043679
v 0.0863579 -0.1296096 -0.9087703
v 0.0877818 -0.1087771 -0.8979554
v 0.1035865 -0.1041559 -0.8909244
v 0.5631123 -0.1041559 -0.8909244
v 0.0705726 -0.1174213 -0.9011175
v 0.0694231 -0.1296096 -0.9054066
v 0.0722466 -0.1087771 -0.8948699
v 0.0888354 -0.1041559 -0.8899536
v 0.1035865 -0.1029619 -0.8792551
v 0.5747813 -0.1029619 -0.8792551
v 0.0547754 -0.1174213 -0.8957493
v 0.0530758 -0.1296096 -0.8998523
v 0.0572504 -0.1087771 -0.8897743
v 0.0743358 -0.1041559 -0.8870734
v 0.0903589 -0.1029619 -0.8783845
v 0.1035865 -0.1021493 -0.8713410
v 0.5826952 -0.1021493 -0.8713410
v 0.0375886 -0.1296096 -0.8922201
v 0.0398091 -0.1174213 -0.8883741
v 0.0430427 -0.1087771 -0.8827731
v 0.0603390 -0.1041559 -0.8823176
v 0.0773560 -0.1029619 -0.8758018
v 0.0794047 -0.1021493 -0.8681578
v 0.0913919 -0.1021493 -0.8705382
v 0.0232352 -0.1296096 -0.8826238
v 0.0259386 -0.1174213 -0.8791008
v 0.0298761 -0.1087771 -0.8739697
v 0.0470785 -0.1041559 -0.8757832
v 0.0648042 -0.1029619 -0.8715370
v 0.0678325 -0.1021493 -0.8642259
v 0.0102516 -0.1296096 -0.8712439
v 0.0133912 -0.1174213 -0.8681036
v 0.0179654 -0.1087771 -0.8635301
v 0.0347894 -0.1041559 -0.8675666
v 0.0529134 -0.1029619 -0.8656772
v 0.0568702 -0.1021493 -0.8588235
v -0.0011289 -0.1296096 -0.8582596
v 0.0023941 -0.1174213 -0.8555563
v 0.0075246 -0.1087771 -0.8516188
v 0.0236721 -0.1041559 -0.8578228
v 0.0418926 -0.1029619 -0.8583094
v 0.0467107 -0.1021493 -0.8520308
v -0.0107252 -0.1296096 -0.8439063
v -0.0068792 -0.1174213 -0.8416858
v -0.0012783 -0.1087771 -0.8384522
v 0.0139283 -0.1041559 -0.8467055
v 0.0319235 -0.1029619 -0.8495713
v 0.0375195 -0.1021493 -0.8439754
v -0.0183574 -0.1296096 -0.8284190
v -0.0142544 -0.1174213 -0.8267201
v -0.0082794 -0.1087771 -0.8242451
v 0.0057117 -0.1041559 -0.8344164
v 0.0231854 -0.1029619 -0.8396023
v 0.0294641 -0.1021493 -0.8347848
v -0.0239117 -0.1296096 -0.8120711
v -0.0196220 -0.1174213 -0.8109217
v -0.0133744 -0.1087771 -0.8092482
v -0.0008227 -0.1041559 -0.8211558
v 0.0158177 -0.1029619 -0.8285821
v 0.0226714 -0.1021493 -0.8246247
v -0.0272754 -0.1296096 -0.7951363
v -0.0228730 -0.1174213 -0.7945569
v -0.0164606 -0.1087771 -0.7937131
v -0.0055779 -0.1041559 -0.8071591
v 0.0099579 -0.1029619 -0.8166906
v 0.0172690 -0.1021493 -0.8136624
v -0.0084581 -0.1041559 -0.7926595
v 0.0056931 -0.1029619 -0.8041389
v 0.0133377 -0.1021493 -0.8020908
v 0.0031104 -0.1029619 -0.7911360
v 0.0109561 -0.1021493 -0.7901036
v 0.5550407 -0.1087771 -0.8989960
v 0.5550407 -0.1087771 -1.0766257
v 0.5485728 -0.1174213 -0.9054638
v 0.5631119 -0.1041559 -1.0766257
v 0.5485728 -0.1174213 -1.0766257
v 0.5441321 -0.1296096 -0.9099041
v 0.5747813 -0.1029619 -1.0766257
v 0.5496687 -0.1174213 -1.0932743
v 0.5441321 -0.1296096 -1.0766257
v 0.5640831 -0.1041559 -1.0913768
v 0.5756519 -0.1029619 -1.0898533
v 0.5826952 -0.1021493 -1.0766257
v 0.5560811 -0.1087771 -1.0924304
v 0.5486299 -0.1296096 -1.1107890
v 0.5452661 -0.1296096 -1.0938543
v 0.5529193 -0.1174213 -1.1096396
v 0.5591665 -0.1087771 -1.1079655
v 0.5669631 -0.1041559 -1.1058764
v 0.5834978 -0.1021493 -1.0888209
v 0.5782344 -0.1029619 -1.1028562
v 0.5858787 -0.1021493 -1.1008082
v 0.5582868 -0.1174213 -1.1254374
v 0.5541842 -0.1296096 -1.1271363
v 0.5642621 -0.1087771 -1.1229624
v 0.5717190 -0.1041559 -1.1198732
v 0.5824993 -0.1029619 -1.1154080
v 0.5898107 -0.1021493 -1.1123797
v 0.5618163 -0.1296096 -1.1426236
v 0.5656621 -0.1174213 -1.1404031
v 0.5712633 -0.1087771 -1.1371695
v 0.5782534 -0.1041559 -1.1331337
v 0.5883590 -0.1029619 -1.1272994
v 0.5952129 -0.1021493 -1.1233420
v 0.5749355 -0.1174213 -1.1542736
v 0.5714126 -0.1296096 -1.1569770
v 0.5800664 -0.1087771 -1.1503361
v 0.5864697 -0.1041559 -1.1454228
v 0.5957271 -0.1029619 -1.1383196
v 0.6020055 -0.1021493 -1.1335021
v 0.5827926 -0.1296096 -1.1699606
v 0.5859326 -0.1174213 -1.1668209
v 0.5905063 -0.1087771 -1.1622475
v 0.5962137 -0.1041559 -1.1565401
v 0.6044649 -0.1029619 -1.1482886
v 0.6100611 -0.1021493 -1.1426927
v 0.5984802 -0.1174213 -1.1778181
v 0.5957769 -0.1296096 -1.1813411
v 0.6024176 -0.1087771 -1.1726870
v 0.6073308 -0.1041559 -1.1662839
v 0.6144342 -0.1029619 -1.1570267
v 0.6192517 -0.1021493 -1.1507481
v 0.6101300 -0.1296096 -1.1909374
v 0.6123504 -0.1174213 -1.1870914
v 0.6155843 -0.1087771 -1.1814905
v 0.6196201 -0.1041559 -1.1745005
v 0.6254544 -0.1029619 -1.1643945
v 0.6294116 -0.1021493 -1.1575408
v 0.6273168 -0.1174213 -1.1944666
v 0.6256174 -0.1296096 -1.1985696
v 0.6297918 -0.1087771 -1.1884916
v 0.6328803 -0.1041559 -1.1810349
v 0.6373457 -0.1029619 -1.1702543
v 0.6403741 -0.1021493 -1.1629432
v 0.6419649 -0.1296096 -1.2041239
v 0.6431143 -0.1174213 -1.1998342
v 0.6447882 -0.1087771 -1.1935873
v 0.6468773 -0.1041559 -1.1857907
v 0.6498975 -0.1029619 -1.1745191
v 0.6519456 -0.1021493 -1.1668745
v 0.6594793 -0.1174213 -1.2030846
v 0.6588996 -0.1296096 -1.2074876
v 0.6603236 -0.1087771 -1.1966728
v 0.6613769 -0.1041559 -1.1886702
v 0.6629001 -0.1029619 -1.1771018
v 0.6639329 -0.1021493 -1.1692555
v 1.8971972 -0.1296096 -1.0654861
v 1.8971972 -0.1296096 -1.0791325
v 1.8927569 -0.1174213 -1.0766257
v 1.8927569 -0.1174213 -1.0610458
v 1.8862891 -0.1087771 -1.0766257
v 1.8862891 -0.1087771 -1.0545779
v 1.8916610 -0.1174213 -1.0932743
v 1.8960633 -0.1296096 -1.0938543
v 1.8852485 -0.1087771 -1.0924304
v 1.8782175 -0.1041559 -1.0766257
v 1.8782175 -0.1041559 -1.0465063
v 1.8884100 -0.1174213 -1.1096396
v 1.8926997 -0.1296096 -1.1107890
v 1.8821630 -0.1087771 -1.1079655
v 1.8772466 -0.1041559 -1.0913768
v 1.8665482 -0.1029619 -1.0766257
v 1.8665488 -0.1029619 -1.0348371
v 1.8830424 -0.1174213 -1.1254374
v 1.8871454 -0.1296096 -1.1271363
v 1.8770674 -0.1087771 -1.1229624
v 1.8743665 -0.1041559 -1.1058764
v 1.8656776 -0.1029619 -1.0898533
v 1.8586341 -0.1021493 -1.0766257
v 1.8586341 -0.1021493 -1.0269229
v 1.8795132 -0.1296096 -1.1426236
v 1.8756672 -0.1174213 -1.1404031
v 1.8700662 -0.1087771 -1.1371695
v 1.8696107 -0.1041559 -1.1198732
v 1.8630949 -0.1029619 -1.1028562
v 1.8554509 -0.1021493 -1.1008082
v 1.8578319 -0.1021493 -1.0888209
v 1.8699169 -0.1296096 -1.1569770
v 1.8663939 -0.1174213 -1.1542736
v 1.8612634 -0.1087771 -1.1503361
v 1.8630762 -0.1041559 -1.1331337
v 1.8588301 -0.1029619 -1.1154080
v 1.8515190 -0.1021493 -1.1123797
v 1.8585370 -0.1296096 -1.1699606
v 1.8553967 -0.1174213 -1.1668209
v 1.8508232 -0.1087771 -1.1622475
v 1.8548596 -0.1041559 -1.1454228
v 1.8529703 -0.1029619 -1.1272994
v 1.8461166 -0.1021493 -1.1233420
v 1.8455527 -0.1296096 -1.1813411
v 1.8428493 -0.1174213 -1.1778181
v 1.8389119 -0.1087771 -1.1726870
v 1.8451159 -0.1041559 -1.1565401
v 1.8456025 -0.1029619 -1.1383196
v 1.8393239 -0.1021493 -1.1335021
v 1.8311994 -0.1296096 -1.1909374
v 1.8289789 -0.1174213 -1.1870914
v 1.8257453 -0.1087771 -1.1814905
v 1.8339986 -0.1041559 -1.1662839
v 1.8368644 -0.1029619 -1.1482886
v 1.8312684 -0.1021493 -1.1426927
v 1.8157121 -0.1296096 -1.1985696
v 1.8140125 -0.1174213 -1.1944666
v 1.8115375 -0.1087771 -1.1884916
v 1.8217095 -0.1041559 -1.1745005
v 1.8268953 -0.1029619 -1.1570267
v 1.8220779 -0.1021493 -1.1507481
v 1.7993648 -0.1296096 -1.2041239
v 1.7982154 -0.1174213 -1.1998342
v 1.7965413 -0.1087771 -1.1935873
v 1.8084489 -0.1041559 -1.1810349
v 1.8158752 -0.1029619 -1.1643945
v 1.8119178 -0.1021493 -1.1575408
v 1.7824294 -0.1296096 -1.2074876
v 1.7818500 -0.1174213 -1.2030846
v 1.7810061 -0.1087771 -1.1966728
v 1.7944522 -0.1041559 -1.1857907
v 1.8039837 -0.1029619 -1.1702543
v 1.8009555 -0.1021493 -1.1629432
v 1.7799525 -0.1041559 -1.1886702
v 1.7914320 -0.1029619 -1.1745191
v 1.7893839 -0.1021493 -1.1668745
v 1.7784291 -0.1029619 -1.1771018
v 1.7773966 -0.1021493 -1.1692555
v 2.4250419 -0.1296096 -0.9507189
v 2.4206396 -0.1174213 -0.9501389
v 2.4216782 -0.1296096 -0.9676537
v 2.4120210 -0.1174213 -0.9823020
v 2.4173892 -0.1174213 -0.9665042
v 2.4161240 -0.1296096 -0.9840010
v 2.4142271 -0.1087771 -0.9492950
v 2.4111416 -0.1087771 -0.9648302
v 2.4046457 -0.1174213 -0.9972678
v 2.4060460 -0.1087771 -0.9798270
v 2.4084917 -0.1296096 -0.9994882
v 2.4062252 -0.1041559 -0.9482414
v 2.4033451 -0.1041559 -0.9627410
v 2.3953724 -0.1174213 -1.0111382
v 2.3990448 -0.1087771 -0.9940341
v 2.3985893 -0.1041559 -0.9767378
v 2.3988954 -0.1296096 -1.0138416
v 2.3946561 -0.1029619 -0.9467179
v 2.3920735 -0.1029619 -0.9597209
v 2.3875156 -0.1296096 -1.0268252
v 2.3843753 -0.1174213 -1.0236856
v 2.3902413 -0.1087771 -1.0072007
v 2.3920548 -0.1041559 -0.9899983
v 2.3878087 -0.1029619 -0.9722726
v 2.3844294 -0.1021493 -0.9576728
v 2.3868098 -0.1021493 -0.9456855
v 2.3745313 -0.1296096 -1.0382057
v 2.3718279 -0.1174213 -1.0346827
v 2.3798018 -0.1087771 -1.0191121
v 2.3838382 -0.1041559 -1.0022874
v 2.3819488 -0.1029619 -0.9841640
v 2.3750951 -0.1021493 -0.9802066
v 2.3804976 -0.1021493 -0.9692443
v 2.3601779 -0.1296096 -1.0478020
v 2.3579575 -0.1174213 -1.0439560
v 2.3678904 -0.1087771 -1.0295516
v 2.3740944 -0.1041559 -1.0134047
v 2.3745811 -0.1029619 -0.9951842
v 2.3683024 -0.1021493 -0.9903668
v 2.3446907 -0.1296096 -1.0554342
v 2.3429917 -0.1174213 -1.0513312
v 2.3547239 -0.1087771 -1.0383551
v 2.3629772 -0.1041559 -1.0231485
v 2.3658430 -0.1029619 -1.0051533
v 2.3602470 -0.1021493 -0.9995573
v 2.3283434 -0.1296096 -1.0609885
v 2.3271939 -0.1174213 -1.0566988
v 2.3405167 -0.1087771 -1.0453563
v 2.3506881 -0.1041559 -1.0313651
v 2.3558739 -0.1029619 -1.0138914
v 2.3510565 -0.1021493 -1.0076127
v 2.3114086 -0.1296096 -1.0643522
v 2.3108286 -0.1174213 -1.0599492
v 2.3255199 -0.1087771 -1.0504519
v 2.3374275 -0.1041559 -1.0378995
v 2.3448537 -0.1029619 -1.0212591
v 2.3408964 -0.1021493 -1.0144054
v 2.2941801 -0.1296096 -1.0654861
v 2.2941801 -0.1174213 -1.0610458
v 2.3099847 -0.1087771 -1.0535374
v 2.3234307 -0.1041559 -1.0426554
v 2.3329623 -0.1029619 -1.0271189
v 2.3299341 -0.1021493 -1.0198078
v 1.8971972 -0.1296096 -1.0654861
v 1.8927569 -0.1174213 -1.0610458
v 1.8862891 -0.1087771 -1.0545779
v 2.2941801 -0.1087771 -1.0545779
v 2.3089311 -0.1041559 -1.0455349
v 2.3204106 -0.1029619 -1.0313838
v 2.3183625 -0.1021493 -1.0237391
v 2.2941801 -0.1041559 -1.0465063
v 2.3074077 -0.1029619 -1.0339664
v 2.3063752 -0.1021493 -1.0261201
v 2.2941801 -0.1029619 -1.0348371
v 2.2941801 -0.1021493 -1.0269229
v 0.2601651 -0.1021493 0.7624361
v 0.2484961 -0.1029619 0.7703503
v 0.2601651 -0.1029619 0.7703503
v 0.2484961 -0.1021493 0.7624361
v 0.2601651 -0.1029619 0.7781474
v 0.2405821 -0.1021493 0.7624361
v 0.2484961 -0.1029619 0.7781474
v 0.2601651 -0.1029619 0.7859084
v 0.2405821 -0.1029619 0.7703503
v 0.2405821 -0.1029619 0.7781474
v 0.2484961 -0.1029619 0.7859084
v 0.2601651 -0.1041559 0.7975777
v 0.2405821 -0.1021493 0.9334928
v 0.2484965 -0.1029619 0.9334928
v 0.2601655 -0.1041559 0.9334928
v 0.2682366 -0.1087771 0.8056493
v 0.2397795 -0.1021493 0.9456880
v 0.2476255 -0.1029619 0.9467204
v 0.2591942 -0.1041559 0.9482439
v 0.2671963 -0.1087771 0.9492975
v 0.2682366 -0.1087771 0.9334928
v 0.2747045 -0.1174213 0.8121172
v 0.2373987 -0.1021493 0.9576753
v 0.2450429 -0.1029619 0.9597233
v 0.2563143 -0.1041559 0.9627435
v 0.2641109 -0.1087771 0.9648327
v 0.2703585 -0.1174213 0.9665067
v 0.2736087 -0.1174213 0.9501414
v 0.2747045 -0.1174213 0.9334928
v 0.2791453 -0.1296096 0.8165575
v 0.2334668 -0.1021493 0.9692468
v 0.2407781 -0.1029619 0.9722751
v 0.2515583 -0.1041559 0.9767403
v 0.2590153 -0.1087771 0.9798295
v 0.2649906 -0.1174213 0.9823045
v 0.2746479 -0.1296096 0.9676562
v 0.2780113 -0.1296096 0.9507214
v 0.2791453 -0.1296096 0.9334928
v 0.2280645 -0.1021493 0.9802091
v 0.2349183 -0.1029619 0.9841665
v 0.2450239 -0.1041559 0.9900008
v 0.2520141 -0.1087771 0.9940366
v 0.2576152 -0.1174213 0.9972702
v 0.2614611 -0.1296096 0.9994907
v 0.2690931 -0.1296096 0.9840035
v 0.2212719 -0.1021493 0.9903692
v 0.2275502 -0.1029619 0.9951867
v 0.2368077 -0.1041559 1.0022899
v 0.2432110 -0.1087771 1.0072032
v 0.2483418 -0.1174213 1.0111407
v 0.2518648 -0.1296096 1.0138441
v 0.2132163 -0.1021493 0.9995598
v 0.2188124 -0.1029619 1.0051558
v 0.2270637 -0.1041559 1.0134072
v 0.2327711 -0.1087771 1.0191146
v 0.2373443 -0.1174213 1.0236881
v 0.2404845 -0.1296096 1.0268277
v 0.2040258 -0.1021493 1.0076152
v 0.2088432 -0.1029619 1.0138939
v 0.2159465 -0.1041559 1.0231510
v 0.2208598 -0.1087771 1.0295541
v 0.2247972 -0.1174213 1.0346852
v 0.2275004 -0.1296096 1.0382082
v 0.1938657 -0.1021493 1.0144079
v 0.1978231 -0.1029619 1.0212616
v 0.2036574 -0.1041559 1.0313676
v 0.2076932 -0.1087771 1.0383576
v 0.2109270 -0.1174213 1.0439585
v 0.2131474 -0.1296096 1.0478045
v 0.1829034 -0.1021493 1.0198103
v 0.1859316 -0.1029619 1.0271214
v 0.1903968 -0.1041559 1.0379020
v 0.1934854 -0.1087771 1.0453587
v 0.1959604 -0.1174213 1.0513337
v 0.1976600 -0.1296096 1.0554367
v 0.1713318 -0.1021493 1.0237416
v 0.1733799 -0.1029619 1.0313862
v 0.1764000 -0.1041559 1.0426578
v 0.1784892 -0.1087771 1.0504544
v 0.1801633 -0.1174213 1.0567013
v 0.1813127 -0.1296096 1.0609910
v 0.1593445 -0.1021493 1.0261226
v 0.1603770 -0.1029619 1.0339689
v 0.1619004 -0.1041559 1.0455374
v 0.1629540 -0.1087771 1.0535399
v 0.1637979 -0.1174213 1.0599517
v 0.1643779 -0.1296096 1.0643547
v 0.1471494 -0.1021493 1.0269254
v 0.1471494 -0.1029619 1.0348395
v 0.1471494 -0.1041559 1.0465088
v 0.1471494 -0.1087771 1.0545804
v 0.1471494 -0.1174213 1.0610483
v 0.1471494 -0.1296096 1.0654886
v -0.0956947 -0.1296096 0.5712359
v -0.0621077 -0.1296096 0.5622849
v -0.0598872 -0.1174213 0.5661309
v -0.0547978 -0.1296096 0.5574152
v -0.0566536 -0.1087771 0.5717325
v -0.0520944 -0.1174213 0.5609382
v -0.0481862 -0.1296096 0.5516326
v -0.0481570 -0.1087771 0.5660693
v -0.0526178 -0.1041559 0.5787225
v -0.0627275 -0.1041559 0.5836949
v -0.0450459 -0.1174213 0.5547728
v -0.0423855 -0.1296096 0.5450371
v -0.0404725 -0.1087771 0.5593463
v -0.0432431 -0.1041559 0.5724731
v -0.0467835 -0.1029619 0.5888278
v -0.0582617 -0.1029619 0.5944755
v -0.0388625 -0.1174213 0.5477405
v -0.0374959 -0.1296096 0.5377403
v -0.0337314 -0.1087771 0.5516774
v -0.0347651 -0.1041559 0.5650537
v -0.0361398 -0.1029619 0.5817308
v -0.0428261 -0.1021493 0.5956815
v -0.0552335 -0.1021493 0.6017872
v -0.0336499 -0.1174213 0.5399608
v -0.0336001 -0.1296096 0.5298679
v -0.0280489 -0.1087771 0.5431944
v -0.0273277 -0.1041559 0.5565913
v -0.0265143 -0.1029619 0.5733051
v -0.0313218 -0.1021493 0.5880095
v -0.0294977 -0.1174213 0.5315675
v -0.0307654 -0.1296096 0.5215542
v -0.0235221 -0.1087771 0.5340425
v -0.0210589 -0.1041559 0.5472302
v -0.0180699 -0.1029619 0.5636945
v -0.0209177 -0.1021493 0.5789011
v -0.0264763 -0.1174213 0.5227036
v -0.0290403 -0.1296096 0.5129418
v -0.0202288 -0.1087771 0.5243777
v -0.0160648 -0.1041559 0.5371311
v -0.0109530 -0.1029619 0.5530645
v -0.0117912 -0.1021493 0.5685126
v -0.0246373 -0.1174213 0.5135218
v -0.0284317 -0.1296096 0.5041776
v -0.0182249 -0.1087771 0.5143657
v -0.0124322 -0.1041559 0.5264669
v -0.0052842 -0.1029619 0.5415969
v -0.0040993 -0.1021493 0.5570219
v -0.0102230 -0.1041559 0.5154193
v -0.0011606 -0.1029619 0.5294870
v 0.0020275 -0.1021493 0.5446251
v 0.0013467 -0.1029619 0.5169421
v 0.0064834 -0.1021493 0.5315351
v 0.0091930 -0.1021493 0.5179752
v -0.1456427 -0.1029619 0.4831160
v -0.1522743 -0.1029619 0.4853671
v -0.1492535 -0.1041559 0.4966390
v -0.1486710 -0.1021493 0.4758048
v -0.1591423 -0.1029619 0.4867334
v -0.1576194 -0.1041559 0.4983028
v -0.1543223 -0.1021493 0.4777232
v -0.1565658 -0.1087771 0.5063047
v -0.1471650 -0.1087771 0.5044346
v -0.1601753 -0.1021493 0.4788877
v 1.6096196 -0.1296096 0.5365100
v 1.0526142 -0.1174213 0.5320691
v 1.0570550 -0.1296096 0.5365100
v 1.6096196 -0.1174213 0.5320691
v 1.0461464 -0.1087771 0.5256018
v 1.6096196 -0.1087771 0.5256018
v 1.0380751 -0.1041559 0.5175302
v 1.6096196 -0.1041559 0.5175302
v 1.0264061 -0.1029619 0.5058610
v 1.6096196 -0.1029619 0.5058610
v 1.0264061 -0.1029619 0.5173155
v 0.9873859 -0.1029619 0.5058000
v 1.6096196 -0.1021493 0.4979468
v 1.0461464 -0.1087771 0.6845618
v 1.0461464 -0.1087771 0.5256018
v 1.0380748 -0.1041559 0.6845618
v 1.0264058 -0.1029619 0.6845618
v 0.9873955 -0.1029619 0.5172545
v 0.9718173 -0.1021493 0.4979468
v 0.9797316 -0.1029619 0.5057882
v 1.0371039 -0.1041559 0.6993128
v 1.0451060 -0.1087771 0.7003664
v 1.0526142 -0.1174213 0.6845618
v 1.0526142 -0.1174213 0.5320691
v 1.0255352 -0.1029619 0.6977893
v 0.9875286 -0.1029619 0.6768007
v 0.9797316 -0.1029619 0.5172427
v 0.9718172 -0.1021493 0.6690036
v 1.0229526 -0.1029619 0.7107922
v 1.0342239 -0.1041559 0.7138124
v 1.0420201 -0.1087771 0.7159016
v 1.0515184 -0.1174213 0.7012103
v 1.0570550 -0.1296096 0.6845618
v 1.0570550 -0.1296096 0.5365100
v 0.9866577 -0.1029619 0.6900283
v 0.9797316 -0.1029619 0.6690036
v 0.9710146 -0.1021493 0.6811981
v 0.9788606 -0.1029619 0.6822311
v 0.9840751 -0.1029619 0.7030312
v 1.0186878 -0.1029619 0.7233440
v 1.0294680 -0.1041559 0.7278092
v 1.0559209 -0.1296096 0.7017903
v 0.9686338 -0.1021493 0.6931860
v 0.9762780 -0.1029619 0.6952341
v 0.9798103 -0.1029619 0.7155829
v 1.0128281 -0.1029619 0.7352354
v 1.0229337 -0.1041559 0.7410697
v 1.0369250 -0.1087771 0.7308984
v 1.0525572 -0.1296096 0.7187251
v 0.9647018 -0.1021493 0.7047575
v 0.9720132 -0.1029619 0.7077858
v 0.9739506 -0.1029619 0.7274737
v 1.0054599 -0.1029619 0.7462556
v 1.0147173 -0.1041559 0.7533588
v 1.0299238 -0.1087771 0.7451055
v 1.0429002 -0.1174213 0.7333734
v 1.0482678 -0.1174213 0.7175756
v 1.0470029 -0.1296096 0.7350724
v 0.9592996 -0.1021493 0.7157198
v 0.9661535 -0.1029619 0.7196772
v 0.9665825 -0.1029619 0.7384945
v 0.9967221 -0.1029619 0.7562247
v 1.0049734 -0.1041559 0.7644761
v 1.0211207 -0.1087771 0.7582721
v 1.0355249 -0.1174213 0.7483391
v 1.0393708 -0.1296096 0.7505596
v 0.9525070 -0.1021493 0.7258800
v 0.9587854 -0.1029619 0.7306974
v 0.9578447 -0.1029619 0.7484636
v 0.9867528 -0.1029619 0.7649628
v 0.9938562 -0.1041559 0.7742199
v 1.0106808 -0.1087771 0.7701835
v 1.0262515 -0.1174213 0.7622096
v 1.0297745 -0.1296096 0.7649130
v 0.9444514 -0.1021493 0.7350705
v 0.9500475 -0.1029619 0.7406665
v 0.9478754 -0.1029619 0.7572017
v 0.9757322 -0.1029619 0.7723305
v 0.9815669 -0.1041559 0.7824365
v 0.9987694 -0.1087771 0.7806230
v 1.0152541 -0.1174213 0.7747570
v 1.0183942 -0.1296096 0.7778972
v 0.9400783 -0.1029619 0.7494046
v 0.9352608 -0.1021493 0.7431259
v 0.9368551 -0.1029619 0.7645695
v 0.9638413 -0.1029619 0.7781903
v 0.9683067 -0.1041559 0.7889709
v 0.9856027 -0.1087771 0.7894265
v 1.0027068 -0.1174213 0.7857541
v 1.0054101 -0.1296096 0.7892771
v 0.9290580 -0.1029619 0.7567723
v 0.9251008 -0.1021493 0.7499186
v 0.9249639 -0.1029619 0.7704293
v 0.9512896 -0.1029619 0.7824552
v 0.9543097 -0.1041559 0.7937268
v 0.9713952 -0.1087771 0.7964277
v 0.9888366 -0.1174213 0.7950274
v 0.9910570 -0.1296096 0.7988734
v 0.9171668 -0.1029619 0.7626321
v 0.9141383 -0.1021493 0.7553210
v 0.9124121 -0.1029619 0.7746941
v 0.9382870 -0.1029619 0.7850378
v 0.9398101 -0.1041559 0.7966069
v 0.9563988 -0.1087771 0.8015233
v 0.9738707 -0.1174213 0.8024026
v 0.9755700 -0.1296096 0.8065056
v 0.9046150 -0.1029619 0.7668970
v 0.9025670 -0.1021493 0.7592523
v 0.8994095 -0.1029619 0.7772768
v 0.9250591 -0.1029619 0.7859084
v 0.9250591 -0.1041559 0.7975777
v 0.9408634 -0.1087771 0.8046088
v 0.9580727 -0.1174213 0.8077708
v 0.9592222 -0.1296096 0.8120599
v 0.8916124 -0.1029619 0.7694796
v 0.8905796 -0.1021493 0.7616333
v 0.8861816 -0.1029619 0.7781474
v 0.9250591 -0.1087771 0.8056493
v 0.2682366 -0.1087771 0.8056493
v 0.9417078 -0.1174213 0.8110212
v 0.9422874 -0.1296096 0.8154236
v 0.8783845 -0.1029619 0.7703503
v 0.8783845 -0.1021493 0.7624361
v 0.2747045 -0.1174213 0.8121172
v 0.9250591 -0.1174213 0.8121172
v 0.9250591 -0.1296096 0.8165575
v 0.2791453 -0.1296096 0.8165575
v 1.6262681 -0.1174213 0.5309731
v 1.6268481 -0.1296096 0.5353761
v 1.6254242 -0.1087771 0.5245613
v 1.6243706 -0.1041559 0.5165588
v 1.6228471 -0.1029619 0.5049903
v 1.6218147 -0.1021493 0.4971441
v 1.6437829 -0.1296096 0.5320124
v 1.6409588 -0.1087771 0.5214758
v 1.6426334 -0.1174213 0.5277227
v 1.6388702 -0.1041559 0.5136793
v 1.6358501 -0.1029619 0.5024077
v 1.6338020 -0.1021493 0.4947632
v 1.6584306 -0.1174213 0.5223551
v 1.6559556 -0.1087771 0.5163802
v 1.6601302 -0.1296096 0.5264581
v 1.6528670 -0.1041559 0.5089234
v 1.6484018 -0.1029619 0.4981429
v 1.6453735 -0.1021493 0.4908316
v 1.6602932 -0.1029619 0.4922831
v 1.6661276 -0.1041559 0.5023890
v 1.6701633 -0.1087771 0.5093790
v 1.6756174 -0.1296096 0.5188259
v 1.6563358 -0.1021493 0.4854293
v 1.6733970 -0.1174213 0.5149799
v 1.6713134 -0.1029619 0.4849151
v 1.6784167 -0.1041559 0.4941723
v 1.6833299 -0.1087771 0.5005755
v 1.6872674 -0.1174213 0.5057066
v 1.6664960 -0.1021493 0.4786366
v 1.6899708 -0.1296096 0.5092296
v 1.6756865 -0.1021493 0.4705811
v 1.6812825 -0.1029619 0.4761772
v 1.6895339 -0.1041559 0.4844284
v 1.6952413 -0.1087771 0.4901359
v 1.7029550 -0.1296096 0.4978494
v 1.6998148 -0.1174213 0.4947093
v 1.6900206 -0.1029619 0.4662080
v 1.6837419 -0.1021493 0.4613904
v 1.6992777 -0.1041559 0.4733114
v 1.7056815 -0.1087771 0.4782248
v 1.6905346 -0.1021493 0.4512306
v 1.7108119 -0.1174213 0.4821620
v 1.7143349 -0.1296096 0.4848652
v 1.6973883 -0.1029619 0.4551876
v 1.7074943 -0.1041559 0.4610221
v 1.7144843 -0.1087771 0.4650579
v 1.7032482 -0.1029619 0.4432966
v 1.6959371 -0.1021493 0.4402681
v 1.7239312 -0.1296096 0.4705122
v 1.7200852 -0.1174213 0.4682918
v 1.6998689 -0.1021493 0.4286964
v 1.7140287 -0.1041559 0.4477619
v 1.7075130 -0.1029619 0.4307448
v 1.7214855 -0.1087771 0.4508506
v 1.7274604 -0.1174213 0.4533257
v 1.7100956 -0.1029619 0.4177422
v 1.7187846 -0.1041559 0.4337649
v 1.7315634 -0.1296096 0.4550250
v 1.7022499 -0.1021493 0.4167093
v 1.7265811 -0.1087771 0.4358540
v 1.7030521 -0.1021493 0.4045143
v 1.7109663 -0.1029619 0.4045143
v 1.7216647 -0.1041559 0.4192652
v 1.7328280 -0.1174213 0.4375280
v 1.7371177 -0.1296096 0.4386773
v 1.7296666 -0.1087771 0.4203188
v 1.7226355 -0.1041559 0.4045143
v 1.7360791 -0.1174213 0.4211630
v 1.7307071 -0.1087771 0.4045143
v 1.7404814 -0.1296096 0.4217426
v 1.7371750 -0.1174213 0.4045143
v 1.7416153 -0.1296096 0.4045143
v 1.7307071 -0.1087771 0.2704473
v 1.7371750 -0.1174213 0.2769151
v 1.7416153 -0.1296096 0.2813558
v 2.5846528 -0.1174213 0.2758192
v 2.5852322 -0.1296096 0.2802217
v 2.6021676 -0.1296096 0.2768582
v 2.5838089 -0.1087771 0.2694068
v 2.6010182 -0.1174213 0.2725688
v 2.6168153 -0.1174213 0.2672011
v 2.6185149 -0.1296096 0.2713037
v 2.5827553 -0.1041559 0.2614047
v 2.5993441 -0.1087771 0.2663214
v 2.6143403 -0.1087771 0.2612258
v 2.6317817 -0.1174213 0.2598258
v 2.6340021 -0.1296096 0.2636715
v 2.5812319 -0.1029619 0.2498360
v 2.5972549 -0.1041559 0.2585248
v 2.6112517 -0.1041559 0.2537690
v 2.6285481 -0.1087771 0.2542246
v 2.6456521 -0.1174213 0.2505523
v 2.6483555 -0.1296096 0.2540753
v 2.5801988 -0.1021493 0.2419898
v 2.5942348 -0.1029619 0.2472534
v 2.5921861 -0.1021493 0.2396090
v 2.6067865 -0.1029619 0.2429886
v 2.6245123 -0.1041559 0.2472344
v 2.6417147 -0.1087771 0.2454213
v 2.6581995 -0.1174213 0.2395550
v 2.6613398 -0.1296096 0.2426951
v 2.6037583 -0.1021493 0.2356773
v 2.6147206 -0.1021493 0.2302750
v 2.6186773 -0.1029619 0.2371288
v 2.6368014 -0.1041559 0.2390180
v 2.6536260 -0.1087771 0.2349816
v 2.6691966 -0.1174213 0.2270077
v 2.6727196 -0.1296096 0.2297109
v 2.6296981 -0.1029619 0.2297607
v 2.6248801 -0.1021493 0.2234824
v 2.6479186 -0.1041559 0.2292742
v 2.6640656 -0.1087771 0.2230705
v 2.6784699 -0.1174213 0.2131375
v 2.6823159 -0.1296096 0.2153579
v 2.6340712 -0.1021493 0.2154268
v 2.6396672 -0.1029619 0.2210229
v 2.6576624 -0.1041559 0.2181571
v 2.6728690 -0.1087771 0.2099036
v 2.6858452 -0.1174213 0.1981712
v 2.6899482 -0.1296096 0.1998706
v 2.6484053 -0.1029619 0.2110537
v 2.6421260 -0.1021493 0.2062361
v 2.6658790 -0.1041559 0.2058678
v 2.6798702 -0.1087771 0.1956962
v 2.6912127 -0.1174213 0.1823735
v 2.6955024 -0.1296096 0.1835228
v 2.6489193 -0.1021493 0.1960764
v 2.6557730 -0.1029619 0.2000334
v 2.6724128 -0.1041559 0.1926076
v 2.6849658 -0.1087771 0.1806995
v 2.6944632 -0.1174213 0.1660085
v 2.6988661 -0.1296096 0.1665881
v 2.6616329 -0.1029619 0.1881422
v 2.6543218 -0.1021493 0.1851138
v 2.6771693 -0.1041559 0.1786105
v 2.6880513 -0.1087771 0.1651643
v 2.6955597 -0.1174213 0.1493599
v 2.7000000 -0.1296096 0.1493599
v 2.6582530 -0.1021493 0.1735421
v 2.6658977 -0.1029619 0.1755904
v 2.6800488 -0.1041559 0.1641109
v 2.6890918 -0.1087771 0.1493599
v 2.6955597 -0.1174213 -0.1493574
v 2.6890918 -0.1087771 -0.1493574
v 2.7000000 -0.1296096 -0.1493574
v 2.6684803 -0.1029619 0.1625879
v 2.6606340 -0.1021493 0.1615549
v 2.6810202 -0.1041559 0.1493599
v 2.6810202 -0.1041559 -0.1493574
v 2.6944638 -0.1174213 -0.1660061
v 2.6880513 -0.1087771 -0.1651619
v 2.6988661 -0.1296096 -0.1665857
v 2.6614368 -0.1021493 0.1493599
v 2.6693510 -0.1029619 0.1493599
v 2.6693510 -0.1029619 -0.1493574
v 2.6800494 -0.1041559 -0.1641084
v 2.6912134 -0.1174213 -0.1823711
v 2.6955024 -0.1296096 -0.1835204
v 2.6849658 -0.1087771 -0.1806971
v 2.6614368 -0.1021493 -0.1493574
v 2.6684803 -0.1029619 -0.1625853
v 2.6771693 -0.1041559 -0.1786080
v 2.6858452 -0.1174213 -0.1981688
v 2.6899482 -0.1296096 -0.1998681
v 2.6798702 -0.1087771 -0.1956938
v 2.6606340 -0.1021493 -0.1615524
v 2.6582536 -0.1021493 -0.1735396
v 2.6658977 -0.1029619 -0.1755879
v 2.6724135 -0.1041559 -0.1926051
v 2.6784699 -0.1174213 -0.2131350
v 2.6823159 -0.1296096 -0.2153554
v 2.6728690 -0.1087771 -0.2099011
v 2.6616329 -0.1029619 -0.1881397
v 2.6543218 -0.1021493 -0.1851112
v 2.6658790 -0.1041559 -0.2058653
v 2.6691966 -0.1174213 -0.2270052
v 2.6727196 -0.1296096 -0.2297084
v 2.6640656 -0.1087771 -0.2230680
v 2.6489193 -0.1021493 -0.1960738
v 2.6557730 -0.1029619 -0.2000308
v 2.6576624 -0.1041559 -0.2181544
v 2.6581995 -0.1174213 -0.2395524
v 2.6613398 -0.1296096 -0.2426925
v 2.6536260 -0.1087771 -0.2349789
v 2.6484053 -0.1029619 -0.2110511
v 2.6421266 -0.1021493 -0.2062335
v 2.6479186 -0.1041559 -0.2292716
v 2.6456521 -0.1174213 -0.2505498
v 2.6483555 -0.1296096 -0.2540728
v 2.6417147 -0.1087771 -0.2454188
v 2.6340712 -0.1021493 -0.2154243
v 2.6396672 -0.1029619 -0.2210204
v 2.6368014 -0.1041559 -0.2390155
v 2.6317817 -0.1174213 -0.2598233
v 2.6340021 -0.1296096 -0.2636692
v 2.6285481 -0.1087771 -0.2542219
v 2.6296981 -0.1029619 -0.2297582
v 2.6248807 -0.1021493 -0.2234797
v 2.6245123 -0.1041559 -0.2472319
v 2.6168159 -0.1174213 -0.2671986
v 2.6185149 -0.1296096 -0.2713011
v 2.6143409 -0.1087771 -0.2612232
v 2.6147206 -0.1021493 -0.2302725
v 2.6186779 -0.1029619 -0.2371263
v 2.6112517 -0.1041559 -0.2537665
v 2.6010182 -0.1174213 -0.2725662
v 2.6021676 -0.1296096 -0.2768556
v 2.5993441 -0.1087771 -0.2663187
v 2.6067865 -0.1029619 -0.2429861
v 2.6037583 -0.1021493 -0.2356747
v 2.5972549 -0.1041559 -0.2585221
v 2.5846528 -0.1174213 -0.2758165
v 2.5852322 -0.1296096 -0.2802191
v 2.5838089 -0.1087771 -0.2694043
v 2.5921867 -0.1021493 -0.2396064
v 2.5942348 -0.1029619 -0.2472509
v 2.5827553 -0.1041559 -0.2614020
v 2.5680043 -0.1174213 -0.2769126
v 2.5680043 -0.1296096 -0.2813533
v 2.5680043 -0.1087771 -0.2704447
v 2.5812319 -0.1029619 -0.2498334
v 2.5801994 -0.1021493 -0.2419873
v 2.5680043 -0.1041559 -0.2623731
v 2.4217355 -0.1174213 -0.2769126
v 2.4152676 -0.1087771 -0.2704447
v 2.4261758 -0.1296096 -0.2813533
v 2.5680043 -0.1029619 -0.2507042
v 2.5680043 -0.1021493 -0.2427900
vt 3.1859620 1.4787934
vt 3.1863380 1.4923506
vt 4.9573720 1.4775703
vt 3.1859650 1.4693618
vt 4.9605580 1.4682280
vt 3.1870860 1.3612068
vt 4.9665870 1.4909866
vt 4.9969730 1.3612337
vt 5.0099360 1.3394845
vt 3.1872350 1.3394582
vt 5.0261220 1.3207517
vt 3.1873260 1.3207519
vt 5.0495610 1.2973136
vt 3.1873920 1.2973138
vt 5.0654570 1.2814176
vt 3.1874050 1.2814176
vt 3.1871380 -0.4158430
vt 5.3322940 -0.4148500
vt 3.1875140 -0.4293460
vt 5.3354850 -0.4055210
vt 3.1871380 -0.4064480
vt 5.3377730 -0.4260360
vt 5.3719450 -0.2986820
vt 3.1880570 -0.2986840
vt 3.1881790 -0.2769520
vt 5.3849220 -0.2769610
vt 3.1882520 -0.2582520
vt 5.4011230 -0.2582520
vt 5.4245610 -0.2348140
vt 3.1883050 -0.2348140
vt 3.1883150 -0.2189180
vt 5.4404560 -0.2189180
vt 7.1083300 1.1190664
vt 7.2153810 -1.2203020
vt 7.1080370 -1.2191830
vt 7.2159660 1.1196693
vt 7.2387600 1.1196204
vt 7.2381960 -1.2199490
vt 7.2253210 1.1196598
vt 7.2247440 -1.2203110
vt 6.2399060 -1.8124320
vt 8.4286330 -1.7861190
vt 8.4289350 -1.8123300
vt 6.2401990 -1.7861850
vt 6.2404530 -1.7644560
vt 8.4283770 -1.7644260
vt 6.2406660 -1.7457520
vt 8.4281650 -1.7457520
vt 6.2406660 -1.7223140
vt 8.4281650 -1.7223140
vt 6.2406660 -1.7064180
vt 8.4281650 -1.7064180
vt 7.0440480 1.1187500
vt 7.0440480 -1.2187500
vt 7.0281530 -1.2187500
vt 7.0281530 1.1187500
vt 7.0676280 1.1187500
vt 7.0676280 -1.2187500
vt 7.0864630 1.1188992
vt 7.0863210 -1.2189470
vt 4.8236750 1.6560222
vt 4.7970880 -0.9193350
vt 4.7980550 1.6558266
vt 4.8232800 -0.9191110
vt 4.8451240 1.6562428
vt 4.8449810 -0.9189140
vt 4.8636190 1.6564329
vt 4.8636640 -0.9187500
vt 4.8870570 1.6564329
vt 4.8871020 -0.9187500
vt 4.9029530 1.6564329
vt 4.9029980 -0.9187500
vt 9.7581040 -1.2319840
vt 9.7842260 0.0786758
vt 9.7844530 -1.2324570
vt 9.7581140 0.0875790
vt 9.7363690 -1.2315820
vt 9.7363860 0.1005536
vt 9.7176670 -1.2312500
vt 9.7176690 0.1167479
vt 9.6942290 -1.2312500
vt 9.6942290 0.1401862
vt 9.6783330 -1.2312500
vt 9.6783330 0.1560820
vt 10.0406600 1.1314176
vt 8.3033330 1.1314178
vt 10.0406600 1.1473138
vt 8.3192290 1.1473138
vt 10.0406600 1.1707520
vt 8.3426670 1.1707520
vt 10.0409300 1.1894487
vt 8.3588680 1.1894537
vt 10.0412500 1.2111752
vt 8.3718500 1.2111636
vt 10.0416300 1.2374609
vt 8.3807580 1.2372515
vt 2.9371400 -0.0660890
vt 2.8245890 -0.0344660
vt 2.9329580 -0.0321480
vt 2.9547510 -0.0316590
vt 2.8309890 -0.1281990
vt 2.8250260 -0.0804380
vt 2.9443560 -0.0997460
vt 2.9583260 -0.0632720
vt 2.8151430 -0.0344870
vt 2.9734810 -0.0312500
vt 2.8192190 -0.1304340
vt 2.8138830 -0.0809430
vt 2.8439070 -0.1761800
vt 2.8192190 -0.1304340
vt 2.9552020 -0.1325620
vt 2.9650680 -0.0944620
vt 2.9764870 -0.0608790
vt 2.9970720 -0.0312500
vt 2.8192190 -0.1304340
vt 2.7970990 -0.0813850
vt 2.8015650 -0.0341300
vt 2.8151430 -0.0344870
vt 2.7970990 -0.0813850
vt 2.8322390 -0.1802740
vt 2.8322390 -0.1802740
vt 2.8014290 -0.1336440
vt 2.9995620 -0.0578190
vt 2.9827220 -0.0900020
vt 3.0130570 -0.0312500
vt 2.8014290 -0.1336440
vt 2.8528040 -0.2285720
vt 2.8146090 -0.1863710
vt 3.0051220 -0.0839360
vt 3.0204630 -0.0798220
vt 3.0153380 -0.0557450
vt 2.9751940 -0.1247220
vt 2.9921670 -0.1181170
vt 2.8639180 -0.2226940
vt 3.0136040 -0.1091480
vt 3.0282970 -0.1030650
vt 2.9887930 -0.1534940
vt 2.9699020 -0.1638810
vt 3.0047590 -0.1447510
vt 2.9884040 -0.1930090
vt 2.8906840 -0.2662380
vt 2.8528040 -0.2285720
vt 3.0249150 -0.1330320
vt 3.0386920 -0.1250840
vt 3.0057670 -0.1801940
vt 3.0204380 -0.1694350
vt 3.0104210 -0.2193300
vt 2.9235650 -0.3054520
vt 2.9145650 -0.3144360
vt 2.8804820 -0.2737840
vt 2.8804820 -0.2737840
vt 3.0389290 -0.1551670
vt 3.0515630 -0.1454910
vt 3.0258830 -0.2043330
vt 3.0389400 -0.1917650
vt 3.0355870 -0.2423090
vt 2.9617260 -0.3392830
vt 2.9145650 -0.3144360
vt 3.0554280 -0.1751910
vt 3.0666740 -0.1639510
vt 3.0488040 -0.2254470
vt 3.0600000 -0.2113360
vt 3.0041020 -0.3667130
vt 3.0633490 -0.2615290
vt 2.9541790 -0.3495100
vt 2.9982080 -0.3778340
vt 2.9541790 -0.3495100
vt 3.0741580 -0.1927420
vt 3.0838510 -0.1801310
vt 3.0740590 -0.2431880
vt 3.0831780 -0.2278390
vt 3.0493970 -0.3871340
vt 2.9982080 -0.3778340
vt 3.0930940 -0.2766850
vt 3.0947490 -0.2075410
vt 3.1026830 -0.1937750
vt 3.1011630 -0.2572660
vt 3.1080650 -0.2409650
vt 3.0961090 -0.4002020
vt 3.0939400 -0.4119710
vt 3.0453210 -0.3988180
vt 3.0453210 -0.3988180
vt 3.1241780 -0.2877050
vt 3.1168560 -0.2193110
vt 3.1229110 -0.2046260
vt 3.1295440 -0.2675290
vt 3.1341600 -0.2505170
vt 3.1425190 -0.4061360
vt 3.0939400 -0.4119710
vt 3.1559920 -0.2947990
vt 3.1400810 -0.2278780
vt 3.1441770 -0.2125230
vt 3.1586950 -0.2739930
vt 3.1610280 -0.2563020
vt 3.1871380 -0.4158430
vt 3.1420830 -0.4172610
vt 3.1420830 -0.4172610
vt 3.1640480 -0.2330650
vt 3.1661410 -0.2173050
vt 3.1871380 -0.4158430
vt 3.1417430 -0.4340230
vt 3.1875140 -0.4293460
vt 3.0908270 -0.4297810
vt 3.0392670 -0.4164870
vt 3.0939400 -0.4119710
vt 3.0453210 -0.3988180
vt 2.9893880 -0.3946480
vt 2.9428230 -0.3649580
vt 2.9982080 -0.3778340
vt 2.9541790 -0.3495100
vt 2.9009850 -0.3280180
vt 2.8650670 -0.2851570
vt 2.9145650 -0.3144360
vt 2.8804820 -0.2737840
vt 2.8360130 -0.2374030
vt 2.8146090 -0.1863710
vt 2.8528040 -0.2285720
vt 2.8322390 -0.1802740
vt 3.1417430 -0.4340230
vt 3.0908270 -0.4297810
vt 3.1420830 -0.4172610
vt 3.0939400 -0.4119710
vt 3.0392670 -0.4164870
vt 2.9893880 -0.3946480
vt 3.0453210 -0.3988180
vt 2.9982080 -0.3778340
vt 2.9428230 -0.3649580
vt 2.9009850 -0.3280180
vt 2.9541790 -0.3495100
vt 2.9145650 -0.3144360
vt 2.8650670 -0.2851570
vt 2.8360130 -0.2374030
vt 2.8804820 -0.2737840
vt 2.8528040 -0.2285720
vt 2.9992090 1.1203194
vt 3.0149930 1.1182446
vt 3.0127680 1.0937499
vt 2.9967830 1.0937499
vt 2.9761420 1.1233786
vt 3.0200240 1.1423219
vt 3.0046780 1.1464361
vt 2.9822850 1.1525024
vt 3.0130590 1.1716475
vt 3.0277480 1.1655645
vt 2.9916390 1.1806166
vt 2.9646380 1.1569655
vt 2.9746780 1.1872091
vt 3.0380540 1.1875838
vt 3.0242890 1.1955317
vt 3.0041470 1.2072510
vt 2.9881890 1.2159648
vt 2.9579780 1.1257778
vt 2.9439240 1.1622415
vt 2.9546980 1.1950388
vt 2.9693210 1.2263354
vt 2.9731880 1.0937499
vt 3.0382520 1.2176671
vt 3.0508730 1.2079905
vt 2.9544560 1.0941559
vt 2.9367850 1.1285889
vt 2.8306210 1.1906806
vt 2.8434530 1.2386395
vt 2.8633910 1.2850896
vt 2.9877620 1.2554537
vt 3.0659740 1.2264510
vt 2.9326610 1.0946401
vt 2.8243010 1.0969381
vt 2.8247070 1.1429183
vt 2.8188470 1.1929209
vt 2.8188470 1.1929209
vt 2.8522940 1.2909682
vt 2.8522940 1.2909682
vt 2.8900840 1.3285537
vt 3.0051100 1.2426624
vt 2.8148550 1.0969579
vt 2.8135600 1.1434287
vt 2.8135600 1.1434287
vt 2.8010440 1.1961395
vt 2.8317930 1.2427433
vt 2.8798880 1.3360735
vt 3.0197730 1.2319349
vt 2.8012770 1.0965987
vt 2.8148550 1.0969579
vt 2.7967780 1.1438833
vt 2.7967780 1.1438833
vt 3.0382420 1.2542646
vt 3.0251880 1.2668116
vt 2.8015650 -0.0341300
vt 2.8012770 1.0965987
vt 3.0547270 1.2376913
vt 3.0592830 1.2738360
vt 3.0480780 1.2879351
vt 3.0097370 1.2817800
vt 3.0348540 1.3047673
vt 3.0734570 1.2552421
vt 3.0831560 1.2426312
vt 3.0824350 1.2903394
vt 3.0733020 1.3056754
vt 3.0625620 1.3239888
vt 2.9228940 1.3677438
vt 2.9609970 1.4015396
vt 3.0032660 1.4289719
vt 3.1019710 1.2562749
vt 3.0940240 1.2700413
vt 3.1072690 1.3034647
vt 3.1003460 1.3197455
vt 3.0922540 1.3391440
vt 2.9138950 1.3767166
vt 2.9138950 1.3767166
vt 2.9534550 1.4117345
vt 2.9534550 1.4117345
vt 2.9973720 1.4400554
vt 3.0484240 1.4494473
vt 2.9973720 1.4400554
vt 2.8798880 1.3360735
vt 3.1160810 1.2818115
vt 3.1221520 1.2671258
vt 3.0950080 1.4626578
vt 3.0443360 1.4610887
vt 3.0928000 1.4744020
vt 3.0443360 1.4610887
vt 2.9534550 1.4117345
vt 2.9885500 1.4568083
vt 3.1433450 1.2750230
vt 3.1392460 1.2903775
vt 3.1333030 1.3130169
vt 2.9421030 1.4271327
vt 3.1631610 1.2955648
vt 3.1652540 1.2798052
vt 3.1601200 1.3188015
vt 3.1286670 1.3300087
vt 3.1577660 1.3364856
vt 3.1232750 1.3501780
vt 3.1550440 1.3573003
vt 3.1413200 1.4687984
vt 3.0928000 1.4744020
vt 3.1408290 1.4799209
vt 3.1408290 1.4799209
vt 3.1404030 1.4966753
vt 3.1863380 1.4923506
vt 3.1859620 1.4787934
vt 2.8522940 1.2909682
vt 2.8317930 1.2427433
vt 2.8355310 1.2997962
vt 2.8141730 1.2488481
vt 2.9138950 1.3767166
vt 2.8798880 1.3360735
vt 2.9003330 1.3902770
vt 2.8644900 1.3474121
vt 3.0928000 1.4744020
vt 3.0443360 1.4610887
vt 3.0896130 1.4921653
vt 3.0382560 1.4786894
vt 3.1408290 1.4799209
vt 3.0928000 1.4744020
vt 3.1404030 1.4966753
vt 3.0896130 1.4921653
vt 3.0443360 1.4610887
vt 2.9973720 1.4400554
vt 3.0382560 1.4786894
vt 2.9885500 1.4568083
vt 2.9534550 1.4117345
vt 2.9138950 1.3767166
vt 2.9421030 1.4271327
vt 2.9003330 1.3902770
vt 2.8798880 1.3360735
vt 2.8522940 1.2909682
vt 2.8644900 1.3474121
vt 2.8355310 1.2997962
vt 2.8317930 1.2427433
vt 2.8188470 1.1929209
vt 2.8141730 1.2488481
vt 2.8010440 1.1961395
vt 7.1041390 -1.2530770
vt 7.2093250 -1.3137660
vt 7.0970840 -1.2866830
vt 7.2151360 -1.2661410
vt 7.0833550 -1.2505340
vt 7.0769070 -1.2817130
vt 7.0656760 -1.2483790
vt 7.0861530 -1.3194280
vt 7.0666870 -1.3119240
vt 7.0598920 -1.2775030
vt 7.0424390 -1.2453190
vt 7.1764160 -1.4077270
vt 7.0711510 -1.3506690
vt 7.1964340 -1.3615520
vt 7.2262130 -1.2665500
vt 7.0526890 -1.3406430
vt 7.0503390 -1.3056170
vt 7.0372520 -1.2714360
vt 7.0521710 -1.3797650
vt 7.2210470 -1.3159110
vt 7.2210470 -1.3159110
vt 7.2262130 -1.2665500
vt 7.0266800 -1.2432450
vt 7.0350680 -1.3673370
vt 7.0372140 -1.3322510
vt 7.0286860 -1.2966480
vt 7.0218980 -1.2673220
vt 7.2080210 -1.3655740
vt 7.2262130 -1.2665500
vt 7.2387750 -1.3189940
vt 7.2247440 -1.2203110
vt 7.2429020 -1.2668610
vt 7.0207100 -1.3569350
vt 7.0169160 -1.3205320
vt 7.0031500 -1.3125840
vt 7.0140000 -1.2905650
vt 7.2080210 -1.3655740
vt 7.1874070 -1.4134600
vt 7.2429020 -1.2668610
vt 7.2381960 -1.2199490
vt 7.0021170 -1.3426670
vt 7.0141030 -1.3915140
vt 7.0011390 -1.3792650
vt 6.9895060 -1.3329910
vt 7.1874070 -1.4134600
vt 7.1497760 -1.4508890
vt 6.9845660 -1.3626910
vt 6.9733260 -1.3514510
vt 6.9901140 -1.4127230
vt 6.9788090 -1.3988360
vt 7.0295060 -1.4061470
vt 7.0035250 -1.4292860
vt 7.1598990 -1.4581620
vt 7.1261530 -1.4986260
vt 7.1171430 -1.4899690
vt 7.1598990 -1.4581620
vt 6.9645420 -1.3802420
vt 6.9548650 -1.3676310
vt 6.9747450 -1.4487760
vt 6.9635630 -1.4305920
vt 6.9541250 -1.4153390
vt 7.0373870 -1.5524150
vt 7.0793400 -1.5240630
vt 7.1261530 -1.4986260
vt 6.9424070 -1.3950410
vt 6.9344580 -1.3812750
vt 6.9437520 -1.4643450
vt 6.9349420 -1.4448440
vt 6.9274910 -1.4284650
vt 7.0435990 -1.5631080
vt 6.9923720 -1.5745730
vt 7.0435990 -1.5631080
vt 7.0870270 -1.5338720
vt 7.0870270 -1.5338720
vt 6.9185220 -1.4068110
vt 6.9124390 -1.3921260
vt 6.9454780 -1.5903100
vt 6.9111640 -1.4758940
vt 6.9048080 -1.4553370
vt 6.8993770 -1.4380170
vt 6.9970160 -1.5858940
vt 7.0870270 -1.5338720
vt 7.0529010 -1.5792180
vt 6.8933110 -1.4153780
vt 6.8891960 -1.4000230
vt 6.8775310 -1.4834950
vt 6.9484870 -1.6019300
vt 6.8980000 -1.5997180
vt 6.9484870 -1.6019300
vt 6.8736220 -1.4620210
vt 6.8702530 -1.4438010
vt 7.0985640 -1.5486520
vt 6.8671940 -1.4205650
vt 6.8651190 -1.4048050
vt 6.8513010 -1.6036520
vt 6.8433710 -1.4875580
vt 6.8993810 -1.6111760
vt 6.8514790 -1.6141420
vt 6.8993810 -1.6111760
vt 6.9970160 -1.5858940
vt 6.8418570 -1.4650200
vt 6.8406240 -1.4457520
vt 6.8406240 -1.4223140
vt 6.8406240 -1.4064180
vt 6.8513010 -1.6036520
vt 6.6253330 -1.4873160
vt 6.6268730 -1.4649060
vt 6.6281240 -1.4457520
vt 6.6281240 -1.4223140
vt 6.6281240 -1.4064180
vt 6.8514790 -1.6141420
vt 6.6169830 -1.6028210
vt 6.5913230 -1.4831620
vt 6.5951880 -1.4618680
vt 6.5984950 -1.4438020
vt 6.6015550 -1.4205650
vt 6.6036300 -1.4048050
vt 6.6167200 -1.6132870
vt 6.6167280 -1.6284560
vt 6.8517550 -1.6293300
vt 6.6167200 -1.6132870
vt 6.5707300 -1.5983270
vt 6.5239950 -1.5885330
vt 6.5578900 -1.4755210
vt 6.5640950 -1.4551760
vt 6.5693720 -1.4380170
vt 6.5795530 -1.4000230
vt 6.5754380 -1.4153780
vt 6.5692320 -1.6096440
vt 6.5692320 -1.6096440
vt 6.5209330 -1.5999290
vt 6.5209330 -1.5999290
vt 6.4780920 -1.5727180
vt 6.5255360 -1.4640010
vt 6.5340560 -1.4447000
vt 6.5412580 -1.4284650
vt 6.5502270 -1.4068110
vt 6.5563100 -1.3921260
vt 6.4734890 -1.5837580
vt 6.4734890 -1.5837580
vt 6.4281610 -1.5613250
vt 6.4342000 -1.5509200
vt 6.4948130 -1.4485580
vt 6.5055710 -1.4305000
vt 6.5146240 -1.4153390
vt 6.5263430 -1.3950410
vt 6.5342900 -1.3812750
vt 6.4281610 -1.5613250
vt 6.3933280 -1.5234550
vt 6.4662840 -1.4293200
vt 6.4791410 -1.4127420
vt 6.4899390 -1.3988360
vt 6.5042070 -1.3802420
vt 6.5138840 -1.3676310
vt 6.3859570 -1.5330200
vt 6.3859570 -1.5330200
vt 6.3477630 -1.4993060
vt 6.3563370 -1.4907860
vt 6.4404620 -1.4065770
vt 6.4552290 -1.3917230
vt 6.4676090 -1.3792650
vt 6.4841830 -1.3626910
vt 6.4954230 -1.3514510
vt 6.3348530 -1.5120940
vt 6.3477630 -1.4993060
vt 6.3748840 -1.5473980
vt 6.3477630 -1.4993060
vt 6.3240700 -1.4535730
vt 6.4178130 -1.3807150
vt 6.4342560 -1.3678010
vt 6.4480380 -1.3569350
vt 6.4666320 -1.3426670
vt 6.4792430 -1.3329910
vt 6.3144760 -1.4608290
vt 6.3144760 -1.4608290
vt 6.2868260 -1.4185810
vt 6.2971960 -1.4127140
vt 6.3987050 -1.3522160
vt 6.4165640 -1.3413880
vt 6.4315350 -1.3322510
vt 6.4518330 -1.3205320
vt 6.4655990 -1.3125840
vt 6.2712280 -1.4273580
vt 6.2868260 -1.4185810
vt 6.3000240 -1.4717230
vt 6.2868260 -1.4185810
vt 6.2761010 -1.3692650
vt 6.3834030 -1.3215930
vt 6.4024310 -1.3129440
vt 6.4184100 -1.3056170
vt 6.4400630 -1.2966480
vt 6.4547490 -1.2905650
vt 6.2652320 -1.3736990
vt 6.2652320 -1.3736990
vt 6.2497590 -1.3273420
vt 6.2608400 -1.3243460
vt 6.3719870 -1.2893960
vt 6.3919940 -1.2829730
vt 6.4088580 -1.2775030
vt 6.4314970 -1.2714360
vt 6.4468520 -1.2673220
vt 6.2497590 -1.3273420
vt 6.2511450 -1.2790210
vt 6.3643850 -1.2561110
vt 6.3853160 -1.2519270
vt 6.4030730 -1.2483790
vt 6.4263100 -1.2453190
vt 6.4420690 -1.2432450
vt 6.2401730 -1.2806660
vt 6.2401730 -1.2806660
vt 6.2462230 -1.2342730
vt 6.3602280 -1.2220920
vt 6.3822400 -1.2201750
vt 6.4011220 -1.2187500
vt 6.4245610 -1.2187500
vt 6.4404560 -1.2187500
vt 6.2357650 -1.2348510
vt 6.2322000 -1.1129060
vt 6.2423900 -1.1091270
vt 6.3580310 -1.0679160
vt 6.3813270 -1.0551840
vt 6.4011220 -1.0395020
vt 6.4245610 -1.0160640
vt 6.4404560 -1.0001680
vt 6.2205270 -1.2353810
vt 6.2196470 -1.1071410
vt 6.2322000 -1.1129060
vt 7.2387750 -1.3189940
vt 7.2255320 -1.3715500
vt 7.2210470 -1.3159110
vt 7.2080210 -1.3655740
vt 7.2040010 -1.4220770
vt 7.1751600 -1.4691220
vt 7.1874070 -1.4134600
vt 7.1598990 -1.4581620
vt 7.1397200 -1.5116670
vt 7.0985640 -1.5486520
vt 7.1261530 -1.4986260
vt 7.0870270 -1.5338720
vt 7.0529010 -1.5792180
vt 7.0039330 -1.6029460
vt 7.0435990 -1.5631080
vt 6.9970160 -1.5858940
vt 6.9529060 -1.6194180
vt 6.9012750 -1.6283750
vt 6.9484870 -1.6019300
vt 6.8993810 -1.6111760
vt 6.9012750 -1.6283750
vt 6.8517550 -1.6293300
vt 6.8993810 -1.6111760
vt 6.8514790 -1.6141420
vt 7.0039330 -1.6029460
vt 6.9529060 -1.6194180
vt 6.9970160 -1.5858940
vt 6.9484870 -1.6019300
vt 7.1751600 -1.4691220
vt 7.1397200 -1.5116670
vt 7.1598990 -1.4581620
vt 7.1261530 -1.4986260
vt 7.2255320 -1.3715500
vt 7.2040010 -1.4220770
vt 7.2080210 -1.3655740
vt 7.1874070 -1.4134600
vt 6.3367990 -1.2145630
vt 6.1160610 -1.2157590
vt 6.3310930 -1.2027630
vt 6.1160430 -1.2012570
vt 6.1163060 -1.1912410
vt 6.3344990 -1.1929720
vt 6.1160430 -1.2012570
vt 6.0714680 -1.1874490
vt 6.0915670 -1.0757580
vt 6.1253600 -1.0798840
vt 6.3723110 -1.0813590
vt 6.0701520 -1.1984110
vt 6.0229610 -1.1897180
vt 6.0257840 -1.1785640
vt 6.0701520 -1.1984110
vt 6.0583580 -1.0682730
vt 6.0953090 -1.0550820
vt 6.1269130 -1.0581430
vt 6.3851590 -1.0588310
vt 5.9805870 -1.1637340
vt 6.0261880 -1.0569860
vt 6.0229610 -1.1897180
vt 6.0643160 -1.0484560
vt 6.0984950 -1.0375520
vt 6.1281240 -1.0395020
vt 6.4011220 -1.0395020
vt 5.9313230 -1.1532150
vt 5.9371300 -1.1428920
vt 5.9762330 -1.1746230
vt 5.9762330 -1.1746230
vt 5.9956000 -1.0418080
vt 6.0343610 -1.0380850
vt 6.0693720 -1.0317670
vt 6.1015550 -1.0143150
vt 6.1281240 -1.0160640
vt 6.4245610 -1.0160640
vt 5.9313230 -1.1532150
vt 5.8965180 -1.1163310
vt 5.9671560 -1.0228490
vt 6.0059400 -1.0240150
vt 6.0412580 -1.0222150
vt 6.0754380 -1.0091280
vt 6.1281240 -1.0001680
vt 6.0795530 -0.9937730
vt 6.1036300 -0.9985550
vt 6.4404560 -1.0001680
vt 5.8893740 -1.1258370
vt 5.8513880 -1.0930730
vt 5.8597140 -1.0845990
vt 5.8893740 -1.1258370
vt 6.0146240 -1.0090890
vt 6.0502270 -1.0005610
vt 6.0563100 -0.9858760
vt 5.8786280 -1.1401250
vt 5.8388530 -1.1057870
vt 5.8513880 -1.0930730
vt 5.8274960 -1.0484560
vt 5.9186880 -0.9748180
vt 5.9413650 -1.0003910
vt 5.8513880 -1.0930730
vt 6.0263430 -0.9887910
vt 6.0342900 -0.9750250
vt 5.7903760 -1.0148000
vt 5.8003880 -1.0088310
vt 5.8182000 -1.0557160
vt 5.8182000 -1.0557160
vt 5.9556540 -0.9855080
vt 5.9795550 -1.0063920
vt 5.9899390 -0.9925860
vt 6.0042070 -0.9739920
vt 6.0138840 -0.9613810
vt 5.7753170 -1.0237120
vt 5.7903760 -1.0148000
vt 5.8042060 -1.0666060
vt 5.9346650 -0.9617200
vt 5.9676090 -0.9730150
vt 5.9841830 -0.9564410
vt 5.9954230 -0.9452010
vt 5.8994650 -0.9466180
vt 5.9480380 -0.9506850
vt 5.9169140 -0.9354460
vt 5.9666320 -0.9364170
vt 5.9792440 -0.9267410
vt 5.8839380 -0.9162760
vt 5.7786130 -0.9667190
vt 5.7903760 -1.0148000
vt 5.9315350 -0.9260010
vt 5.9026770 -0.9071250
vt 5.9518330 -0.9142820
vt 5.9655990 -0.9063340
vt 5.8721790 -0.8842770
vt 5.7620610 -0.9230690
vt 5.7513040 -0.9265060
vt 5.7681140 -0.9714040
vt 5.7681140 -0.9714040
vt 5.9184100 -0.8993670
vt 5.8920770 -0.8772380
vt 5.9400630 -0.8903980
vt 5.9547490 -0.8843150
vt 5.8641280 -0.8510070
vt 5.7504010 -0.8786610
vt 5.7513040 -0.9265060
vt 5.9088580 -0.8712520
vt 5.8851860 -0.8461820
vt 5.9314970 -0.8651860
vt 5.9468520 -0.8610720
vt 5.8595030 -0.8166720
vt 5.7429960 -0.8340590
vt 5.7395720 -0.8809740
vt 5.7395720 -0.8809740
vt 5.9030730 -0.8421290
vt 5.8818690 -0.8142120
vt 5.9263100 -0.8390690
vt 5.9420690 -0.8369950
vt 5.8805210 -0.7111110
vt 5.8557040 -0.7240870
vt 5.7371830 -0.7750800
vt 5.7266200 -0.7797750
vt 5.7321690 -0.8354250
vt 5.9011230 -0.8125000
vt 5.9011230 -0.6957520
vt 5.9404560 -0.8125000
vt 5.9245610 -0.8125000
vt 5.9245610 -0.6723140
vt 5.9404560 -0.6564180
vt 5.6166720 -0.8726800
vt 5.8316110 -0.8588720
vt 5.8373600 -0.8706460
vt 5.6165800 -0.8581680
vt 5.6167890 -0.8481360
vt 5.8349720 -0.8490810
vt 5.5717720 -0.8447020
vt 5.5915930 -0.7322660
vt 5.6254650 -0.7363090
vt 5.6165800 -0.8581680
vt 5.8724020 -0.7375310
vt 5.5229270 -0.8474030
vt 5.5256910 -0.8361140
vt 5.5705490 -0.8557410
vt 5.5705490 -0.8557410
vt 5.5582710 -0.7248310
vt 5.5953140 -0.7114530
vt 5.6269610 -0.7144720
vt 5.8851960 -0.7150420
vt 5.4799130 -0.8214080
vt 5.5259500 -0.7135450
vt 5.5229270 -0.8474030
vt 5.5642690 -0.7048510
vt 5.5984950 -0.6938020
vt 5.6281240 -0.6957520
vt 5.9011230 -0.6957520
vt 5.4357520 -0.8004480
vt 5.4298750 -0.8109650
vt 5.4755660 -0.8324750
vt 5.4755660 -0.8324750
vt 5.4951900 -0.6983050
vt 5.5342510 -0.6944780
vt 5.5693720 -0.6880170
vt 5.6015550 -0.6705650
vt 5.6281240 -0.6723140
vt 5.9245610 -0.6723140
vt 5.4298750 -0.8109650
vt 5.3944170 -0.7734560
vt 5.4665830 -0.6792060
vt 5.5057470 -0.6803710
vt 5.5412580 -0.6784650
vt 5.5754380 -0.6653780
vt 5.6281240 -0.6564180
vt 5.5795530 -0.6500230
vt 5.6036300 -0.6548050
vt 5.9404560 -0.6564180
vt 5.3871200 -0.7831420
vt 5.3484180 -0.7495830
vt 5.3569790 -0.7409680
vt 5.3871200 -0.7831420
vt 5.5146240 -0.6653390
vt 5.5502270 -0.6568110
vt 5.5563100 -0.6421260
vt 5.3243330 -0.7037340
vt 5.4179310 -0.6306810
vt 5.4406680 -0.6565330
vt 5.3484180 -0.7495830
vt 5.4792790 -0.6626800
vt 5.4899390 -0.6488360
vt 5.5263430 -0.6450410
vt 5.5342900 -0.6312750
vt 5.4553280 -0.6417010
vt 5.3147130 -0.7110670
vt 5.4676090 -0.6292650
vt 5.5042070 -0.6302420
vt 5.5138840 -0.6176310
vt 5.4343150 -0.6177840
vt 5.2710310 -0.6774790
vt 5.2867350 -0.6686030
vt 5.3002180 -0.7220960
vt 5.4480380 -0.6069350
vt 5.4841830 -0.6126910
vt 5.4954230 -0.6014510
vt 5.4165910 -0.5913530
vt 5.3987550 -0.6021470
vt 5.2971630 -0.6626760
vt 5.4315350 -0.5822510
vt 5.4666320 -0.5926670
vt 5.4792440 -0.5829910
vt 5.3834170 -0.5714590
vt 5.4024380 -0.5628760
vt 5.2759110 -0.6188770
vt 5.2867350 -0.6686030
vt 5.2867350 -0.6686030
vt 5.3147130 -0.7110670
vt 5.4184100 -0.5556170
vt 5.4518330 -0.5705320
vt 5.4655990 -0.5625840
vt 5.2606870 -0.5735000
vt 5.3720090 -0.5391910
vt 5.3920080 -0.5328740
vt 5.2494840 -0.5764480
vt 5.2649470 -0.6233300
vt 5.2649470 -0.6233300
vt 5.4088580 -0.5275030
vt 5.4400630 -0.5466480
vt 5.4547490 -0.5405650
vt 5.2494840 -0.5764480
vt 5.2513140 -0.5276970
vt 5.3644510 -0.5058590
vt 5.3853500 -0.5018190
vt 5.4030730 -0.4983790
vt 5.4314970 -0.5214360
vt 5.4468520 -0.5173220
vt 5.2402600 -0.5291860
vt 5.2366610 -0.4830640
vt 5.2469800 -0.4826750
vt 5.3603340 -0.4718660
vt 5.3823090 -0.4700940
vt 5.4011230 -0.4687500
vt 5.4263100 -0.4953200
vt 5.4420690 -0.4932450
vt 5.2366610 -0.4830640
vt 5.2445220 -0.3258410
vt 5.3586290 -0.2867510
vt 5.3815580 -0.2740280
vt 5.4011230 -0.2582520
vt 5.4245610 -0.4687500
vt 5.4245610 -0.2348140
vt 5.4404560 -0.4687500
vt 5.2216800 -0.4832690
vt 5.2344660 -0.3294040
vt 5.2344660 -0.3294040
vt 5.4404560 -0.2189180
vt 5.2222640 -0.3235750
vt 6.6167280 -1.6284560
vt 6.5671330 -1.6266330
vt 6.6167200 -1.6132870
vt 6.5692320 -1.6096440
vt 6.5163980 -1.6170680
vt 6.4666090 -1.6003600
vt 6.5209330 -1.5999290
vt 6.4734890 -1.5837580
vt 6.4191020 -1.5769700
vt 6.3748840 -1.5473980
vt 6.4281610 -1.5613250
vt 6.3859570 -1.5330200
vt 6.3348530 -1.5120940
vt 6.3000240 -1.4717230
vt 6.3477630 -1.4993060
vt 6.3144760 -1.4608290
vt 6.2712280 -1.4273580
vt 6.2489060 -1.3802680
vt 6.2868260 -1.4185810
vt 6.2652320 -1.3736990
vt 6.2331400 -1.3317280
vt 6.2237760 -1.2829790
vt 6.2497590 -1.3273420
vt 6.2401730 -1.2806660
vt 6.2237760 -1.2829790
vt 6.2205270 -1.2353810
vt 6.2357650 -1.2348510
vt 6.1160610 -1.2157590
vt 6.0683710 -1.2148740
vt 6.1160430 -1.2012570
vt 6.0701520 -1.1984110
vt 6.0188160 -1.2065130
vt 5.9697420 -1.1910200
vt 6.0229610 -1.1897180
vt 5.9762330 -1.1746230
vt 5.9226160 -1.1687450
vt 5.8786280 -1.1401250
vt 5.9313230 -1.1532150
vt 5.8893740 -1.1258370
vt 5.8388530 -1.1057870
vt 5.8042060 -1.0666060
vt 5.8513880 -1.0930730
vt 5.8182000 -1.0557160
vt 5.7753170 -1.0237120
vt 5.7523690 -0.9783370
vt 5.7903760 -1.0148000
vt 5.7681140 -0.9714040
vt 5.7352140 -0.9315550
vt 5.7234540 -0.8843340
vt 5.7513040 -0.9265060
vt 5.7395720 -0.8809740
vt 5.7234540 -0.8843340
vt 5.7162710 -0.8373860
vt 5.7321690 -0.8354250
vt 5.6166720 -0.8726800
vt 5.5689130 -0.8723080
vt 5.6165800 -0.8581680
vt 5.5705490 -0.8557410
vt 5.5188880 -0.8644020
vt 5.4690990 -0.8491440
vt 5.5229270 -0.8474030
vt 5.4755660 -0.8324750
vt 5.4210700 -0.8268010
vt 5.3761450 -0.7977200
vt 5.4298750 -0.8109650
vt 5.3871200 -0.7831420
vt 5.3355220 -0.7625340
vt 5.3002180 -0.7220960
vt 5.3484180 -0.7495830
vt 5.3147130 -0.7110670
vt 5.2710310 -0.6774790
vt 5.2484590 -0.6299390
vt 5.2867350 -0.6686030
vt 5.2649470 -0.6233300
vt 5.2326540 -0.5807640
vt 5.2236990 -0.5312480
vt 5.2494840 -0.5764480
vt 5.2402600 -0.5291860
vt 5.2236990 -0.5312480
vt 5.2216800 -0.4832690
vt 5.2366610 -0.4830640
vt 6.2489060 -1.3802680
vt 6.2331400 -1.3317280
vt 6.2652320 -1.3736990
vt 6.2497590 -1.3273420
vt 6.4666090 -1.6003600
vt 6.4191020 -1.5769700
vt 6.4734890 -1.5837580
vt 6.4281610 -1.5613250
vt 6.5671330 -1.6266330
vt 6.5163980 -1.6170680
vt 6.5692320 -1.6096440
vt 6.5209330 -1.5999290
vt 5.7523690 -0.9783370
vt 5.7352140 -0.9315550
vt 5.7681140 -0.9714040
vt 5.7513040 -0.9265060
vt 5.9697420 -1.1910200
vt 5.9226160 -1.1687450
vt 5.9762330 -1.1746230
vt 5.9313230 -1.1532150
vt 6.0683710 -1.2148740
vt 6.0188160 -1.2065130
vt 6.0701520 -1.1984110
vt 6.0229610 -1.1897180
vt 5.7162710 -0.8373860
vt 5.7128490 -0.7745220
vt 5.7321690 -0.8354250
vt 5.7266200 -0.7797750
vt 5.2484590 -0.6299390
vt 5.2326540 -0.5807640
vt 5.2649470 -0.6233300
vt 5.2494840 -0.5764480
vt 5.3761450 -0.7977200
vt 5.3355220 -0.7625340
vt 5.3871200 -0.7831420
vt 5.3484180 -0.7495830
vt 5.4690990 -0.8491440
vt 5.4210700 -0.8268010
vt 5.4755660 -0.8324750
vt 5.4298750 -0.8109650
vt 5.5689130 -0.8723080
vt 5.5188880 -0.8644020
vt 5.5705490 -0.8557410
vt 5.5229270 -0.8474030
vt 7.0289860 1.3073925
vt 7.0216870 1.2802433
vt 7.0124120 1.2908183
vt 7.0402820 1.2945117
vt 7.0157360 1.2606002
vt 7.0090760 1.2705668
vt 7.0295010 1.2685478
vt 7.0011730 1.2795790
vt 7.0018370 1.3000931
vt 7.0498000 1.2802672
vt 7.0521180 1.3044513
vt 7.0210370 1.2498492
vt 7.0357220 1.2559322
vt 6.9921600 1.2874824
vt 7.0573770 1.2649020
vt 7.0628280 1.2888247
vt 7.0248900 1.2384986
vt 7.0402430 1.2426127
vt 7.0628840 1.2486793
vt 7.0714900 1.2719516
vt 7.0787950 1.2992250
vt 7.0272290 1.2267421
vt 7.0429880 1.2288169
vt 7.0662260 1.2318763
vt 7.0779970 1.2541041
vt 7.0887200 1.2805004
vt 7.1770090 1.3627747
vt 7.0281530 1.2147812
vt 7.0440480 1.2147812
vt 7.0676280 1.2147812
vt 7.0823320 1.2355378
vt 7.0963670 1.2606664
vt 7.1935270 1.3321842
vt 7.0281530 1.1604164
vt 7.0440480 1.1604164
vt 7.0676280 1.1604164
vt 7.0847000 1.2164693
vt 7.1017310 1.2399951
vt 7.2059940 1.3000288
vt 7.2050350 1.3375113
vt 7.0676280 1.1187500
vt 7.0861260 1.1612887
vt 7.1050310 1.2187464
vt 7.2186850 1.2340574
vt 7.2143020 1.2670341
vt 7.2179710 1.3037944
vt 7.0864630 1.1188992
vt 7.1077590 1.1623245
vt 7.2193570 1.1674677
vt 7.2303520 1.2345903
vt 7.2263900 1.2691308
vt 7.1083300 1.1190664
vt 7.2159660 1.1196693
vt 7.2301540 1.1670460
vt 7.2253210 1.1196598
vt 7.2460210 1.1661055
vt 7.2253210 1.1196598
vt 7.2303520 1.2345903
vt 7.2477460 1.2355200
vt 7.2263900 1.2691308
vt 7.2449170 1.2722601
vt 7.2363960 1.3094718
vt 7.2179710 1.3037944
vt 7.2227210 1.3456155
vt 7.2050350 1.3375113
vt 5.6640550 2.4205650
vt 5.6379380 2.4153770
vt 5.6609950 2.4438010
vt 5.6420520 2.4000230
vt 5.6661300 2.4048050
vt 5.6906240 2.4457520
vt 5.6906240 2.4223140
vt 5.6906240 2.4064180
vt 5.6127270 2.4068110
vt 5.6188100 2.3921260
vt 5.6898260 2.4646300
vt 5.5888420 2.3950410
vt 5.6037580 2.4284650
vt 5.5967900 2.3812750
vt 5.6318720 2.4380170
vt 5.6582100 2.4616140
vt 5.6888500 2.4866190
vt 5.5667070 2.3802420
vt 5.5771240 2.4153390
vt 5.5969240 2.4447270
vt 5.6270690 2.4550580
vt 5.5763840 2.3676310
vt 5.6549580 2.4825980
vt 5.5466830 2.3626910
vt 5.5524390 2.3988360
vt 5.5579230 2.3514510
vt 5.5682720 2.4306240
vt 5.5888130 2.4640920
vt 5.6214330 2.4752820
vt 5.5909970 2.5878800
vt 5.6383020 2.5952450
vt 5.5301090 2.3792650
vt 5.5291320 2.3426670
vt 5.5416740 2.4128870
vt 5.5417430 2.3329900
vt 5.5577430 2.4488470
vt 5.4982770 2.5528810
vt 5.5437940 2.5737930
vt 5.5884860 2.5995030
vt 5.5884860 2.5995030
vt 5.6374830 2.6064140
vt 5.5105380 2.3569350
vt 5.5176190 2.3918130
vt 5.5288590 2.4296440
vt 5.5280990 2.3125840
vt 5.4557880 2.5254790
vt 5.4923360 2.5637150
vt 5.4923360 2.5637150
vt 5.5395180 2.5852240
vt 5.5395180 2.5852240
vt 5.4965550 2.3677600
vt 5.5027170 2.4067780
vt 5.4174590 2.4922000
vt 5.5025630 2.2966480
vt 5.5143330 2.3205320
vt 5.5172490 2.2905650
vt 5.4483220 2.5354250
vt 5.4483220 2.5354250
vt 5.4834280 2.5800620
vt 5.4798560 2.3806450
vt 5.3842860 2.4538550
vt 5.4086420 2.5009970
vt 5.4086420 2.5009970
vt 5.4940350 2.3322510
vt 5.5093510 2.2673220
vt 5.4370950 2.5504220
vt 5.3743510 2.4612850
vt 5.3462310 2.4173870
vt 5.3743510 2.4612850
vt 5.3570200 2.4114760
vt 5.4483220 2.5354250
vt 5.4788240 2.3411830
vt 5.4809100 2.3056170
vt 5.4939970 2.2714360
vt 5.5045690 2.2432440
vt 5.4888100 2.2453190
vt 5.3361980 2.3662050
vt 5.3462310 2.4173870
vt 5.4454610 2.3207670
vt 5.4606820 2.3517820
vt 5.4647250 2.3125540
vt 5.4713570 2.2775020
vt 5.5029560 2.2187500
vt 5.4655720 2.2483790
vt 5.4870610 2.2187500
vt 5.3248420 2.3704750
vt 5.4544090 2.2824280
vt 5.3221120 2.3193660
vt 5.4342820 2.2882260
vt 5.4870600 1.7973139
vt 5.5029560 1.7814176
vt 5.4478690 2.2513160
vt 5.4636220 2.2187500
vt 5.4636220 1.8207519
vt 5.3145960 2.2724800
vt 5.3105780 2.3219100
vt 5.3105780 2.3219100
vt 5.4269980 2.2547310
vt 5.4448850 2.2196820
vt 5.4446080 1.8367915
vt 5.3034890 2.2733830
vt 5.3124230 2.2270570
vt 5.3026610 2.2271280
vt 5.3034890 2.2733830
vt 5.4230430 2.2208440
vt 5.3248420 2.3704750
vt 5.4224900 1.8496416
vt 5.3036580 1.8893006
vt 5.3026610 2.2271280
vt 5.3132290 1.8860681
vt 5.3026610 2.2271280
vt 5.2867970 2.2744750
vt 5.3036580 1.8893006
vt 5.2885910 2.2268200
vt 5.2885910 2.2268200
vt 5.2899500 1.8798347
vt 5.3105780 2.3219100
vt 5.3034890 2.2733830
vt 5.2931890 2.3255940
vt 5.2867970 2.2744750
vt 5.3462310 2.4173870
vt 5.3248420 2.3704750
vt 5.3299570 2.4262360
vt 5.3077150 2.3768130
vt 5.4086420 2.5009970
vt 5.3743510 2.4612850
vt 5.3953540 2.5142510
vt 5.3593640 2.4724520
vt 5.5884860 2.5995030
vt 5.5395180 2.5852240
vt 5.5848460 2.6170460
vt 5.5331530 2.6024750
vt 5.3743510 2.4612850
vt 5.3462310 2.4173870
vt 5.3593640 2.4724520
vt 5.3299570 2.4262360
vt 5.3248420 2.3704750
vt 5.3105780 2.3219100
vt 5.3077150 2.3768130
vt 5.2931890 2.3255940
vt 5.6374830 2.6064140
vt 5.5884860 2.5995030
vt 5.6365190 2.6232160
vt 5.5848460 2.6170460
vt 5.5395180 2.5852240
vt 5.4923360 2.5637150
vt 5.5331530 2.6024750
vt 5.4834280 2.5800620
vt 5.4483220 2.5354250
vt 5.4086420 2.5009970
vt 5.4370950 2.5504220
vt 5.3953540 2.5142510
vt 4.8661370 1.6513267
vt 4.8637080 1.6052973
vt 4.8495710 1.6529608
vt 4.8491970 1.6052058
vt 4.8893980 1.7463045
vt 4.8744740 1.6989422
vt 4.8727290 1.7527704
vt 4.8574750 1.7029810
vt 4.9387350 1.8347533
vt 4.9109090 1.7919989
vt 4.9241580 1.8457289
vt 4.8950730 1.8008037
vt 5.0108080 1.9071577
vt 4.9722950 1.8734527
vt 4.9997800 1.9216528
vt 4.9593430 1.8863468
vt 5.0985490 1.9569271
vt 5.0532710 1.9351389
vt 5.0919400 1.9734178
vt 5.0443950 1.9508433
vt 5.1926940 1.9816117
vt 5.1454310 1.9723890
vt 5.1906350 1.9981706
vt 5.1411180 1.9892192
vt 4.8744740 1.6989422
vt 4.8661370 1.6513267
vt 4.8574750 1.7029810
vt 4.8495710 1.6529608
vt 4.9109090 1.7919989
vt 4.8893980 1.7463045
vt 4.8950730 1.8008037
vt 4.8727290 1.7527704
vt 4.9722950 1.8734527
vt 4.9387350 1.8347533
vt 4.9593430 1.8863468
vt 4.9241580 1.8457289
vt 5.0532710 1.9351389
vt 5.0108080 1.9071577
vt 5.0443950 1.9508433
vt 4.9997800 1.9216528
vt 5.1454310 1.9723890
vt 5.0985490 1.9569271
vt 5.1411180 1.9892192
vt 5.0919400 1.9734178
vt 5.2388090 1.9852057
vt 5.1926940 1.9816117
vt 5.2381890 2.0001740
vt 5.1906350 1.9981706
vt 4.8488770 1.3806235
vt 4.8491970 1.6052058
vt 4.8629940 1.3902724
vt 4.8637080 1.6052973
vt 4.8737410 1.6050861
vt 4.8629940 1.3902724
vt 4.8637080 1.6052973
vt 4.8771740 1.6501024
vt 4.9896080 1.6302822
vt 4.9855680 1.5964081
vt 4.8727950 1.3869032
vt 4.9843410 1.3494731
vt 4.8661370 1.6513267
vt 4.8661370 1.6513267
vt 4.8857620 1.6961803
vt 4.9970430 1.6636040
vt 5.0104220 1.6265590
vt 5.0074010 1.5949128
vt 5.0068320 1.3366784
vt 4.8744740 1.6989422
vt 4.8744740 1.6989422
vt 4.9004660 1.7419577
vt 5.0083300 1.6959233
vt 5.0170240 1.6576054
vt 5.0280720 1.6233785
vt 5.0261220 1.5937500
vt 5.0261220 1.3207517
vt 4.8893980 1.7463045
vt 4.8893980 1.7463045
vt 4.9214260 1.7861211
vt 5.0235710 1.7266829
vt 5.0273960 1.6876233
vt 5.0338570 1.6525023
vt 5.0513100 1.6203194
vt 5.0495610 1.5937500
vt 5.0495610 1.2973136
vt 4.9109090 1.7919989
vt 4.9109090 1.7919989
vt 4.9484210 1.8274550
vt 5.0426680 1.7552912
vt 5.0415030 1.7161267
vt 5.0434100 1.6806166
vt 5.0564970 1.6464362
vt 5.0654560 1.5937500
vt 5.0654570 1.2814176
vt 4.9387350 1.8347533
vt 4.9387350 1.8347533
vt 4.9809090 1.8648920
vt 5.0653430 1.7812071
vt 5.0591950 1.7425945
vt 5.0565350 1.7072508
vt 5.0650630 1.6716475
vt 5.0718510 1.6423218
vt 5.0670690 1.6182446
vt 4.9722950 1.8734527
vt 4.9722950 1.8734527
vt 5.0181420 1.8975391
vt 5.0911950 1.8039422
vt 5.0801740 1.7665460
vt 5.0730380 1.7319348
vt 5.0768330 1.6955318
vt 5.0797490 1.6655645
vt 5.0905990 1.6875837
vt 5.0108080 1.9071577
vt 5.0108080 1.9071577
vt 5.0592000 1.9247100
vt 5.1040910 1.7875583
vt 5.1197290 1.8231182
vt 5.0926090 1.7542646
vt 5.0916320 1.7176671
vt 5.1042430 1.7079906
vt 5.0532710 1.9351389
vt 5.0532710 1.9351389
vt 5.1030010 1.9459631
vt 5.1504160 1.8384569
vt 5.1149400 1.7738361
vt 5.1305220 1.8052833
vt 5.1091830 1.7376914
vt 5.1204220 1.7264512
vt 5.0985490 1.9569271
vt 5.0985490 1.9569271
vt 5.1483790 1.9611855
vt 5.1590000 1.8194356
vt 5.1826850 1.8498652
vt 5.1292070 1.7552421
vt 5.1396240 1.7903395
vt 5.1388840 1.7426312
vt 5.1454310 1.9723890
vt 5.1454310 1.9723890
vt 5.1941820 1.9705572
vt 5.2160150 1.8574212
vt 5.1662580 1.8034649
vt 5.1890010 1.8298669
vt 5.1513420 1.7700415
vt 5.1592900 1.7562749
vt 5.1926940 1.9816117
vt 5.2388090 1.9852057
vt 5.2391970 1.9748888
vt 5.1926940 1.9816117
vt 5.2200560 1.8365240
vt 5.2500080 1.8615394
vt 5.1752270 1.7818115
vt 5.1943720 1.8130169
vt 5.1813100 1.7671258
vt 5.2234950 1.8188014
vt 5.2517800 1.8395655
vt 5.2391970 1.9748888
vt 5.3960290 1.9773519
vt 5.4351200 1.8632455
vt 5.4478450 1.8403161
vt 5.2004380 1.7903776
vt 5.2045520 1.7750230
vt 5.2265550 1.7955649
vt 5.2531240 1.8207519
vt 5.4636220 1.8207519
vt 5.2388090 1.9852057
vt 5.3924640 1.9874108
vt 5.2286300 1.7798054
vt 5.2531240 1.7973139
vt 5.2531240 1.7814176
vt 5.4870600 1.7973139
vt 5.2381890 2.0001740
vt 5.4022750 2.0020770
vt 5.3924640 1.9874108
vt 5.5029560 1.7814176
vt 4.1583880 2.5221320
vt 4.1853760 2.5207930
vt 4.1842190 2.0549870
vt 4.1569660 2.0543610
vt 4.2073210 2.5196780
vt 4.1573340 2.0101050
vt 4.2261630 2.5187500
vt 4.2067720 2.0556560
vt 4.1851370 2.0118970
vt 4.1603630 1.9516158
vt 4.2497430 2.5187500
vt 4.2261630 2.0562500
vt 4.2072520 2.0133540
vt 4.1882630 1.9557426
vt 4.1641110 1.9277855
vt 4.2656380 2.5187500
vt 4.2497430 2.0562500
vt 4.2261630 2.0145830
vt 4.2088450 1.9582969
vt 4.1916410 1.9346225
vt 4.1702350 1.9044046
vt 4.2656380 2.0562500
vt 4.2497430 2.0145830
vt 4.2261630 1.9602193
vt 4.2112270 1.9392705
vt 4.1970230 1.9140844
vt 4.1789620 1.8818188
vt 4.2656380 2.0145830
vt 4.2497430 1.9602193
vt 4.2275650 1.9431242
vt 4.2155720 1.9207439
vt 4.2046220 1.8943638
vt 4.1902960 1.8603768
vt 4.2656380 1.9602193
vt 4.2508030 1.9461836
vt 4.2309070 1.9263211
vt 4.2220750 1.9029504
vt 4.2144540 1.8757169
vt 4.2041380 1.8404152
vt 4.2665620 1.9482583
vt 4.2535480 1.9323877
vt 4.2364140 1.9100984
vt 4.2306900 1.8861259
vt 4.2264370 1.8584044
vt 4.2203190 1.8222646
vt 4.2689010 1.9365019
vt 4.2580690 1.9190682
vt 4.2439910 1.8947332
vt 4.2413250 1.8705201
vt 4.2404240 1.8426876
vt 4.2386100 1.8062196
vt 4.2727540 1.9251512
vt 4.2642900 1.9064527
vt 4.2535090 1.8804888
vt 4.2538360 1.8563790
vt 4.2562360 1.8287978
vt 4.2587280 1.7925384
vt 4.2780560 1.9144002
vt 4.2721050 1.8947572
vt 4.2648050 1.8676080
vt 4.2680270 1.8439186
vt 4.2736460 1.8169374
vt 4.2803170 1.7814012
vt 4.2847150 1.9044336
vt 4.2813790 1.8841821
vt 4.2776860 1.8563123
vt 4.2836760 1.8333442
vt 4.2923720 1.8072453
vt 4.3030300 1.7729124
vt 4.2926190 1.8954214
vt 4.2919550 1.8749074
vt 4.2919310 1.8467942
vt 4.3005390 1.8247937
vt 4.3121500 1.7998059
vt 4.3265060 1.7670751
vt 4.3016310 1.8875180
vt 4.3036500 1.8670930
vt 4.3072960 1.8392169
vt 4.3183560 1.8183706
vt 4.3327260 1.7946100
vt 4.3504100 1.7637663
vt 4.3115970 1.8808583
vt 4.3162650 1.8608720
vt 4.3235180 1.8337098
vt 4.3368860 1.8141215
vt 4.3538720 1.7915630
vt 4.4086350 1.7616438
vt 4.3223480 1.8755571
vt 4.3295850 1.8563504
vt 4.3403220 1.8303674
vt 4.3559170 1.8120244
vt 4.4096950 1.7890220
vt 4.4526350 1.7621827
vt 4.3336990 1.8717039
vt 4.3433810 1.8536061
vt 4.3574170 1.8292474
vt 4.4106650 1.8107104
vt 4.4525680 1.7886438
vt 4.3454550 1.8693651
vt 4.3574170 1.8526858
vt 4.4115000 1.8292478
vt 4.4528650 1.8104730
vt 4.3574170 1.8685815
vt 4.4115000 1.8526857
vt 4.4531660 1.8292478
vt 4.4115000 1.8685819
vt 4.4531660 1.8526857
vt 4.4531660 1.8685819
vt 4.7453550 1.8613946
vt 4.7412410 1.8460401
vt 4.7181090 1.8667893
vt 4.7351740 1.8234006
vt 4.7160340 1.8510293
vt 4.6903920 1.8685819
vt 4.7488370 1.7986758
vt 4.7296700 1.8052603
vt 4.7129750 1.8277917
vt 4.6903920 1.8526860
vt 4.7401330 1.7789218
vt 4.7234980 1.7846787
vt 4.7097530 1.8095165
vt 4.6903920 1.8292478
vt 4.7332070 1.7604946
vt 4.7187290 1.7645359
vt 4.7060890 1.7886894
vt 4.6893990 1.8115280
vt 4.7033360 1.7670407
vt 4.6882230 1.7911608
vt 4.6873420 1.7682524
vt 7.1878160 1.3695263
vt 7.1818550 1.4116650
vt 7.2044200 1.3798543
vt 7.1666050 1.3992838
vt 7.1552430 1.4405189
vt 7.1416680 1.4261930
vt 7.1249520 1.4656126
vt 7.1134020 1.4496394
vt 7.0916450 1.4864063
vt 7.0823740 1.4690980
vt 7.0559330 1.5024307
vt 7.0492290 1.4841141
vt 7.0184980 1.5129638
vt 7.0147390 1.4943292
vt 6.9809050 1.5168545
vt 6.9801570 1.4993398
vt 6.9472810 1.5135632
vt 6.9474670 1.4997153
vt 6.9474670 1.4997153
vt 6.6116310 1.4922411
vt 6.6113140 1.5057480
vt 7.1878160 1.3695263
vt 7.1666050 1.3992838
vt 7.1566830 1.3911971
vt 7.1416680 1.4261930
vt 7.0666760 1.3165516
vt 7.1328300 1.4168681
vt 7.1134020 1.4496394
vt 7.0525250 1.3321980
vt 7.1058600 1.4392493
vt 7.0823740 1.4690980
vt 7.0395360 1.3185334
vt 7.0365610 1.3459262
vt 7.0763080 1.4578505
vt 7.0492290 1.4841141
vt 7.0252900 1.3308641
vt 7.0190500 1.3575472
vt 7.0448140 1.4722716
vt 7.0147390 1.4943292
vt 7.0096050 1.3412173
vt 7.0161060 1.3186882
vt 7.0003090 1.3669511
vt 7.0121680 1.4823048
vt 6.9801570 1.4993398
vt 6.9927350 1.3492036
vt 7.0018610 1.3282062
vt 6.9806820 1.3742056
vt 6.9793930 1.4879750
vt 6.9474670 1.4997153
vt 6.9863190 1.3342634
vt 6.9901410 1.3079075
vt 6.9604960 1.3794369
vt 6.9475120 1.4901139
vt 6.9821930 1.2941421
vt 6.9400070 1.3829067
vt 6.6070780 1.3845084
vt 6.6119800 1.4830043
vt 6.6116310 1.4922411
vt 6.9474670 1.4997153
vt 6.9386670 1.3621726
vt 6.6013500 1.4801251
vt 6.6119800 1.4830043
vt 6.5890200 1.3872591
vt 6.6057960 1.3635622
vt 6.9376120 1.3444983
vt 6.5917200 1.4779820
vt 6.5902830 1.4842681
vt 6.5998240 1.4876987
vt 6.6116310 1.4922411
vt 6.5714080 1.3914763
vt 6.5852510 1.3659343
vt 6.6047150 1.3453399
vt 6.9363750 1.3223141
vt 6.5833810 1.4767829
vt 6.5825260 1.4818999
vt 6.5545370 1.3973711
vt 6.5651380 1.3704590
vt 6.5819210 1.3473582
vt 6.6033980 1.3223144
vt 6.9363750 1.3064185
vt 6.5764030 1.4767286
vt 6.5763660 1.4807276
vt 6.5386760 1.4050394
vt 6.5457590 1.3771739
vt 6.5595560 1.3520774
vt 6.5777560 1.3239719
vt 6.6033980 1.3064185
vt 6.5708470 1.4779119
vt 6.5717030 1.4808676
vt 6.5240850 1.4145085
vt 6.5274170 1.3860583
vt 6.5379640 1.3594474
vt 6.5525500 1.3289611
vt 6.5756820 1.3082118
vt 6.5667240 1.4803857
vt 6.5684870 1.4823573
vt 6.5110290 1.4257606
vt 6.5103900 1.3970184
vt 6.5174360 1.3693419
vt 6.5282110 1.3371978
vt 6.5484360 1.3136066
vt 6.5640410 1.4841924
vt 6.5667150 1.4851609
vt 6.4996740 1.4386795
vt 6.4951690 1.4101894
vt 6.4980450 1.3813910
vt 6.5051550 1.3485411
vt 6.5221280 1.3225120
vt 6.5627890 1.4893495
vt 6.5664530 1.4892935
vt 6.4901110 1.4530842
vt 6.4819230 1.4253041
vt 6.4810160 1.3962940
vt 6.4837770 1.3627967
vt 6.4972070 1.3347747
vt 6.5629470 1.4958681
vt 6.5677210 1.4948614
vt 6.4823550 1.4687514
vt 6.4709260 1.4421564
vt 6.4660770 1.4132911
vt 6.4644420 1.3797206
vt 6.4741000 1.3501853
vt 6.5643840 1.5037709
vt 6.5704190 1.5020654
vt 6.4619850 1.4603472
vt 6.4763730 1.4854224
vt 6.4540720 1.4324424
vt 6.4474820 1.3990234
vt 6.4532020 1.3684806
vt 6.5669370 1.5129728
vt 6.5743650 1.5112195
vt 6.4552060 1.4795727
vt 6.4441500 1.4528536
vt 6.4720480 1.5028193
vt 6.4331870 1.4203750
vt 6.4348710 1.3893462
vt 6.5703260 1.5231800
vt 6.5795400 1.5229936
vt 6.4505830 1.4995443
vt 6.4367240 1.4743367
vt 6.4218010 1.4434093
vt 6.4691190 1.5206263
vt 6.4194210 1.4124267
vt 6.4480390 1.5199175
vt 6.4319280 1.4966102
vt 6.4135190 1.4677329
vt 6.4071150 1.4373260
vt 6.4701500 2.2201320
vt 6.5703260 1.5231800
vt 6.4485650 2.2196340
vt 6.4297940 1.5193130
vt 6.4084830 1.4929298
vt 6.3981650 1.4636191
vt 6.5780930 2.2225330
vt 6.5875200 2.2224590
vt 6.5795400 1.5229936
vt 6.4300290 2.2192320
vt 6.4067330 1.5185676
vt 6.3927220 1.4908550
vt 6.4066890 2.2187500
vt 6.3908370 1.5185676
vt 6.3907920 2.2187500
vt 6.6005580 2.2221510
vt 6.5929430 1.5228369
vt 6.5875200 2.2224590
vt 6.5795400 1.5229936
vt 6.5795400 1.5229936
vt 6.5900670 1.5182016
vt 6.5743650 1.5112195
vt 6.5839450 1.5068820
vt 6.5704190 1.5020654
vt 6.5779440 1.4982761
vt 6.5677210 1.4948614
vt 6.5732770 1.4922377
vt 6.5664530 1.4892935
vt 6.5703720 1.4881157
vt 6.5667150 1.4851609
vt 6.5692530 1.4854641
vt 6.5684870 1.4823573
vt 6.5697340 1.4840480
vt 6.5717030 1.4808676
vt 6.5716350 1.4839102
vt 6.5763660 1.4807276
vt 6.5749630 1.4851811
vt 6.5825260 1.4818999
vt 6.5798630 1.4879106
vt 6.5902830 1.4842681
vt 6.5865710 1.4920434
vt 6.5998240 1.4876987
vt 6.5955290 1.4972711
vt 6.6116310 1.4922411
vt 6.6069100 1.5026726
vt 4.4531660 2.7223130
vt 4.4531660 2.7064180
vt 4.4265970 2.7205650
vt 4.4531660 2.7457520
vt 4.4286710 2.7048050
vt 4.4235370 2.7438010
vt 4.4525640 2.7645500
vt 4.4045930 2.7000230
vt 4.4004800 2.7153770
vt 4.3944130 2.7380170
vt 4.4209580 2.7615610
vt 4.4518410 2.7864220
vt 4.3813510 2.6921250
vt 4.3752690 2.7068110
vt 4.3663000 2.7284640
vt 4.3898120 2.7550420
vt 4.4179420 2.7824500
vt 4.4509930 2.8131080
vt 4.3593330 2.6812750
vt 4.3513830 2.6950410
vt 4.3396640 2.7153390
vt 4.3596280 2.7447390
vt 4.3843770 2.7752260
vt 4.3772150 2.8026700
vt 4.4141750 2.8097910
vt 4.3389260 2.6676310
vt 4.3292480 2.6802420
vt 4.3149810 2.6988360
vt 4.3309460 2.7306520
vt 4.3517150 2.7641010
vt 4.3409450 2.7909190
vt 4.3204640 2.6514510
vt 4.3092250 2.6626910
vt 4.2926520 2.6792650
vt 4.3043060 2.7129260
vt 4.3205520 2.7489140
vt 4.3062020 2.7743990
vt 4.3042850 2.6329900
vt 4.2916740 2.6426670
vt 4.2730790 2.6569350
vt 4.2802050 2.6918570
vt 4.2915830 2.7297380
vt 4.2738420 2.7532430
vt 4.2906410 2.6125840
vt 4.2768740 2.6205320
vt 4.2565770 2.6322510
vt 4.2591100 2.6677920
vt 4.2653680 2.7068650
vt 4.2445840 2.7278190
vt 4.2797900 2.5905640
vt 4.2651040 2.5966470
vt 4.2434520 2.6056170
vt 4.2413540 2.6411870
vt 4.2424260 2.6807090
vt 4.2190740 2.6986500
vt 4.2718920 2.5673210
vt 4.2565370 2.5714360
vt 4.2339000 2.5775020
vt 4.2272290 2.6125380
vt 4.2231890 2.6518070
vt 4.1978300 2.6664000
vt 4.2671100 2.5432450
vt 4.2513510 2.5453190
vt 4.2281130 2.5483780
vt 4.2168830 2.5823950
vt 4.2079290 2.6207360
vt 4.1811970 2.6318060
vt 4.2103260 2.5512760
vt 4.1967120 2.5881450
vt 4.1692780 2.5956810
vt 4.1893840 2.5546580
vt 4.1619230 2.5588680
vt 5.6374830 2.6064140
vt 5.6840900 2.6068510
vt 5.6841590 2.5971540
vt 6.2095460 2.5972720
vt 5.6840900 2.6068510
vt 6.2048900 2.4866600
vt 6.2096070 2.6069720
vt 6.2039220 2.4646490
vt 5.6840130 2.6208060
vt 6.2096720 2.6209300
vt 6.2031240 2.4457520
vt 6.2031240 2.4223130
vt 6.2327530 2.4438020
vt 6.2296930 2.4205650
vt 6.2031240 2.4457520
vt 6.2031240 2.4064180
vt 6.2355750 2.4616600
vt 6.2667130 2.4551040
vt 6.2618770 2.4380170
vt 6.2558110 2.4153780
vt 6.2516960 2.4000230
vt 6.2276180 2.4048050
vt 6.2039220 2.4646490
vt 6.2388190 2.4826710
vt 6.2723910 2.4753600
vt 6.3050870 2.4641380
vt 6.2969000 2.4447510
vt 6.2899910 2.4284650
vt 6.2810220 2.4068110
vt 6.2749390 2.3921260
vt 6.2048900 2.4866600
vt 6.2554900 2.5954710
vt 6.3029730 2.5881710
vt 6.2095460 2.5972720
vt 6.3362180 2.4488230
vt 6.3255780 2.4306090
vt 6.3166260 2.4153390
vt 6.3049060 2.3950410
vt 6.2969580 2.3812750
vt 6.2562780 2.6066680
vt 6.3054710 2.5998500
vt 6.2096070 2.6069720
vt 6.3504300 2.5740420
vt 6.3962300 2.5529510
vt 6.3651520 2.4295070
vt 6.3521970 2.4128200
vt 6.3413100 2.3988360
vt 6.3270420 2.3802420
vt 6.3173650 2.3676310
vt 6.3547290 2.5855360
vt 6.4022240 2.5638430
vt 6.4389870 2.5252500
vt 6.4775320 2.4914970
vt 6.3913110 2.4064990
vt 6.3762560 2.3916790
vt 6.3636390 2.3792650
vt 6.3470660 2.3626910
vt 6.3358250 2.3514510
vt 6.4465360 2.5352540
vt 6.4864920 2.5003300
vt 6.5107460 2.4524860
vt 6.4141100 2.3801940
vt 6.3972880 2.3675390
vt 6.3832100 2.3569350
vt 6.3646160 2.3426670
vt 6.3520050 2.3329910
vt 6.5208680 2.4598860
vt 6.5487650 2.4151400
vt 6.5377810 2.4093330
vt 6.4331240 2.3511210
vt 6.4149020 2.3408480
vt 6.3997140 2.3322510
vt 6.3656490 2.3125840
vt 6.3794160 2.3205320
vt 6.5696110 2.3673380
vt 6.5580590 2.3632500
vt 6.4480730 2.3198930
vt 6.4285890 2.3120130
vt 6.4120970 2.3052910
vt 6.3911860 2.2966480
vt 6.3765000 2.2905650
vt 6.5829480 2.3178730
vt 6.5712570 2.3156300
vt 6.4590160 2.2872550
vt 6.4387210 2.2818810
vt 6.4214950 2.2772880
vt 6.3843980 2.2673220
vt 6.3997520 2.2714360
vt 6.5774510 2.2681770
vt 6.5885490 2.2686830
vt 6.4661670 2.2538160
vt 6.4453050 2.2509560
vt 6.4274760 2.2484650
vt 6.4049400 2.2453190
vt 6.3891800 2.2432450
vt 6.3090930 2.6174850
vt 6.3054710 2.5998500
vt 6.2571880 2.6235170
vt 6.2096070 2.6069720
vt 6.3611250 2.6028920
vt 6.3547290 2.5855360
vt 6.2096720 2.6209300
vt 6.4112140 2.5802920
vt 6.4022240 2.5638430
vt 6.4578990 2.5503580
vt 6.4465360 2.5352540
vt 6.5000050 2.5136590
vt 6.4864920 2.5003300
vt 6.5361480 2.4710260
vt 6.5208680 2.4598860
vt 6.5653520 2.4238480
vt 6.5487650 2.4151400
vt 6.5870690 2.3734140
vt 6.5696110 2.3673380
vt 6.6006170 2.3210990
vt 6.5829480 2.3178730
vt 6.6052640 2.2691480
vt 6.5885490 2.2686830
vt 5.6365190 2.6232160
vt 5.6840130 2.6208060
vt 5.6374830 2.6064140
vt 5.6840900 2.6068510
vt 5.9756490 -1.2124450
vt 5.0889830 -1.2127810
vt 5.0896430 -1.1862690
vt 5.9845370 -1.1862760
vt 5.0902040 -1.1644840
vt 5.9974900 -1.1645070
vt 5.0555900 -1.1823380
vt 5.0518570 -1.2096400
vt 5.0585300 -1.1615050
vt 5.0906660 -1.1457520
vt 6.0136640 -1.1457520
vt 5.0219110 -1.1751530
vt 5.0147490 -1.2025930
vt 5.0273270 -1.1550050
vt 5.0610370 -1.1438020
vt 5.0906660 -1.1223140
vt 6.0371020 -1.1223140
vt 4.9891420 -1.1640480
vt 4.9783330 -1.1908970
vt 4.9971050 -1.1447100
vt 5.0319130 -1.1380170
vt 5.0640960 -1.1205650
vt 5.0906660 -1.1064180
vt 6.0529980 -1.1064180
vt 4.9434170 -1.1743550
vt 4.9578850 -1.1488310
vt 4.9683650 -1.1306060
vt 5.0037990 -1.1284650
vt 5.0379800 -1.1153780
vt 5.0420940 -1.1000230
vt 5.0661720 -1.1048050
vt 4.9108530 -1.1530580
vt 4.9287970 -1.1295550
vt 4.9416700 -1.1128350
vt 4.9771650 -1.1153400
vt 5.0127680 -1.1068120
vt 5.0188510 -1.0921260
vt 4.8814370 -1.1273940
vt 4.9025020 -1.1065300
vt 4.9175370 -1.0916900
vt 4.9524810 -1.0988360
vt 4.9888840 -1.0950420
vt 4.9968320 -1.0812750
vt 4.8558520 -1.0978770
vt 4.8795420 -1.0801670
vt 4.8964320 -1.0675220
vt 4.9301510 -1.0792650
vt 4.9667480 -1.0802420
vt 4.9764260 -1.0676320
vt 4.8346520 -1.0651770
vt 4.8603410 -1.0510020
vt 4.8786960 -1.0408020
vt 4.9105790 -1.0569350
vt 4.9467240 -1.0626920
vt 4.9579650 -1.0514510
vt 4.8182440 -1.0300820
vt 4.8452160 -1.0196520
vt 4.8646330 -1.0120220
vt 4.8940760 -1.0322510
vt 4.9291730 -1.0426670
vt 4.9417850 -1.0329910
vt 4.8067720 -0.9934670
vt 4.8342340 -0.9867940
vt 4.8543970 -0.9817550
vt 4.8809510 -1.0056170
vt 4.9143740 -1.0205320
vt 4.9281410 -1.0125840
vt 4.8000310 -0.9562780
vt 4.8271680 -0.9530920
vt 4.8479510 -0.9505430
vt 4.8713990 -0.9775030
vt 4.9026040 -0.9966480
vt 4.9172900 -0.9905650
vt 4.8656150 -0.9483790
vt 4.8940380 -0.9714370
vt 4.9093930 -0.9673220
vt 4.8888510 -0.9453190
vt 4.9046100 -0.9432450
vt 5.9946000 -1.1617570
vt 5.9949010 -1.5197320
vt 5.9724330 -1.1745750
vt 6.0136630 -1.5187500
vt 5.9730310 -1.5209600
vt 5.9456650 -1.1834750
vt 6.0371020 -1.5187500
vt 5.9769740 -1.5548950
vt 5.9459240 -1.5225800
vt 6.0156140 -1.5483790
vt 6.0388510 -1.5453200
vt 6.0529980 -1.5187500
vt 5.9978790 -1.5513780
vt 5.9568550 -1.5961320
vt 5.9494720 -1.5593330
vt 5.9842800 -1.5884170
vt 6.0044210 -1.5825200
vt 6.0213990 -1.5775020
vt 6.0546100 -1.5432450
vt 6.0440380 -1.5714360
vt 6.0593920 -1.5673220
vt 5.9955050 -1.6210120
vt 5.9687960 -1.6322350
vt 6.0147600 -1.6126730
vt 6.0309510 -1.6056170
vt 6.0526040 -1.5966480
vt 6.0672900 -1.5905650
vt 5.9854640 -1.6668230
vt 6.0107950 -1.6520730
vt 6.0289010 -1.6413210
vt 6.0440760 -1.6322510
vt 6.0643740 -1.6205320
vt 6.0781410 -1.6125840
vt 6.0300830 -1.6809700
vt 6.0067820 -1.6990800
vt 6.0466950 -1.6679100
vt 6.0605790 -1.6569350
vt 6.0791740 -1.6426670
vt 6.0917840 -1.6329910
vt 6.0324030 -1.7282440
vt 6.0530950 -1.7071180
vt 6.0678250 -1.6919650
vt 6.0801510 -1.6792650
vt 6.0967250 -1.6626920
vt 6.1079650 -1.6514510
vt 6.0794050 -1.7299710
vt 6.0618110 -1.7536490
vt 6.0919560 -1.7130390
vt 6.1024810 -1.6988360
vt 6.1167480 -1.6802420
vt 6.1264250 -1.6676310
vt 6.0943750 -1.7747580
vt 6.1084920 -1.7491110
vt 6.1186500 -1.7307530
vt 6.1271650 -1.7153400
vt 6.1388840 -1.6950420
vt 6.1468320 -1.6812750
vt 6.1397910 -1.7642100
vt 6.1293660 -1.7911420
vt 6.1474060 -1.7447890
vt 6.1537990 -1.7284650
vt 6.1627680 -1.7068110
vt 6.1688510 -1.6921260
vt 6.1658970 -1.8026320
vt 6.1726020 -1.7751870
vt 6.1776530 -1.7550160
vt 6.1819130 -1.7380170
vt 6.1879800 -1.7153780
vt 6.1920930 -1.7000230
vt 6.2062550 -1.7822670
vt 6.2030170 -1.8094190
vt 6.2088450 -1.7614730
vt 6.2110370 -1.7438020
vt 6.2140970 -1.7205650
vt 6.2161710 -1.7048050
vt 8.7330690 -1.5037070
vt 8.7286320 -1.5349710
vt 8.7003460 -1.5225880
vt 8.7048980 -1.4870280
vt 8.6761010 -1.5200910
vt 8.6766030 -1.4726790
vt 8.6942930 -1.5582700
vt 8.7226170 -1.5669170
vt 8.6721440 -1.5528230
vt 8.6551690 -1.5187500
vt 8.6551690 -1.4582520
vt 8.6851710 -1.5920740
vt 8.7121600 -1.6030700
vt 8.6647530 -1.5841910
vt 8.6532170 -1.5483790
vt 8.6317290 -1.5187500
vt 8.6317290 -1.4348140
vt 8.6726770 -1.6241560
vt 8.6982190 -1.6376760
vt 8.6538070 -1.6141360
vt 8.6474320 -1.5775020
vt 8.6299800 -1.5453200
vt 8.6158330 -1.5187500
vt 8.6158330 -1.4189180
vt 8.6805010 -1.6705310
vt 8.6566410 -1.6543850
vt 8.6393110 -1.6424090
vt 8.6378800 -1.6056170
vt 8.6247940 -1.5714360
vt 8.6094400 -1.5673220
vt 8.6142220 -1.5432450
vt 8.6588860 -1.7011840
vt 8.6370450 -1.6824170
vt 8.6213670 -1.6686100
vt 8.6247560 -1.6322510
vt 8.6162260 -1.5966480
vt 8.6015420 -1.5905650
vt 8.6334990 -1.7290740
vt 8.6140700 -1.7078240
vt 8.6002290 -1.6923250
vt 8.6082520 -1.6569350
vt 8.6044580 -1.6205320
vt 8.5906910 -1.6125840
vt 8.6046160 -1.7535780
vt 8.5879960 -1.7301260
vt 8.5761940 -1.7131330
vt 8.5886800 -1.6792650
vt 8.5896570 -1.6426670
vt 8.5770470 -1.6329910
vt 8.5727130 -1.7741490
vt 8.5592400 -1.7489080
vt 8.5496610 -1.7306700
vt 8.5663510 -1.6988360
vt 8.5721070 -1.6626920
vt 8.5608670 -1.6514510
vt 8.5383970 -1.7903540
vt 8.5283150 -1.7638560
vt 8.5210740 -1.7446330
vt 8.5416660 -1.7153400
vt 8.5520820 -1.6802420
vt 8.5424060 -1.6676310
vt 8.5024100 -1.8019540
vt 8.4958220 -1.7748550
vt 8.4909730 -1.7548690
vt 8.5150320 -1.7284650
vt 8.5299470 -1.6950420
vt 8.5219990 -1.6812750
vt 8.4656390 -1.8090090
vt 8.4624060 -1.7820510
vt 8.4599000 -1.7613750
vt 8.4869170 -1.7380170
vt 8.5060630 -1.7068110
vt 8.4999810 -1.6921260
vt 8.4577940 -1.7438020
vt 8.4808520 -1.7153780
vt 8.4767380 -1.7000230
vt 8.4547350 -1.7205650
vt 8.4526600 -1.7048050
vt 9.7813850 -1.2693410
vt 9.7541890 -1.2659380
vt 9.7745220 -1.3064430
vt 9.7360560 -1.3323920
vt 9.7470720 -1.2995920
vt 9.7629760 -1.3429550
vt 9.7333870 -1.2632070
vt 9.7269160 -1.2943980
vt 9.7209160 -1.3636870
vt 9.7166670 -1.3246370
vt 9.7465340 -1.3779590
vt 9.7157170 -1.2608790
vt 9.7099320 -1.2900020
vt 9.7017010 -1.3928060
vt 9.7026100 -1.3533890
vt 9.7003800 -1.3181170
vt 9.7253120 -1.4105820
vt 9.6924800 -1.2578190
vt 9.6872940 -1.2839370
vt 9.6997290 -1.4400430
vt 9.6787280 -1.4191330
vt 9.6848690 -1.3800890
vt 9.6872560 -1.3447510
vt 9.6787260 -1.3091480
vt 9.6719380 -1.2798220
vt 9.6767220 -1.2557450
vt 9.6703080 -1.4656650
vt 9.6524200 -1.4421270
vt 9.6637430 -1.4042400
vt 9.6707520 -1.3694350
vt 9.6669580 -1.3330320
vt 9.6531910 -1.3250840
vt 9.6640420 -1.3030650
vt 9.6377540 -1.4869230
vt 9.6233430 -1.4613730
vt 9.6395960 -1.4253700
vt 9.6511800 -1.3917650
vt 9.6521570 -1.3551670
vt 9.6395470 -1.3454910
vt 9.6028400 -1.5034350
vt 9.5921060 -1.4765640
vt 9.6129140 -1.4431250
vt 9.6288510 -1.4113360
vt 9.6346070 -1.3751920
vt 9.6233670 -1.3639510
vt 9.5664220 -1.5150920
vt 9.5593610 -1.4876480
vt 9.5841940 -1.4572140
vt 9.6041660 -1.4278400
vt 9.6145820 -1.3927420
vt 9.6049060 -1.3801310
vt 9.5293980 -1.5220800
vt 9.5257500 -1.4948140
vt 9.5539870 -1.4675010
vt 9.5775320 -1.4409650
vt 9.5924470 -1.4075420
vt 9.5844990 -1.3937750
vt 9.4925600 -1.5252660
vt 9.4918060 -1.4987370
vt 9.5228140 -1.4739940
vt 9.5494170 -1.4505170
vt 9.5685630 -1.4193120
vt 9.5624810 -1.4046260
vt 8.6931720 -1.5250530
vt 8.6842820 -1.4988420
vt 8.6713330 -1.4770390
vt 9.4911790 -1.4769680
vt 9.5202940 -1.4563020
vt 9.5433520 -1.4278780
vt 9.5392380 -1.4125230
vt 9.4906650 -1.4582520
vt 9.5172350 -1.4330650
vt 9.5151600 -1.4173050
vt 9.4906650 -1.4348140
vt 9.4906650 -1.4189180
vt 5.4051680 2.1751680
vt 5.3817300 2.1910630
vt 5.4051680 2.1910630
vt 5.3817300 2.1751680
vt 5.4051680 2.2067250
vt 5.3658340 2.1751680
vt 5.3817300 2.2067250
vt 5.4051680 2.2223140
vt 5.3658340 2.1910640
vt 5.3658340 2.2067250
vt 5.3817300 2.2223140
vt 5.4051680 2.2457520
vt 5.3658340 2.5187500
vt 5.3817300 2.5187500
vt 5.4051690 2.5187500
vt 5.4244700 2.2616350
vt 5.3642220 2.5432440
vt 5.3799810 2.5453190
vt 5.4032180 2.5483780
vt 5.4210010 2.5516300
vt 5.4239930 2.5199430
vt 5.4470070 2.2743890
vt 5.3594390 2.5673220
vt 5.3747940 2.5714360
vt 5.3974330 2.5775020
vt 5.4144070 2.5827340
vt 5.4345420 2.5888730
vt 5.4419530 2.5554330
vt 5.4459360 2.5214690
vt 5.4743240 2.2834920
vt 5.3515420 2.5905640
vt 5.3662270 2.5966470
vt 5.3878800 2.6056170
vt 5.4040180 2.6128180
vt 5.4232230 2.6213270
vt 5.4619380 2.5969420
vt 5.4695940 2.5603200
vt 5.4733820 2.5235980
vt 5.3406910 2.6125840
vt 5.3544570 2.6205320
vt 5.3747550 2.6322510
vt 5.3898720 2.6413920
vt 5.4078950 2.6522280
vt 5.4330310 2.6670580
vt 5.4497900 2.6327790
vt 5.3270470 2.6329900
vt 5.3396580 2.6426670
vt 5.3582530 2.6569350
vt 5.3721110 2.6679170
vt 5.3886540 2.6809770
vt 5.4117910 2.6990190
vt 5.3108670 2.6514510
vt 5.3221070 2.6626910
vt 5.3386810 2.6792650
vt 5.3510250 2.6919240
vt 5.3657670 2.7070000
vt 5.3863850 2.7279650
vt 5.2924070 2.6676310
vt 5.3020830 2.6802420
vt 5.3163510 2.6988360
vt 5.3269610 2.7129570
vt 5.3396110 2.7297770
vt 5.3572540 2.7532430
vt 5.2720000 2.6812750
vt 5.2799480 2.6950410
vt 5.2916670 2.7153390
vt 5.3003590 2.7306530
vt 5.3107060 2.7489060
vt 5.3250270 2.7743240
vt 5.2499800 2.6921260
vt 5.2560630 2.7068110
vt 5.2650330 2.7284650
vt 5.2717030 2.7447260
vt 5.2796230 2.7640790
vt 5.2904280 2.7908300
vt 5.2267380 2.7000230
vt 5.2308520 2.7153770
vt 5.2369180 2.7380170
vt 5.2415390 2.7550380
vt 5.2469950 2.7752130
vt 5.2542550 2.8026240
vt 5.2026610 2.7048050
vt 5.2047350 2.7205640
vt 5.2077950 2.7438010
vt 5.2103830 2.7615720
vt 5.2134270 2.7824700
vt 5.2173100 2.8098470
vt 5.1781660 2.7064180
vt 5.1781660 2.7223130
vt 5.1781660 2.7457520
vt 5.1787500 2.7645700
vt 5.1794510 2.7864660
vt 5.1802610 2.8131850
vt 4.6873420 1.7682524
vt 4.7465370 1.7547840
vt 4.7557190 1.7713205
vt 4.7585540 1.7473576
vt 4.7669270 1.7897731
vt 4.7700430 1.7618635
vt 4.7690990 1.7382549
vt 4.7836410 1.7786510
vt 4.7769160 1.8061620
vt 4.7566100 1.8161492
vt 4.7828940 1.7506223
vt 4.7780210 1.7275698
vt 4.7987280 1.7654564
vt 4.7957450 1.7936101
vt 4.7886350 1.8264600
vt 4.7655800 1.8378034
vt 4.7940760 1.7377336
vt 4.7852340 1.7154150
vt 4.8119240 1.7503731
vt 4.8127740 1.7787073
vt 4.8100130 1.8122045
vt 4.7965830 1.8402265
vt 4.7716630 1.8524892
vt 4.8034770 1.7233714
vt 4.7907290 1.7019354
vt 4.8230580 1.7336540
vt 4.8277130 1.7617102
vt 4.8293480 1.7952806
vt 4.8196900 1.8248159
vt 4.8110570 1.7077441
vt 4.7945570 1.6873256
vt 4.8319650 1.7155708
vt 4.8403050 1.7429075
vt 4.8463080 1.7759778
vt 4.8405880 1.8065206
vt 4.8168350 1.6911072
vt 4.7969030 1.6718354
vt 4.8385860 1.6964211
vt 4.8503350 1.7226224
vt 4.8606030 1.7546263
vt 4.8589190 1.7856550
vt 4.8209500 1.6737587
vt 4.7980550 1.6558266
vt 4.8429330 1.6765306
vt 4.8576320 1.7012018
vt 4.8719890 1.7315919
vt 4.8743700 1.7625746
vt 4.8620700 1.6790121
vt 4.8802710 1.7072682
vt 4.8866760 1.7376752
vt 4.8853080 1.6820714
vt 4.8956260 1.7113820
vt 4.9010680 1.6841463
vt 6.9775260 1.3141284
vt 6.9642060 1.3186500
vt 6.9704220 1.3393216
vt 6.9714430 1.2994434
vt 6.9504100 1.3213943
vt 6.9541500 1.3428038
vt 6.9600920 1.3032966
vt 6.9570580 1.3596597
vt 6.9751380 1.3553452
vt 6.9483360 1.3056353
vt 8.1170700 1.7500625
vt 6.9968210 1.7237377
vt 7.0057190 1.7498736
vt 8.1165160 1.7236769
vt 6.9838540 1.7019886
vt 8.1160480 1.7019453
vt 6.9676690 1.6832517
vt 8.1156650 1.6832517
vt 6.9442300 1.6598136
vt 8.1156650 1.6598136
vt 6.9442300 1.6828210
vt 6.8658550 1.6596913
vt 8.1156650 1.6439174
vt 6.9864360 2.0198100
vt 6.9867980 1.6992224
vt 6.9676680 2.0187500
vt 6.9442300 2.0187500
vt 6.8658740 1.6826987
vt 6.8345840 1.6439174
vt 6.8504800 1.6596673
vt 6.9657180 2.0483780
vt 6.9834640 2.0514840
vt 7.0083420 2.0211470
vt 7.0090770 1.7120237
vt 6.9424810 2.0453190
vt 6.8661410 2.0031610
vt 6.8504800 1.6826746
vt 6.8345840 1.9874997
vt 6.9372940 2.0714360
vt 6.9599330 2.0775020
vt 6.9769010 2.0826050
vt 7.0043810 2.0550990
vt 7.0355520 2.0229300
vt 7.0360050 1.7209696
vt 6.8643920 2.0297300
vt 6.8504800 1.9874997
vt 6.8329720 2.0119940
vt 6.8487310 2.0140690
vt 6.8592050 2.0558470
vt 6.9287270 2.0966480
vt 6.9503800 2.1056170
vt 7.0319300 2.0596780
vt 6.8281890 2.0360720
vt 6.8435440 2.0401860
vt 6.8506380 2.0810590
vt 6.9169570 2.1205320
vt 6.9372550 2.1322510
vt 6.9665470 2.1127200
vt 7.0244630 2.0964210
vt 6.8202920 2.0593140
vt 6.8349770 2.0653970
vt 6.8388690 2.1049430
vt 6.9021580 2.1426670
vt 6.9207530 2.1569350
vt 6.9524110 2.1413390
vt 6.9857860 2.1211220
vt 6.9970410 2.0885870
vt 7.0124570 2.1324310
vt 6.8094410 2.0813340
vt 6.8232070 2.0892820
vt 6.8240690 2.1270780
vt 6.8846070 2.1626910
vt 6.9011810 2.1792650
vt 6.9346330 2.1679190
vt 6.9704900 2.1521300
vt 6.9957650 2.1669240
vt 6.7957970 2.1017400
vt 6.8084080 2.1114170
vt 6.8065190 2.1471020
vt 6.8645830 2.1802420
vt 6.8788510 2.1988360
vt 6.9135110 2.1919730
vt 6.9512190 2.1809940
vt 6.9744690 2.1991000
vt 6.7796170 2.1202010
vt 6.7908570 2.1314410
vt 6.7864940 2.1646530
vt 6.8424470 2.1950410
vt 6.8541670 2.2153390
vt 6.8893900 2.2130330
vt 6.9282390 2.2071140
vt 6.9489010 2.2282080
vt 6.7708330 2.1489920
vt 6.7611570 2.1363810
vt 6.7643590 2.1794520
vt 6.8185630 2.2068110
vt 6.8275330 2.2284650
vt 6.8627190 2.2307270
vt 6.9019580 2.2299400
vt 6.9195510 2.2535680
vt 6.7486980 2.1637910
vt 6.7407500 2.1500250
vt 6.7404750 2.1912230
vt 6.7933520 2.2153780
vt 6.7994180 2.2380170
vt 6.8339960 2.2447570
vt 6.8729150 2.2490570
vt 6.8870710 2.2746480
vt 6.7248130 2.1755610
vt 6.7187300 2.1608760
vt 6.7152630 2.1997880
vt 6.7672350 2.2205650
vt 6.7702950 2.2438020
vt 6.8037820 2.2550010
vt 6.8416890 2.2641530
vt 6.8521920 2.2910320
vt 6.6996020 2.1841270
vt 6.6954880 2.1687730
vt 6.6891470 2.2049760
vt 6.7406660 2.2223140
vt 6.7406660 2.2457520
vt 6.7726080 2.2614720
vt 6.8089400 2.2751520
vt 6.8157680 2.3025670
vt 6.6734850 2.1893150
vt 6.6714110 2.1735550
vt 6.6625770 2.2067250
vt 6.7409980 2.2644460
vt 5.4213610 2.2644680
vt 6.7753260 2.2822590
vt 6.7787220 2.3094340
vt 6.6469160 2.1910640
vt 6.6469160 2.1751680
vt 5.4343390 2.2861960
vt 6.7413990 2.2861740
vt 6.7418750 2.3125170
vt 5.4432440 2.3123040
vt 8.1504180 1.7197747
vt 8.1538790 1.7469585
vt 8.1476490 1.6989844
vt 8.1452940 1.6813014
vt 8.1422350 1.6580646
vt 8.1401610 1.6423050
vt 8.1908660 1.7400600
vt 8.1788030 1.6925129
vt 8.1839970 1.7126589
vt 8.1744170 1.6755167
vt 8.1683520 1.6528773
vt 8.1642380 1.6375228
vt 8.2167080 1.7016444
vt 8.2090060 1.6822550
vt 8.2272300 1.7284966
vt 8.2025330 1.6659646
vt 8.1935630 1.6443113
vt 8.1874810 1.6296257
vt 8.2174480 1.6325412
vt 8.2291670 1.6528392
vt 8.2377170 1.6682153
vt 8.2620500 1.7121137
vt 8.2094990 1.6187748
vt 8.2479050 1.6865447
vt 8.2395830 1.6177419
vt 8.2538510 1.6363358
vt 8.2643720 1.6505315
vt 8.2769240 1.6674463
vt 8.2299070 1.6051310
vt 8.2944820 1.6910684
vt 8.2483670 1.5889509
vt 8.2596070 1.6001911
vt 8.2761800 1.6167644
vt 8.2884810 1.6294987
vt 8.3237780 1.6657703
vt 8.3031760 1.6446651
vt 8.2771580 1.5801669
vt 8.2645470 1.5704904
vt 8.2957530 1.5944347
vt 8.3095970 1.6054790
vt 8.2781910 1.5500836
vt 8.3261360 1.6186107
vt 8.3493080 1.6367593
vt 8.2919580 1.5580316
vt 8.3122560 1.5697508
vt 8.3273800 1.5789315
vt 8.3037270 1.5341474
vt 8.2890420 1.5280644
vt 8.3706150 1.6046922
vt 8.3454170 1.5898113
vt 8.2969400 1.5048218
vt 8.3253800 1.5431165
vt 8.3122940 1.5089359
vt 8.3415300 1.5503335
vt 8.3607520 1.5588572
vt 8.3174810 1.4828192
vt 8.3349330 1.5150023
vt 8.3873690 1.5703132
vt 8.3017220 1.4807445
vt 8.3519130 1.5202296
vt 8.3033330 1.4562497
vt 8.3192290 1.4562497
vt 8.3407170 1.4858785
vt 8.3720600 1.5263602
vt 8.3994870 1.5344021
vt 8.3584990 1.4891104
vt 8.3426690 1.4562497
vt 8.3794540 1.4928896
vt 8.3614870 1.4574226
vt 8.4070900 1.4977193
vt 8.3834250 1.4589156
vt 8.4108270 1.4609741
vt 8.3619330 1.1866518
vt 8.3844010 1.1994096
vt 8.4116220 1.2084638
vt 10.0752000 1.2072736
vt 10.0785100 1.2344424
vt 10.1156300 1.2276263
vt 10.0725500 1.1864779
vt 10.1088600 1.2001787
vt 10.1416600 1.1891770
vt 10.1521500 1.2161126
vt 10.0702900 1.1688017
vt 10.1037400 1.1800169
vt 10.1339800 1.1697707
vt 10.1729700 1.1740570
vt 10.1871600 1.1997039
vt 10.0672300 1.1455648
vt 10.0994200 1.1630170
vt 10.1275300 1.1534647
vt 10.1627400 1.1557165
vt 10.2021000 1.1548814
vt 10.2197900 1.1785442
vt 10.0651600 1.1298051
vt 10.0933500 1.1403775
vt 10.0892400 1.1250231
vt 10.1185600 1.1318114
vt 10.1541700 1.1403394
vt 10.1894400 1.1379923
vt 10.2284300 1.1319616
vt 10.2492500 1.1530365
vt 10.1124800 1.1171259
vt 10.1345000 1.1062750
vt 10.1424500 1.1200414
vt 10.1788500 1.1238359
vt 10.2136000 1.1168984
vt 10.2514500 1.1057258
vt 10.2749100 1.1237267
vt 10.1645800 1.1052419
vt 10.1549100 1.0926313
vt 10.2011800 1.1042646
vt 10.2347400 1.0927911
vt 10.2707500 1.0767138
vt 10.2962400 1.0912818
vt 10.1733700 1.0764511
vt 10.1846100 1.0876913
vt 10.2207500 1.0819349
vt 10.2525200 1.0661403
vt 10.2860200 1.0455308
vt 10.3128700 1.0564809
vt 10.2021600 1.0676672
vt 10.1895500 1.0579905
vt 10.2372600 1.0572510
vt 10.2666500 1.0374410
vt 10.2972000 1.0128307
vt 10.3247100 1.0201566
vt 10.2031900 1.0375838
vt 10.2169600 1.0455320
vt 10.2503800 1.0306165
vt 10.2769900 1.0072467
vt 10.3044800 0.9792384
vt 10.3319300 0.9831638
vt 10.2287300 1.0216476
vt 10.2140400 1.0155647
vt 10.2599300 1.0025022
vt 10.2835200 0.9760828
vt 10.3084700 0.9453048
vt 10.3353200 0.9463013
vt 10.2219400 0.9923219
vt 10.2372900 0.9964361
vt 10.2657200 0.9733784
vt 10.2865200 0.9444572
vt 10.3084300 0.3422029
vt 10.2865100 0.3430471
vt 10.3352700 0.3412039
vt 10.2424800 0.9703193
vt 10.2267200 0.9682445
vt 10.2676700 0.9437498
vt 10.2676700 0.3437499
vt 10.3044500 0.3083168
vt 10.2835200 0.3114469
vt 10.3318600 0.3044034
vt 10.2283300 0.9437498
vt 10.2442300 0.9437498
vt 10.2442300 0.3437499
vt 10.2657200 0.3141211
vt 10.2971800 0.2747880
vt 10.3246400 0.2675009
vt 10.2769800 0.2803128
vt 10.2283300 0.3437499
vt 10.2424800 0.3171805
vt 10.2599300 0.2849973
vt 10.2860300 0.2421644
vt 10.3128200 0.2313051
vt 10.2666600 0.2501518
vt 10.2267200 0.3192551
vt 10.2219400 0.2951778
vt 10.2372900 0.2910635
vt 10.2503800 0.2568831
vt 10.2708200 0.2110766
vt 10.2962600 0.1966795
vt 10.2525700 0.2214917
vt 10.2287300 0.2658522
vt 10.2140400 0.2719351
vt 10.2372600 0.2302489
vt 10.2516500 0.1821696
vt 10.2751100 0.1644408
vt 10.2348500 0.1948881
vt 10.2031900 0.2499160
vt 10.2169600 0.2419680
vt 10.2207500 0.2055650
vt 10.2288300 0.1560135
vt 10.2497600 0.1353050
vt 10.2138000 0.1708270
vt 10.2021600 0.2198327
vt 10.1895500 0.2295092
vt 10.2011800 0.1832352
vt 10.2027600 0.1331345
vt 10.2207300 0.1099009
vt 10.1897700 0.1497484
vt 10.1733700 0.2110487
vt 10.1846100 0.1998084
vt 10.1788500 0.1636637
vt 10.1739500 0.1139226
vt 10.1886600 0.0886962
vt 10.1632200 0.1319990
vt 10.1645800 0.1822577
vt 10.1549100 0.1948687
vt 10.1541700 0.1471604
vt 10.1429900 0.0986422
vt 10.1542700 0.0720195
vt 10.1346100 0.1178747
vt 10.1345000 0.1812248
vt 10.1424500 0.1674584
vt 10.1275300 0.1340351
vt 10.1104800 0.0873865
vt 10.1183300 0.0599951
vt 10.1045000 0.1075162
vt 10.1185600 0.1556883
vt 10.1124800 0.1703739
vt 10.0994200 0.1244830
vt 10.0770200 0.0800396
vt 10.0816400 0.0524957
vt 10.0733900 0.1009483
vt 10.0892400 0.1624768
vt 10.0933500 0.1471223
vt 10.0702900 0.1186984
vt 10.0430900 0.0760835
vt 10.0449300 0.0488479
vt 10.0417400 0.0979708
vt 10.0672300 0.1419350
vt 10.0651600 0.1576945
vt 10.0406600 0.1167479
vt 9.7464250 0.0752737
vt 9.7336270 0.0975844
vt 9.7553970 0.0482856
vt 10.0406600 0.1401860
vt 10.0406600 0.1560822
vn -0.0039139 0.0000000 0.9999923
vn 0.0000000 -0.6852425 0.7283150
vn -0.2914730 0.0000000 0.9565791
vn -0.0313016 0.3423609 0.9390470
vn 0.0000000 0.3425288 0.9395073
vn -0.0293680 0.4757623 0.8790835
vn 0.0000000 -0.6852425 0.7283150
vn 0.0000000 0.4759676 0.8794628
vn 0.0000000 0.7488100 0.6627848
vn -0.0215292 0.7496070 0.6615330
vn 0.0000000 0.9521508 0.3056287
vn -0.0097953 0.9521051 0.3056140
vn 0.0000000 0.9948018 0.1018301
vn -0.0039165 0.9947942 0.1018294
vn 0.0000000 0.9948018 0.1018301
vn -0.0039165 0.9947942 0.1018294
vn -0.0039139 0.0000000 -0.9999923
vn -0.1351133 0.0000000 -0.9908302
vn 0.0000000 -0.6003128 -0.7997653
vn 0.0000000 0.3425288 -0.9395073
vn -0.0313016 0.3423609 -0.9390470
vn 0.0000000 -0.6003128 -0.7997653
vn 0.0000000 0.4759676 -0.8794628
vn -0.0293680 0.4757623 -0.8790835
vn -0.0215292 0.7496070 -0.6615330
vn 0.0000000 0.7488100 -0.6627848
vn -0.0097953 0.9521051 -0.3056140
vn 0.0000000 0.9521508 -0.3056287
vn 0.0000000 0.9948018 -0.1018301
vn -0.0039165 0.9947942 -0.1018294
vn -0.0039165 0.9947942 -0.1018294
vn 0.0000000 0.9948018 -0.1018301
vn 0.8794628 0.4759676 0.0000000
vn 0.9390470 0.3423609 -0.0313016
vn 0.8790835 0.4757623 -0.0293680
vn 0.9395073 0.3425288 0.0000000
vn 0.7283150 -0.6852425 0.0000000
vn 0.7283150 -0.6852425 0.0000000
vn 0.9999981 0.0000000 0.0019569
vn 0.9999981 0.0000000 -0.0019569
vn -0.0313016 0.3423609 -0.9390470
vn 0.0293680 0.4757623 -0.8790835
vn 0.0313016 0.3423609 -0.9390470
vn -0.0293680 0.4757623 -0.8790835
vn -0.0215292 0.7496070 -0.6615330
vn 0.0215292 0.7496070 -0.6615330
vn -0.0097953 0.9521051 -0.3056140
vn 0.0097953 0.9521051 -0.3056140
vn -0.0039165 0.9947942 -0.1018294
vn 0.0039165 0.9947942 -0.1018294
vn -0.0039165 0.9947942 -0.1018294
vn 0.0039165 0.9947942 -0.1018294
vn 0.1018301 0.9948018 0.0000000
vn 0.1018294 0.9947942 -0.0039165
vn 0.1018294 0.9947942 -0.0039165
vn 0.1018301 0.9948018 0.0000000
vn 0.3050596 0.9523333 0.0000000
vn 0.3050450 0.9522878 -0.0097771
vn 0.6627848 0.7488100 0.0000000
vn 0.6615330 0.7496070 -0.0215292
vn -0.8790312 0.4757341 -0.0313240
vn -0.9390470 0.3423609 -0.0313016
vn -0.9389877 0.3423393 -0.0332558
vn -0.8790835 0.4757623 -0.0293680
vn -0.6615038 0.7495740 -0.0234853
vn -0.6615330 0.7496070 -0.0215292
vn -0.3056140 0.9521051 -0.0097953
vn -0.3056140 0.9521051 -0.0097953
vn -0.1018294 0.9947942 -0.0039165
vn -0.1018294 0.9947942 -0.0039165
vn -0.1018294 0.9947942 -0.0039165
vn -0.1018294 0.9947942 -0.0039165
vn 0.8790835 0.4757623 -0.0293680
vn 0.9395073 0.3425288 0.0000000
vn 0.9390470 0.3423609 -0.0313016
vn 0.8794628 0.4759676 0.0000000
vn 0.6615330 0.7496070 -0.0215292
vn 0.6627848 0.7488100 0.0000000
vn 0.3056140 0.9521051 -0.0097953
vn 0.1566509 0.9751518 -0.1566509
vn 0.1018294 0.9947942 -0.0039165
vn 0.0508484 0.9974111 -0.0508484
vn 0.1018294 0.9947942 -0.0039165
vn 0.0508484 0.9974111 -0.0508484
vn 0.0039165 0.9947942 0.1018294
vn 0.0508484 0.9974111 0.0508484
vn 0.0039165 0.9947942 0.1018294
vn 0.0508484 0.9974111 0.0508484
vn 0.0097953 0.9521051 0.3056140
vn 0.1566509 0.9751518 0.1566509
vn 0.0215292 0.7496070 0.6615330
vn 0.0000000 0.7488100 0.6627848
vn 0.0293680 0.4757623 0.8790835
vn 0.0000000 0.4759676 0.8794628
vn 0.0313016 0.3423609 0.9390470
vn 0.0000000 0.3425288 0.9395073
vn -0.8722558 0.4752425 -0.1153881
vn -0.9390470 0.3423609 -0.0313016
vn -0.8790835 0.4757623 -0.0293680
vn -0.6615330 0.7496070 -0.0215292
vn -0.9077176 0.3423504 -0.2425797
vn -0.9314195 0.3424336 -0.1232761
vn -0.8497382 0.4757751 -0.2271190
vn -0.6570312 0.7489374 -0.0860398
vn -0.9999981 0.0000000 -0.0019569
vn -0.3056140 0.9521051 -0.0097953
vn -0.9661050 0.0000000 -0.2581495
vn -0.9913809 0.0000000 -0.1310109
vn -0.8680605 0.3421410 -0.3597368
vn -0.9661050 0.0000000 -0.2581495
vn -0.8125424 0.4757778 -0.3367645
vn -0.6396266 0.7491652 -0.1721319
vn -0.3036176 0.9519882 -0.0391765
vn -0.1018294 0.9947942 -0.0039165
vn -0.9661050 0.0000000 -0.2581495
vn -0.7143774 -0.6850194 -0.1428754
vn -0.7275123 -0.6844873 -0.0469363
vn -0.9999981 0.0000000 -0.0019569
vn -0.7275123 -0.6844873 -0.0469363
vn -0.9242314 0.0000000 -0.3818329
vn -0.9242314 0.0000000 -0.3818329
vn -0.6902897 -0.6844232 -0.2346594
vn -0.1018206 0.9947083 -0.0137066
vn -0.2952453 0.9522150 -0.0782107
vn -0.1018294 0.9947942 -0.0039165
vn -0.7143774 -0.6850194 -0.1428754
vn -0.8666737 0.0000000 -0.4988754
vn -0.6902897 -0.6844232 -0.2346594
vn -0.0979201 0.9948686 -0.0254592
vn -0.0979151 0.9948171 -0.0274162
vn -0.1018206 0.9947083 -0.0137066
vn -0.6120125 0.7488844 -0.2541905
vn -0.2821188 0.9521508 -0.1175495
vn -0.8138407 0.3423609 -0.4695235
vn -0.0939970 0.9948018 -0.0391654
vn -0.0939970 0.9948018 -0.0391654
vn -0.5734096 0.7495424 -0.3307380
vn -0.7614362 0.4756529 -0.4404193
vn -0.2645001 0.9522001 -0.1528223
vn -0.6980250 0.4751262 -0.5357390
vn -0.7456982 0.3425123 -0.5715063
vn -0.8666737 0.0000000 -0.4988754
vn -0.0881227 0.9948075 -0.0509153
vn -0.0881227 0.9948075 -0.0509153
vn -0.5260513 0.7489875 -0.4028496
vn -0.2429053 0.9520320 -0.1860968
vn -0.6220996 0.4753780 -0.6220996
vn -0.6633733 0.3424494 -0.6653302
vn -0.7071068 0.0000000 -0.7071068
vn -0.7931333 0.0000000 -0.6090481
vn -0.7931333 0.0000000 -0.6090481
vn -0.0802890 0.9947999 -0.0626646
vn -0.0802890 0.9947999 -0.0626646
vn -0.4678806 0.7497836 -0.4678806
vn -0.2169347 0.9517766 -0.2169347
vn -0.5357390 0.4751262 -0.6980250
vn -0.5715063 0.3425123 -0.7456982
vn -0.7071068 0.0000000 -0.7071068
vn -0.0724513 0.9947370 -0.0724513
vn -0.0724513 0.9947370 -0.0724513
vn -0.4028496 0.7489875 -0.5260513
vn -0.1860968 0.9520320 -0.2429053
vn -0.4695235 0.3423609 -0.8138407
vn -0.4404193 0.4756529 -0.7614362
vn -0.6090481 0.0000000 -0.7931333
vn -0.5011906 0.0000000 -0.8653369
vn -0.6090481 0.0000000 -0.7931333
vn -0.0626646 0.9947999 -0.0802890
vn -0.0626646 0.9947999 -0.0802890
vn -0.3307380 0.7495424 -0.5734096
vn -0.1528223 0.9522001 -0.2645001
vn -0.3597368 0.3421410 -0.8680605
vn -0.5011906 0.0000000 -0.8653369
vn -0.3367645 0.4757778 -0.8125424
vn -0.0509153 0.9948075 -0.0881227
vn -0.0509153 0.9948075 -0.0881227
vn -0.2541905 0.7488844 -0.6120125
vn -0.1175495 0.9521508 -0.2821188
vn -0.2425797 0.3423504 -0.9077176
vn -0.2581495 0.0000000 -0.9661050
vn -0.3835036 0.0000000 -0.9235394
vn -0.3835036 0.0000000 -0.9235394
vn -0.2271190 0.4757751 -0.8497382
vn -0.0391654 0.9948018 -0.0939970
vn -0.0391654 0.9948018 -0.0939970
vn -0.1721319 0.7491652 -0.6396266
vn -0.0783566 0.9520320 -0.2957959
vn -0.1232761 0.3424336 -0.9314195
vn -0.2581495 0.0000000 -0.9661050
vn -0.1153881 0.4752425 -0.8722558
vn -0.0254592 0.9948686 -0.0979201
vn -0.0274162 0.9948171 -0.0979151
vn -0.0860398 0.7489374 -0.6570312
vn -0.0391765 0.9519882 -0.3036176
vn -0.0039139 0.0000000 -0.9999923
vn -0.1310109 0.0000000 -0.9913809
vn -0.1310109 0.0000000 -0.9913809
vn -0.0137066 0.9947083 -0.1018206
vn -0.0137066 0.9947083 -0.1018206
vn -0.0039139 0.0000000 -0.9999923
vn -0.0469363 -0.6844873 -0.7275123
vn -0.0469363 -0.6844873 -0.7275123
vn -0.2346594 -0.6844232 -0.6902897
vn -0.2346594 -0.6844232 -0.6902897
vn -0.2581495 0.0000000 -0.9661050
vn -0.3835036 0.0000000 -0.9235394
vn -0.4048339 -0.6845017 -0.6062729
vn -0.4048339 -0.6845017 -0.6062729
vn -0.5011906 0.0000000 -0.8653369
vn -0.6090481 0.0000000 -0.7931333
vn -0.5476359 -0.6845449 -0.4811373
vn -0.5476359 -0.6845449 -0.4811373
vn -0.7071068 0.0000000 -0.7071068
vn -0.7931333 0.0000000 -0.6090481
vn -0.6534202 -0.6847217 -0.3227974
vn -0.6534202 -0.6847217 -0.3227974
vn -0.8666737 0.0000000 -0.4988754
vn -0.9242314 0.0000000 -0.3818329
vn -0.1428754 -0.6850194 -0.7143774
vn -0.1428754 -0.6850194 -0.7143774
vn -0.1310109 0.0000000 -0.9913809
vn -0.2581495 0.0000000 -0.9661050
vn -0.3227974 -0.6847217 -0.6534202
vn -0.3227974 -0.6847217 -0.6534202
vn -0.3835036 0.0000000 -0.9235394
vn -0.5011906 0.0000000 -0.8653369
vn -0.4811373 -0.6845449 -0.5476359
vn -0.4811373 -0.6845449 -0.5476359
vn -0.6090481 0.0000000 -0.7931333
vn -0.7071068 0.0000000 -0.7071068
vn -0.6062729 -0.6845017 -0.4048339
vn -0.6062729 -0.6845017 -0.4048339
vn -0.7931333 0.0000000 -0.6090481
vn -0.8666737 0.0000000 -0.4988754
vn -0.1018206 0.9947083 0.0137066
vn -0.1018206 0.9947083 0.0137066
vn -0.1018294 0.9947942 0.0039165
vn -0.1018294 0.9947942 0.0039165
vn -0.3036176 0.9519882 0.0391765
vn -0.0979151 0.9948171 0.0274162
vn -0.0979201 0.9948686 0.0254592
vn -0.2952453 0.9522150 0.0782107
vn -0.0939970 0.9948018 0.0391654
vn -0.0939970 0.9948018 0.0391654
vn -0.2821188 0.9521508 0.1175495
vn -0.6396266 0.7491652 0.1721319
vn -0.6120125 0.7488844 0.2541905
vn -0.0881227 0.9948075 0.0509153
vn -0.0881227 0.9948075 0.0509153
vn -0.2645001 0.9522001 0.1528223
vn -0.5734096 0.7495424 0.3307380
vn -0.6570312 0.7489374 0.0860398
vn -0.8497382 0.4757751 0.2271190
vn -0.8125424 0.4757778 0.3367645
vn -0.7614362 0.4756529 0.4404193
vn -0.3056140 0.9521051 0.0097953
vn -0.0802890 0.9947999 0.0626646
vn -0.0802890 0.9947999 0.0626646
vn -0.6615330 0.7496070 0.0215292
vn -0.8722558 0.4752425 0.1153881
vn -0.9077176 0.3423504 0.2425797
vn -0.8680605 0.3421410 0.3597368
vn -0.8138407 0.3423609 0.4695235
vn -0.6980250 0.4751262 0.5357390
vn -0.0724513 0.9947370 0.0724513
vn -0.8790835 0.4757623 0.0293680
vn -0.9390470 0.3423609 0.0313016
vn -0.9314195 0.3424336 0.1232761
vn -0.9661050 0.0000000 0.2581495
vn -0.9661050 0.0000000 0.2581495
vn -0.8658274 0.0000000 0.5003427
vn -0.8658274 0.0000000 0.5003427
vn -0.7456982 0.3425123 0.5715063
vn -0.5260513 0.7489875 0.4028496
vn -0.9999981 0.0000000 0.0019569
vn -0.9913809 0.0000000 0.1310109
vn -0.9913809 0.0000000 0.1310109
vn -0.7143774 -0.6850194 0.1428754
vn -0.9235394 0.0000000 0.3835036
vn -0.7931333 0.0000000 0.6090481
vn -0.2429053 0.9520320 0.1860968
vn -0.7283150 -0.6852425 0.0000000
vn -0.9999981 0.0000000 0.0019569
vn -0.7275123 -0.6844873 0.0469363
vn -0.7143774 -0.6850194 0.1428754
vn -0.2169347 0.9517766 0.2169347
vn -0.4678806 0.7497836 0.4678806
vn -0.7283150 -0.6852425 0.0000000
vn -0.7275123 -0.6844873 0.0469363
vn -0.0724513 0.9947370 0.0724513
vn -0.1860968 0.9520320 0.2429053
vn -0.4028496 0.7489875 0.5260513
vn -0.6220996 0.4753780 0.6220996
vn -0.5357390 0.4751262 0.6980250
vn -0.0626646 0.9947999 0.0802890
vn -0.0626646 0.9947999 0.0802890
vn -0.1528223 0.9522001 0.2645001
vn -0.3307380 0.7495424 0.5734096
vn -0.4404193 0.4756529 0.7614362
vn -0.6642374 0.3428955 0.6642374
vn -0.5715063 0.3425123 0.7456982
vn -0.4695235 0.3423609 0.8138407
vn -0.0509153 0.9948075 0.0881227
vn -0.0509153 0.9948075 0.0881227
vn -0.1175495 0.9521508 0.2821188
vn -0.2541905 0.7488844 0.6120125
vn -0.3367645 0.4757778 0.8125424
vn -0.7071068 0.0000000 0.7071068
vn -0.7071068 0.0000000 0.7071068
vn -0.6090481 0.0000000 0.7931333
vn -0.6090481 0.0000000 0.7931333
vn -0.5003427 0.0000000 0.8658274
vn -0.3597368 0.3421410 0.8680605
vn -0.5003427 0.0000000 0.8658274
vn -0.7931333 0.0000000 0.6090481
vn -0.0391654 0.9948018 0.0939970
vn -0.0391654 0.9948018 0.0939970
vn -0.2425797 0.3423504 0.9077176
vn -0.3835036 0.0000000 0.9235394
vn -0.2581495 0.0000000 0.9661050
vn -0.3835036 0.0000000 0.9235394
vn -0.6090481 0.0000000 0.7931333
vn -0.4048339 -0.6845017 0.6062729
vn -0.0274162 0.9948171 0.0979151
vn -0.0254592 0.9948686 0.0979201
vn -0.0783566 0.9520320 0.2957959
vn -0.4048339 -0.6845017 0.6062729
vn -0.0137066 0.9947083 0.1018206
vn -0.0137066 0.9947083 0.1018206
vn -0.0391765 0.9519882 0.3036176
vn -0.1721319 0.7491652 0.6396266
vn -0.0860398 0.7489374 0.6570312
vn -0.2271190 0.4757751 0.8497382
vn -0.1153881 0.4752425 0.8722558
vn -0.1232761 0.3424336 0.9314195
vn -0.2581495 0.0000000 0.9661050
vn -0.1310109 0.0000000 0.9913809
vn -0.1310109 0.0000000 0.9913809
vn -0.0469363 -0.6844873 0.7275123
vn -0.0469363 -0.6844873 0.7275123
vn -0.0039139 0.0000000 0.9999923
vn -0.8658274 0.0000000 0.5003427
vn -0.9235394 0.0000000 0.3835036
vn -0.6534202 -0.6847217 0.3227974
vn -0.6534202 -0.6847217 0.3227974
vn -0.7071068 0.0000000 0.7071068
vn -0.7931333 0.0000000 0.6090481
vn -0.5476359 -0.6845449 0.4811373
vn -0.5476359 -0.6845449 0.4811373
vn -0.2581495 0.0000000 0.9661050
vn -0.3835036 0.0000000 0.9235394
vn -0.2346594 -0.6844232 0.6902897
vn -0.2346594 -0.6844232 0.6902897
vn -0.1310109 0.0000000 0.9913809
vn -0.2581495 0.0000000 0.9661050
vn -0.1428754 -0.6850194 0.7143774
vn -0.1428754 -0.6850194 0.7143774
vn -0.3835036 0.0000000 0.9235394
vn -0.5003427 0.0000000 0.8658274
vn -0.3227974 -0.6847217 0.6534202
vn -0.3227974 -0.6847217 0.6534202
vn -0.6090481 0.0000000 0.7931333
vn -0.7071068 0.0000000 0.7071068
vn -0.4811373 -0.6845449 0.5476359
vn -0.4811373 -0.6845449 0.5476359
vn -0.7931333 0.0000000 0.6090481
vn -0.8658274 0.0000000 0.5003427
vn -0.6062729 -0.6845017 0.4048339
vn -0.6062729 -0.6845017 0.4048339
vn -0.9235394 0.0000000 0.3835036
vn -0.9661050 0.0000000 0.2581495
vn -0.6902897 -0.6844232 0.2346594
vn -0.6902897 -0.6844232 0.2346594
vn 0.8722558 0.4752425 -0.1153881
vn 0.9077176 0.3423504 -0.2425797
vn 0.8497382 0.4757751 -0.2271190
vn 0.9314195 0.3424336 -0.1232761
vn 0.6570312 0.7489374 -0.0860398
vn 0.6396266 0.7491652 -0.1721319
vn 0.3030524 0.9521713 -0.0391035
vn 0.8125424 0.4757778 -0.3367645
vn 0.6120125 0.7488844 -0.2541905
vn 0.2957959 0.9520320 -0.0783566
vn 0.1018206 0.9947083 -0.0137066
vn 0.8138407 0.3423609 -0.4695235
vn 0.7614362 0.4756529 -0.4404193
vn 0.8680605 0.3421410 -0.3597368
vn 0.9913809 0.0000000 -0.1310109
vn 0.5734096 0.7495424 -0.3307380
vn 0.2821188 0.9521508 -0.1175495
vn 0.0979201 0.9948686 -0.0254592
vn 0.6980250 0.4751262 -0.5357390
vn 0.9661050 0.0000000 -0.2581495
vn 0.9661050 0.0000000 -0.2581495
vn 0.9913809 0.0000000 -0.1310109
vn 0.1018206 0.9947083 -0.0137066
vn 0.5260513 0.7489875 -0.4028496
vn 0.2645001 0.9522001 -0.1528223
vn 0.0939970 0.9948018 -0.0391654
vn 0.0979151 0.9948171 -0.0274162
vn 0.9235394 0.0000000 -0.3835036
vn 0.9913809 0.0000000 -0.1310109
vn 0.7143774 -0.6850194 -0.1428754
vn 0.9999981 0.0000000 -0.0019569
vn 0.7275123 -0.6844873 -0.0469363
vn 0.2429053 0.9520320 -0.1860968
vn 0.0881227 0.9948075 -0.0509153
vn 0.0881227 0.9948075 -0.0509153
vn 0.0939970 0.9948018 -0.0391654
vn 0.9235394 0.0000000 -0.3835036
vn 0.8666737 0.0000000 -0.4988754
vn 0.7143774 -0.6850194 -0.1428754
vn 0.7275123 -0.6844873 -0.0469363
vn 0.0802890 0.9947999 -0.0626646
vn 0.4678806 0.7497836 -0.4678806
vn 0.2173389 0.9515921 -0.2173389
vn 0.0802890 0.9947999 -0.0626646
vn 0.8666737 0.0000000 -0.4988754
vn 0.7456982 0.3425123 -0.5715063
vn 0.0724513 0.9947370 -0.0724513
vn 0.0724513 0.9947370 -0.0724513
vn 0.4028496 0.7489875 -0.5260513
vn 0.1860968 0.9520320 -0.2429053
vn 0.6220996 0.4753780 -0.6220996
vn 0.5357390 0.4751262 -0.6980250
vn 0.7931333 0.0000000 -0.6090481
vn 0.7071068 0.0000000 -0.7071068
vn 0.6642374 0.3428955 -0.6642374
vn 0.7931333 0.0000000 -0.6090481
vn 0.0626646 0.9947999 -0.0802890
vn 0.0626646 0.9947999 -0.0802890
vn 0.4404193 0.4756529 -0.7614362
vn 0.3307380 0.7495424 -0.5734096
vn 0.1528223 0.9522001 -0.2645001
vn 0.4695235 0.3423609 -0.8138407
vn 0.5715063 0.3425123 -0.7456982
vn 0.7071068 0.0000000 -0.7071068
vn 0.0509153 0.9948075 -0.0881227
vn 0.0509153 0.9948075 -0.0881227
vn 0.3367645 0.4757778 -0.8125424
vn 0.2541905 0.7488844 -0.6120125
vn 0.1175495 0.9521508 -0.2821188
vn 0.5003427 0.0000000 -0.8658274
vn 0.3597368 0.3421410 -0.8680605
vn 0.5003427 0.0000000 -0.8658274
vn 0.6090481 0.0000000 -0.7931333
vn 0.6090481 0.0000000 -0.7931333
vn 0.0391654 0.9948018 -0.0939970
vn 0.0391654 0.9948018 -0.0939970
vn 0.2425797 0.3423504 -0.9077176
vn 0.2271190 0.4757751 -0.8497382
vn 0.1721319 0.7491652 -0.6396266
vn 0.0783566 0.9520320 -0.2957959
vn 0.3835036 0.0000000 -0.9235394
vn 0.0000000 1.0000000 0.0000000
vn 0.4048339 -0.6845017 -0.6062729
vn 0.0254592 0.9948686 -0.0979201
vn 0.0274162 0.9948171 -0.0979151
vn 0.1153881 0.4752425 -0.8722558
vn 0.2581495 0.0000000 -0.9661050
vn 0.1232761 0.3424336 -0.9314195
vn 0.2581495 0.0000000 -0.9661050
vn 0.0860398 0.7489374 -0.6570312
vn 0.0391765 0.9519882 -0.3036176
vn 0.4048339 -0.6845017 -0.6062729
vn 0.0137066 0.9947083 -0.1018206
vn 0.0137066 0.9947083 -0.1018206
vn 0.0313016 0.3423609 -0.9390470
vn 0.0293680 0.4757623 -0.8790835
vn 0.1310109 0.0000000 -0.9913809
vn 0.0097843 0.0000000 -0.9999521
vn 0.1310109 0.0000000 -0.9913809
vn 0.3835036 0.0000000 -0.9235394
vn 0.0215292 0.7496070 -0.6615330
vn 0.0097953 0.9521051 -0.3056140
vn 0.0039165 0.9947942 -0.1018294
vn 0.0039165 0.9947942 -0.1018294
vn 0.0313016 0.3423609 -0.9390470
vn -0.0293680 0.4757623 -0.8790835
vn -0.0215292 0.7496070 -0.6615330
vn -0.0097953 0.9521051 -0.3056140
vn -0.0039165 0.9947942 -0.1018294
vn -0.0039165 0.9947942 -0.1018294
vn 0.0097843 0.0000000 -0.9999521
vn -0.0313016 0.3423609 -0.9390470
vn -0.1153881 0.4752425 -0.8722558
vn -0.0860398 0.7489374 -0.6570312
vn -0.0391765 0.9519882 -0.3036176
vn -0.0137066 0.9947083 -0.1018206
vn -0.0137066 0.9947083 -0.1018206
vn -0.0097843 0.0000000 -0.9999521
vn 0.0000000 -0.6852425 -0.7283150
vn 0.0000000 -0.6852425 -0.7283150
vn -0.0097843 0.0000000 -0.9999521
vn -0.1232761 0.3424336 -0.9314195
vn -0.2425797 0.3423504 -0.9077176
vn -0.2271190 0.4757751 -0.8497382
vn -0.1721319 0.7491652 -0.6396266
vn -0.0783566 0.9520320 -0.2957959
vn -0.0274162 0.9948171 -0.0979151
vn -0.0254592 0.9948686 -0.0979201
vn -0.1310109 0.0000000 -0.9913809
vn -0.1310109 0.0000000 -0.9913809
vn -0.2581495 0.0000000 -0.9661050
vn -0.2581495 0.0000000 -0.9661050
vn -0.3597368 0.3421410 -0.8680605
vn -0.3367645 0.4757778 -0.8125424
vn -0.2541905 0.7488844 -0.6120125
vn -0.1175495 0.9521508 -0.2821188
vn -0.0391654 0.9948018 -0.0939970
vn -0.0391654 0.9948018 -0.0939970
vn -0.3835036 0.0000000 -0.9235394
vn -0.3835036 0.0000000 -0.9235394
vn -0.5011906 0.0000000 -0.8653369
vn -0.4695235 0.3423609 -0.8138407
vn -0.4404193 0.4756529 -0.7614362
vn -0.3307380 0.7495424 -0.5734096
vn -0.1528223 0.9522001 -0.2645001
vn -0.0509153 0.9948075 -0.0881227
vn -0.0509153 0.9948075 -0.0881227
vn -0.5011906 0.0000000 -0.8653369
vn -0.5715063 0.3425123 -0.7456982
vn -0.5357390 0.4751262 -0.6980250
vn -0.4028496 0.7489875 -0.5260513
vn -0.1860968 0.9520320 -0.2429053
vn -0.0626646 0.9947999 -0.0802890
vn -0.0626646 0.9947999 -0.0802890
vn -0.6090481 0.0000000 -0.7931333
vn -0.6090481 0.0000000 -0.7931333
vn -0.7071068 0.0000000 -0.7071068
vn -0.6642374 0.3428955 -0.6642374
vn -0.6220996 0.4753780 -0.6220996
vn -0.4678806 0.7497836 -0.4678806
vn -0.2173389 0.9515921 -0.2173389
vn -0.0724513 0.9947370 -0.0724513
vn -0.0724513 0.9947370 -0.0724513
vn -0.4811373 -0.6845449 -0.5476359
vn -0.7071068 0.0000000 -0.7071068
vn -0.4811373 -0.6845449 -0.5476359
vn -0.7071068 0.0000000 -0.7071068
vn -0.7456982 0.3425123 -0.5715063
vn -0.6980250 0.4751262 -0.5357390
vn -0.5260513 0.7489875 -0.4028496
vn -0.2429053 0.9520320 -0.1860968
vn -0.0802890 0.9947999 -0.0626646
vn -0.0802890 0.9947999 -0.0626646
vn -0.7931333 0.0000000 -0.6090481
vn -0.7931333 0.0000000 -0.6090481
vn -0.8666737 0.0000000 -0.4988754
vn -0.8138407 0.3423609 -0.4695235
vn -0.7614362 0.4756529 -0.4404193
vn -0.5734096 0.7495424 -0.3307380
vn -0.2645001 0.9522001 -0.1528223
vn -0.0881227 0.9948075 -0.0509153
vn -0.0881227 0.9948075 -0.0509153
vn -0.6062729 -0.6845017 -0.4048339
vn -0.8666737 0.0000000 -0.4988754
vn -0.6062729 -0.6845017 -0.4048339
vn -0.8666737 0.0000000 -0.4988754
vn -0.8680605 0.3421410 -0.3597368
vn -0.8125424 0.4757778 -0.3367645
vn -0.6120125 0.7488844 -0.2541905
vn -0.2821188 0.9521508 -0.1175495
vn -0.0939970 0.9948018 -0.0391654
vn -0.0939970 0.9948018 -0.0391654
vn -0.9242314 0.0000000 -0.3818329
vn -0.9242314 0.0000000 -0.3818329
vn -0.9661050 0.0000000 -0.2581495
vn -0.9077176 0.3423504 -0.2425797
vn -0.8497382 0.4757751 -0.2271190
vn -0.6396266 0.7491652 -0.1721319
vn -0.2957959 0.9520320 -0.0783566
vn -0.0979201 0.9948686 -0.0254592
vn -0.0979151 0.9948171 -0.0274162
vn -0.9661050 0.0000000 -0.2581495
vn -0.9314195 0.3424336 -0.1232761
vn -0.8722558 0.4752425 -0.1153881
vn -0.6570312 0.7489374 -0.0860398
vn -0.3036176 0.9519882 -0.0391765
vn -0.1018206 0.9947083 -0.0137066
vn -0.1018206 0.9947083 -0.0137066
vn -0.9913809 0.0000000 -0.1310109
vn -0.9913809 0.0000000 -0.1310109
vn -0.9390470 0.3423609 -0.0313016
vn -0.8790835 0.4757623 -0.0293680
vn -0.6615330 0.7496070 -0.0215292
vn -0.3056140 0.9521051 -0.0097953
vn -0.1018294 0.9947942 -0.0039165
vn -0.1018294 0.9947942 -0.0039165
vn -0.9997244 0.0000000 -0.0234769
vn -0.4813178 0.0000000 -0.8765462
vn -0.9395073 0.3425288 0.0000000
vn -0.8794628 0.4759676 0.0000000
vn -0.6627848 0.7488100 0.0000000
vn -0.3056287 0.9521508 0.0000000
vn -0.1018294 0.9947942 -0.0039165
vn -0.1018294 0.9947942 -0.0039165
vn -0.7980433 -0.6024446 -0.0136919
vn -0.7980433 -0.6024446 -0.0136919
vn -0.4813178 0.0000000 -0.8765462
vn 0.6902897 -0.6844232 -0.2346594
vn 0.6902897 -0.6844232 -0.2346594
vn 0.9661050 0.0000000 -0.2581495
vn 0.9235394 0.0000000 -0.3835036
vn 0.6062729 -0.6845017 -0.4048339
vn 0.6062729 -0.6845017 -0.4048339
vn 0.8666737 0.0000000 -0.4988754
vn 0.7931333 0.0000000 -0.6090481
vn 0.4811373 -0.6845449 -0.5476359
vn 0.4811373 -0.6845449 -0.5476359
vn 0.7071068 0.0000000 -0.7071068
vn 0.6090481 0.0000000 -0.7931333
vn 0.3227974 -0.6847217 -0.6534202
vn 0.3227974 -0.6847217 -0.6534202
vn 0.5003427 0.0000000 -0.8658274
vn 0.3835036 0.0000000 -0.9235394
vn 0.1428754 -0.6850194 -0.7143774
vn 0.1428754 -0.6850194 -0.7143774
vn 0.2581495 0.0000000 -0.9661050
vn 0.1310109 0.0000000 -0.9913809
vn 0.0488874 -0.6844232 -0.7274441
vn 0.0488874 -0.6844232 -0.7274441
vn 0.1310109 0.0000000 -0.9913809
vn 0.0097843 0.0000000 -0.9999521
vn 0.2346594 -0.6844232 -0.6902897
vn 0.2346594 -0.6844232 -0.6902897
vn 0.3835036 0.0000000 -0.9235394
vn 0.2581495 0.0000000 -0.9661050
vn 0.5476359 -0.6845449 -0.4811373
vn 0.5476359 -0.6845449 -0.4811373
vn 0.7931333 0.0000000 -0.6090481
vn 0.7071068 0.0000000 -0.7071068
vn 0.6534202 -0.6847217 -0.3227974
vn 0.6534202 -0.6847217 -0.3227974
vn 0.9235394 0.0000000 -0.3835036
vn 0.8666737 0.0000000 -0.4988754
vn -0.0078337 -0.6012343 -0.7990344
vn -0.0078337 -0.6012343 -0.7990344
vn -0.4813178 0.0000000 -0.8765462
vn -0.0136973 0.0000000 -0.9999062
vn -0.0313016 0.3423609 -0.9390470
vn 0.0000000 0.3425288 -0.9395073
vn -0.0136973 0.0000000 -0.9999062
vn -0.1232761 0.3424336 -0.9314195
vn -0.1153881 0.4752425 -0.8722558
vn -0.0293680 0.4757623 -0.8790835
vn 0.0000000 0.4759676 -0.8794628
vn -0.1310109 0.0000000 -0.9913809
vn -0.2581495 0.0000000 -0.9661050
vn -0.2425797 0.3423504 -0.9077176
vn -0.1310109 0.0000000 -0.9913809
vn -0.2271190 0.4757751 -0.8497382
vn -0.0860398 0.7489374 -0.6570312
vn -0.0215292 0.7496070 -0.6615330
vn 0.0000000 0.7488100 -0.6627848
vn -0.3597368 0.3421410 -0.8680605
vn -0.3367645 0.4757778 -0.8125424
vn -0.2581495 0.0000000 -0.9661050
vn -0.1721319 0.7491652 -0.6396266
vn -0.0391765 0.9519882 -0.3036176
vn -0.0097953 0.9521051 -0.3056140
vn 0.0000000 0.9521508 -0.3056287
vn -0.5011906 0.0000000 -0.8653369
vn -0.4695235 0.3423609 -0.8138407
vn -0.3835036 0.0000000 -0.9235394
vn -0.3835036 0.0000000 -0.9235394
vn -0.4404193 0.4756529 -0.7614362
vn -0.2541905 0.7488844 -0.6120125
vn -0.0783566 0.9520320 -0.2957959
vn -0.0137066 0.9947083 -0.1018206
vn -0.0039165 0.9947942 -0.1018294
vn 0.0000000 0.9948018 -0.1018301
vn -0.5011906 0.0000000 -0.8653369
vn -0.5715063 0.3425123 -0.7456982
vn -0.5357390 0.4751262 -0.6980250
vn -0.3307380 0.7495424 -0.5734096
vn -0.1175495 0.9521508 -0.2821188
vn -0.0254592 0.9948686 -0.0979201
vn -0.0039165 0.9947942 -0.1018294
vn -0.0274162 0.9948171 -0.0979151
vn -0.0137066 0.9947083 -0.1018206
vn 0.0000000 0.9948018 -0.1018301
vn -0.6090481 0.0000000 -0.7931333
vn -0.7071068 0.0000000 -0.7071068
vn -0.6642374 0.3428955 -0.6642374
vn -0.6090481 0.0000000 -0.7931333
vn -0.1528223 0.9522001 -0.2645001
vn -0.0391654 0.9948018 -0.0939970
vn -0.0391654 0.9948018 -0.0939970
vn -0.4811373 -0.6845449 -0.5476359
vn -0.4811373 -0.6845449 -0.5476359
vn -0.7071068 0.0000000 -0.7071068
vn -0.7456982 0.3425123 -0.5715063
vn -0.6980250 0.4751262 -0.5357390
vn -0.6220996 0.4753780 -0.6220996
vn -0.7071068 0.0000000 -0.7071068
vn -0.0509153 0.9948075 -0.0881227
vn -0.0509153 0.9948075 -0.0881227
vn -0.8666737 0.0000000 -0.4988754
vn -0.8138407 0.3423609 -0.4695235
vn -0.7931333 0.0000000 -0.6090481
vn -0.7931333 0.0000000 -0.6090481
vn -0.4678806 0.7497836 -0.4678806
vn -0.4028496 0.7489875 -0.5260513
vn -0.1860968 0.9520320 -0.2429053
vn -0.0626646 0.9947999 -0.0802890
vn -0.0626646 0.9947999 -0.0802890
vn -0.6062729 -0.6845017 -0.4048339
vn -0.8666737 0.0000000 -0.4988754
vn -0.6062729 -0.6845017 -0.4048339
vn -0.5260513 0.7489875 -0.4028496
vn -0.2173389 0.9515921 -0.2173389
vn -0.0724513 0.9947370 -0.0724513
vn -0.0724513 0.9947370 -0.0724513
vn -0.7614362 0.4756529 -0.4404193
vn -0.2429053 0.9520320 -0.1860968
vn -0.5734096 0.7495424 -0.3307380
vn -0.0802890 0.9947999 -0.0626646
vn -0.0802890 0.9947999 -0.0626646
vn -0.8125424 0.4757778 -0.3367645
vn -0.8680605 0.3421410 -0.3597368
vn -0.8666737 0.0000000 -0.4988754
vn -0.2645001 0.9522001 -0.1528223
vn -0.6120125 0.7488844 -0.2541905
vn -0.0881227 0.9948075 -0.0509153
vn -0.0881227 0.9948075 -0.0509153
vn -0.8497382 0.4757751 -0.2271190
vn -0.9077176 0.3423504 -0.2425797
vn -0.9661050 0.0000000 -0.2581495
vn -0.9242314 0.0000000 -0.3818329
vn -0.9242314 0.0000000 -0.3818329
vn -0.2821188 0.9521508 -0.1175495
vn -0.6396266 0.7491652 -0.1721319
vn -0.0939970 0.9948018 -0.0391654
vn -0.0939970 0.9948018 -0.0391654
vn -0.8722558 0.4752425 -0.1153881
vn -0.9314195 0.3424336 -0.1232761
vn -0.9661050 0.0000000 -0.2581495
vn -0.2957959 0.9520320 -0.0783566
vn -0.6570312 0.7489374 -0.0860398
vn -0.0979201 0.9948686 -0.0254592
vn -0.0979151 0.9948171 -0.0274162
vn -0.8790835 0.4757623 -0.0293680
vn -0.9390470 0.3423609 -0.0313016
vn -0.9913809 0.0000000 -0.1310109
vn -0.9913809 0.0000000 -0.1310109
vn -0.3036176 0.9519882 -0.0391765
vn -0.6615330 0.7496070 -0.0215292
vn -0.1018206 0.9947083 -0.0137066
vn -0.1018206 0.9947083 -0.0137066
vn -0.6627848 0.7488100 0.0000000
vn -0.8794628 0.4759676 0.0000000
vn -0.9395073 0.3425288 0.0000000
vn -0.2388487 0.0000000 -0.9710568
vn -0.9992350 0.0000000 -0.0391090
vn -0.3056140 0.9521051 -0.0097953
vn -0.3056287 0.9521508 0.0000000
vn -0.1018294 0.9947942 -0.0039165
vn -0.1018294 0.9947942 -0.0039165
vn -0.1018294 0.9947942 -0.0039165
vn -0.1018294 0.9947942 -0.0039165
vn -0.0078337 -0.6012343 -0.7990344
vn -0.2388487 0.0000000 -0.9710568
vn -0.0078337 -0.6012343 -0.7990344
vn -0.0136973 0.0000000 -0.9999062
vn -0.0313016 0.3423609 -0.9390470
vn 0.0000000 0.3425288 -0.9395073
vn -0.1232761 0.3424336 -0.9314195
vn -0.1153881 0.4752425 -0.8722558
vn -0.0293680 0.4757623 -0.8790835
vn -0.0136973 0.0000000 -0.9999062
vn 0.0000000 0.4759676 -0.8794628
vn -0.2581495 0.0000000 -0.9661050
vn -0.2425797 0.3423504 -0.9077176
vn -0.1310109 0.0000000 -0.9913809
vn -0.1310109 0.0000000 -0.9913809
vn -0.2271190 0.4757751 -0.8497382
vn -0.0860398 0.7489374 -0.6570312
vn -0.0215292 0.7496070 -0.6615330
vn 0.0000000 0.7488100 -0.6627848
vn -0.3597368 0.3421410 -0.8680605
vn -0.3367645 0.4757778 -0.8125424
vn -0.2581495 0.0000000 -0.9661050
vn -0.1721319 0.7491652 -0.6396266
vn -0.0391765 0.9519882 -0.3036176
vn -0.0097953 0.9521051 -0.3056140
vn 0.0000000 0.9521508 -0.3056287
vn -0.4695235 0.3423609 -0.8138407
vn -0.5011906 0.0000000 -0.8653369
vn -0.3835036 0.0000000 -0.9235394
vn -0.3835036 0.0000000 -0.9235394
vn -0.4404193 0.4756529 -0.7614362
vn -0.2541905 0.7488844 -0.6120125
vn -0.0783566 0.9520320 -0.2957959
vn -0.0137066 0.9947083 -0.1018206
vn -0.0039165 0.9947942 -0.1018294
vn 0.0000000 0.9948018 -0.1018301
vn -0.5011906 0.0000000 -0.8653369
vn -0.5715063 0.3425123 -0.7456982
vn -0.5357390 0.4751262 -0.6980250
vn -0.3307380 0.7495424 -0.5734096
vn -0.1175495 0.9521508 -0.2821188
vn -0.0254592 0.9948686 -0.0979201
vn -0.0039165 0.9947942 -0.1018294
vn -0.0274162 0.9948171 -0.0979151
vn -0.0137066 0.9947083 -0.1018206
vn 0.0000000 0.9948018 -0.1018301
vn -0.6090481 0.0000000 -0.7931333
vn -0.7071068 0.0000000 -0.7071068
vn -0.6653302 0.3424494 -0.6633733
vn -0.6090481 0.0000000 -0.7931333
vn -0.1528223 0.9522001 -0.2645001
vn -0.0391654 0.9948018 -0.0939970
vn -0.0391654 0.9948018 -0.0939970
vn -0.7456982 0.3425123 -0.5715063
vn -0.6980250 0.4751262 -0.5357390
vn -0.6220996 0.4753780 -0.6220996
vn -0.7071068 0.0000000 -0.7071068
vn -0.4028496 0.7489875 -0.5260513
vn -0.1860968 0.9520320 -0.2429053
vn -0.0509153 0.9948075 -0.0881227
vn -0.0509153 0.9948075 -0.0881227
vn -0.4678806 0.7497836 -0.4678806
vn -0.7931333 0.0000000 -0.6090481
vn -0.2173389 0.9515921 -0.2173389
vn -0.0626646 0.9947999 -0.0802890
vn -0.0626646 0.9947999 -0.0802890
vn -0.5260513 0.7489875 -0.4028496
vn -0.6062729 -0.6845017 -0.4048339
vn -0.8666737 0.0000000 -0.4988754
vn -0.6062729 -0.6845017 -0.4048339
vn -0.2429053 0.9520320 -0.1860968
vn -0.0724513 0.9947370 -0.0724513
vn -0.0724513 0.9947370 -0.0724513
vn -0.5734096 0.7495424 -0.3307380
vn -0.7614362 0.4756529 -0.4404193
vn -0.8138407 0.3423609 -0.4695235
vn -0.2645001 0.9522001 -0.1528223
vn -0.0802890 0.9947999 -0.0626646
vn -0.0802890 0.9947999 -0.0626646
vn -0.8125424 0.4757778 -0.3367645
vn -0.6120125 0.7488844 -0.2541905
vn -0.8680605 0.3421410 -0.3597368
vn -0.8666737 0.0000000 -0.4988754
vn -0.8666737 0.0000000 -0.4988754
vn -0.7931333 0.0000000 -0.6090481
vn -0.2821188 0.9521508 -0.1175495
vn -0.0881227 0.9948075 -0.0509153
vn -0.0881227 0.9948075 -0.0509153
vn -0.9077176 0.3423504 -0.2425797
vn -0.8497382 0.4757751 -0.2271190
vn -0.6396266 0.7491652 -0.1721319
vn -0.9661050 0.0000000 -0.2581495
vn -0.9242314 0.0000000 -0.3818329
vn -0.9242314 0.0000000 -0.3818329
vn -0.2957959 0.9520320 -0.0783566
vn -0.0939970 0.9948018 -0.0391654
vn -0.0939970 0.9948018 -0.0391654
vn -0.9661050 0.0000000 -0.2581495
vn -0.9314195 0.3424336 -0.1232761
vn -0.8722558 0.4752425 -0.1153881
vn -0.6570312 0.7489374 -0.0860398
vn -0.3036176 0.9519882 -0.0391765
vn -0.0979201 0.9948686 -0.0254592
vn -0.0979151 0.9948171 -0.0274162
vn -0.9913809 0.0000000 -0.1310109
vn -0.9998086 0.0000000 -0.0195657
vn -0.9390470 0.3423609 -0.0313016
vn -0.8790835 0.4757623 -0.0293680
vn -0.6615330 0.7496070 -0.0215292
vn -0.3056140 0.9521051 -0.0097953
vn -0.1018206 0.9947083 -0.0137066
vn -0.1018206 0.9947083 -0.0137066
vn -0.9998086 0.0000000 -0.0195657
vn -0.9395073 0.3425288 0.0000000
vn -0.8794628 0.4759676 0.0000000
vn -0.6627848 0.7488100 0.0000000
vn -0.3056287 0.9521508 0.0000000
vn -0.1018294 0.9947942 -0.0039165
vn -0.1018294 0.9947942 -0.0039165
vn -0.1018294 0.9947942 -0.0039165
vn -0.7990206 -0.6012239 -0.0097919
vn -0.1351133 0.0000000 -0.9908302
vn -0.1351133 0.0000000 -0.9908302
vn -0.1018294 0.9947942 -0.0039165
vn -0.7990206 -0.6012239 -0.0097919
vn -0.0469363 -0.6844873 -0.7275123
vn -0.0469363 -0.6844873 -0.7275123
vn -0.0097843 0.0000000 -0.9999521
vn -0.1310109 0.0000000 -0.9913809
vn -0.2346594 -0.6844232 -0.6902897
vn -0.2346594 -0.6844232 -0.6902897
vn -0.2581495 0.0000000 -0.9661050
vn -0.3835036 0.0000000 -0.9235394
vn -0.4048339 -0.6845017 -0.6062729
vn -0.4048339 -0.6845017 -0.6062729
vn -0.5011906 0.0000000 -0.8653369
vn -0.6090481 0.0000000 -0.7931333
vn -0.5476359 -0.6845449 -0.4811373
vn -0.5476359 -0.6845449 -0.4811373
vn -0.7071068 0.0000000 -0.7071068
vn -0.7931333 0.0000000 -0.6090481
vn -0.6534202 -0.6847217 -0.3227974
vn -0.6534202 -0.6847217 -0.3227974
vn -0.8666737 0.0000000 -0.4988754
vn -0.9242314 0.0000000 -0.3818329
vn -0.7143774 -0.6850194 -0.1428754
vn -0.7143774 -0.6850194 -0.1428754
vn -0.9661050 0.0000000 -0.2581495
vn -0.9913809 0.0000000 -0.1310109
vn -0.7275123 -0.6844873 -0.0469363
vn -0.7275123 -0.6844873 -0.0469363
vn -0.9997244 0.0000000 -0.0234769
vn -0.0469363 -0.6844873 -0.7275123
vn -0.0469363 -0.6844873 -0.7275123
vn -0.0136973 0.0000000 -0.9999062
vn -0.1310109 0.0000000 -0.9913809
vn -0.2346594 -0.6844232 -0.6902897
vn -0.2346594 -0.6844232 -0.6902897
vn -0.2581495 0.0000000 -0.9661050
vn -0.3835036 0.0000000 -0.9235394
vn -0.4048339 -0.6845017 -0.6062729
vn -0.4048339 -0.6845017 -0.6062729
vn -0.5011906 0.0000000 -0.8653369
vn -0.6090481 0.0000000 -0.7931333
vn -0.5476359 -0.6845449 -0.4811373
vn -0.5476359 -0.6845449 -0.4811373
vn -0.7071068 0.0000000 -0.7071068
vn -0.7931333 0.0000000 -0.6090481
vn -0.6534202 -0.6847217 -0.3227974
vn -0.6534202 -0.6847217 -0.3227974
vn -0.8666737 0.0000000 -0.4988754
vn -0.9242314 0.0000000 -0.3818329
vn -0.7143774 -0.6850194 -0.1428754
vn -0.7143774 -0.6850194 -0.1428754
vn -0.9661050 0.0000000 -0.2581495
vn -0.9913809 0.0000000 -0.1310109
vn -0.7275123 -0.6844873 -0.0469363
vn -0.7275123 -0.6844873 -0.0469363
vn -0.9992350 0.0000000 -0.0391090
vn -0.0469363 -0.6844873 -0.7275123
vn -0.0469363 -0.6844873 -0.7275123
vn -0.0136973 0.0000000 -0.9999062
vn -0.1310109 0.0000000 -0.9913809
vn -0.2346594 -0.6844232 -0.6902897
vn -0.2346594 -0.6844232 -0.6902897
vn -0.2581495 0.0000000 -0.9661050
vn -0.3835036 0.0000000 -0.9235394
vn -0.4048339 -0.6845017 -0.6062729
vn -0.4048339 -0.6845017 -0.6062729
vn -0.5011906 0.0000000 -0.8653369
vn -0.6090481 0.0000000 -0.7931333
vn -0.5476359 -0.6845449 -0.4811373
vn -0.5476359 -0.6845449 -0.4811373
vn -0.7071068 0.0000000 -0.7071068
vn -0.7931333 0.0000000 -0.6090481
vn -0.6534202 -0.6847217 -0.3227974
vn -0.6534202 -0.6847217 -0.3227974
vn -0.8666737 0.0000000 -0.4988754
vn -0.9242314 0.0000000 -0.3818329
vn -0.7143774 -0.6850194 -0.1428754
vn -0.7143774 -0.6850194 -0.1428754
vn -0.9661050 0.0000000 -0.2581495
vn -0.9913809 0.0000000 -0.1310109
vn -0.7275123 -0.6844873 -0.0469363
vn -0.7275123 -0.6844873 -0.0469363
vn -0.9998086 0.0000000 -0.0195657
vn -0.6902897 -0.6844232 -0.2346594
vn -0.6902897 -0.6844232 -0.2346594
vn -0.9242314 0.0000000 -0.3818329
vn -0.9661050 0.0000000 -0.2581495
vn -0.3227974 -0.6847217 -0.6534202
vn -0.3227974 -0.6847217 -0.6534202
vn -0.3835036 0.0000000 -0.9235394
vn -0.5011906 0.0000000 -0.8653369
vn -0.1428754 -0.6850194 -0.7143774
vn -0.1428754 -0.6850194 -0.7143774
vn -0.1310109 0.0000000 -0.9913809
vn -0.2581495 0.0000000 -0.9661050
vn -0.6902897 -0.6844232 -0.2346594
vn -0.6902897 -0.6844232 -0.2346594
vn -0.9242314 0.0000000 -0.3818329
vn -0.9661050 0.0000000 -0.2581495
vn -0.3227974 -0.6847217 -0.6534202
vn -0.3227974 -0.6847217 -0.6534202
vn -0.3835036 0.0000000 -0.9235394
vn -0.5011906 0.0000000 -0.8653369
vn -0.1428754 -0.6850194 -0.7143774
vn -0.1428754 -0.6850194 -0.7143774
vn -0.1310109 0.0000000 -0.9913809
vn -0.2581495 0.0000000 -0.9661050
vn -0.7961208 -0.6044259 -0.0293411
vn -0.7961208 -0.6044259 -0.0293411
vn -0.9992350 0.0000000 -0.0391090
vn -0.2388487 0.0000000 -0.9710568
vn -0.6902897 -0.6844232 -0.2346594
vn -0.6902897 -0.6844232 -0.2346594
vn -0.9242314 0.0000000 -0.3818329
vn -0.9661050 0.0000000 -0.2581495
vn -0.4811373 -0.6845449 -0.5476359
vn -0.4811373 -0.6845449 -0.5476359
vn -0.6090481 0.0000000 -0.7931333
vn -0.7071068 0.0000000 -0.7071068
vn -0.3227974 -0.6847217 -0.6534202
vn -0.3227974 -0.6847217 -0.6534202
vn -0.3835036 0.0000000 -0.9235394
vn -0.5011906 0.0000000 -0.8653369
vn -0.1428754 -0.6850194 -0.7143774
vn -0.1428754 -0.6850194 -0.7143774
vn -0.1310109 0.0000000 -0.9913809
vn -0.2581495 0.0000000 -0.9661050
vn 0.2173389 0.9515921 0.2173389
vn 0.0802890 0.9947999 0.0626646
vn 0.0724513 0.9947370 0.0724513
vn 0.2429053 0.9520320 0.1860968
vn 0.0881227 0.9948075 0.0509153
vn 0.0802890 0.9947999 0.0626646
vn 0.0881227 0.9948075 0.0509153
vn 0.0724513 0.9947370 0.0724513
vn 0.0626646 0.9947999 0.0802890
vn 0.2645001 0.9522001 0.1528223
vn 0.5260513 0.7489875 0.4028496
vn 0.0939970 0.9948018 0.0391654
vn 0.0939970 0.9948018 0.0391654
vn 0.0626646 0.9947999 0.0802890
vn 0.2821188 0.9521508 0.1175495
vn 0.5734096 0.7495424 0.3307380
vn 0.0979151 0.9948171 0.0274162
vn 0.0979201 0.9948686 0.0254592
vn 0.2957959 0.9520320 0.0783566
vn 0.6120125 0.7488844 0.2541905
vn 0.7614362 0.4756529 0.4404193
vn 0.1018206 0.9947083 0.0137066
vn 0.1018206 0.9947083 0.0137066
vn 0.3035687 0.9518348 0.0430872
vn 0.6396266 0.7491652 0.1721319
vn 0.8125424 0.4757778 0.3367645
vn 0.8138407 0.3423609 0.4695235
vn 0.1018294 0.9947942 0.0039165
vn 0.1018294 0.9947942 0.0039165
vn 0.3050386 0.9522677 0.0117322
vn 0.6555748 0.7495079 0.0919762
vn 0.8497382 0.4757751 0.2271190
vn 0.8680605 0.3421410 0.3597368
vn 0.1018301 0.9948018 0.0000000
vn 0.1018301 0.9948018 0.0000000
vn 0.3050596 0.9523333 0.0000000
vn 0.6614380 0.7494993 0.0273968
vn 0.8711802 0.4757231 0.1213779
vn 0.9077176 0.3423504 0.2425797
vn 0.9235394 0.0000000 0.3835036
vn 0.3050596 0.9523333 0.0000000
vn 0.6627848 0.7488100 0.0000000
vn 0.8789167 0.4756721 0.0352350
vn 0.9389248 0.3423164 0.0352097
vn 0.9309633 0.3422659 0.1271274
vn 0.9661050 0.0000000 0.2581495
vn 0.6627848 0.7488100 0.0000000
vn 0.8794628 0.4759676 0.0000000
vn 0.9395073 0.3425288 0.0000000
vn 0.9999062 0.0000000 0.0136973
vn 0.9913809 0.0000000 0.1310109
vn 0.8794628 0.4759676 0.0000000
vn 0.9395073 0.3425288 0.0000000
vn 0.9999981 0.0000000 0.0019569
vn 0.9395073 0.3425288 0.0000000
vn 0.7283150 -0.6852425 0.0000000
vn 0.7283150 -0.6852425 0.0000000
vn 0.9999062 0.0000000 0.0136973
vn 0.7280415 -0.6849853 0.0273994
vn 0.9913809 0.0000000 0.1310109
vn 0.7219186 -0.6847467 0.0997774
vn 0.7042381 -0.6846759 0.1877968
vn 0.9661050 0.0000000 0.2581495
vn 0.6733458 -0.6850903 0.2779509
vn 0.9235394 0.0000000 0.3835036
vn -0.0137066 0.9947083 0.1018206
vn -0.0254592 0.9948686 0.0979201
vn -0.0391765 0.9519882 0.3036176
vn -0.0274162 0.9948171 0.0979151
vn -0.0137066 0.9947083 0.1018206
vn -0.0097953 0.9521051 0.3056140
vn -0.0039165 0.9947942 0.1018294
vn -0.0039165 0.9947942 0.1018294
vn -0.0391654 0.9948018 0.0939970
vn -0.0391654 0.9948018 0.0939970
vn -0.0215292 0.7496070 0.6615330
vn -0.0509153 0.9948075 0.0881227
vn -0.1175495 0.9521508 0.2821188
vn -0.0509153 0.9948075 0.0881227
vn -0.0783566 0.9520320 0.2957959
vn -0.0860398 0.7489374 0.6570312
vn -0.0293680 0.4757623 0.8790835
vn -0.0626646 0.9947999 0.0802890
vn -0.1528223 0.9522001 0.2645001
vn -0.2541905 0.7488844 0.6120125
vn -0.1721319 0.7491652 0.6396266
vn -0.0626646 0.9947999 0.0802890
vn -0.1153881 0.4752425 0.8722558
vn -0.0724513 0.9947370 0.0724513
vn -0.1860968 0.9520320 0.2429053
vn -0.0724513 0.9947370 0.0724513
vn -0.3307380 0.7495424 0.5734096
vn -0.3367645 0.4757778 0.8125424
vn -0.2271190 0.4757751 0.8497382
vn -0.2425797 0.3423504 0.9077176
vn -0.1232761 0.3424336 0.9314195
vn -0.2173389 0.9515921 0.2173389
vn -0.0802890 0.9947999 0.0626646
vn -0.4028496 0.7489875 0.5260513
vn -0.0802890 0.9947999 0.0626646
vn -0.4404193 0.4756529 0.7614362
vn -0.4695235 0.3423609 0.8138407
vn -0.3597368 0.3421410 0.8680605
vn -0.2581495 0.0000000 0.9661050
vn -0.2581495 0.0000000 0.9661050
vn -0.1310109 0.0000000 0.9913809
vn -0.2429053 0.9520320 0.1860968
vn -0.4678806 0.7497836 0.4678806
vn -0.5357390 0.4751262 0.6980250
vn -0.0881227 0.9948075 0.0509153
vn -0.5715063 0.3425123 0.7456982
vn -0.5003427 0.0000000 0.8658274
vn -0.5003427 0.0000000 0.8658274
vn -0.3835036 0.0000000 0.9235394
vn -0.3835036 0.0000000 0.9235394
vn -0.5260513 0.7489875 0.4028496
vn -0.6220996 0.4753780 0.6220996
vn -0.6653302 0.3424494 0.6633733
vn -0.0939970 0.9948018 0.0391654
vn -0.0881227 0.9948075 0.0509153
vn -0.0939970 0.9948018 0.0391654
vn -0.6090481 0.0000000 0.7931333
vn -0.6090481 0.0000000 0.7931333
vn -0.4048339 -0.6845017 0.6062729
vn -0.6980250 0.4751262 0.5357390
vn -0.7456982 0.3425123 0.5715063
vn -0.7071068 0.0000000 0.7071068
vn -0.7071068 0.0000000 0.7071068
vn -0.2645001 0.9522001 0.1528223
vn -0.0979151 0.9948171 0.0274162
vn -0.4048339 -0.6845017 0.6062729
vn -0.7931333 0.0000000 0.6090481
vn -0.8658274 0.0000000 0.5003427
vn -0.7931333 0.0000000 0.6090481
vn -0.8138407 0.3423609 0.4695235
vn -0.6090481 0.0000000 0.7931333
vn -0.5734096 0.7495424 0.3307380
vn -0.2821188 0.9521508 0.1175495
vn -0.0979201 0.9948686 0.0254592
vn -0.1018206 0.9947083 0.0137066
vn -0.1018206 0.9947083 0.0137066
vn -0.8680605 0.3421410 0.3597368
vn -0.8658274 0.0000000 0.5003427
vn -0.8125424 0.4757778 0.3367645
vn -0.7614362 0.4756529 0.4404193
vn -0.6120125 0.7488844 0.2541905
vn -0.2957959 0.9520320 0.0783566
vn -0.1018294 0.9947942 0.0039165
vn -0.3036176 0.9519882 0.0391765
vn -0.1018294 0.9947942 0.0039165
vn -0.9235394 0.0000000 0.3835036
vn -0.6396266 0.7491652 0.1721319
vn -0.9077176 0.3423504 0.2425797
vn -0.8497382 0.4757751 0.2271190
vn -0.1018294 0.9947942 0.0039165
vn -0.1018294 0.9947942 0.0039165
vn -0.6570312 0.7489374 0.0860398
vn -0.3056140 0.9521051 0.0097953
vn -0.3056287 0.9521508 0.0000000
vn -0.9314195 0.3424336 0.1232761
vn -0.9661050 0.0000000 0.2581495
vn -0.9661050 0.0000000 0.2581495
vn -0.8722558 0.4752425 0.1153881
vn -0.6615330 0.7496070 0.0215292
vn -0.6627848 0.7488100 0.0000000
vn -0.9913809 0.0000000 0.1310109
vn -0.9390470 0.3423609 0.0313016
vn -0.9999828 0.0000000 0.0058707
vn -0.9913809 0.0000000 0.1310109
vn -0.8790835 0.4757623 0.0293680
vn -0.9235394 0.0000000 0.3835036
vn -0.8794628 0.4759676 0.0000000
vn -0.9534642 0.0000000 0.3015062
vn -0.9999828 0.0000000 0.0058707
vn -0.9395073 0.3425288 0.0000000
vn -0.9999828 0.0000000 0.0058707
vn -0.7275123 -0.6844873 0.0469363
vn -0.9534642 0.0000000 0.3015062
vn -0.7283150 -0.6852425 0.0000000
vn -0.7275123 -0.6844873 0.0469363
vn -0.7283150 -0.6852425 0.0000000
vn -0.9661050 0.0000000 0.2581495
vn -0.9913809 0.0000000 0.1310109
vn -0.7143774 -0.6850194 0.1428754
vn -0.7143774 -0.6850194 0.1428754
vn -0.8658274 0.0000000 0.5003427
vn -0.9235394 0.0000000 0.3835036
vn -0.6534202 -0.6847217 0.3227974
vn -0.6534202 -0.6847217 0.3227974
vn -0.7071068 0.0000000 0.7071068
vn -0.7931333 0.0000000 0.6090481
vn -0.5476359 -0.6845449 0.4811373
vn -0.5476359 -0.6845449 0.4811373
vn -0.2581495 0.0000000 0.9661050
vn -0.3835036 0.0000000 0.9235394
vn -0.2346594 -0.6844232 0.6902897
vn -0.2346594 -0.6844232 0.6902897
vn -0.7931333 0.0000000 0.6090481
vn -0.8658274 0.0000000 0.5003427
vn -0.6062729 -0.6845017 0.4048339
vn -0.6062729 -0.6845017 0.4048339
vn -0.9235394 0.0000000 0.3835036
vn -0.9661050 0.0000000 0.2581495
vn -0.6902897 -0.6844232 0.2346594
vn -0.6902897 -0.6844232 0.2346594
vn -0.1310109 0.0000000 0.9913809
vn -0.2581495 0.0000000 0.9661050
vn -0.1428754 -0.6850194 0.7143774
vn -0.1428754 -0.6850194 0.7143774
vn -0.3835036 0.0000000 0.9235394
vn -0.5003427 0.0000000 0.8658274
vn -0.3227974 -0.6847217 0.6534202
vn -0.3227974 -0.6847217 0.6534202
vn -0.6090481 0.0000000 0.7931333
vn -0.7071068 0.0000000 0.7071068
vn -0.4811373 -0.6845449 0.5476359
vn -0.4811373 -0.6845449 0.5476359
vn -0.9913809 0.0000000 0.1310109
vn -0.9999521 0.0000000 0.0097843
vn -0.7275123 -0.6844873 0.0469363
vn -0.7275123 -0.6844873 0.0469363
vn -0.9235394 0.0000000 0.3835036
vn -0.9661050 0.0000000 0.2581495
vn -0.6902897 -0.6844232 0.2346594
vn -0.6902897 -0.6844232 0.2346594
vn -0.7931333 0.0000000 0.6090481
vn -0.8658274 0.0000000 0.5003427
vn -0.6062729 -0.6845017 0.4048339
vn -0.6062729 -0.6845017 0.4048339
vn -0.6090481 0.0000000 0.7931333
vn -0.7071068 0.0000000 0.7071068
vn -0.4811373 -0.6845449 0.5476359
vn -0.4811373 -0.6845449 0.5476359
vn -0.3835036 0.0000000 0.9235394
vn -0.5003427 0.0000000 0.8658274
vn -0.3227974 -0.6847217 0.6534202
vn -0.3227974 -0.6847217 0.6534202
vn -0.1310109 0.0000000 0.9913809
vn -0.2581495 0.0000000 0.9661050
vn -0.1428754 -0.6850194 0.7143774
vn -0.1428754 -0.6850194 0.7143774
vn -0.9661050 0.0000000 0.2581495
vn -0.9913809 0.0000000 0.1310109
vn -0.7143774 -0.6850194 0.1428754
vn -0.7143774 -0.6850194 0.1428754
vn -0.8658274 0.0000000 0.5003427
vn -0.9235394 0.0000000 0.3835036
vn -0.6534202 -0.6847217 0.3227974
vn -0.6534202 -0.6847217 0.3227974
vn -0.7071068 0.0000000 0.7071068
vn -0.7931333 0.0000000 0.6090481
vn -0.5476359 -0.6845449 0.4811373
vn -0.5476359 -0.6845449 0.4811373
vn -0.5003427 0.0000000 0.8658274
vn -0.6090481 0.0000000 0.7931333
vn -0.4048339 -0.6845017 0.6062729
vn -0.4048339 -0.6845017 0.6062729
vn -0.2581495 0.0000000 0.9661050
vn -0.3835036 0.0000000 0.9235394
vn -0.2346594 -0.6844232 0.6902897
vn -0.2346594 -0.6844232 0.6902897
vn -0.0136973 0.0000000 0.9999062
vn -0.1310109 0.0000000 0.9913809
vn -0.0469363 -0.6844873 0.7275123
vn -0.0488874 -0.6844232 0.7274441
vn -0.7283150 -0.6852425 0.0000000
vn -0.7283150 -0.6852425 0.0000000
vn -0.2914730 0.0000000 0.9565791
vn -0.9999521 0.0000000 0.0097843
vn -0.9390470 0.3423609 0.0313016
vn -0.2914730 0.0000000 0.9565791
vn -0.9999521 0.0000000 0.0097843
vn -0.9314195 0.3424336 0.1232761
vn -0.8722558 0.4752425 0.1153881
vn -0.8790835 0.4757623 0.0293680
vn -0.9395073 0.3425288 0.0000000
vn -0.8794628 0.4759676 0.0000000
vn -0.9913809 0.0000000 0.1310109
vn -0.9913809 0.0000000 0.1310109
vn -0.9077176 0.3423504 0.2425797
vn -0.8497382 0.4757751 0.2271190
vn -0.6570312 0.7489374 0.0860398
vn -0.6615330 0.7496070 0.0215292
vn -0.6627848 0.7488100 0.0000000
vn -0.9661050 0.0000000 0.2581495
vn -0.9661050 0.0000000 0.2581495
vn -0.8680605 0.3421410 0.3597368
vn -0.8125424 0.4757778 0.3367645
vn -0.6396266 0.7491652 0.1721319
vn -0.3036176 0.9519882 0.0391765
vn -0.3056140 0.9521051 0.0097953
vn -0.3056287 0.9521508 0.0000000
vn -0.9235394 0.0000000 0.3835036
vn -0.9235394 0.0000000 0.3835036
vn -0.8138407 0.3423609 0.4695235
vn -0.7614362 0.4756529 0.4404193
vn -0.6120125 0.7488844 0.2541905
vn -0.2957959 0.9520320 0.0783566
vn -0.1018206 0.9947083 0.0137066
vn -0.1018294 0.9947942 0.0039165
vn -0.1018294 0.9947942 0.0039165
vn -0.8658274 0.0000000 0.5003427
vn -0.8658274 0.0000000 0.5003427
vn -0.7456982 0.3425123 0.5715063
vn -0.6980250 0.4751262 0.5357390
vn -0.5734096 0.7495424 0.3307380
vn -0.2821188 0.9521508 0.1175495
vn -0.0979201 0.9948686 0.0254592
vn -0.1018294 0.9947942 0.0039165
vn -0.1018294 0.9947942 0.0039165
vn -0.7931333 0.0000000 0.6090481
vn -0.7931333 0.0000000 0.6090481
vn -0.6633733 0.3424494 0.6653302
vn -0.6220996 0.4753780 0.6220996
vn -0.5260513 0.7489875 0.4028496
vn -0.2645001 0.9522001 0.1528223
vn -0.0939970 0.9948018 0.0391654
vn -0.0979151 0.9948171 0.0274162
vn -0.1018206 0.9947083 0.0137066
vn -0.7071068 0.0000000 0.7071068
vn -0.7071068 0.0000000 0.7071068
vn -0.5715063 0.3425123 0.7456982
vn -0.5357390 0.4751262 0.6980250
vn -0.4678806 0.7497836 0.4678806
vn -0.2429053 0.9520320 0.1860968
vn -0.0881227 0.9948075 0.0509153
vn -0.0939970 0.9948018 0.0391654
vn -0.0881227 0.9948075 0.0509153
vn -0.6090481 0.0000000 0.7931333
vn -0.6090481 0.0000000 0.7931333
vn -0.4695235 0.3423609 0.8138407
vn -0.4028496 0.7489875 0.5260513
vn -0.4404193 0.4756529 0.7614362
vn -0.2173389 0.9515921 0.2173389
vn -0.0802890 0.9947999 0.0626646
vn -0.0802890 0.9947999 0.0626646
vn -0.5003427 0.0000000 0.8658274
vn -0.5003427 0.0000000 0.8658274
vn -0.3597368 0.3421410 0.8680605
vn -0.3367645 0.4757778 0.8125424
vn -0.1860968 0.9520320 0.2429053
vn -0.3307380 0.7495424 0.5734096
vn -0.0724513 0.9947370 0.0724513
vn -0.0724513 0.9947370 0.0724513
vn -0.3835036 0.0000000 0.9235394
vn -0.3835036 0.0000000 0.9235394
vn -0.2425797 0.3423504 0.9077176
vn -0.2541905 0.7488844 0.6120125
vn -0.2271190 0.4757751 0.8497382
vn -0.0626646 0.9947999 0.0802890
vn -0.1528223 0.9522001 0.2645001
vn -0.0626646 0.9947999 0.0802890
vn -0.2581495 0.0000000 0.9661050
vn -0.2581495 0.0000000 0.9661050
vn -0.1232761 0.3424336 0.9314195
vn -0.1153881 0.4752425 0.8722558
vn -0.1175495 0.9521508 0.2821188
vn -0.1721319 0.7491652 0.6396266
vn -0.0509153 0.9948075 0.0881227
vn -0.0509153 0.9948075 0.0881227
vn -0.1310109 0.0000000 0.9913809
vn -0.0136973 0.0000000 0.9999062
vn -0.0313016 0.3423609 0.9390470
vn -0.1310109 0.0000000 0.9913809
vn -0.0860398 0.7489374 0.6570312
vn -0.0293680 0.4757623 0.8790835
vn -0.0391654 0.9948018 0.0939970
vn -0.0783566 0.9520320 0.2957959
vn -0.0391654 0.9948018 0.0939970
vn -0.0391765 0.9519882 0.3036176
vn -0.0215292 0.7496070 0.6615330
vn -0.0313016 0.3423609 0.9390470
vn 0.0000000 0.3425288 0.9395073
vn 0.0000000 0.4759676 0.8794628
vn 0.0000000 0.7488100 0.6627848
vn -0.0254592 0.9948686 0.0979201
vn -0.0274162 0.9948171 0.0979151
vn -0.0137066 0.9947083 0.1018206
vn -0.0097953 0.9521051 0.3056140
vn 0.0000000 0.9521508 0.3056287
vn -0.0136973 0.0000000 0.9999062
vn -0.9534642 0.0000000 0.3015062
vn -0.0137066 0.9947083 0.1018206
vn -0.0039165 0.9947942 0.1018294
vn -0.0039165 0.9947942 0.1018294
vn 0.0000000 0.9948018 0.1018301
vn 0.0000000 -0.6852425 0.7283150
vn 0.0000000 -0.6852425 0.7283150
vn -0.9534642 0.0000000 0.3015062
vn 0.0000000 0.9948018 0.1018301
vn -0.9390470 0.3423609 0.0313016
vn -0.8790835 0.4757623 0.0293680
vn -0.8794628 0.4759676 0.0000000
vn -0.9395073 0.3425288 0.0000000
vn -0.6615330 0.7496070 0.0215292
vn -0.9395073 0.3425288 0.0000000
vn -0.3050450 0.9522878 0.0097771
vn -0.6627848 0.7488100 0.0000000
vn -0.8794628 0.4759676 0.0000000
vn -0.9388583 0.3422922 -0.0371631
vn -0.1018294 0.9947942 0.0039165
vn -0.3050596 0.9523333 0.0000000
vn -0.6627848 0.7488100 0.0000000
vn -0.8789167 0.4756721 -0.0352350
vn -0.9307301 0.3421802 -0.1290508
vn -0.1018294 0.9947942 0.0039165
vn -0.1018301 0.9948018 0.0000000
vn -0.3050596 0.9523333 0.0000000
vn -0.6614380 0.7494993 -0.0273968
vn -0.8711802 0.4757231 -0.1213779
vn -0.9077176 0.3423504 -0.2425797
vn -0.1018301 0.9948018 0.0000000
vn -0.1018301 0.9948018 0.0000000
vn -0.3050386 0.9522677 -0.0117322
vn -0.6555748 0.7495079 -0.0919762
vn -0.8497382 0.4757751 -0.2271190
vn -0.8680605 0.3421410 -0.3597368
vn -0.1018301 0.9948018 0.0000000
vn -0.1018294 0.9947942 -0.0039165
vn -0.3035687 0.9518348 -0.0430872
vn -0.6396266 0.7491652 -0.1721319
vn -0.8125424 0.4757778 -0.3367645
vn -0.8138407 0.3423609 -0.4695235
vn -0.1018294 0.9947942 -0.0039165
vn -0.1018206 0.9947083 -0.0137066
vn -0.2957959 0.9520320 -0.0783566
vn -0.6120125 0.7488844 -0.2541905
vn -0.7614362 0.4756529 -0.4404193
vn -0.7456982 0.3425123 -0.5715063
vn -0.1018206 0.9947083 -0.0137066
vn -0.0979201 0.9948686 -0.0254592
vn -0.2821188 0.9521508 -0.1175495
vn -0.5734096 0.7495424 -0.3307380
vn -0.6980250 0.4751262 -0.5357390
vn -0.6653302 0.3424494 -0.6633733
vn -0.0979151 0.9948171 -0.0274162
vn -0.0939970 0.9948018 -0.0391654
vn -0.2645001 0.9522001 -0.1528223
vn -0.5260513 0.7489875 -0.4028496
vn -0.6220996 0.4753780 -0.6220996
vn -0.5715063 0.3425123 -0.7456982
vn -0.0939970 0.9948018 -0.0391654
vn -0.0881227 0.9948075 -0.0509153
vn -0.2429053 0.9520320 -0.1860968
vn -0.4678806 0.7497836 -0.4678806
vn -0.5357390 0.4751262 -0.6980250
vn -0.4695235 0.3423609 -0.8138407
vn -0.0881227 0.9948075 -0.0509153
vn -0.0802890 0.9947999 -0.0626646
vn -0.2173389 0.9515921 -0.2173389
vn -0.4028496 0.7489875 -0.5260513
vn -0.4404193 0.4756529 -0.7614362
vn -0.3597368 0.3421410 -0.8680605
vn -0.0802890 0.9947999 -0.0626646
vn -0.0724513 0.9947370 -0.0724513
vn -0.1860968 0.9520320 -0.2429053
vn -0.3307380 0.7495424 -0.5734096
vn -0.3367645 0.4757778 -0.8125424
vn -0.2425797 0.3423504 -0.9077176
vn -0.0724513 0.9947370 -0.0724513
vn -0.0626646 0.9947999 -0.0802890
vn -0.1528223 0.9522001 -0.2645001
vn -0.2541905 0.7488844 -0.6120125
vn -0.2271190 0.4757751 -0.8497382
vn -0.1232761 0.3424336 -0.9314195
vn -0.0626646 0.9947999 -0.0802890
vn -0.0509153 0.9948075 -0.0881227
vn -0.1175495 0.9521508 -0.2821188
vn -0.1721319 0.7491652 -0.6396266
vn -0.1153881 0.4752425 -0.8722558
vn -0.0313016 0.3423609 -0.9390470
vn -0.0509153 0.9948075 -0.0881227
vn -0.0391654 0.9948018 -0.0939970
vn -0.0783566 0.9520320 -0.2957959
vn -0.0860398 0.7489374 -0.6570312
vn -0.0293680 0.4757623 -0.8790835
vn 0.0000000 0.3425288 -0.9395073
vn -0.0391654 0.9948018 -0.0939970
vn -0.0254592 0.9948686 -0.0979201
vn -0.0391765 0.9519882 -0.3036176
vn -0.0215292 0.7496070 -0.6615330
vn 0.0000000 0.4759676 -0.8794628
vn 0.0000000 0.3425288 -0.9395073
vn -0.0274162 0.9948171 -0.0979151
vn -0.0137066 0.9947083 -0.1018206
vn -0.0097953 0.9521051 -0.3056140
vn 0.0000000 0.7488100 -0.6627848
vn 0.0000000 0.4759676 -0.8794628
vn -0.0137066 0.9947083 -0.1018206
vn -0.0039165 0.9947942 -0.1018294
vn 0.0000000 0.9521508 -0.3056287
vn 0.0000000 0.7488100 -0.6627848
vn -0.0039165 0.9947942 -0.1018294
vn 0.0000000 0.9948018 -0.1018301
vn 0.0000000 0.9521508 -0.3056287
vn 0.0000000 0.9948018 -0.1018301
vn 0.0000000 0.9948018 -0.1018301
vn 0.0000000 0.9948018 -0.1018301
vn -0.0254592 0.9948686 -0.0979201
vn -0.0254592 0.9948686 -0.0979201
vn -0.0137066 0.9947083 -0.1018206
vn -0.0783566 0.9520320 -0.2957959
vn -0.0137066 0.9947083 -0.1018206
vn -0.0039165 0.9947942 -0.1018294
vn -0.2523602 0.7492555 -0.6123157
vn -0.1702329 0.7494161 -0.6398408
vn -0.0391765 0.9519882 -0.3036176
vn -0.0039165 0.9947942 -0.1018294
vn -0.3350270 0.4760909 -0.8130771
vn -0.2271190 0.4757751 -0.8497382
vn -0.0860398 0.7489374 -0.6570312
vn -0.0097953 0.9521051 -0.3056140
vn -0.3580329 0.3423812 -0.8686700
vn -0.2425797 0.3423504 -0.9077176
vn -0.1134577 0.4753489 -0.8724510
vn -0.0215292 0.7496070 -0.6615330
vn -0.1213484 0.3425156 -0.9316424
vn -0.0274117 0.4757888 -0.8791323
vn -0.0293470 0.3423812 -0.9391027
vn 0.8666737 0.0000000 0.4988754
vn 0.5773735 -0.6850194 0.4442840
vn 0.6305488 -0.6853792 0.3642301
vn 0.7931333 0.0000000 0.6090481
vn 0.5149562 -0.6853030 0.5149562
vn 0.7071068 0.0000000 0.7071068
vn 0.4442840 -0.6850194 0.5773735
vn 0.6090481 0.0000000 0.7931333
vn 0.3642301 -0.6853792 0.6305488
vn 0.5003427 0.0000000 0.8658274
vn 0.2779509 -0.6850903 0.6733458
vn 0.3835036 0.0000000 0.9235394
vn 0.1877968 -0.6846759 0.7042381
vn 0.2581495 0.0000000 0.9661050
vn 0.0959012 -0.6850089 0.7221951
vn 0.1310109 0.0000000 0.9913809
vn 0.0234876 -0.6850535 0.7281140
vn 0.0019569 0.0000000 0.9999981
vn 0.0019569 0.0000000 0.9999981
vn -0.0019569 0.0000000 0.9999981
vn 0.0000000 -0.6852425 0.7283150
vn 0.8666737 0.0000000 0.4988754
vn 0.7931333 0.0000000 0.6090481
vn 0.7456982 0.3425123 0.5715063
vn 0.7071068 0.0000000 0.7071068
vn 0.6980250 0.4751262 0.5357390
vn 0.6653302 0.3424494 0.6633733
vn 0.6090481 0.0000000 0.7931333
vn 0.6220996 0.4753780 0.6220996
vn 0.5715063 0.3425123 0.7456982
vn 0.5003427 0.0000000 0.8658274
vn 0.4678806 0.7497836 0.4678806
vn 0.5357390 0.4751262 0.6980250
vn 0.4695235 0.3423609 0.8138407
vn 0.3835036 0.0000000 0.9235394
vn 0.4028496 0.7489875 0.5260513
vn 0.4404193 0.4756529 0.7614362
vn 0.3597368 0.3421410 0.8680605
vn 0.2581495 0.0000000 0.9661050
vn 0.3307380 0.7495424 0.5734096
vn 0.1860968 0.9520320 0.2429053
vn 0.3367645 0.4757778 0.8125424
vn 0.2425797 0.3423504 0.9077176
vn 0.1310109 0.0000000 0.9913809
vn 0.2541905 0.7488844 0.6120125
vn 0.1528223 0.9522001 0.2645001
vn 0.2271190 0.4757751 0.8497382
vn 0.1232761 0.3424336 0.9314195
vn 0.0019569 0.0000000 0.9999981
vn 0.1175495 0.9521508 0.2821188
vn 0.0509153 0.9948075 0.0881227
vn 0.1153881 0.4752425 0.8722558
vn 0.0313016 0.3423609 0.9390470
vn 0.0509153 0.9948075 0.0881227
vn 0.0293680 0.4757623 0.8790835
vn 0.0274117 0.4757888 0.8791323
vn 0.0293470 0.3423812 0.9391027
vn -0.0019569 0.0000000 0.9999981
vn 0.0019569 0.0000000 0.9999981
vn 0.0215292 0.7496070 0.6615330
vn 0.1213484 0.3425156 0.9316424
vn 0.0293470 0.3423812 0.9391027
vn 0.1134577 0.4753489 0.8724510
vn 0.0215292 0.7496070 0.6615330
vn 0.0097953 0.9521051 0.3056140
vn 0.2425797 0.3423504 0.9077176
vn 0.2407372 0.3425124 0.9081469
vn 0.1213484 0.3425156 0.9316424
vn -0.0019569 0.0000000 0.9999981
vn 0.2271190 0.4757751 0.8497382
vn 0.0860398 0.7489374 0.6570312
vn 0.0097953 0.9521051 0.3056140
vn 0.0039165 0.9947942 0.1018294
vn 0.3580329 0.3423812 0.8686700
vn 0.3580329 0.3423812 0.8686700
vn 0.3350270 0.4760909 0.8130771
vn 0.1702329 0.7494161 0.6398408
vn 0.0391765 0.9519882 0.3036176
vn 0.0039165 0.9947942 0.1018294
vn 0.0039165 0.9947942 0.1018294
vn 0.4679963 0.3426752 0.8145877
vn 0.4679963 0.3426752 0.8145877
vn 0.4381851 0.4753525 0.7629114
vn 0.2523602 0.7492555 0.6123157
vn 0.0783566 0.9520320 0.2957959
vn 0.0137066 0.9947083 0.1018206
vn 0.0039165 0.9947942 0.1018294
vn 0.5715063 0.3425123 0.7456982
vn 0.5715063 0.3425123 0.7456982
vn 0.5343427 0.4756238 0.6987559
vn 0.3307380 0.7495424 0.5734096
vn 0.1175495 0.9521508 0.2821188
vn 0.0254592 0.9948686 0.0979201
vn 0.0137066 0.9947083 0.1018206
vn 0.6633733 0.3424494 0.6653302
vn 0.6633733 0.3424494 0.6653302
vn 0.6208982 0.4759567 0.6228568
vn 0.4028496 0.7489875 0.5260513
vn 0.1528223 0.9522001 0.2645001
vn 0.0391654 0.9948018 0.0939970
vn 0.0254592 0.9948686 0.0979201
vn 0.7439919 0.3426279 0.5736569
vn 0.7439919 0.3426279 0.5736569
vn 0.6970203 0.4757751 0.5364706
vn 0.4674518 0.7490964 0.4694076
vn 0.1860968 0.9520320 0.2429053
vn 0.0509153 0.9948075 0.0881227
vn 0.0391654 0.9948018 0.0939970
vn 0.8124287 0.3425904 0.4717960
vn 0.8124287 0.3425904 0.4717960
vn 0.7614362 0.4756529 0.4404193
vn 0.5246347 0.7497577 0.4032639
vn 0.2154723 0.9519955 0.2174310
vn 0.0626646 0.9947999 0.0802890
vn 0.0509153 0.9948075 0.0881227
vn 0.8675774 0.3427225 0.3603482
vn 0.8669641 0.3424802 0.3620504
vn 0.8120056 0.4754635 0.3384986
vn 0.5730378 0.7490563 0.3324792
vn 0.2429053 0.9520320 0.1860968
vn 0.0724513 0.9947370 0.0724513
vn 0.0626646 0.9947999 0.0802890
vn 0.9072854 0.3421874 0.2444196
vn 0.9072854 0.3421874 0.2444196
vn 0.6120125 0.7488844 0.2541905
vn 0.8493590 0.4755628 0.2289746
vn 0.2645001 0.9522001 0.1528223
vn 0.0802890 0.9947999 0.0626646
vn 0.0724513 0.9947370 0.0724513
vn 0.9311931 0.3423504 0.1252024
vn 0.9311931 0.3423504 0.1252024
vn 0.6396266 0.7491652 0.1721319
vn 0.2821188 0.9521508 0.1175495
vn 0.8715878 0.4759457 0.1175174
vn 0.0881227 0.9948075 0.0509153
vn 0.0802890 0.9947999 0.0626646
vn 0.9389877 0.3423393 0.0332558
vn 0.9999981 0.0000000 0.0019569
vn 0.6569194 0.7488100 0.0879803
vn 0.2957500 0.9518841 0.0803030
vn 0.0939970 0.9948018 0.0391654
vn 0.8790312 0.4757341 0.0313240
vn 0.0881227 0.9948075 0.0509153
vn 0.6615038 0.7495740 0.0234853
vn 0.3035938 0.9519133 0.0411321
vn 0.0979151 0.9948171 0.0274162
vn 0.0939970 0.9948018 0.0391654
vn 0.8790835 0.4757623 0.0293680
vn 0.9389877 0.3423393 0.0332558
vn 0.6615330 0.7496070 0.0215292
vn 0.3056140 0.9521051 0.0097953
vn 0.1018206 0.9947083 0.0137066
vn 0.0979151 0.9948171 0.0274162
vn 0.9390470 0.3423609 0.0313016
vn 0.9999828 0.0000000 0.0058707
vn 0.9999981 0.0000000 0.0019569
vn 0.3056140 0.9521051 0.0097953
vn 0.1018294 0.9947942 0.0039165
vn 0.1018206 0.9947083 0.0137066
vn 0.1018294 0.9947942 0.0039165
vn 0.1018294 0.9947942 0.0039165
vn 0.1018294 0.9947942 0.0039165
vn 0.7421378 -0.6696864 0.0274141
vn 0.7414430 -0.6710158 0.0000000
vn 0.9999828 0.0000000 0.0058707
vn 0.9999981 0.0000000 0.0019569
vn 0.7284183 -0.6833816 0.0489528
vn 0.7284183 -0.6833816 0.0489528
vn 0.7221951 -0.6850089 0.0959012
vn 0.7221951 -0.6850089 0.0959012
vn 0.7042381 -0.6846759 0.1877968
vn 0.7042381 -0.6846759 0.1877968
vn 0.6733458 -0.6850903 0.2779509
vn 0.6733458 -0.6850903 0.2779509
vn 0.6305488 -0.6853792 0.3642301
vn 0.6305488 -0.6853792 0.3642301
vn 0.5773735 -0.6850194 0.4442840
vn 0.5773735 -0.6850194 0.4442840
vn 0.5149562 -0.6853030 0.5149562
vn 0.5149562 -0.6853030 0.5149562
vn 0.4442840 -0.6850194 0.5773735
vn 0.4442840 -0.6850194 0.5773735
vn 0.3642301 -0.6853792 0.6305488
vn 0.3642301 -0.6853792 0.6305488
vn 0.2779509 -0.6850903 0.6733458
vn 0.2779509 -0.6850903 0.6733458
vn 0.1877968 -0.6846759 0.7042381
vn 0.1877968 -0.6846759 0.7042381
vn 0.0959012 -0.6850089 0.7221951
vn 0.0959012 -0.6850089 0.7221951
vn 0.0469363 -0.6844873 0.7275123
vn 0.0469363 -0.6844873 0.7275123
vn -0.0039165 0.9947942 0.1018294
vn -0.0039165 0.9947942 0.1018294
vn -0.0137066 0.9947083 0.1018206
vn -0.0097953 0.9521051 0.3056140
vn -0.0137066 0.9947083 0.1018206
vn -0.0391765 0.9519882 0.3036176
vn -0.0215292 0.7496070 0.6615330
vn -0.0274162 0.9948171 0.0979151
vn -0.0254592 0.9948686 0.0979201
vn -0.0783566 0.9520320 0.2957959
vn -0.0860398 0.7489374 0.6570312
vn -0.0293680 0.4757623 0.8790835
vn -0.0391654 0.9948018 0.0939970
vn -0.0391654 0.9948018 0.0939970
vn -0.1175495 0.9521508 0.2821188
vn -0.1721319 0.7491652 0.6396266
vn -0.1153881 0.4752425 0.8722558
vn -0.0313016 0.3423609 0.9390470
vn -0.0509153 0.9948075 0.0881227
vn -0.0509153 0.9948075 0.0881227
vn -0.1528223 0.9522001 0.2645001
vn -0.2541905 0.7488844 0.6120125
vn -0.2271190 0.4757751 0.8497382
vn -0.2425797 0.3423504 0.9077176
vn -0.1232761 0.3424336 0.9314195
vn -0.0626646 0.9947999 0.0802890
vn -0.0626646 0.9947999 0.0802890
vn -0.1860968 0.9520320 0.2429053
vn -0.3307380 0.7495424 0.5734096
vn -0.3367645 0.4757778 0.8125424
vn -0.3597368 0.3421410 0.8680605
vn -0.0724513 0.9947370 0.0724513
vn -0.0724513 0.9947370 0.0724513
vn -0.2169347 0.9517766 0.2169347
vn -0.4028496 0.7489875 0.5260513
vn -0.4404193 0.4756529 0.7614362
vn -0.4695235 0.3423609 0.8138407
vn -0.0802890 0.9947999 0.0626646
vn -0.0802890 0.9947999 0.0626646
vn -0.2429053 0.9520320 0.1860968
vn -0.4678806 0.7497836 0.4678806
vn -0.5357390 0.4751262 0.6980250
vn -0.5715063 0.3425123 0.7456982
vn -0.0881227 0.9948075 0.0509153
vn -0.0881227 0.9948075 0.0509153
vn -0.2645001 0.9522001 0.1528223
vn -0.5260513 0.7489875 0.4028496
vn -0.6220996 0.4753780 0.6220996
vn -0.6644669 0.3420050 0.6644669
vn -0.0939970 0.9948018 0.0391654
vn -0.0939970 0.9948018 0.0391654
vn -0.2821188 0.9521508 0.1175495
vn -0.5734096 0.7495424 0.3307380
vn -0.6980250 0.4751262 0.5357390
vn -0.7456982 0.3425123 0.5715063
vn -0.0979151 0.9948171 0.0274162
vn -0.0979201 0.9948686 0.0254592
vn -0.2952453 0.9522150 0.0782107
vn -0.6120125 0.7488844 0.2541905
vn -0.7614362 0.4756529 0.4404193
vn -0.8138407 0.3423609 0.4695235
vn -0.1018206 0.9947083 0.0137066
vn -0.1018206 0.9947083 0.0137066
vn -0.3030524 0.9521713 0.0391035
vn -0.6396266 0.7491652 0.1721319
vn -0.8125424 0.4757778 0.3367645
vn -0.8680605 0.3421410 0.3597368
vn -0.6570312 0.7489374 0.0860398
vn -0.8497382 0.4757751 0.2271190
vn -0.9077176 0.3423504 0.2425797
vn -0.8722558 0.4752425 0.1153881
vn -0.9314195 0.3424336 0.1232761
vn -0.1310109 0.0000000 0.9913809
vn -0.0039139 0.0000000 0.9999923
vn -0.0313016 0.3423609 0.9390470
vn 0.0000000 0.3425288 0.9395073
vn -0.0039139 0.0000000 0.9999923
vn 0.0000000 0.4759676 0.8794628
vn 0.0039139 0.0000000 0.9999923
vn 0.0000000 0.7488100 0.6627848
vn 0.0000000 -0.6852425 0.7283150
vn 0.0000000 -0.6852425 0.7283150
vn 0.0000000 0.9521508 0.3056287
vn 0.0000000 0.9948018 0.1018301
vn 0.0391765 0.9519882 0.3036176
vn 0.0137066 0.9947083 0.1018206
vn 0.0195878 0.9519681 0.3055701
vn 0.0000000 0.9948018 0.1018301
vn 0.0860398 0.7489374 0.6570312
vn 0.1721319 0.7491652 0.6396266
vn 0.0783566 0.9520320 0.2957959
vn 0.0254592 0.9948686 0.0979201
vn 0.0274162 0.9948171 0.0979151
vn 0.0137066 0.9947083 0.1018206
vn 0.0430916 0.7482261 0.6620429
vn 0.1153881 0.4752425 0.8722558
vn 0.2271190 0.4757751 0.8497382
vn 0.3367645 0.4757778 0.8125424
vn 0.2541905 0.7488844 0.6120125
vn 0.1175495 0.9521508 0.2821188
vn 0.0391654 0.9948018 0.0939970
vn 0.0391654 0.9948018 0.0939970
vn 0.0586602 0.4751480 0.8779484
vn 0.1232761 0.3424336 0.9314195
vn 0.2425797 0.3423504 0.9077176
vn 0.0626260 0.3424861 0.9374333
vn 0.4404193 0.4756529 0.7614362
vn 0.3307380 0.7495424 0.5734096
vn 0.1528223 0.9522001 0.2645001
vn 0.0509153 0.9948075 0.0881227
vn 0.0509153 0.9948075 0.0881227
vn 0.1310109 0.0000000 0.9913809
vn 0.2581495 0.0000000 0.9661050
vn 0.0039139 0.0000000 0.9999923
vn 0.3597368 0.3421410 0.8680605
vn 0.4695235 0.3423609 0.8138407
vn 0.5357390 0.4751262 0.6980250
vn 0.4028496 0.7489875 0.5260513
vn 0.1860968 0.9520320 0.2429053
vn 0.0626646 0.9947999 0.0802890
vn 0.0626646 0.9947999 0.0802890
vn 0.3835036 0.0000000 0.9235394
vn 0.5003427 0.0000000 0.8658274
vn 0.5715063 0.3425123 0.7456982
vn 0.6642374 0.3428955 0.6642374
vn 0.6220996 0.4753780 0.6220996
vn 0.4678806 0.7497836 0.4678806
vn 0.2173389 0.9515921 0.2173389
vn 0.0724513 0.9947370 0.0724513
vn 0.0724513 0.9947370 0.0724513
vn 0.6090481 0.0000000 0.7931333
vn 0.7071068 0.0000000 0.7071068
vn 0.7456982 0.3425123 0.5715063
vn 0.6980250 0.4751262 0.5357390
vn 0.5260513 0.7489875 0.4028496
vn 0.2429053 0.9520320 0.1860968
vn 0.0802890 0.9947999 0.0626646
vn 0.0802890 0.9947999 0.0626646
vn 0.7931333 0.0000000 0.6090481
vn 0.8666737 0.0000000 0.4988754
vn 0.8138407 0.3423609 0.4695235
vn 0.7614362 0.4756529 0.4404193
vn 0.5734096 0.7495424 0.3307380
vn 0.2645001 0.9522001 0.1528223
vn 0.0881227 0.9948075 0.0509153
vn 0.0881227 0.9948075 0.0509153
vn 0.9235394 0.0000000 0.3835036
vn 0.8680605 0.3421410 0.3597368
vn 0.8125424 0.4757778 0.3367645
vn 0.6120125 0.7488844 0.2541905
vn 0.2821188 0.9521508 0.1175495
vn 0.0939970 0.9948018 0.0391654
vn 0.0939970 0.9948018 0.0391654
vn 0.9661050 0.0000000 0.2581495
vn 0.9077176 0.3423504 0.2425797
vn 0.8497382 0.4757751 0.2271190
vn 0.6396266 0.7491652 0.1721319
vn 0.2957959 0.9520320 0.0783566
vn 0.0979151 0.9948171 0.0274162
vn 0.0979201 0.9948686 0.0254592
vn 0.9314195 0.3424336 0.1232761
vn 0.9910905 0.0000000 0.1331900
vn 0.8722558 0.4752425 0.1153881
vn 0.6570312 0.7489374 0.0860398
vn 0.3036176 0.9519882 0.0391765
vn 0.1018206 0.9947083 0.0137066
vn 0.1018206 0.9947083 0.0137066
vn 0.1877968 -0.6846759 0.7042381
vn 0.2581495 0.0000000 0.9661050
vn 0.0959012 -0.6850089 0.7221951
vn 0.0039139 0.0000000 0.9999923
vn 0.2779509 -0.6850903 0.6733458
vn 0.3835036 0.0000000 0.9235394
vn 0.0488874 -0.6844232 0.7274441
vn 0.3642301 -0.6853792 0.6305488
vn 0.5003427 0.0000000 0.8658274
vn 0.4442840 -0.6850194 0.5773735
vn 0.6090481 0.0000000 0.7931333
vn 0.5149562 -0.6853030 0.5149562
vn 0.7071068 0.0000000 0.7071068
vn 0.5773735 -0.6850194 0.4442840
vn 0.7931333 0.0000000 0.6090481
vn 0.6305488 -0.6853792 0.3642301
vn 0.8666737 0.0000000 0.4988754
vn 0.6733458 -0.6850903 0.2779509
vn 0.9235394 0.0000000 0.3835036
vn 0.7042381 -0.6846759 0.1877968
vn 0.9661050 0.0000000 0.2581495
vn 0.7285706 -0.6776489 0.0998847
vn 0.9910905 0.0000000 0.1331900
vn -0.0488874 -0.6844232 0.7274441
vn -0.0488874 -0.6844232 0.7274441
vn -0.1310109 0.0000000 0.9913809
vn -0.0039139 0.0000000 0.9999923
vn 0.0000000 0.3425288 -0.9395073
vn -0.0313016 0.3423609 -0.9390470
vn -0.0293680 0.4757623 -0.8790835
vn 0.0000000 0.4759676 -0.8794628
vn -0.0215292 0.7496070 -0.6615330
vn 0.0000000 0.7488100 -0.6627848
vn -0.1153881 0.4752425 -0.8722558
vn -0.1232761 0.3424336 -0.9314195
vn -0.0860398 0.7489374 -0.6570312
vn -0.0097953 0.9521051 -0.3056140
vn -0.1566509 0.9751518 -0.1566509
vn -0.2271190 0.4757751 -0.8497382
vn -0.2425797 0.3423504 -0.9077176
vn -0.1721319 0.7491652 -0.6396266
vn -0.0391765 0.9519882 -0.3036176
vn -0.0039165 0.9947942 -0.1018294
vn -0.0508484 0.9974111 -0.0508484
vn -0.3367645 0.4757778 -0.8125424
vn -0.3597368 0.3421410 -0.8680605
vn -0.2541905 0.7488844 -0.6120125
vn -0.0783566 0.9520320 -0.2957959
vn -0.0137066 0.9947083 -0.1018206
vn -0.0039165 0.9947942 -0.1018294
vn -0.0508484 0.9974111 -0.0508484
vn -0.4695235 0.3423609 -0.8138407
vn -0.4404193 0.4756529 -0.7614362
vn -0.3307380 0.7495424 -0.5734096
vn -0.1175495 0.9521508 -0.2821188
vn -0.0254592 0.9948686 -0.0979201
vn -0.0274162 0.9948171 -0.0979151
vn -0.0137066 0.9947083 -0.1018206
vn -0.5715063 0.3425123 -0.7456982
vn -0.5357390 0.4751262 -0.6980250
vn -0.4028496 0.7489875 -0.5260513
vn -0.1528223 0.9522001 -0.2645001
vn -0.0391654 0.9948018 -0.0939970
vn -0.0391654 0.9948018 -0.0939970
vn -0.6642374 0.3428955 -0.6642374
vn -0.6220996 0.4753780 -0.6220996
vn -0.4678806 0.7497836 -0.4678806
vn -0.1860968 0.9520320 -0.2429053
vn -0.0509153 0.9948075 -0.0881227
vn -0.0509153 0.9948075 -0.0881227
vn -0.7456982 0.3425123 -0.5715063
vn -0.6980250 0.4751262 -0.5357390
vn -0.5260513 0.7489875 -0.4028496
vn -0.2173389 0.9515921 -0.2173389
vn -0.0626646 0.9947999 -0.0802890
vn -0.0626646 0.9947999 -0.0802890
vn -0.8138407 0.3423609 -0.4695235
vn -0.7614362 0.4756529 -0.4404193
vn -0.5734096 0.7495424 -0.3307380
vn -0.2429053 0.9520320 -0.1860968
vn -0.0724513 0.9947370 -0.0724513
vn -0.0724513 0.9947370 -0.0724513
vn -0.8680605 0.3421410 -0.3597368
vn -0.8125424 0.4757778 -0.3367645
vn -0.6120125 0.7488844 -0.2541905
vn -0.2645001 0.9522001 -0.1528223
vn -0.0802890 0.9947999 -0.0626646
vn -0.0802890 0.9947999 -0.0626646
vn -0.9077176 0.3423504 -0.2425797
vn -0.8497382 0.4757751 -0.2271190
vn -0.6396266 0.7491652 -0.1721319
vn -0.2821188 0.9521508 -0.1175495
vn -0.0881227 0.9948075 -0.0509153
vn -0.0881227 0.9948075 -0.0509153
vn -0.9314195 0.3424336 -0.1232761
vn -0.8722558 0.4752425 -0.1153881
vn -0.6570312 0.7489374 -0.0860398
vn -0.2957959 0.9520320 -0.0783566
vn -0.0939970 0.9948018 -0.0391654
vn -0.0939970 0.9948018 -0.0391654
vn -0.3036176 0.9519882 -0.0391765
vn -0.0979201 0.9948686 -0.0254592
vn -0.0979151 0.9948171 -0.0274162
vn -0.1018206 0.9947083 -0.0137066
vn -0.1018206 0.9947083 -0.0137066
vn -0.6627848 0.7488100 0.0000000
vn -0.6615330 0.7496070 -0.0215292
vn -0.8794628 0.4759676 0.0000000
vn -0.3056140 0.9521051 -0.0097953
vn -0.8790835 0.4757623 -0.0293680
vn -0.9395073 0.3425288 0.0000000
vn -0.1018294 0.9947942 -0.0039165
vn -0.8722558 0.4752425 -0.1153881
vn -0.9390470 0.3423609 -0.0313016
vn -0.3036176 0.9519882 -0.0391765
vn -0.1018206 0.9947083 -0.0137066
vn -0.1018294 0.9947942 -0.0039165
vn -0.6570312 0.7489374 -0.0860398
vn -0.9077176 0.3423504 -0.2425797
vn -0.9314195 0.3424336 -0.1232761
vn -0.8497382 0.4757751 -0.2271190
vn -0.6396266 0.7491652 -0.1721319
vn -0.2957959 0.9520320 -0.0783566
vn -0.1018206 0.9947083 -0.0137066
vn -0.0979201 0.9948686 -0.0254592
vn -0.0979151 0.9948171 -0.0274162
vn -0.8125424 0.4757778 -0.3367645
vn -0.8680605 0.3421410 -0.3597368
vn -0.6120125 0.7488844 -0.2541905
vn -0.2821188 0.9521508 -0.1175495
vn -0.0939970 0.9948018 -0.0391654
vn -0.0939970 0.9948018 -0.0391654
vn -0.8138407 0.3423609 -0.4695235
vn -0.7614362 0.4756529 -0.4404193
vn -0.5734096 0.7495424 -0.3307380
vn -0.2645001 0.9522001 -0.1528223
vn -0.0881227 0.9948075 -0.0509153
vn -0.0881227 0.9948075 -0.0509153
vn -0.6980250 0.4751262 -0.5357390
vn -0.7456982 0.3425123 -0.5715063
vn -0.5260513 0.7489875 -0.4028496
vn -0.2429053 0.9520320 -0.1860968
vn -0.0802890 0.9947999 -0.0626646
vn -0.0802890 0.9947999 -0.0626646
vn -0.6653302 0.3424494 -0.6633733
vn -0.6220996 0.4753780 -0.6220996
vn -0.4678806 0.7497836 -0.4678806
vn -0.2173389 0.9515921 -0.2173389
vn -0.0724513 0.9947370 -0.0724513
vn -0.0724513 0.9947370 -0.0724513
vn -0.5357390 0.4751262 -0.6980250
vn -0.5715063 0.3425123 -0.7456982
vn -0.4028496 0.7489875 -0.5260513
vn -0.1860968 0.9520320 -0.2429053
vn -0.0626646 0.9947999 -0.0802890
vn -0.0626646 0.9947999 -0.0802890
vn -0.4695235 0.3423609 -0.8138407
vn -0.4404193 0.4756529 -0.7614362
vn -0.3307380 0.7495424 -0.5734096
vn -0.1528223 0.9522001 -0.2645001
vn -0.0509153 0.9948075 -0.0881227
vn -0.0509153 0.9948075 -0.0881227
vn -0.3367645 0.4757778 -0.8125424
vn -0.3597368 0.3421410 -0.8680605
vn -0.2541905 0.7488844 -0.6120125
vn -0.1175495 0.9521508 -0.2821188
vn -0.0391654 0.9948018 -0.0939970
vn -0.0391654 0.9948018 -0.0939970
vn -0.2425797 0.3423504 -0.9077176
vn -0.2271190 0.4757751 -0.8497382
vn -0.1721319 0.7491652 -0.6396266
vn -0.0783566 0.9520320 -0.2957959
vn -0.0254592 0.9948686 -0.0979201
vn -0.0274162 0.9948171 -0.0979151
vn -0.1153881 0.4752425 -0.8722558
vn -0.1232761 0.3424336 -0.9314195
vn -0.0860398 0.7489374 -0.6570312
vn -0.0391765 0.9519882 -0.3036176
vn -0.0137066 0.9947083 -0.1018206
vn -0.0137066 0.9947083 -0.1018206
vn 0.9395073 0.3425288 0.0000000
vn 0.9381235 0.3446967 -0.0332946
vn 0.8782641 0.4772749 -0.0293407
vn 0.8794628 0.4759676 0.0000000
vn 0.6615330 0.7496070 -0.0215292
vn 0.6627848 0.7488100 0.0000000
vn 0.8709733 0.4775673 -0.1154774
vn 0.9303055 0.3447027 -0.1253464
vn 0.6570312 0.7489374 -0.0860398
vn 0.3056140 0.9521051 -0.0097953
vn 0.1566509 0.9751518 -0.1566509
vn 0.8497382 0.4757751 -0.2271190
vn 0.9077176 0.3423504 -0.2425797
vn 0.6396266 0.7491652 -0.1721319
vn 0.3036176 0.9519882 -0.0391765
vn 0.1018294 0.9947942 -0.0039165
vn 0.0508484 0.9974111 -0.0508484
vn 0.8125424 0.4757778 -0.3367645
vn 0.8680605 0.3421410 -0.3597368
vn 0.6120125 0.7488844 -0.2541905
vn 0.2957959 0.9520320 -0.0783566
vn 0.1018206 0.9947083 -0.0137066
vn 0.1018294 0.9947942 -0.0039165
vn 0.0508484 0.9974111 -0.0508484
vn 0.8138407 0.3423609 -0.4695235
vn 0.7614362 0.4756529 -0.4404193
vn 0.5734096 0.7495424 -0.3307380
vn 0.2821188 0.9521508 -0.1175495
vn 0.0979201 0.9948686 -0.0254592
vn 0.0979151 0.9948171 -0.0274162
vn 0.1018206 0.9947083 -0.0137066
vn 0.7456982 0.3425123 -0.5715063
vn 0.6980250 0.4751262 -0.5357390
vn 0.5260513 0.7489875 -0.4028496
vn 0.2645001 0.9522001 -0.1528223
vn 0.0939970 0.9948018 -0.0391654
vn 0.0939970 0.9948018 -0.0391654
vn 0.6653302 0.3424494 -0.6633733
vn 0.6220996 0.4753780 -0.6220996
vn 0.4678806 0.7497836 -0.4678806
vn 0.2429053 0.9520320 -0.1860968
vn 0.0881227 0.9948075 -0.0509153
vn 0.0881227 0.9948075 -0.0509153
vn 0.5715063 0.3425123 -0.7456982
vn 0.5357390 0.4751262 -0.6980250
vn 0.4028496 0.7489875 -0.5260513
vn 0.2173389 0.9515921 -0.2173389
vn 0.0802890 0.9947999 -0.0626646
vn 0.0802890 0.9947999 -0.0626646
vn 0.4695235 0.3423609 -0.8138407
vn 0.4404193 0.4756529 -0.7614362
vn 0.3307380 0.7495424 -0.5734096
vn 0.1860968 0.9520320 -0.2429053
vn 0.0724513 0.9947370 -0.0724513
vn 0.0724513 0.9947370 -0.0724513
vn 0.3597368 0.3421410 -0.8680605
vn 0.3367645 0.4757778 -0.8125424
vn 0.2541905 0.7488844 -0.6120125
vn 0.1528223 0.9522001 -0.2645001
vn 0.0626646 0.9947999 -0.0802890
vn 0.0626646 0.9947999 -0.0802890
vn 0.2425797 0.3423504 -0.9077176
vn 0.2271190 0.4757751 -0.8497382
vn 0.1721319 0.7491652 -0.6396266
vn 0.1175495 0.9521508 -0.2821188
vn 0.0509153 0.9948075 -0.0881227
vn 0.0509153 0.9948075 -0.0881227
vn 0.1232761 0.3424336 -0.9314195
vn 0.1153881 0.4752425 -0.8722558
vn 0.0860398 0.7489374 -0.6570312
vn 0.0783566 0.9520320 -0.2957959
vn 0.0391654 0.9948018 -0.0939970
vn 0.0391654 0.9948018 -0.0939970
vn 0.0391765 0.9519882 -0.3036176
vn 0.0254592 0.9948686 -0.0979201
vn 0.0274162 0.9948171 -0.0979151
vn 0.0137066 0.9947083 -0.1018206
vn 0.0137066 0.9947083 -0.1018206
vn 0.9314195 0.3424336 -0.1232761
vn 0.8722558 0.4752425 -0.1153881
vn 0.9077176 0.3423504 -0.2425797
vn 0.8125424 0.4757778 -0.3367645
vn 0.8497382 0.4757751 -0.2271190
vn 0.8680605 0.3421410 -0.3597368
vn 0.6570312 0.7489374 -0.0860398
vn 0.6396266 0.7491652 -0.1721319
vn 0.7614362 0.4756529 -0.4404193
vn 0.6120125 0.7488844 -0.2541905
vn 0.8138407 0.3423609 -0.4695235
vn 0.3036176 0.9519882 -0.0391765
vn 0.2957959 0.9520320 -0.0783566
vn 0.6980250 0.4751262 -0.5357390
vn 0.5734096 0.7495424 -0.3307380
vn 0.2821188 0.9521508 -0.1175495
vn 0.7456982 0.3425123 -0.5715063
vn 0.1018206 0.9947083 -0.0137066
vn 0.0979201 0.9948686 -0.0254592
vn 0.6644669 0.3420050 -0.6644669
vn 0.6220996 0.4753780 -0.6220996
vn 0.5260513 0.7489875 -0.4028496
vn 0.2645001 0.9522001 -0.1528223
vn 0.0939970 0.9948018 -0.0391654
vn 0.0979151 0.9948171 -0.0274162
vn 0.1018206 0.9947083 -0.0137066
vn 0.5715063 0.3425123 -0.7456982
vn 0.5357390 0.4751262 -0.6980250
vn 0.4678806 0.7497836 -0.4678806
vn 0.2429053 0.9520320 -0.1860968
vn 0.0881227 0.9948075 -0.0509153
vn 0.0881227 0.9948075 -0.0509153
vn 0.0939970 0.9948018 -0.0391654
vn 0.4695235 0.3423609 -0.8138407
vn 0.4404193 0.4756529 -0.7614362
vn 0.4028496 0.7489875 -0.5260513
vn 0.2173389 0.9515921 -0.2173389
vn 0.0802890 0.9947999 -0.0626646
vn 0.0802890 0.9947999 -0.0626646
vn 0.3597368 0.3421410 -0.8680605
vn 0.3367645 0.4757778 -0.8125424
vn 0.3307380 0.7495424 -0.5734096
vn 0.1860968 0.9520320 -0.2429053
vn 0.0724513 0.9947370 -0.0724513
vn 0.0724513 0.9947370 -0.0724513
vn 0.2425797 0.3423504 -0.9077176
vn 0.2271190 0.4757751 -0.8497382
vn 0.2541905 0.7488844 -0.6120125
vn 0.1528223 0.9522001 -0.2645001
vn 0.0626646 0.9947999 -0.0802890
vn 0.0626646 0.9947999 -0.0802890
vn 0.1232761 0.3424336 -0.9314195
vn 0.1153881 0.4752425 -0.8722558
vn 0.1721319 0.7491652 -0.6396266
vn 0.1175495 0.9521508 -0.2821188
vn 0.0509153 0.9948075 -0.0881227
vn 0.0509153 0.9948075 -0.0881227
vn 0.0313016 0.3423609 -0.9390470
vn 0.0293680 0.4757623 -0.8790835
vn 0.0860398 0.7489374 -0.6570312
vn 0.0783566 0.9520320 -0.2957959
vn 0.0391654 0.9948018 -0.0939970
vn 0.0391654 0.9948018 -0.0939970
vn 0.0000000 0.3425288 -0.9395073
vn 0.0000000 0.4759676 -0.8794628
vn 0.0000000 0.7488100 -0.6627848
vn 0.0215292 0.7496070 -0.6615330
vn 0.0391765 0.9519882 -0.3036176
vn 0.0254592 0.9948686 -0.0979201
vn 0.0274162 0.9948171 -0.0979151
vn 0.0097953 0.9521051 -0.3056140
vn 0.0137066 0.9947083 -0.1018206
vn 0.0137066 0.9947083 -0.1018206
vn 0.0039165 0.9947942 -0.1018294
vn 0.0039165 0.9947942 -0.1018294
vn 0.0000000 0.9948018 0.1018301
vn 0.0000000 0.9987030 0.0509143
vn 0.0000000 0.9987030 0.0509143
vn 0.0000000 0.9948018 0.1018301
vn 0.0000000 1.0000000 0.0000000
vn 0.0000000 0.9948018 0.1018301
vn 0.0000000 1.0000000 0.0000000
vn 0.0000000 0.9987030 0.0509143
vn 0.0000000 0.9987030 0.0509143
vn 0.0176098 0.9998449 0.0000000
vn 0.0312898 0.9993190 0.0195561
vn 0.1251356 0.9815327 0.1446881
vn 0.0783438 0.9969245 0.0019586
vn 0.0900063 0.9959393 0.0019567
vn 0.3056140 0.9521051 0.0097953
vn 0.6627848 0.7488100 0.0000000
vn 0.1018206 0.9947083 0.0137066
vn 0.1018206 0.9947083 0.0137066
vn 0.3036176 0.9519882 0.0391765
vn 0.6570312 0.7489374 0.0860398
vn 0.6615330 0.7496070 0.0215292
vn 0.8794628 0.4759676 0.0000000
vn 0.0979151 0.9948171 0.0274162
vn 0.0979201 0.9948686 0.0254592
vn 0.2957959 0.9520320 0.0783566
vn 0.6396266 0.7491652 0.1721319
vn 0.8497382 0.4757751 0.2271190
vn 0.8722558 0.4752425 0.1153881
vn 0.8790835 0.4757623 0.0293680
vn 0.9395073 0.3425288 0.0000000
vn 0.0939970 0.9948018 0.0391654
vn 0.0939970 0.9948018 0.0391654
vn 0.2821188 0.9521508 0.1175495
vn 0.6120125 0.7488844 0.2541905
vn 0.8125424 0.4757778 0.3367645
vn 0.9077176 0.3423504 0.2425797
vn 0.9314195 0.3424336 0.1232761
vn 0.9390470 0.3423609 0.0313016
vn 0.0881227 0.9948075 0.0509153
vn 0.0881227 0.9948075 0.0509153
vn 0.2645001 0.9522001 0.1528223
vn 0.5734096 0.7495424 0.3307380
vn 0.7614362 0.4756529 0.4404193
vn 0.8138407 0.3423609 0.4695235
vn 0.8680605 0.3421410 0.3597368
vn 0.0802890 0.9947999 0.0626646
vn 0.0802890 0.9947999 0.0626646
vn 0.2429053 0.9520320 0.1860968
vn 0.5260513 0.7489875 0.4028496
vn 0.6980250 0.4751262 0.5357390
vn 0.7456982 0.3425123 0.5715063
vn 0.0724513 0.9947370 0.0724513
vn 0.0724513 0.9947370 0.0724513
vn 0.2173389 0.9515921 0.2173389
vn 0.4678806 0.7497836 0.4678806
vn 0.6220996 0.4753780 0.6220996
vn 0.6642374 0.3428955 0.6642374
vn 0.0626646 0.9947999 0.0802890
vn 0.0626646 0.9947999 0.0802890
vn 0.1860968 0.9520320 0.2429053
vn 0.4028496 0.7489875 0.5260513
vn 0.5357390 0.4751262 0.6980250
vn 0.5715063 0.3425123 0.7456982
vn 0.0509153 0.9948075 0.0881227
vn 0.0509153 0.9948075 0.0881227
vn 0.1528223 0.9522001 0.2645001
vn 0.3307380 0.7495424 0.5734096
vn 0.4404193 0.4756529 0.7614362
vn 0.4695235 0.3423609 0.8138407
vn 0.0391654 0.9948018 0.0939970
vn 0.0391654 0.9948018 0.0939970
vn 0.1175495 0.9521508 0.2821188
vn 0.2541905 0.7488844 0.6120125
vn 0.3367645 0.4757778 0.8125424
vn 0.3597368 0.3421410 0.8680605
vn 0.0274162 0.9948171 0.0979151
vn 0.0254592 0.9948686 0.0979201
vn 0.0783566 0.9520320 0.2957959
vn 0.1721319 0.7491652 0.6396266
vn 0.2271190 0.4757751 0.8497382
vn 0.2425797 0.3423504 0.9077176
vn 0.0137066 0.9947083 0.1018206
vn 0.0137066 0.9947083 0.1018206
vn 0.0391765 0.9519882 0.3036176
vn 0.0860398 0.7489374 0.6570312
vn 0.1153881 0.4752425 0.8722558
vn 0.1232761 0.3424336 0.9314195
vn 0.0039165 0.9947942 0.1018294
vn 0.0039165 0.9947942 0.1018294
vn 0.0097953 0.9521051 0.3056140
vn 0.0215292 0.7496070 0.6615330
vn 0.0293680 0.4757623 0.8790835
vn 0.0313016 0.3423609 0.9390470
vn -0.0293470 0.3423812 -0.9391027
vn -0.4695235 0.3423609 -0.8138407
vn -0.4381851 0.4753525 -0.7629114
vn -0.5715063 0.3425123 -0.7456982
vn -0.3307380 0.7495424 -0.5734096
vn -0.5343427 0.4756238 -0.6987559
vn -0.6633733 0.3424494 -0.6653302
vn -0.4028496 0.7489875 -0.5260513
vn -0.1528223 0.9522001 -0.2645001
vn -0.1175495 0.9521508 -0.2821188
vn -0.6208982 0.4759567 -0.6228568
vn -0.7448641 0.3421292 -0.5728220
vn -0.4674518 0.7490964 -0.4694076
vn -0.1860968 0.9520320 -0.2429053
vn -0.0509153 0.9948075 -0.0881227
vn -0.0391654 0.9948018 -0.0939970
vn -0.6970203 0.4757751 -0.5364706
vn -0.8124287 0.3425904 -0.4717960
vn -0.5246347 0.7497577 -0.4032639
vn -0.2154723 0.9519955 -0.2174310
vn -0.0626646 0.9947999 -0.0802890
vn -0.0509153 0.9948075 -0.0881227
vn -0.0391654 0.9948018 -0.0939970
vn -0.7614362 0.4756529 -0.4404193
vn -0.8675774 0.3427225 -0.3603482
vn -0.5730378 0.7490563 -0.3324792
vn -0.2429053 0.9520320 -0.1860968
vn -0.0724513 0.9947370 -0.0724513
vn -0.0626646 0.9947999 -0.0802890
vn -0.8120056 0.4754635 -0.3384986
vn -0.9072854 0.3421874 -0.2444196
vn -0.6120125 0.7488844 -0.2541905
vn -0.2645001 0.9522001 -0.1528223
vn -0.0802890 0.9947999 -0.0626646
vn -0.0724513 0.9947370 -0.0724513
vn -0.8493590 0.4755628 -0.2289746
vn -0.9311931 0.3423504 -0.1252024
vn -0.6396266 0.7491652 -0.1721319
vn -0.2821188 0.9521508 -0.1175495
vn -0.0881227 0.9948075 -0.0509153
vn -0.0802890 0.9947999 -0.0626646
vn -0.8715878 0.4759457 -0.1175174
vn -0.9389877 0.3423393 -0.0332558
vn -0.6569194 0.7488100 -0.0879803
vn -0.2957500 0.9518841 -0.0803030
vn -0.0939970 0.9948018 -0.0391654
vn -0.0881227 0.9948075 -0.0509153
vn -0.3035938 0.9519133 -0.0411321
vn -0.0979151 0.9948171 -0.0274162
vn -0.0939970 0.9948018 -0.0391654
vn -0.1018206 0.9947083 -0.0137066
vn -0.0979151 0.9948171 -0.0274162
vn -0.1018206 0.9947083 -0.0137066
vn 0.0391654 0.9948018 0.0939970
vn 0.0254592 0.9948686 0.0979201
vn 0.0783566 0.9520320 0.2957959
vn 0.0391654 0.9948018 0.0939970
vn 0.0137066 0.9947083 0.1018206
vn 0.0391765 0.9519882 0.3036176
vn 0.0274162 0.9948171 0.0979151
vn 0.0860398 0.7489374 0.6570312
vn 0.1721319 0.7491652 0.6396266
vn 0.0137066 0.9947083 0.1018206
vn 0.0313016 0.3423609 0.9390470
vn 0.0000000 0.4759676 0.8794628
vn 0.0000000 0.3425288 0.9395073
vn 0.0293680 0.4757623 0.8790835
vn 0.0000000 0.7488100 0.6627848
vn 0.0215292 0.7496070 0.6615330
vn 0.1446881 0.9815327 0.1251356
vn 0.0097953 0.9521051 0.3056140
vn 0.0254489 0.9983796 0.0508978
vn 0.0039165 0.9947942 0.1018294
vn 0.0509143 0.9987030 0.0000000
vn 0.0000000 0.9987030 0.0509143
vn 0.0039165 0.9947942 0.1018294
vn 0.6615330 0.7496070 0.0215292
vn 0.6627848 0.7488100 0.0000000
vn 0.3056140 0.9521051 0.0097953
vn 0.0509142 0.9987011 0.0019582
vn 0.0000000 1.0000000 0.0000000
vn 0.0508484 0.9974111 0.0508484
vn 0.0254239 0.9993534 0.0254239
vn 0.3036176 0.9519882 0.0391765
vn 0.6570312 0.7489374 0.0860398
vn 0.8790835 0.4757623 0.0293680
vn 0.8794628 0.4759676 0.0000000
vn 0.0509134 0.9986858 0.0058746
vn 0.0000000 1.0000000 0.0000000
vn 0.0509143 0.9987030 0.0000000
vn 0.1018294 0.9947942 0.0039165
vn 0.0489562 0.9987069 0.0137077
vn 0.2957959 0.9520320 0.0783566
vn 0.6396266 0.7491652 0.1721319
vn 0.8722558 0.4752425 0.1153881
vn 0.9390470 0.3423609 0.0313016
vn 0.9395073 0.3425288 0.0000000
vn 0.0000000 1.0000000 0.0000000
vn 0.0509142 0.9987011 0.0019582
vn 0.1018206 0.9947083 0.0137066
vn 0.0509134 0.9986858 0.0058746
vn 0.0000000 1.0000000 0.0000000
vn 0.0469978 0.9987030 0.0195824
vn 0.2821188 0.9521508 0.1175495
vn 0.9314195 0.3424336 0.1232761
vn 0.0979151 0.9948171 0.0274162
vn 0.0489562 0.9987069 0.0137077
vn 0.0000000 1.0000000 0.0000000
vn 0.0450376 0.9986609 0.0254561
vn 0.2645001 0.9522001 0.1528223
vn 0.6120125 0.7488844 0.2541905
vn 0.9077176 0.3423504 0.2425797
vn 0.0939970 0.9948018 0.0391654
vn 0.0469978 0.9987030 0.0195824
vn 0.0000000 1.0000000 0.0000000
vn 0.0411214 0.9986628 0.0313306
vn 0.2429053 0.9520320 0.1860968
vn 0.5734096 0.7495424 0.3307380
vn 0.8125424 0.4757778 0.3367645
vn 0.8497382 0.4757751 0.2271190
vn 0.8680605 0.3421410 0.3597368
vn 0.0881227 0.9948075 0.0509153
vn 0.0450376 0.9986609 0.0254561
vn 0.0000000 1.0000000 0.0000000
vn 0.0352502 0.9987566 0.0352502
vn 0.2173389 0.9515921 0.2173389
vn 0.5260513 0.7489875 0.4028496
vn 0.7614362 0.4756529 0.4404193
vn 0.8138407 0.3423609 0.4695235
vn 0.0802890 0.9947999 0.0626646
vn 0.0411214 0.9986628 0.0313306
vn 0.0000000 1.0000000 0.0000000
vn 0.0313306 0.9986628 0.0411214
vn 0.1860968 0.9520320 0.2429053
vn 0.4678806 0.7497836 0.4678806
vn 0.6980250 0.4751262 0.5357390
vn 0.7456982 0.3425123 0.5715063
vn 0.0724513 0.9947370 0.0724513
vn 0.0352502 0.9987566 0.0352502
vn 0.0000000 1.0000000 0.0000000
vn 0.0254561 0.9986609 0.0450376
vn 0.1528223 0.9522001 0.2645001
vn 0.4028496 0.7489875 0.5260513
vn 0.6220996 0.4753780 0.6220996
vn 0.6644669 0.3420050 0.6644669
vn 0.0313306 0.9986628 0.0411214
vn 0.0626646 0.9947999 0.0802890
vn 0.0000000 1.0000000 0.0000000
vn 0.0195824 0.9987030 0.0469978
vn 0.1175495 0.9521508 0.2821188
vn 0.3307380 0.7495424 0.5734096
vn 0.5357390 0.4751262 0.6980250
vn 0.5715063 0.3425123 0.7456982
vn 0.0254561 0.9986609 0.0450376
vn 0.0509153 0.9948075 0.0881227
vn 0.0000000 1.0000000 0.0000000
vn 0.0137077 0.9987069 0.0489562
vn 0.0783566 0.9520320 0.2957959
vn 0.2541905 0.7488844 0.6120125
vn 0.4404193 0.4756529 0.7614362
vn 0.4695235 0.3423609 0.8138407
vn 0.0195824 0.9987030 0.0469978
vn 0.0391654 0.9948018 0.0939970
vn 0.0000000 1.0000000 0.0000000
vn 0.0058746 0.9986858 0.0509134
vn 0.0391765 0.9519882 0.3036176
vn 0.1721319 0.7491652 0.6396266
vn 0.3367645 0.4757778 0.8125424
vn 0.3597368 0.3421410 0.8680605
vn 0.0137077 0.9987069 0.0489562
vn 0.0274162 0.9948171 0.0979151
vn 0.0000000 1.0000000 0.0000000
vn 0.0019582 0.9987011 0.0509142
vn 0.0097953 0.9521051 0.3056140
vn 0.0860398 0.7489374 0.6570312
vn 0.2271190 0.4757751 0.8497382
vn 0.2425797 0.3423504 0.9077176
vn 0.0058746 0.9986858 0.0509134
vn 0.0137066 0.9947083 0.1018206
vn 0.0000000 1.0000000 0.0000000
vn 0.0215292 0.7496070 0.6615330
vn 0.0000000 0.7488100 0.6627848
vn 0.1153881 0.4752425 0.8722558
vn 0.1232761 0.3424336 0.9314195
vn 0.0019582 0.9987011 0.0509142
vn 0.0039165 0.9947942 0.1018294
vn 0.0000000 0.4759676 0.8794628
vn 0.0293680 0.4757623 0.8790835
vn 0.0313016 0.3423609 0.9390470
vn 0.0000000 0.3425288 0.9395073
vn 0.1153881 0.4752425 0.8722558
vn 0.1232761 0.3424336 0.9314195
vn 0.0860398 0.7489374 0.6570312
vn 0.0391765 0.9519882 0.3036176
vn 0.0137066 0.9947083 0.1018206
vn 0.0137066 0.9947083 0.1018206
vn 0.2425797 0.3423504 0.9077176
vn 0.1721319 0.7491652 0.6396266
vn 0.2271190 0.4757751 0.8497382
vn 0.0783566 0.9520320 0.2957959
vn 0.0254592 0.9948686 0.0979201
vn 0.0274162 0.9948171 0.0979151
vn 0.3367645 0.4757778 0.8125424
vn 0.2541905 0.7488844 0.6120125
vn 0.3597368 0.3421410 0.8680605
vn 0.1175495 0.9521508 0.2821188
vn 0.0391654 0.9948018 0.0939970
vn 0.0391654 0.9948018 0.0939970
vn 0.0509153 0.9948075 0.0881227
vn 0.1528223 0.9522001 0.2645001
vn 0.3307380 0.7495424 0.5734096
vn 0.4695235 0.3423609 0.8138407
vn 0.0509153 0.9948075 0.0881227
vn 0.4404193 0.4756529 0.7614362
vn 0.0626646 0.9947999 0.0802890
vn 0.1860968 0.9520320 0.2429053
vn 0.4028496 0.7489875 0.5260513
vn 0.5357390 0.4751262 0.6980250
vn 0.0626646 0.9947999 0.0802890
vn 0.5715063 0.3425123 0.7456982
vn 0.0724513 0.9947370 0.0724513
vn 0.0724513 0.9947370 0.0724513
vn 0.2173389 0.9515921 0.2173389
vn 0.4678806 0.7497836 0.4678806
vn 0.6653302 0.3424494 0.6633733
vn 0.6220996 0.4753780 0.6220996
vn 0.0802890 0.9947999 0.0626646
vn 0.0802890 0.9947999 0.0626646
vn 0.2429053 0.9520320 0.1860968
vn 0.5260513 0.7489875 0.4028496
vn 0.0881227 0.9948075 0.0509153
vn 0.6980250 0.4751262 0.5357390
vn 0.7456982 0.3425123 0.5715063
vn 0.0881227 0.9948075 0.0509153
vn 0.2645001 0.9522001 0.1528223
vn 0.5734096 0.7495424 0.3307380
vn 0.0939970 0.9948018 0.0391654
vn 0.0939970 0.9948018 0.0391654
vn 0.8138407 0.3423609 0.4695235
vn 0.7614362 0.4756529 0.4404193
vn 0.0979151 0.9948171 0.0274162
vn 0.2821188 0.9521508 0.1175495
vn 0.0979201 0.9948686 0.0254592
vn 0.6120125 0.7488844 0.2541905
vn 0.8125424 0.4757778 0.3367645
vn 0.1018206 0.9947083 0.0137066
vn 0.2957959 0.9520320 0.0783566
vn 0.8680605 0.3421410 0.3597368
vn 0.1018206 0.9947083 0.0137066
vn 0.6396266 0.7491652 0.1721319
vn 0.1018294 0.9947942 0.0039165
vn 0.1018294 0.9947942 0.0039165
vn 0.3036176 0.9519882 0.0391765
vn 0.8497382 0.4757751 0.2271190
vn 0.9077176 0.3423504 0.2425797
vn 0.6570312 0.7489374 0.0860398
vn 0.3056140 0.9521051 0.0097953
vn 0.8722558 0.4752425 0.1153881
vn 0.6615330 0.7496070 0.0215292
vn 0.9314195 0.3424336 0.1232761
vn 0.8790835 0.4757623 0.0293680
vn 0.9390470 0.3423609 0.0313016
vn 0.6627848 0.7488100 0.0000000
vn 0.8794628 0.4759676 0.0000000
vn 0.9395073 0.3425288 0.0000000
vn 0.1153881 0.4752425 0.8722558
vn 0.1232761 0.3424336 0.9314195
vn 0.2425797 0.3423504 0.9077176
vn 0.0860398 0.7489374 0.6570312
vn 0.2271190 0.4757751 0.8497382
vn 0.3367645 0.4757778 0.8125424
vn 0.3597368 0.3421410 0.8680605
vn 0.0391765 0.9519882 0.3036176
vn 0.1721319 0.7491652 0.6396266
vn 0.2541905 0.7488844 0.6120125
vn 0.4404193 0.4756529 0.7614362
vn 0.4695235 0.3423609 0.8138407
vn 0.0137066 0.9947083 0.1018206
vn 0.0783566 0.9520320 0.2957959
vn 0.1175495 0.9521508 0.2821188
vn 0.3307380 0.7495424 0.5734096
vn 0.5357390 0.4751262 0.6980250
vn 0.5715063 0.3425123 0.7456982
vn 0.0137066 0.9947083 0.1018206
vn 0.0254592 0.9948686 0.0979201
vn 0.0274162 0.9948171 0.0979151
vn 0.0391654 0.9948018 0.0939970
vn 0.1528223 0.9522001 0.2645001
vn 0.4028496 0.7489875 0.5260513
vn 0.6220996 0.4753780 0.6220996
vn 0.6642374 0.3428955 0.6642374
vn 0.0391654 0.9948018 0.0939970
vn 0.0509153 0.9948075 0.0881227
vn 0.0509153 0.9948075 0.0881227
vn 0.1860968 0.9520320 0.2429053
vn 0.4678806 0.7497836 0.4678806
vn 0.6980250 0.4751262 0.5357390
vn 0.7456982 0.3425123 0.5715063
vn 0.0626646 0.9947999 0.0802890
vn 0.0626646 0.9947999 0.0802890
vn 0.2173389 0.9515921 0.2173389
vn 0.5260513 0.7489875 0.4028496
vn 0.7614362 0.4756529 0.4404193
vn 0.8138407 0.3423609 0.4695235
vn 0.0724513 0.9947370 0.0724513
vn 0.0724513 0.9947370 0.0724513
vn 0.2429053 0.9520320 0.1860968
vn 0.5734096 0.7495424 0.3307380
vn 0.8125424 0.4757778 0.3367645
vn 0.8680605 0.3421410 0.3597368
vn 0.0802890 0.9947999 0.0626646
vn 0.0802890 0.9947999 0.0626646
vn 0.2645001 0.9522001 0.1528223
vn 0.6120125 0.7488844 0.2541905
vn 0.8497382 0.4757751 0.2271190
vn 0.9077176 0.3423504 0.2425797
vn 0.0881227 0.9948075 0.0509153
vn 0.0881227 0.9948075 0.0509153
vn 0.2821188 0.9521508 0.1175495
vn 0.6396266 0.7491652 0.1721319
vn 0.8722558 0.4752425 0.1153881
vn 0.9314195 0.3424336 0.1232761
vn 0.0939970 0.9948018 0.0391654
vn 0.0939970 0.9948018 0.0391654
vn 0.2957959 0.9520320 0.0783566
vn 0.6570312 0.7489374 0.0860398
vn 0.8790835 0.4757623 0.0293680
vn 0.9390470 0.3423609 0.0313016
vn 0.0979151 0.9948171 0.0274162
vn 0.0979201 0.9948686 0.0254592
vn 0.3036176 0.9519882 0.0391765
vn 0.6615330 0.7496070 0.0215292
vn 0.8790835 0.4757623 -0.0293680
vn 0.6615330 0.7496070 -0.0215292
vn 0.9390470 0.3423609 -0.0313016
vn 0.1018206 0.9947083 0.0137066
vn 0.1018206 0.9947083 0.0137066
vn 0.3056140 0.9521051 0.0097953
vn 0.3056140 0.9521051 -0.0097953
vn 0.8722558 0.4752425 -0.1153881
vn 0.6570312 0.7489374 -0.0860398
vn 0.9314195 0.3424336 -0.1232761
vn 0.1018294 0.9947942 0.0039165
vn 0.1018294 0.9947942 0.0039165
vn 0.1018294 0.9947942 -0.0039165
vn 0.3036176 0.9519882 -0.0391765
vn 0.8497382 0.4757751 -0.2271190
vn 0.9077176 0.3423504 -0.2425797
vn 0.6396266 0.7491652 -0.1721319
vn 0.1018294 0.9947942 -0.0039165
vn 0.1018206 0.9947083 -0.0137066
vn 0.2957959 0.9520320 -0.0783566
vn 0.8125424 0.4757778 -0.3367645
vn 0.8680605 0.3421410 -0.3597368
vn 0.6120125 0.7488844 -0.2541905
vn 0.1018206 0.9947083 -0.0137066
vn 0.0979151 0.9948171 -0.0274162
vn 0.0979201 0.9948686 -0.0254592
vn 0.2821188 0.9521508 -0.1175495
vn 0.7614362 0.4756529 -0.4404193
vn 0.8138407 0.3423609 -0.4695235
vn 0.5734096 0.7495424 -0.3307380
vn 0.0939970 0.9948018 -0.0391654
vn 0.0939970 0.9948018 -0.0391654
vn 0.2645001 0.9522001 -0.1528223
vn 0.6980250 0.4751262 -0.5357390
vn 0.7456982 0.3425123 -0.5715063
vn 0.5260513 0.7489875 -0.4028496
vn 0.0881227 0.9948075 -0.0509153
vn 0.0881227 0.9948075 -0.0509153
vn 0.2429053 0.9520320 -0.1860968
vn 0.6220996 0.4753780 -0.6220996
vn 0.6642374 0.3428955 -0.6642374
vn 0.4678806 0.7497836 -0.4678806
vn 0.0802890 0.9947999 -0.0626646
vn 0.0802890 0.9947999 -0.0626646
vn 0.2173389 0.9515921 -0.2173389
vn 0.5357390 0.4751262 -0.6980250
vn 0.5715063 0.3425123 -0.7456982
vn 0.4028496 0.7489875 -0.5260513
vn 0.0724513 0.9947370 -0.0724513
vn 0.0724513 0.9947370 -0.0724513
vn 0.1860968 0.9520320 -0.2429053
vn 0.4404193 0.4756529 -0.7614362
vn 0.4695235 0.3423609 -0.8138407
vn 0.3307380 0.7495424 -0.5734096
vn 0.0626646 0.9947999 -0.0802890
vn 0.0626646 0.9947999 -0.0802890
vn 0.1528223 0.9522001 -0.2645001
vn 0.3367645 0.4757778 -0.8125424
vn 0.3597368 0.3421410 -0.8680605
vn 0.2541905 0.7488844 -0.6120125
vn 0.0509153 0.9948075 -0.0881227
vn 0.0509153 0.9948075 -0.0881227
vn 0.1175495 0.9521508 -0.2821188
vn 0.2271190 0.4757751 -0.8497382
vn 0.2425797 0.3423504 -0.9077176
vn 0.1721319 0.7491652 -0.6396266
vn 0.0391654 0.9948018 -0.0939970
vn 0.0391654 0.9948018 -0.0939970
vn 0.0783566 0.9520320 -0.2957959
vn 0.1153881 0.4752425 -0.8722558
vn 0.1232761 0.3424336 -0.9314195
vn 0.0860398 0.7489374 -0.6570312
vn 0.0274162 0.9948171 -0.0979151
vn 0.0254592 0.9948686 -0.0979201
vn 0.0391765 0.9519882 -0.3036176
vn 0.0293680 0.4757623 -0.8790835
vn 0.0313016 0.3423609 -0.9390470
vn 0.0215292 0.7496070 -0.6615330
vn 0.0137066 0.9947083 -0.1018206
vn 0.0137066 0.9947083 -0.1018206
vn 0.0097953 0.9521051 -0.3056140
vn 0.0000000 0.4759676 -0.8794628
vn 0.0000000 0.7488100 -0.6627848
vn 0.0000000 0.3425288 -0.9395073
vn 0.0039165 0.9947942 -0.1018294
vn 0.0039165 0.9947942 -0.1018294
f 1/1/1 2/2/2 3/3/3
f 4/4/4 1/1/1 5/5/5
f 1/1/1 3/3/3 5/5/5
f 4/4/4 5/5/5 6/6/6
f 2/2/2 7/7/7 3/3/3
f 6/6/6 5/5/5 8/8/8
f 6/6/6 8/8/8 9/9/9
f 10/10/10 6/6/6 9/9/9
f 10/10/10 9/9/9 11/11/11
f 10/10/10 11/11/11 12/12/12
f 11/11/11 13/13/13 12/12/12
f 14/14/14 12/12/12 13/13/13
f 15/15/15 14/14/14 13/13/13
f 16/16/16 14/14/14 15/15/15
f 17/17/17 18/18/18 19/19/19
f 20/20/20 18/18/18 17/17/17
f 21/21/21 20/20/20 17/17/17
f 18/18/18 22/22/22 19/19/19
f 21/21/21 23/23/23 20/20/20
f 21/21/21 24/24/24 23/23/23
f 24/24/24 25/25/25 26/26/26
f 24/24/24 26/26/26 23/23/23
f 25/25/25 27/27/27 28/28/28
f 25/25/25 28/28/28 26/26/26
f 28/28/28 27/27/27 29/29/29
f 27/27/27 30/30/30 29/29/29
f 30/30/30 31/31/31 32/32/32
f 29/29/29 30/30/30 32/32/32
f 33/33/33 34/34/34 35/35/35
f 36/36/36 34/34/34 33/33/33
f 37/37/37 38/38/38 39/39/39
f 38/38/38 40/40/40 39/39/39
f 36/36/36 40/40/40 34/34/34
f 39/39/39 40/40/40 36/36/36
f 41/41/41 42/42/42 43/43/43
f 44/44/44 42/42/42 41/41/41
f 45/45/45 42/42/42 44/44/44
f 45/45/45 46/46/46 42/42/42
f 47/47/47 46/46/46 45/45/45
f 47/47/47 48/48/48 46/46/46
f 49/49/49 48/48/48 47/47/47
f 49/49/49 50/50/50 48/48/48
f 49/49/49 51/51/51 50/50/50
f 51/51/51 52/52/52 50/50/50
f 53/53/53 54/54/54 55/55/55
f 53/53/53 55/55/55 56/56/56
f 57/57/57 58/58/58 54/54/54
f 57/57/57 54/54/54 53/53/53
f 59/59/59 58/58/58 57/57/57
f 59/59/59 60/60/60 58/58/58
f 33/33/33 60/60/60 59/59/59
f 33/33/33 35/35/35 60/60/60
f 61/61/61 62/62/62 63/63/63
f 61/61/61 64/64/64 62/62/62
f 65/65/65 66/66/66 64/64/64
f 65/65/65 64/64/64 61/61/61
f 67/67/67 68/68/68 66/66/66
f 67/67/67 66/66/66 65/65/65
f 67/67/67 69/69/69 68/68/68
f 69/69/69 70/70/70 68/68/68
f 71/71/71 72/72/72 70/70/70
f 69/69/69 71/71/71 70/70/70
f 73/73/73 74/74/74 75/75/75
f 76/76/76 74/74/74 73/73/73
f 77/77/77 76/76/76 73/73/73
f 77/77/77 78/78/78 76/76/76
f 79/79/79 78/78/78 77/77/77
f 79/79/79 80/80/80 78/78/78
f 81/81/81 80/80/80 79/79/79
f 81/81/81 82/82/82 80/80/80
f 83/83/83 82/82/82 81/81/81
f 83/83/83 84/84/84 82/82/82
f 85/85/85 86/86/86 87/87/87
f 87/87/87 86/86/86 88/88/88
f 87/87/87 88/88/88 89/89/89
f 89/89/89 88/88/88 90/90/90
f 91/91/91 90/90/90 92/92/92
f 89/89/89 90/90/90 91/91/91
f 93/93/93 92/92/92 94/94/94
f 91/91/91 92/92/92 93/93/93
f 93/93/93 94/94/94 95/95/95
f 95/95/95 94/94/94 96/96/96
f 97/97/97 98/98/98 99/99/99
f 97/97/97 99/99/99 100/100/100
f 97/97/97 101/101/101 102/102/102
f 97/97/97 103/103/103 101/101/101
f 97/97/97 104/104/104 103/103/103
f 97/97/97 102/102/102 98/98/98
f 97/97/97 100/100/100 104/104/104
f 98/98/98 102/102/102 105/105/105
f 100/100/100 106/106/106 104/104/104
f 102/102/102 101/101/101 107/107/107
f 102/102/102 107/107/107 108/108/108
f 102/102/102 108/108/108 105/105/105
f 101/101/101 109/109/109 110/110/110
f 101/101/101 111/111/111 109/109/109
f 101/101/101 103/103/103 111/111/111
f 103/103/103 112/112/112 111/111/111
f 103/103/103 104/104/104 112/112/112
f 104/104/104 113/113/113 112/112/112
f 104/104/104 106/106/106 113/113/113
f 106/106/106 114/114/114 113/113/113
f 108/108/108 115/115/115 116/116/116
f 108/108/108 117/117/117 118/118/118
f 108/108/108 119/119/119 117/117/117
f 110/110/110 109/109/109 120/120/120
f 110/110/110 121/121/121 122/122/122
f 113/113/113 114/114/114 123/123/123
f 113/113/113 123/123/123 124/124/124
f 113/113/113 124/124/124 112/112/112
f 114/114/114 125/125/125 123/123/123
f 115/115/115 126/126/126 116/116/116
f 120/120/120 109/109/109 127/127/127
f 121/121/121 128/128/128 122/122/122
f 123/123/123 129/129/129 124/124/124
f 123/123/123 130/130/130 129/129/129
f 123/123/123 131/131/131 130/130/130
f 123/123/123 125/125/125 131/131/131
f 124/124/124 132/132/132 112/112/112
f 124/124/124 133/133/133 132/132/132
f 124/124/124 129/129/129 133/133/133
f 109/109/109 134/134/134 127/127/127
f 109/109/109 111/111/111 134/134/134
f 129/129/129 135/135/135 133/133/133
f 129/129/129 130/130/130 135/135/135
f 130/130/130 136/136/136 135/135/135
f 132/132/132 137/137/137 138/138/138
f 132/132/132 138/138/138 111/111/111
f 132/132/132 133/133/133 137/137/137
f 132/132/132 111/111/111 112/112/112
f 133/133/133 139/139/139 137/137/137
f 133/133/133 135/135/135 139/139/139
f 134/134/134 138/138/138 140/140/140
f 134/134/134 111/111/111 138/138/138
f 134/134/134 140/140/140 141/141/141
f 134/134/134 141/141/141 142/142/142
f 135/135/135 143/143/143 139/139/139
f 135/135/135 144/144/144 143/143/143
f 135/135/135 136/136/136 144/144/144
f 137/137/137 145/145/145 140/140/140
f 137/137/137 140/140/140 138/138/138
f 137/137/137 139/139/139 145/145/145
f 139/139/139 146/146/146 145/145/145
f 139/139/139 143/143/143 146/146/146
f 140/140/140 145/145/145 147/147/147
f 140/140/140 148/148/148 141/141/141
f 140/140/140 147/147/147 148/148/148
f 141/141/141 148/148/148 149/149/149
f 141/141/141 149/149/149 150/150/150
f 141/141/141 151/151/151 142/142/142
f 143/143/143 152/152/152 146/146/146
f 143/143/143 144/144/144 152/152/152
f 144/144/144 153/153/153 152/152/152
f 145/145/145 154/154/154 147/147/147
f 145/145/145 146/146/146 154/154/154
f 146/146/146 155/155/155 154/154/154
f 146/146/146 152/152/152 155/155/155
f 147/147/147 156/156/156 148/148/148
f 147/147/147 154/154/154 156/156/156
f 148/148/148 156/156/156 157/157/157
f 148/148/148 157/157/157 158/158/158
f 152/152/152 159/159/159 155/155/155
f 152/152/152 160/160/160 159/159/159
f 152/152/152 153/153/153 160/160/160
f 154/154/154 161/161/161 156/156/156
f 154/154/154 155/155/155 161/161/161
f 155/155/155 162/162/162 161/161/161
f 155/155/155 159/159/159 162/162/162
f 156/156/156 163/163/163 157/157/157
f 156/156/156 164/164/164 163/163/163
f 156/156/156 161/161/161 164/164/164
f 157/157/157 165/165/165 158/158/158
f 157/157/157 163/163/163 166/166/166
f 157/157/157 166/166/166 167/167/167
f 159/159/159 168/168/168 162/162/162
f 159/159/159 160/160/160 168/168/168
f 160/160/160 169/169/169 168/168/168
f 161/161/161 170/170/170 164/164/164
f 161/161/161 162/162/162 170/170/170
f 162/162/162 171/171/171 170/170/170
f 162/162/162 168/168/168 171/171/171
f 163/163/163 172/172/172 173/173/173
f 163/163/163 174/174/174 172/172/172
f 163/163/163 164/164/164 174/174/174
f 164/164/164 170/170/170 174/174/174
f 168/168/168 175/175/175 171/171/171
f 168/168/168 176/176/176 175/175/175
f 168/168/168 169/169/169 176/176/176
f 170/170/170 177/177/177 174/174/174
f 170/170/170 171/171/171 177/177/177
f 171/171/171 178/178/178 177/177/177
f 171/171/171 175/175/175 178/178/178
f 172/172/172 179/179/179 180/180/180
f 172/172/172 180/180/180 181/181/181
f 172/172/172 182/182/182 173/173/173
f 172/172/172 174/174/174 179/179/179
f 174/174/174 183/183/183 179/179/179
f 174/174/174 177/177/177 183/183/183
f 175/175/175 184/184/184 178/178/178
f 175/175/175 176/176/176 184/184/184
f 176/176/176 185/185/185 184/184/184
f 177/177/177 186/186/186 183/183/183
f 177/177/177 178/178/178 186/186/186
f 178/178/178 187/187/187 186/186/186
f 178/178/178 184/184/184 187/187/187
f 179/179/179 188/188/188 189/189/189
f 179/179/179 190/190/190 188/188/188
f 179/179/179 183/183/183 190/190/190
f 183/183/183 186/186/186 190/190/190
f 184/184/184 191/191/191 187/187/187
f 184/184/184 192/192/192 191/191/191
f 184/184/184 185/185/185 192/192/192
f 186/186/186 193/193/193 190/190/190
f 186/186/186 187/187/187 193/193/193
f 187/187/187 194/194/194 193/193/193
f 187/187/187 191/191/191 194/194/194
f 188/188/188 21/21/21 195/195/195
f 188/188/188 195/195/195 196/196/196
f 188/188/188 197/197/197 189/189/189
f 188/188/188 190/190/190 21/21/21
f 190/190/190 24/24/24 21/21/21
f 190/190/190 193/193/193 24/24/24
f 191/191/191 198/198/198 194/194/194
f 191/191/191 192/192/192 198/198/198
f 192/192/192 199/199/199 198/198/198
f 193/193/193 25/25/25 24/24/24
f 193/193/193 194/194/194 25/25/25
f 194/194/194 27/27/27 25/25/25
f 194/194/194 198/198/198 27/27/27
f 196/196/196 200/200/200 201/201/201
f 198/198/198 30/30/30 27/27/27
f 198/198/198 31/31/31 30/30/30
f 198/198/198 199/199/199 31/31/31
f 200/200/200 202/202/202 201/201/201
f 203/203/203 204/204/204 205/205/205
f 204/204/204 206/206/206 205/205/205
f 207/207/207 208/208/208 209/209/209
f 208/208/208 210/210/210 209/209/209
f 211/211/211 212/212/212 213/213/213
f 212/212/212 214/214/214 213/213/213
f 215/215/215 216/216/216 217/217/217
f 216/216/216 218/218/218 217/217/217
f 219/219/219 220/220/220 221/221/221
f 220/220/220 222/222/222 221/221/221
f 223/223/223 224/224/224 225/225/225
f 224/224/224 226/226/226 225/225/225
f 227/227/227 228/228/228 229/229/229
f 228/228/228 230/230/230 229/229/229
f 231/231/231 232/232/232 233/233/233
f 232/232/232 234/234/234 233/233/233
f 235/235/235 236/236/236 237/237/237
f 235/235/235 237/237/237 238/238/238
f 235/235/235 238/238/238 239/239/239
f 235/235/235 240/240/240 236/236/236
f 235/235/235 241/241/241 240/240/240
f 235/235/235 242/242/242 241/241/241
f 235/235/235 239/239/239 242/242/242
f 237/237/237 125/125/125 114/114/114
f 237/237/237 114/114/114 238/238/238
f 240/240/240 243/243/243 244/244/244
f 240/240/240 241/241/241 243/243/243
f 241/241/241 245/245/245 243/243/243
f 241/241/241 242/242/242 245/245/245
f 242/242/242 239/239/239 246/246/246
f 242/242/242 247/247/247 245/245/245
f 242/242/242 246/246/246 247/247/247
f 114/114/114 106/106/106 238/238/238
f 243/243/243 248/248/248 244/244/244
f 243/243/243 249/249/249 248/248/248
f 243/243/243 245/245/245 250/250/250
f 243/243/243 250/250/250 249/249/249
f 245/245/245 251/251/251 250/250/250
f 245/245/245 247/247/247 251/251/251
f 246/246/246 239/239/239 252/252/252
f 246/246/246 252/252/252 253/253/253
f 246/246/246 254/254/254 247/247/247
f 246/246/246 253/253/253 254/254/254
f 247/247/247 254/254/254 255/255/255
f 247/247/247 255/255/255 251/251/251
f 106/106/106 256/256/256 238/238/238
f 106/106/106 100/100/100 256/256/256
f 248/248/248 257/257/257 258/258/258
f 248/248/248 249/249/249 257/257/257
f 239/239/239 256/256/256 252/252/252
f 239/239/239 238/238/238 256/256/256
f 252/252/252 259/259/259 260/260/260
f 252/252/252 256/256/256 259/259/259
f 252/252/252 260/260/260 253/253/253
f 253/253/253 260/260/260 261/261/261
f 253/253/253 261/261/261 254/254/254
f 254/254/254 261/261/261 262/262/262
f 254/254/254 262/262/262 263/263/263
f 254/254/254 263/263/263 255/255/255
f 255/255/255 264/264/264 251/251/251
f 255/255/255 263/263/263 264/264/264
f 256/256/256 100/100/100 259/259/259
f 100/100/100 99/99/99 259/259/259
f 258/258/258 257/257/257 265/265/265
f 259/259/259 99/99/99 266/266/266
f 259/259/259 266/266/266 260/260/260
f 260/260/260 266/266/266 267/267/267
f 260/260/260 267/267/267 268/268/268
f 260/260/260 268/268/268 261/261/261
f 261/261/261 268/268/268 269/269/269
f 261/261/261 270/270/270 262/262/262
f 263/263/263 262/262/262 271/271/271
f 263/263/263 272/272/272 273/273/273
f 263/263/263 273/273/273 264/264/264
f 251/251/251 274/274/274 250/250/250
f 251/251/251 264/264/264 274/274/274
f 99/99/99 98/98/98 267/267/267
f 99/99/99 267/267/267 266/266/266
f 267/267/267 98/98/98 275/275/275
f 267/267/267 275/275/275 268/268/268
f 268/268/268 275/275/275 276/276/276
f 268/268/268 276/276/276 269/269/269
f 270/270/270 277/277/277 278/278/278
f 270/270/270 279/279/279 262/262/262
f 271/271/271 262/262/262 279/279/279
f 272/272/272 280/280/280 273/273/273
f 250/250/250 281/281/281 249/249/249
f 250/250/250 274/274/274 281/281/281
f 98/98/98 105/105/105 275/275/275
f 275/275/275 105/105/105 282/282/282
f 276/276/276 283/283/283 284/284/284
f 277/277/277 285/285/285 278/278/278
f 281/281/281 257/257/257 249/249/249
f 281/281/281 286/286/286 257/257/257
f 281/281/281 287/287/287 286/286/286
f 281/281/281 274/274/274 287/287/287
f 105/105/105 288/288/288 282/282/282
f 283/283/283 289/289/289 284/284/284
f 257/257/257 290/290/290 265/265/265
f 257/257/257 286/286/286 290/290/290
f 286/286/286 291/291/291 290/290/290
f 286/286/286 287/287/287 292/292/292
f 286/286/286 292/292/292 291/291/291
f 287/287/287 274/274/274 293/293/293
f 287/287/287 294/294/294 292/292/292
f 287/287/287 293/293/293 294/294/294
f 274/274/274 264/264/264 293/293/293
f 290/290/290 295/295/295 265/265/265
f 290/290/290 291/291/291 295/295/295
f 265/265/265 295/295/295 296/296/296
f 291/291/291 297/297/297 295/295/295
f 291/291/291 292/292/292 298/298/298
f 291/291/291 298/298/298 297/297/297
f 292/292/292 299/299/299 298/298/298
f 292/292/292 294/294/294 299/299/299
f 293/293/293 264/264/264 300/300/300
f 293/293/293 300/300/300 294/294/294
f 294/294/294 300/300/300 301/301/301
f 294/294/294 302/302/302 299/299/299
f 294/294/294 301/301/301 302/302/302
f 264/264/264 273/273/273 300/300/300
f 295/295/295 303/303/303 296/296/296
f 295/295/295 304/304/304 303/303/303
f 295/295/295 297/297/297 304/304/304
f 297/297/297 305/305/305 304/304/304
f 297/297/297 306/306/306 305/305/305
f 297/297/297 298/298/298 306/306/306
f 298/298/298 299/299/299 307/307/307
f 298/298/298 307/307/307 306/306/306
f 299/299/299 302/302/302 307/307/307
f 300/300/300 273/273/273 308/308/308
f 300/300/300 309/309/309 301/301/301
f 301/301/301 309/309/309 310/310/310
f 301/301/301 311/311/311 312/312/312
f 301/301/301 312/312/312 302/302/302
f 302/302/302 313/313/313 307/307/307
f 302/302/302 314/314/314 313/313/313
f 273/273/273 315/315/315 308/308/308
f 304/304/304 316/316/316 303/303/303
f 304/304/304 305/305/305 316/316/316
f 303/303/303 316/316/316 317/317/317
f 313/313/313 318/318/318 307/307/307
f 313/313/313 314/314/314 319/319/319
f 313/313/313 320/320/320 318/318/318
f 313/313/313 321/321/321 320/320/320
f 314/314/314 322/322/322 323/323/323
f 316/316/316 324/324/324 317/317/317
f 316/316/316 325/325/325 324/324/324
f 316/316/316 326/326/326 325/325/325
f 316/316/316 305/305/305 326/326/326
f 322/322/322 327/327/327 323/323/323
f 324/324/324 325/325/325 328/328/328
f 324/324/324 328/328/328 329/329/329
f 325/325/325 330/330/330 328/328/328
f 325/325/325 326/326/326 330/330/330
f 326/326/326 305/305/305 331/331/331
f 326/326/326 331/331/331 332/332/332
f 326/326/326 332/332/332 330/330/330
f 305/305/305 306/306/306 331/331/331
f 328/328/328 16/16/16 329/329/329
f 328/328/328 14/14/14 16/16/16
f 328/328/328 330/330/330 12/12/12
f 328/328/328 12/12/12 14/14/14
f 330/330/330 332/332/332 10/10/10
f 330/330/330 10/10/10 12/12/12
f 331/331/331 306/306/306 333/333/333
f 331/331/331 333/333/333 334/334/334
f 331/331/331 334/334/334 332/332/332
f 332/332/332 6/6/6 10/10/10
f 332/332/332 334/334/334 6/6/6
f 306/306/306 307/307/307 333/333/333
f 333/333/333 307/307/307 318/318/318
f 333/333/333 318/318/318 334/334/334
f 334/334/334 318/318/318 335/335/335
f 334/334/334 4/4/4 6/6/6
f 334/334/334 335/335/335 4/4/4
f 318/318/318 336/336/336 335/335/335
f 335/335/335 336/336/336 337/337/337
f 335/335/335 338/338/338 1/1/1
f 335/335/335 1/1/1 4/4/4
f 338/338/338 339/339/339 340/340/340
f 338/338/338 340/340/340 341/341/341
f 342/342/342 343/343/343 344/344/344
f 343/343/343 345/345/345 344/344/344
f 346/346/346 347/347/347 348/348/348
f 347/347/347 349/349/349 348/348/348
f 350/350/350 351/351/351 352/352/352
f 351/351/351 353/353/353 352/352/352
f 354/354/354 355/355/355 356/356/356
f 355/355/355 357/357/357 356/356/356
f 358/358/358 359/359/359 360/360/360
f 359/359/359 361/361/361 360/360/360
f 362/362/362 363/363/363 364/364/364
f 363/363/363 365/365/365 364/364/364
f 366/366/366 367/367/367 368/368/368
f 367/367/367 369/369/369 368/368/368
f 370/370/370 371/371/371 372/372/372
f 371/371/371 373/373/373 372/372/372
f 374/374/374 375/375/375 376/376/376
f 374/374/374 377/377/377 375/375/375
f 374/374/374 376/376/376 378/378/378
f 374/374/374 378/378/378 60/60/60
f 374/374/374 60/60/60 35/35/35
f 374/374/374 34/34/34 377/377/377
f 374/374/374 35/35/35 34/34/34
f 60/60/60 378/378/378 58/58/58
f 378/378/378 376/376/376 379/379/379
f 378/378/378 379/379/379 380/380/380
f 378/378/378 380/380/380 58/58/58
f 376/376/376 381/381/381 379/379/379
f 376/376/376 375/375/375 381/381/381
f 34/34/34 40/40/40 377/377/377
f 58/58/58 380/380/380 54/54/54
f 379/379/379 381/381/381 382/382/382
f 379/379/379 382/382/382 383/383/383
f 379/379/379 383/383/383 380/380/380
f 380/380/380 383/383/383 384/384/384
f 380/380/380 384/384/384 54/54/54
f 381/381/381 385/385/385 386/386/386
f 381/381/381 387/387/387 385/385/385
f 381/381/381 386/386/386 382/382/382
f 381/381/381 375/375/375 387/387/387
f 40/40/40 388/388/388 377/377/377
f 54/54/54 384/384/384 55/55/55
f 382/382/382 386/386/386 389/389/389
f 382/382/382 389/389/389 390/390/390
f 382/382/382 390/390/390 383/383/383
f 383/383/383 390/390/390 391/391/391
f 383/383/383 391/391/391 384/384/384
f 386/386/386 385/385/385 392/392/392
f 386/386/386 392/392/392 389/389/389
f 375/375/375 393/393/393 387/387/387
f 375/375/375 377/377/377 394/394/394
f 377/377/377 395/395/395 394/394/394
f 55/55/55 384/384/384 396/396/396
f 389/389/389 392/392/392 397/397/397
f 389/389/389 397/397/397 398/398/398
f 389/389/389 398/398/398 390/390/390
f 390/390/390 398/398/398 399/399/399
f 390/390/390 399/399/399 391/391/391
f 391/391/391 399/399/399 400/400/400
f 391/391/391 400/400/400 384/384/384
f 393/393/393 401/401/401 387/387/387
f 393/393/393 402/402/402 403/403/403
f 395/395/395 404/404/404 405/405/405
f 384/384/384 400/400/400 396/396/396
f 398/398/398 397/397/397 406/406/406
f 398/398/398 406/406/406 407/407/407
f 398/398/398 407/407/407 399/399/399
f 399/399/399 407/407/407 408/408/408
f 399/399/399 408/408/408 409/409/409
f 399/399/399 409/409/409 400/400/400
f 387/387/387 410/410/410 411/411/411
f 387/387/387 411/411/411 385/385/385
f 402/402/402 412/412/412 403/403/403
f 404/404/404 413/413/413 405/405/405
f 407/407/407 406/406/406 414/414/414
f 407/407/407 414/414/414 408/408/408
f 406/406/406 415/415/415 416/416/416
f 406/406/406 397/397/397 415/415/415
f 406/406/406 416/416/416 414/414/414
f 408/408/408 414/414/414 417/417/417
f 385/385/385 418/418/418 419/419/419
f 385/385/385 419/419/419 392/392/392
f 414/414/414 416/416/416 420/420/420
f 414/414/414 420/420/420 421/421/421
f 414/414/414 421/421/421 417/417/417
f 416/416/416 422/422/422 423/423/423
f 416/416/416 415/415/415 422/422/422
f 416/416/416 423/423/423 420/420/420
f 397/397/397 424/424/424 415/415/415
f 397/397/397 392/392/392 424/424/424
f 415/415/415 425/425/425 422/422/422
f 415/415/415 424/424/424 425/425/425
f 418/418/418 426/426/426 419/419/419
f 419/419/419 427/427/427 428/428/428
f 419/419/419 429/429/429 427/427/427
f 419/419/419 428/428/428 392/392/392
f 392/392/392 428/428/428 424/424/424
f 420/420/420 423/423/423 430/430/430
f 420/420/420 430/430/430 421/421/421
f 421/421/421 430/430/430 431/431/431
f 422/422/422 425/425/425 432/432/432
f 422/422/422 432/432/432 433/433/433
f 422/422/422 433/433/433 423/423/423
f 423/423/423 433/433/433 434/434/434
f 423/423/423 434/434/434 430/430/430
f 424/424/424 428/428/428 425/425/425
f 425/425/425 435/435/435 432/432/432
f 425/425/425 436/436/436 435/435/435
f 425/425/425 428/428/428 436/436/436
f 428/428/428 437/437/437 436/436/436
f 430/430/430 434/434/434 438/438/438
f 430/430/430 438/438/438 439/439/439
f 430/430/430 439/439/439 431/431/431
f 432/432/432 435/435/435 440/440/440
f 432/432/432 440/440/440 433/433/433
f 433/433/433 440/440/440 441/441/441
f 433/433/433 441/441/441 434/434/434
f 434/434/434 441/441/441 442/442/442
f 434/434/434 442/442/442 438/438/438
f 435/435/435 443/443/443 444/444/444
f 435/435/435 444/444/444 440/440/440
f 435/435/435 436/436/436 445/445/445
f 436/436/436 446/446/446 445/445/445
f 436/436/436 437/437/437 447/447/447
f 438/438/438 442/442/442 448/448/448
f 438/438/438 448/448/448 439/439/439
f 439/439/439 448/448/448 449/449/449
f 440/440/440 450/450/450 451/451/451
f 440/440/440 444/444/444 450/450/450
f 440/440/440 451/451/451 441/441/441
f 441/441/441 451/451/451 452/452/452
f 441/441/441 452/452/452 442/442/442
f 442/442/442 452/452/452 453/453/453
f 442/442/442 453/453/453 448/448/448
f 443/443/443 454/454/454 444/444/444
f 443/443/443 455/455/455 456/456/456
f 448/448/448 453/453/453 457/457/457
f 448/448/448 457/457/457 458/458/458
f 448/448/448 458/458/458 449/449/449
f 451/451/451 450/450/450 459/459/459
f 451/451/451 459/459/459 452/452/452
f 450/450/450 460/460/460 461/461/461
f 450/450/450 461/461/461 459/459/459
f 450/450/450 444/444/444 462/462/462
f 452/452/452 459/459/459 463/463/463
f 452/452/452 463/463/463 453/453/453
f 453/453/453 463/463/463 464/464/464
f 453/453/453 464/464/464 457/457/457
f 455/455/455 465/465/465 456/456/456
f 457/457/457 464/464/464 466/466/466
f 457/457/457 466/466/466 458/458/458
f 458/458/458 466/466/466 467/467/467
f 459/459/459 468/468/468 469/469/469
f 459/459/459 461/461/461 468/468/468
f 459/459/459 469/469/469 463/463/463
f 460/460/460 470/470/470 461/461/461
f 461/461/461 471/471/471 468/468/468
f 461/461/461 472/472/472 471/471/471
f 444/444/444 473/473/473 462/462/462
f 463/463/463 469/469/469 474/474/474
f 463/463/463 474/474/474 464/464/464
f 464/464/464 474/474/474 475/475/475
f 464/464/464 475/475/475 466/466/466
f 466/466/466 475/475/475 476/476/476
f 466/466/466 476/476/476 477/477/477
f 466/466/466 477/477/477 467/467/467
f 469/469/469 478/478/478 479/479/479
f 469/469/469 479/479/479 480/480/480
f 469/469/469 480/480/480 474/474/474
f 474/474/474 481/481/481 475/475/475
f 474/474/474 480/480/480 481/481/481
f 475/475/475 482/482/482 476/476/476
f 475/475/475 481/481/481 482/482/482
f 476/476/476 482/482/482 483/483/483
f 476/476/476 483/483/483 477/477/477
f 478/478/478 484/484/484 485/485/485
f 478/478/478 485/485/485 479/479/479
f 479/479/479 485/485/485 486/486/486
f 479/479/479 486/486/486 480/480/480
f 480/480/480 486/486/486 487/487/487
f 480/480/480 487/487/487 481/481/481
f 481/481/481 487/487/487 488/488/488
f 481/481/481 488/488/488 482/482/482
f 482/482/482 488/488/488 489/489/489
f 482/482/482 489/489/489 483/483/483
f 483/483/483 489/489/489 490/490/490
f 484/484/484 491/491/491 485/485/485
f 484/484/484 492/492/492 491/491/491
f 484/484/484 493/493/493 492/492/492
f 485/485/485 494/494/494 495/495/495
f 485/485/485 495/495/495 486/486/486
f 486/486/486 495/495/495 496/496/496
f 486/486/486 496/496/496 497/497/497
f 486/486/486 497/497/497 487/487/487
f 487/487/487 497/497/497 498/498/498
f 487/487/487 498/498/498 488/488/488
f 488/488/488 498/498/498 499/499/499
f 488/488/488 499/499/499 489/489/489
f 490/490/490 489/489/489 500/500/500
f 489/489/489 499/499/499 501/501/501
f 489/489/489 501/501/501 500/500/500
f 494/494/494 502/502/502 495/495/495
f 495/495/495 503/503/503 504/504/504
f 495/495/495 504/504/504 496/496/496
f 496/496/496 505/505/505 506/506/506
f 496/496/496 506/506/506 507/507/507
f 496/496/496 507/507/507 497/497/497
f 497/497/497 507/507/507 498/498/498
f 498/498/498 507/507/507 508/508/508
f 498/498/498 508/508/508 499/499/499
f 499/499/499 508/508/508 509/509/509
f 499/499/499 509/509/509 501/501/501
f 500/500/500 501/501/501 510/510/510
f 500/500/500 510/510/510 511/511/511
f 501/501/501 509/509/509 510/510/510
f 505/505/505 512/512/512 506/506/506
f 506/506/506 513/513/513 514/514/514
f 506/506/506 514/514/514 515/515/515
f 506/506/506 515/515/515 507/507/507
f 507/507/507 515/515/515 516/516/516
f 507/507/507 516/516/516 508/508/508
f 508/508/508 516/516/516 517/517/517
f 508/508/508 517/517/517 509/509/509
f 509/509/509 517/517/517 518/518/518
f 509/509/509 518/518/518 510/510/510
f 510/510/510 518/518/518 519/519/519
f 510/510/510 519/519/519 520/520/520
f 510/510/510 520/520/520 511/511/511
f 515/515/515 521/521/521 522/522/522
f 515/515/515 522/522/522 523/523/523
f 515/515/515 523/523/523 516/516/516
f 516/516/516 523/523/523 517/517/517
f 517/517/517 523/523/523 524/524/524
f 517/517/517 524/524/524 518/518/518
f 518/518/518 524/524/524 525/525/525
f 518/518/518 525/525/525 519/519/519
f 519/519/519 525/525/525 526/526/526
f 519/519/519 526/526/526 520/520/520
f 520/520/520 526/526/526 527/527/527
f 521/521/521 528/528/528 522/522/522
f 522/522/522 529/529/529 530/530/530
f 522/522/522 530/530/530 531/531/531
f 522/522/522 531/531/531 523/523/523
f 523/523/523 531/531/531 532/532/532
f 523/523/523 532/532/532 524/524/524
f 524/524/524 532/532/532 533/533/533
f 524/524/524 533/533/533 525/525/525
f 525/525/525 533/533/533 534/534/534
f 525/525/525 534/534/534 526/526/526
f 526/526/526 534/534/534 535/535/535
f 526/526/526 535/535/535 536/536/536
f 526/526/526 536/536/536 527/527/527
f 528/528/528 537/537/537 538/538/538
f 528/528/528 539/539/539 537/537/537
f 531/531/531 540/540/540 541/541/541
f 531/531/531 541/541/541 542/542/542
f 531/531/531 542/542/542 532/532/532
f 532/532/532 542/542/542 533/533/533
f 533/533/533 542/542/542 543/543/543
f 533/533/533 543/543/543 534/534/534
f 534/534/534 543/543/543 544/544/544
f 534/534/534 544/544/544 535/535/535
f 535/535/535 544/544/544 545/545/545
f 535/535/535 545/545/545 536/536/536
f 536/536/536 545/545/545 546/546/546
f 540/540/540 547/547/547 541/541/541
f 541/541/541 548/548/548 549/549/549
f 541/541/541 549/549/549 550/550/550
f 541/541/541 550/550/550 542/542/542
f 542/542/542 550/550/550 551/551/551
f 542/542/542 551/551/551 543/543/543
f 543/543/543 552/552/552 544/544/544
f 543/543/543 551/551/551 552/552/552
f 544/544/544 552/552/552 553/553/553
f 544/544/544 553/553/553 545/545/545
f 545/545/545 553/553/553 554/554/554
f 545/545/545 554/554/554 555/555/555
f 545/545/545 555/555/555 546/546/546
f 547/547/547 556/556/556 557/557/557
f 547/547/547 558/558/558 556/556/556
f 550/550/550 559/559/559 560/560/560
f 550/550/550 560/560/560 561/561/561
f 550/550/550 561/561/561 551/551/551
f 551/551/551 561/561/561 552/552/552
f 552/552/552 561/561/561 562/562/562
f 552/552/552 562/562/562 553/553/553
f 553/553/553 562/562/562 563/563/563
f 553/553/553 563/563/563 554/554/554
f 554/554/554 563/563/563 564/564/564
f 554/554/554 564/564/564 555/555/555
f 555/555/555 564/564/564 565/565/565
f 559/559/559 566/566/566 560/560/560
f 560/560/560 567/567/567 568/568/568
f 560/560/560 568/568/568 569/569/569
f 560/560/560 569/569/569 561/561/561
f 561/561/561 569/569/569 570/570/570
f 561/561/561 570/570/570 562/562/562
f 562/562/562 570/570/570 571/571/571
f 562/562/562 571/571/571 563/563/563
f 563/563/563 571/571/571 572/572/572
f 563/563/563 572/572/572 564/564/564
f 564/564/564 572/572/572 573/573/573
f 564/564/564 574/574/574 565/565/565
f 564/564/564 573/573/573 574/574/574
f 569/569/569 575/575/575 576/576/576
f 569/569/569 576/576/576 577/577/577
f 569/569/569 577/577/577 570/570/570
f 570/570/570 577/577/577 571/571/571
f 571/571/571 577/577/577 578/578/578
f 571/571/571 578/578/578 572/572/572
f 572/572/572 578/578/578 579/579/579
f 572/572/572 579/579/579 573/573/573
f 573/573/573 579/579/579 580/580/580
f 573/573/573 580/580/580 574/574/574
f 574/574/574 580/580/580 581/581/581
f 575/575/575 582/582/582 576/576/576
f 576/576/576 583/583/583 584/584/584
f 576/576/576 584/584/584 577/577/577
f 577/577/577 584/584/584 585/585/585
f 577/577/577 585/585/585 578/578/578
f 578/578/578 585/585/585 586/586/586
f 578/578/578 586/586/586 579/579/579
f 579/579/579 586/586/586 587/587/587
f 579/579/579 587/587/587 580/580/580
f 580/580/580 587/587/587 588/588/588
f 580/580/580 589/589/589 581/581/581
f 580/580/580 588/588/588 589/589/589
f 583/583/583 590/590/590 584/584/584
f 584/584/584 590/590/590 591/591/591
f 584/584/584 591/591/591 592/592/592
f 584/584/584 592/592/592 585/585/585
f 585/585/585 592/592/592 593/593/593
f 585/585/585 593/593/593 594/594/594
f 585/585/585 594/594/594 586/586/586
f 586/586/586 595/595/595 587/587/587
f 586/586/586 594/594/594 595/595/595
f 587/587/587 595/595/595 596/596/596
f 587/587/587 596/596/596 588/588/588
f 588/588/588 596/596/596 597/597/597
f 588/588/588 597/597/597 589/589/589
f 590/590/590 598/598/598 599/599/599
f 590/590/590 599/599/599 600/600/600
f 601/601/601 602/602/602 603/603/603
f 602/602/602 604/604/604 603/603/603
f 605/605/605 606/606/606 607/607/607
f 606/606/606 608/608/608 607/607/607
f 609/609/609 610/610/610 611/611/611
f 610/610/610 612/612/612 611/611/611
f 613/613/613 614/614/614 615/615/615
f 614/614/614 616/616/616 615/615/615
f 617/617/617 618/618/618 619/619/619
f 618/618/618 620/620/620 619/619/619
f 621/621/621 622/622/622 623/623/623
f 622/622/622 624/624/624 623/623/623
f 625/625/625 626/626/626 627/627/627
f 626/626/626 628/628/628 627/627/627
f 629/629/629 630/630/630 631/631/631
f 630/630/630 632/632/632 631/631/631
f 633/633/633 634/634/634 635/635/635
f 634/634/634 636/636/636 635/635/635
f 637/637/637 638/638/638 639/639/639
f 638/638/638 640/640/640 639/639/639
f 639/639/639 640/640/640 641/641/641
f 639/639/639 641/641/641 642/642/642
f 641/641/641 643/643/643 644/644/644
f 641/641/641 644/644/644 645/645/645
f 641/641/641 645/645/645 646/646/646
f 641/641/641 646/646/646 642/642/642
f 642/642/642 646/646/646 647/647/647
f 643/643/643 648/648/648 644/644/644
f 644/644/644 649/649/649 650/650/650
f 644/644/644 650/650/650 645/645/645
f 644/644/644 651/651/651 649/649/649
f 645/645/645 650/650/650 652/652/652
f 645/645/645 652/652/652 653/653/653
f 645/645/645 653/653/653 654/654/654
f 645/645/645 654/654/654 646/646/646
f 646/646/646 654/654/654 647/647/647
f 647/647/647 654/654/654 655/655/655
f 650/650/650 656/656/656 657/657/657
f 650/650/650 657/657/657 652/652/652
f 650/650/650 658/658/658 656/656/656
f 652/652/652 657/657/657 659/659/659
f 652/652/652 659/659/659 653/653/653
f 653/653/653 659/659/659 660/660/660
f 653/653/653 660/660/660 661/661/661
f 653/653/653 661/661/661 654/654/654
f 654/654/654 661/661/661 655/655/655
f 655/655/655 661/661/661 662/662/662
f 656/656/656 663/663/663 664/664/664
f 656/656/656 664/664/664 657/657/657
f 656/656/656 658/658/658 665/665/665
f 656/656/656 666/666/666 663/663/663
f 657/657/657 667/667/667 668/668/668
f 657/657/657 668/668/668 659/659/659
f 657/657/657 664/664/664 667/667/667
f 659/659/659 668/668/668 669/669/669
f 659/659/659 669/669/669 660/660/660
f 660/660/660 669/669/669 670/670/670
f 660/660/660 671/671/671 661/661/661
f 660/660/660 670/670/670 671/671/671
f 661/661/661 671/671/671 662/662/662
f 662/662/662 671/671/671 672/672/672
f 664/664/664 673/673/673 674/674/674
f 664/664/664 674/674/674 675/675/675
f 664/664/664 675/675/675 667/667/667
f 667/667/667 675/675/675 676/676/676
f 667/667/667 676/676/676 668/668/668
f 668/668/668 676/676/676 677/677/677
f 668/668/668 677/677/677 669/669/669
f 669/669/669 677/677/677 678/678/678
f 669/669/669 678/678/678 670/670/670
f 671/671/671 670/670/670 679/679/679
f 671/671/671 679/679/679 672/672/672
f 670/670/670 678/678/678 680/680/680
f 670/670/670 680/680/680 681/681/681
f 670/670/670 681/681/681 679/679/679
f 672/672/672 679/679/679 682/682/682
f 673/673/673 683/683/683 674/674/674
f 674/674/674 684/684/684 685/685/685
f 674/674/674 685/685/685 675/675/675
f 674/674/674 686/686/686 684/684/684
f 677/677/677 676/676/676 687/687/687
f 677/677/677 687/687/687 688/688/688
f 677/677/677 688/688/688 678/678/678
f 678/678/678 688/688/688 680/680/680
f 680/680/680 688/688/688 689/689/689
f 683/683/683 690/690/690 691/691/691
f 683/683/683 691/691/691 692/692/692
f 685/685/685 693/693/693 694/694/694
f 685/685/685 694/694/694 695/695/695
f 685/685/685 696/696/696 693/693/693
f 685/685/685 695/695/695 675/675/675
f 688/688/688 687/687/687 697/697/697
f 688/688/688 697/697/697 698/698/698
f 688/688/688 698/698/698 689/689/689
f 693/693/693 699/699/699 700/700/700
f 693/693/693 700/700/700 694/694/694
f 693/693/693 696/696/696 701/701/701
f 693/693/693 702/702/702 699/699/699
f 695/695/695 703/703/703 704/704/704
f 695/695/695 694/694/694 703/703/703
f 695/695/695 704/704/704 675/675/675
f 675/675/675 704/704/704 676/676/676
f 697/697/697 687/687/687 705/705/705
f 697/697/697 705/705/705 706/706/706
f 697/697/697 706/706/706 698/698/698
f 698/698/698 706/706/706 707/707/707
f 701/701/701 708/708/708 709/709/709
f 701/701/701 710/710/710 708/708/708
f 704/704/704 703/703/703 705/705/705
f 704/704/704 687/687/687 676/676/676
f 704/704/704 705/705/705 687/687/687
f 703/703/703 694/694/694 711/711/711
f 703/703/703 711/711/711 712/712/712
f 703/703/703 712/712/712 705/705/705
f 705/705/705 712/712/712 706/706/706
f 706/706/706 712/712/712 713/713/713
f 706/706/706 713/713/713 714/714/714
f 706/706/706 714/714/714 707/707/707
f 694/694/694 715/715/715 711/711/711
f 694/694/694 700/700/700 715/715/715
f 711/711/711 716/716/716 712/712/712
f 711/711/711 717/717/717 716/716/716
f 711/711/711 715/715/715 717/717/717
f 712/712/712 716/716/716 713/713/713
f 713/713/713 716/716/716 718/718/718
f 713/713/713 718/718/718 714/714/714
f 714/714/714 718/718/718 719/719/719
f 715/715/715 720/720/720 717/717/717
f 715/715/715 700/700/700 720/720/720
f 700/700/700 721/721/721 720/720/720
f 700/700/700 722/722/722 721/721/721
f 716/716/716 717/717/717 723/723/723
f 716/716/716 723/723/723 718/718/718
f 717/717/717 724/724/724 723/723/723
f 717/717/717 720/720/720 724/724/724
f 718/718/718 723/723/723 725/725/725
f 718/718/718 725/725/725 726/726/726
f 718/718/718 726/726/726 719/719/719
f 720/720/720 727/727/727 724/724/724
f 720/720/720 728/728/728 727/727/727
f 720/720/720 721/721/721 728/728/728
f 721/721/721 729/729/729 728/728/728
f 721/721/721 722/722/722 730/730/730
f 721/721/721 731/731/731 729/729/729
f 723/723/723 732/732/732 725/725/725
f 723/723/723 724/724/724 732/732/732
f 724/724/724 733/733/733 732/732/732
f 724/724/724 727/727/727 733/733/733
f 725/725/725 732/732/732 734/734/734
f 725/725/725 734/734/734 726/726/726
f 726/726/726 734/734/734 735/735/735
f 727/727/727 736/736/736 733/733/733
f 727/727/727 728/728/728 736/736/736
f 728/728/728 737/737/737 736/736/736
f 728/728/728 738/738/738 737/737/737
f 732/732/732 739/739/739 734/734/734
f 732/732/732 733/733/733 739/739/739
f 733/733/733 740/740/740 739/739/739
f 733/733/733 736/736/736 740/740/740
f 734/734/734 741/741/741 742/742/742
f 734/734/734 742/742/742 735/735/735
f 734/734/734 739/739/739 741/741/741
f 736/736/736 743/743/743 740/740/740
f 736/736/736 744/744/744 743/743/743
f 736/736/736 737/737/737 744/744/744
f 737/737/737 745/745/745 744/744/744
f 737/737/737 738/738/738 746/746/746
f 739/739/739 747/747/747 741/741/741
f 739/739/739 740/740/740 747/747/747
f 740/740/740 748/748/748 747/747/747
f 740/740/740 743/743/743 748/748/748
f 741/741/741 747/747/747 749/749/749
f 741/741/741 749/749/749 742/742/742
f 742/742/742 749/749/749 750/750/750
f 743/743/743 751/751/751 748/748/748
f 743/743/743 752/752/752 751/751/751
f 743/743/743 744/744/744 753/753/753
f 743/743/743 753/753/753 752/752/752
f 744/744/744 754/754/754 753/753/753
f 744/744/744 745/745/745 755/755/755
f 744/744/744 755/755/755 754/754/754
f 747/747/747 756/756/756 749/749/749
f 747/747/747 748/748/748 756/756/756
f 748/748/748 757/757/757 756/756/756
f 748/748/748 751/751/751 757/757/757
f 749/749/749 758/758/758 750/750/750
f 749/749/749 759/759/759 758/758/758
f 749/749/749 756/756/756 759/759/759
f 756/756/756 760/760/760 759/759/759
f 756/756/756 757/757/757 760/760/760
f 758/758/758 759/759/759 761/761/761
f 759/759/759 760/760/760 761/761/761
f 762/762/762 763/763/763 764/764/764
f 762/762/762 765/765/765 763/763/763
f 763/763/763 766/766/766 767/767/767
f 763/763/763 765/765/765 766/766/766
f 766/766/766 768/768/768 769/769/769
f 766/766/766 769/769/769 770/770/770
f 766/766/766 771/771/771 768/768/768
f 766/766/766 770/770/770 767/767/767
f 767/767/767 770/770/770 772/772/772
f 768/768/768 773/773/773 774/774/774
f 768/768/768 774/774/774 769/769/769
f 768/768/768 775/775/775 773/773/773
f 768/768/768 771/771/771 776/776/776
f 769/769/769 777/777/777 778/778/778
f 769/769/769 778/778/778 779/779/779
f 769/769/769 774/774/774 777/777/777
f 769/769/769 779/779/779 770/770/770
f 770/770/770 779/779/779 772/772/772
f 772/772/772 779/779/779 780/780/780
f 774/774/774 781/781/781 782/782/782
f 774/774/774 782/782/782 777/777/777
f 774/774/774 783/783/783 781/781/781
f 777/777/777 782/782/782 784/784/784
f 777/777/777 784/784/784 778/778/778
f 778/778/778 784/784/784 785/785/785
f 778/778/778 785/785/785 786/786/786
f 778/778/778 786/786/786 779/779/779
f 779/779/779 786/786/786 780/780/780
f 780/780/780 786/786/786 787/787/787
f 781/781/781 788/788/788 782/782/782
f 781/781/781 789/789/789 788/788/788
f 781/781/781 783/783/783 790/790/790
f 781/781/781 791/791/791 789/789/789
f 782/782/782 788/788/788 792/792/792
f 782/782/782 792/792/792 793/793/793
f 782/782/782 793/793/793 784/784/784
f 784/784/784 793/793/793 794/794/794
f 784/784/784 794/794/794 785/785/785
f 785/785/785 794/794/794 795/795/795
f 785/785/785 795/795/795 796/796/796
f 785/785/785 796/796/796 786/786/786
f 786/786/786 796/796/796 787/787/787
f 787/787/787 796/796/796 797/797/797
f 788/788/788 798/798/798 799/799/799
f 788/788/788 799/799/799 800/800/800
f 788/788/788 800/800/800 792/792/792
f 792/792/792 800/800/800 801/801/801
f 792/792/792 801/801/801 793/793/793
f 793/793/793 802/802/802 794/794/794
f 793/793/793 801/801/801 802/802/802
f 794/794/794 802/802/802 803/803/803
f 794/794/794 803/803/803 795/795/795
f 796/796/796 795/795/795 804/804/804
f 796/796/796 804/804/804 797/797/797
f 795/795/795 803/803/803 805/805/805
f 795/795/795 805/805/805 806/806/806
f 795/795/795 806/806/806 804/804/804
f 797/797/797 804/804/804 807/807/807
f 798/798/798 808/808/808 799/799/799
f 799/799/799 809/809/809 810/810/810
f 799/799/799 810/810/810 800/800/800
f 799/799/799 811/811/811 809/809/809
f 802/802/802 801/801/801 812/812/812
f 802/802/802 812/812/812 813/813/813
f 802/802/802 813/813/813 803/803/803
f 803/803/803 813/813/813 805/805/805
f 805/805/805 813/813/813 814/814/814
f 810/810/810 815/815/815 816/816/816
f 810/810/810 816/816/816 817/817/817
f 810/810/810 817/817/817 800/800/800
f 810/810/810 818/818/818 815/815/815
f 812/812/812 819/819/819 820/820/820
f 812/812/812 820/820/820 821/821/821
f 812/812/812 801/801/801 819/819/819
f 812/812/812 821/821/821 813/813/813
f 813/813/813 821/821/821 822/822/822
f 813/813/813 822/822/822 814/814/814
f 817/817/817 823/823/823 819/819/819
f 817/817/817 816/816/816 823/823/823
f 817/817/817 819/819/819 800/800/800
f 800/800/800 819/819/819 801/801/801
f 818/818/818 824/824/824 815/815/815
f 819/819/819 823/823/823 820/820/820
f 820/820/820 823/823/823 825/825/825
f 820/820/820 825/825/825 826/826/826
f 820/820/820 826/826/826 821/821/821
f 821/821/821 826/826/826 822/822/822
f 822/822/822 826/826/826 827/827/827
f 823/823/823 828/828/828 825/825/825
f 823/823/823 816/816/816 828/828/828
f 824/824/824 829/829/829 830/830/830
f 824/824/824 831/831/831 829/829/829
f 825/825/825 828/828/828 832/832/832
f 825/825/825 832/832/832 833/833/833
f 825/825/825 833/833/833 826/826/826
f 826/826/826 833/833/833 834/834/834
f 826/826/826 834/834/834 827/827/827
f 828/828/828 835/835/835 832/832/832
f 828/828/828 816/816/816 836/836/836
f 828/828/828 836/836/836 835/835/835
f 816/816/816 837/837/837 836/836/836
f 816/816/816 815/815/815 837/837/837
f 832/832/832 835/835/835 838/838/838
f 832/832/832 838/838/838 839/839/839
f 832/832/832 839/839/839 833/833/833
f 833/833/833 839/839/839 834/834/834
f 834/834/834 839/839/839 840/840/840
f 835/835/835 841/841/841 842/842/842
f 835/835/835 842/842/842 838/838/838
f 835/835/835 836/836/836 841/841/841
f 836/836/836 837/837/837 841/841/841
f 837/837/837 843/843/843 841/841/841
f 837/837/837 815/815/815 844/844/844
f 837/837/837 845/845/845 843/843/843
f 815/815/815 846/846/846 844/844/844
f 838/838/838 842/842/842 847/847/847
f 838/838/838 847/847/847 848/848/848
f 838/838/838 848/848/848 839/839/839
f 839/839/839 848/848/848 849/849/849
f 839/839/839 849/849/849 840/840/840
f 841/841/841 843/843/843 850/850/850
f 841/841/841 850/850/850 851/851/851
f 841/841/841 851/851/851 842/842/842
f 842/842/842 851/851/851 852/852/852
f 842/842/842 852/852/852 847/847/847
f 843/843/843 853/853/853 850/850/850
f 843/843/843 854/854/854 853/853/853
f 843/843/843 845/845/845 855/855/855
f 847/847/847 852/852/852 856/856/856
f 847/847/847 856/856/856 857/857/857
f 847/847/847 857/857/857 848/848/848
f 848/848/848 857/857/857 849/849/849
f 849/849/849 857/857/857 858/858/858
f 850/850/850 859/859/859 860/860/860
f 850/850/850 860/860/860 861/861/861
f 850/850/850 861/861/861 851/851/851
f 851/851/851 861/861/861 852/852/852
f 852/852/852 861/861/861 862/862/862
f 852/852/852 862/862/862 856/856/856
f 856/856/856 862/862/862 863/863/863
f 856/856/856 864/864/864 857/857/857
f 856/856/856 863/863/863 864/864/864
f 857/857/857 864/864/864 865/865/865
f 857/857/857 865/865/865 858/858/858
f 859/859/859 866/866/866 860/860/860
f 860/860/860 867/867/867 868/868/868
f 860/860/860 868/868/868 861/861/861
f 860/860/860 866/866/866 867/867/867
f 861/861/861 868/868/868 869/869/869
f 861/861/861 869/869/869 862/862/862
f 862/862/862 869/869/869 870/870/870
f 862/862/862 870/870/870 863/863/863
f 863/863/863 870/870/870 871/871/871
f 863/863/863 872/872/872 864/864/864
f 863/863/863 871/871/871 872/872/872
f 864/864/864 872/872/872 865/865/865
f 865/865/865 872/872/872 873/873/873
f 868/868/868 874/874/874 875/875/875
f 868/868/868 875/875/875 869/869/869
f 869/869/869 875/875/875 876/876/876
f 869/869/869 876/876/876 877/877/877
f 869/869/869 877/877/877 870/870/870
f 870/870/870 877/877/877 878/878/878
f 870/870/870 878/878/878 871/871/871
f 871/871/871 879/879/879 872/872/872
f 871/871/871 880/880/880 879/879/879
f 871/871/871 878/878/878 880/880/880
f 872/872/872 879/879/879 881/881/881
f 872/872/872 881/881/881 873/873/873
f 874/874/874 882/882/882 883/883/883
f 874/874/874 884/884/884 875/875/875
f 879/879/879 885/885/885 881/881/881
f 879/879/879 880/880/880 885/885/885
f 882/882/882 886/886/886 883/883/883
f 887/887/887 888/888/888 889/889/889
f 888/888/888 890/890/890 889/889/889
f 891/891/891 892/892/892 893/893/893
f 892/892/892 894/894/894 893/893/893
f 895/895/895 896/896/896 897/897/897
f 896/896/896 898/898/898 897/897/897
f 899/899/899 900/900/900 901/901/901
f 900/900/900 902/902/902 901/901/901
f 903/903/903 904/904/904 905/905/905
f 904/904/904 906/906/906 905/905/905
f 907/907/907 908/908/908 909/909/909
f 908/908/908 910/910/910 909/909/909
f 910/910/910 911/911/911 912/912/912
f 910/910/910 912/912/912 913/913/913
f 914/914/914 915/915/915 916/916/916
f 915/915/915 917/917/917 916/916/916
f 918/918/918 919/919/919 920/920/920
f 919/919/919 921/921/921 920/920/920
f 922/922/922 923/923/923 924/924/924
f 923/923/923 925/925/925 924/924/924
f 926/926/926 927/927/927 928/928/928
f 927/927/927 929/929/929 928/928/928
f 930/930/930 931/931/931 932/932/932
f 931/931/931 933/933/933 932/932/932
f 934/934/934 935/935/935 936/936/936
f 935/935/935 937/937/937 936/936/936
f 937/937/937 938/938/938 939/939/939
f 937/937/937 939/939/939 940/940/940
f 941/941/941 942/942/942 943/943/943
f 942/942/942 944/944/944 943/943/943
f 945/945/945 946/946/946 947/947/947
f 946/946/946 948/948/948 947/947/947
f 949/949/949 950/950/950 951/951/951
f 950/950/950 952/952/952 951/951/951
f 953/953/953 954/954/954 955/955/955
f 954/954/954 956/956/956 955/955/955
f 957/957/957 958/958/958 959/959/959
f 958/958/958 960/960/960 959/959/959
f 961/961/961 962/962/962 963/963/963
f 962/962/962 964/964/964 963/963/963
f 964/964/964 965/965/965 966/966/966
f 964/964/964 966/966/966 967/967/967
f 968/968/968 969/969/969 970/970/970
f 969/969/969 971/971/971 970/970/970
f 972/972/972 973/973/973 974/974/974
f 973/973/973 975/975/975 974/974/974
f 976/976/976 977/977/977 978/978/978
f 977/977/977 979/979/979 978/978/978
f 980/980/980 981/981/981 982/982/982
f 981/981/981 983/983/983 982/982/982
f 984/984/984 985/985/985 986/986/986
f 985/985/985 987/987/987 986/986/986
f 988/988/988 989/989/989 990/990/990
f 989/989/989 991/991/991 990/990/990
f 992/992/992 993/993/993 994/994/994
f 993/993/993 995/995/995 994/994/994
f 996/996/996 997/997/997 998/998/998
f 997/997/997 999/999/999 998/998/998
f 1000/1000/1000 1001/1001/1001 1002/1002/1002
f 1001/1001/1001 1003/1003/1003 1002/1002/1002
f 1004/1004/1004 1005/1005/1005 1006/1006/1006
f 1005/1005/1005 1007/1007/1007 1006/1006/1006
f 1008/1008/1008 1009/1009/1009 1010/1010/1010
f 1009/1009/1009 1011/1011/1011 1010/1010/1010
f 1012/1012/1012 1013/1013/1013 1014/1014/1014
f 1012/1012/1012 1015/1015/1015 1013/1013/1013
f 1013/1013/1013 1016/1016/1016 1017/1017/1017
f 1013/1013/1013 1018/1018/1018 1016/1016/1016
f 1013/1013/1013 1017/1017/1017 1014/1014/1014
f 1013/1013/1013 1015/1015/1015 1018/1018/1018
f 1014/1014/1014 1017/1017/1017 1019/1019/1019
f 1014/1014/1014 1019/1019/1019 1020/1020/1020
f 1015/1015/1015 1021/1021/1021 1018/1018/1018
f 1015/1015/1015 1022/1022/1022 1021/1021/1021
f 1016/1016/1016 1018/1018/1018 1023/1023/1023
f 1018/1018/1018 1024/1024/1024 1023/1023/1023
f 1018/1018/1018 1021/1021/1021 1024/1024/1024
f 1019/1019/1019 1025/1025/1025 1020/1020/1020
f 1021/1021/1021 1026/1026/1026 1024/1024/1024
f 1021/1021/1021 1027/1027/1027 1026/1026/1026
f 1021/1021/1021 1022/1022/1022 1027/1027/1027
f 1023/1023/1023 1024/1024/1024 1028/1028/1028
f 1024/1024/1024 1029/1029/1029 1028/1028/1028
f 1024/1024/1024 1026/1026/1026 1029/1029/1029
f 1026/1026/1026 1030/1030/1030 1029/1029/1029
f 1026/1026/1026 1031/1031/1031 1030/1030/1030
f 1026/1026/1026 1027/1027/1027 1031/1031/1031
f 1027/1027/1027 1032/1032/1032 1031/1031/1031
f 1028/1028/1028 1029/1029/1029 1033/1033/1033
f 1029/1029/1029 1034/1034/1034 1033/1033/1033
f 1029/1029/1029 1030/1030/1030 1034/1034/1034
f 1030/1030/1030 1035/1035/1035 1034/1034/1034
f 1030/1030/1030 1036/1036/1036 1035/1035/1035
f 1030/1030/1030 1031/1031/1031 1036/1036/1036
f 1031/1031/1031 1037/1037/1037 1036/1036/1036
f 1031/1031/1031 1032/1032/1032 1037/1037/1037
f 1032/1032/1032 1038/1038/1038 1037/1037/1037
f 1033/1033/1033 1034/1034/1034 1039/1039/1039
f 1034/1034/1034 1040/1040/1040 1039/1039/1039
f 1034/1034/1034 1035/1035/1035 1040/1040/1040
f 1035/1035/1035 1041/1041/1041 1040/1040/1040
f 1035/1035/1035 1042/1042/1042 1041/1041/1041
f 1035/1035/1035 1036/1036/1036 1042/1042/1042
f 1036/1036/1036 1043/1043/1043 1042/1042/1042
f 1036/1036/1036 1037/1037/1037 1043/1043/1043
f 1037/1037/1037 1044/1044/1044 1043/1043/1043
f 1037/1037/1037 1038/1038/1038 1044/1044/1044
f 1039/1039/1039 1040/1040/1040 1045/1045/1045
f 1040/1040/1040 1046/1046/1046 1045/1045/1045
f 1040/1040/1040 1041/1041/1041 1046/1046/1046
f 1041/1041/1041 1047/1047/1047 1046/1046/1046
f 1041/1041/1041 1048/1048/1048 1047/1047/1047
f 1041/1041/1041 1042/1042/1042 1048/1048/1048
f 1042/1042/1042 1049/1049/1049 1048/1048/1048
f 1042/1042/1042 1043/1043/1043 1049/1049/1049
f 1043/1043/1043 1050/1050/1050 1049/1049/1049
f 1043/1043/1043 1044/1044/1044 1050/1050/1050
f 1044/1044/1044 1051/1051/1051 1050/1050/1050
f 1045/1045/1045 1046/1046/1046 56/56/56
f 1046/1046/1046 53/53/53 56/56/56
f 1046/1046/1046 1047/1047/1047 53/53/53
f 1047/1047/1047 1052/1052/1052 53/53/53
f 1047/1047/1047 1053/1053/1053 1052/1052/1052
f 1047/1047/1047 1048/1048/1048 1053/1053/1053
f 1048/1048/1048 1054/1054/1054 1053/1053/1053
f 1048/1048/1048 1049/1049/1049 1054/1054/1054
f 1049/1049/1049 1055/1055/1055 1054/1054/1054
f 1049/1049/1049 1056/1056/1056 1055/1055/1055
f 1049/1049/1049 1050/1050/1050 1056/1056/1056
f 1050/1050/1050 1057/1057/1057 1056/1056/1056
f 1050/1050/1050 1051/1051/1051 1057/1057/1057
f 1052/1052/1052 1053/1053/1053 1058/1058/1058
f 1053/1053/1053 1059/1059/1059 1058/1058/1058
f 1053/1053/1053 1054/1054/1054 1059/1059/1059
f 1054/1054/1054 1055/1055/1055 1059/1059/1059
f 1055/1055/1055 1060/1060/1060 1059/1059/1059
f 1055/1055/1055 1061/1061/1061 1060/1060/1060
f 1055/1055/1055 1062/1062/1062 1061/1061/1061
f 1055/1055/1055 1056/1056/1056 1062/1062/1062
f 1056/1056/1056 1057/1057/1057 1062/1062/1062
f 1058/1058/1058 1059/1059/1059 1063/1063/1063
f 1059/1059/1059 1060/1060/1060 1063/1063/1063
f 1060/1060/1060 1064/1064/1064 1063/1063/1063
f 1060/1060/1060 1065/1065/1065 1064/1064/1064
f 1060/1060/1060 1061/1061/1061 1065/1065/1065
f 1064/1064/1064 1065/1065/1065 1066/1066/1066
f 1065/1065/1065 1067/1067/1067 1068/1068/1068
f 1065/1065/1065 1069/1069/1069 1070/1070/1070
f 1065/1065/1065 1070/1070/1070 1067/1067/1067
f 1067/1067/1067 37/37/37 1068/1068/1068
f 1069/1069/1069 1071/1071/1071 1072/1072/1072
f 1069/1069/1069 1072/1072/1072 1070/1070/1070
f 1071/1071/1071 1073/1073/1073 1072/1072/1072
f 1071/1071/1071 1074/1074/1074 1073/1073/1073
f 1073/1073/1073 1074/1074/1074 1075/1075/1075
f 1074/1074/1074 1076/1076/1076 1075/1075/1075
f 1077/1077/1077 1078/1078/1078 1079/1079/1079
f 1077/1077/1077 1080/1080/1080 1078/1078/1078
f 1077/1077/1077 1081/1081/1081 1080/1080/1080
f 1077/1077/1077 1079/1079/1079 1082/1082/1082
f 1077/1077/1077 1082/1082/1082 1083/1083/1083
f 1077/1077/1077 1084/1084/1084 1081/1081/1081
f 1077/1077/1077 1083/1083/1083 1084/1084/1084
f 1080/1080/1080 1085/1085/1085 1078/1078/1078
f 1080/1080/1080 1086/1086/1086 1085/1085/1085
f 1082/1082/1082 1079/1079/1079 1087/1087/1087
f 1085/1085/1085 1088/1088/1088 1089/1089/1089
f 1085/1085/1085 1090/1090/1090 1088/1088/1088
f 1085/1085/1085 1086/1086/1086 1090/1090/1090
f 1085/1085/1085 1089/1089/1089 1091/1091/1091
f 1085/1085/1085 1091/1091/1091 1078/1078/1078
f 1078/1078/1078 1091/1091/1091 1079/1079/1079
f 1087/1087/1087 1092/1092/1092 1093/1093/1093
f 1087/1087/1087 1079/1079/1079 1092/1092/1092
f 1088/1088/1088 1094/1094/1094 1095/1095/1095
f 1088/1088/1088 1090/1090/1090 1094/1094/1094
f 1088/1088/1088 1095/1095/1095 1089/1089/1089
f 1089/1089/1089 1095/1095/1095 1096/1096/1096
f 1089/1089/1089 1096/1096/1096 1097/1097/1097
f 1089/1089/1089 1097/1097/1097 1091/1091/1091
f 1090/1090/1090 1098/1098/1098 1094/1094/1094
f 1091/1091/1091 1097/1097/1097 1092/1092/1092
f 1091/1091/1091 1092/1092/1092 1079/1079/1079
f 1092/1092/1092 1097/1097/1097 1099/1099/1099
f 1092/1092/1092 1099/1099/1099 1093/1093/1093
f 1094/1094/1094 1100/1100/1100 1101/1101/1101
f 1094/1094/1094 1102/1102/1102 1100/1100/1100
f 1094/1094/1094 1101/1101/1101 1095/1095/1095
f 1094/1094/1094 1098/1098/1098 1102/1102/1102
f 1095/1095/1095 1101/1101/1101 1103/1103/1103
f 1095/1095/1095 1103/1103/1103 1096/1096/1096
f 1096/1096/1096 1103/1103/1103 1104/1104/1104
f 1096/1096/1096 1104/1104/1104 1105/1105/1105
f 1096/1096/1096 1105/1105/1105 1097/1097/1097
f 1097/1097/1097 1105/1105/1105 1099/1099/1099
f 1099/1099/1099 1106/1106/1106 1107/1107/1107
f 1099/1099/1099 1105/1105/1105 1106/1106/1106
f 1100/1100/1100 1108/1108/1108 1101/1101/1101
f 1100/1100/1100 1109/1109/1109 1108/1108/1108
f 1100/1100/1100 1102/1102/1102 1109/1109/1109
f 1101/1101/1101 1108/1108/1108 1110/1110/1110
f 1101/1101/1101 1110/1110/1110 1103/1103/1103
f 1102/1102/1102 1111/1111/1111 1109/1109/1109
f 1103/1103/1103 1110/1110/1110 1112/1112/1112
f 1103/1103/1103 1112/1112/1112 1104/1104/1104
f 1105/1105/1105 1104/1104/1104 1106/1106/1106
f 1104/1104/1104 1113/1113/1113 1114/1114/1114
f 1104/1104/1104 1112/1112/1112 1113/1113/1113
f 1104/1104/1104 1114/1114/1114 1106/1106/1106
f 1106/1106/1106 1114/1114/1114 1115/1115/1115
f 1106/1106/1106 1116/1116/1116 1107/1107/1107
f 1107/1107/1107 1116/1116/1116 1117/1117/1117
f 1108/1108/1108 1118/1118/1118 1119/1119/1119
f 1108/1108/1108 1109/1109/1109 1118/1118/1118
f 1108/1108/1108 1119/1119/1119 1110/1110/1110
f 1110/1110/1110 1119/1119/1119 1120/1120/1120
f 1110/1110/1110 1120/1120/1120 1112/1112/1112
f 1111/1111/1111 1121/1121/1121 1109/1109/1109
f 1112/1112/1112 1120/1120/1120 1113/1113/1113
f 1113/1113/1113 1122/1122/1122 1123/1123/1123
f 1113/1113/1113 1120/1120/1120 1122/1122/1122
f 1113/1113/1113 1124/1124/1124 1114/1114/1114
f 1114/1114/1114 1124/1124/1124 1125/1125/1125
f 1114/1114/1114 1126/1126/1126 1115/1115/1115
f 1119/1119/1119 1127/1127/1127 1128/1128/1128
f 1119/1119/1119 1118/1118/1118 1127/1127/1127
f 1119/1119/1119 1128/1128/1128 1120/1120/1120
f 1120/1120/1120 1129/1129/1129 1122/1122/1122
f 1120/1120/1120 1128/1128/1128 1129/1129/1129
f 1121/1121/1121 1130/1130/1130 1131/1131/1131
f 1121/1121/1121 1131/1131/1131 1109/1109/1109
f 1121/1121/1121 1132/1132/1132 1130/1130/1130
f 1123/1123/1123 1122/1122/1122 1133/1133/1133
f 1124/1124/1124 1134/1134/1134 1135/1135/1135
f 1128/1128/1128 1136/1136/1136 1129/1129/1129
f 1128/1128/1128 1127/1127/1127 1136/1136/1136
f 1129/1129/1129 1137/1137/1137 1138/1138/1138
f 1129/1129/1129 1136/1136/1136 1137/1137/1137
f 1129/1129/1129 1139/1139/1139 1122/1122/1122
f 1109/1109/1109 1131/1131/1131 1118/1118/1118
f 1131/1131/1131 1140/1140/1140 1118/1118/1118
f 1131/1131/1131 1130/1130/1130 1140/1140/1140
f 1132/1132/1132 1141/1141/1141 1130/1130/1130
f 1134/1134/1134 1142/1142/1142 1135/1135/1135
f 1138/1138/1138 1137/1137/1137 1143/1143/1143
f 1137/1137/1137 1144/1144/1144 1145/1145/1145
f 1137/1137/1137 1146/1146/1146 1144/1144/1144
f 1137/1137/1137 1136/1136/1136 1146/1146/1146
f 1139/1139/1139 1147/1147/1147 1122/1122/1122
f 1118/1118/1118 1140/1140/1140 1127/1127/1127
f 1140/1140/1140 1148/1148/1148 1127/1127/1127
f 1140/1140/1140 1149/1149/1149 1148/1148/1148
f 1140/1140/1140 1130/1130/1130 1149/1149/1149
f 1130/1130/1130 1150/1150/1150 1149/1149/1149
f 1130/1130/1130 1141/1141/1141 1150/1150/1150
f 1141/1141/1141 1151/1151/1151 1152/1152/1152
f 1141/1141/1141 1152/1152/1152 1150/1150/1150
f 1146/1146/1146 1153/1153/1153 1154/1154/1154
f 1146/1146/1146 1155/1155/1155 1153/1153/1153
f 1146/1146/1146 1156/1156/1156 1155/1155/1155
f 1146/1146/1146 1136/1136/1136 1156/1156/1156
f 1127/1127/1127 1148/1148/1148 1136/1136/1136
f 1148/1148/1148 1156/1156/1156 1136/1136/1136
f 1148/1148/1148 1157/1157/1157 1156/1156/1156
f 1148/1148/1148 1149/1149/1149 1157/1157/1157
f 1149/1149/1149 1158/1158/1158 1157/1157/1157
f 1149/1149/1149 1150/1150/1150 1158/1158/1158
f 1150/1150/1150 1152/1152/1152 1158/1158/1158
f 1151/1151/1151 1159/1159/1159 1152/1152/1152
f 1152/1152/1152 1160/1160/1160 1158/1158/1158
f 1152/1152/1152 1161/1161/1161 1160/1160/1160
f 1152/1152/1152 1159/1159/1159 1161/1161/1161
f 1154/1154/1154 1153/1153/1153 1162/1162/1162
f 1156/1156/1156 1157/1157/1157 1155/1155/1155
f 1157/1157/1157 1163/1163/1163 1155/1155/1155
f 1157/1157/1157 1158/1158/1158 1163/1163/1163
f 1155/1155/1155 1164/1164/1164 1153/1153/1153
f 1155/1155/1155 1165/1165/1165 1164/1164/1164
f 1155/1155/1155 1163/1163/1163 1165/1165/1165
f 1158/1158/1158 1160/1160/1160 1163/1163/1163
f 1159/1159/1159 1166/1166/1166 1161/1161/1161
f 1159/1159/1159 1167/1167/1167 1166/1166/1166
f 1160/1160/1160 1168/1168/1168 1163/1163/1163
f 1160/1160/1160 1169/1169/1169 1168/1168/1168
f 1160/1160/1160 1161/1161/1161 1169/1169/1169
f 1161/1161/1161 1170/1170/1170 1169/1169/1169
f 1161/1161/1161 1166/1166/1166 1170/1170/1170
f 1163/1163/1163 1168/1168/1168 1165/1165/1165
f 1164/1164/1164 1171/1171/1171 1172/1172/1172
f 1164/1164/1164 1173/1173/1173 1153/1153/1153
f 1164/1164/1164 1174/1174/1174 1171/1171/1171
f 1164/1164/1164 1165/1165/1165 1174/1174/1174
f 1165/1165/1165 1168/1168/1168 1174/1174/1174
f 1168/1168/1168 1175/1175/1175 1174/1174/1174
f 1168/1168/1168 1169/1169/1169 1175/1175/1175
f 1169/1169/1169 1176/1176/1176 1175/1175/1175
f 1169/1169/1169 1170/1170/1170 1176/1176/1176
f 1172/1172/1172 1171/1171/1171 1177/1177/1177
f 1171/1171/1171 1178/1178/1178 1179/1179/1179
f 1171/1171/1171 1179/1179/1179 1180/1180/1180
f 1171/1171/1171 1181/1181/1181 1178/1178/1178
f 1171/1171/1171 1174/1174/1174 1181/1181/1181
f 1173/1173/1173 1182/1182/1182 1153/1153/1153
f 1174/1174/1174 1175/1175/1175 1181/1181/1181
f 1175/1175/1175 1183/1183/1183 1181/1181/1181
f 1175/1175/1175 1176/1176/1176 1183/1183/1183
f 1178/1178/1178 1184/1184/1184 1185/1185/1185
f 1178/1178/1178 1186/1186/1186 1184/1184/1184
f 1178/1178/1178 1181/1181/1181 1186/1186/1186
f 1180/1180/1180 1187/1187/1187 1188/1188/1188
f 1181/1181/1181 1183/1183/1183 1186/1186/1186
f 1185/1185/1185 1189/1189/1189 1190/1190/1190
f 1187/1187/1187 1191/1191/1191 1188/1188/1188
f 1189/1189/1189 1192/1192/1192 1190/1190/1190
f 1193/1193/1193 1194/1194/1194 1195/1195/1195
f 1194/1194/1194 1196/1196/1196 1195/1195/1195
f 1197/1197/1197 1198/1198/1198 1199/1199/1199
f 1198/1198/1198 1200/1200/1200 1199/1199/1199
f 1201/1201/1201 1202/1202/1202 1203/1203/1203
f 1202/1202/1202 1204/1204/1204 1203/1203/1203
f 1205/1205/1205 1206/1206/1206 1207/1207/1207
f 1206/1206/1206 1208/1208/1208 1207/1207/1207
f 1209/1209/1209 1210/1210/1210 1211/1211/1211
f 1210/1210/1210 1212/1212/1212 1211/1211/1211
f 1213/1213/1213 1214/1214/1214 1215/1215/1215
f 1214/1214/1214 1216/1216/1216 1215/1215/1215
f 1217/1217/1217 1218/1218/1218 1219/1219/1219
f 1218/1218/1218 1220/1220/1220 1219/1219/1219
f 1221/1221/1221 1222/1222/1222 1223/1223/1223
f 1222/1222/1222 1224/1224/1224 1223/1223/1223
f 1225/1225/1225 1226/1226/1226 1227/1227/1227
f 1226/1226/1226 1228/1228/1228 1227/1227/1227
f 1229/1229/1229 1230/1230/1230 1231/1231/1231
f 1230/1230/1230 1232/1232/1232 1231/1231/1231
f 1233/1233/1233 1234/1234/1234 1235/1235/1235
f 1234/1234/1234 1236/1236/1236 1235/1235/1235
f 1237/1237/1237 1238/1238/1238 1239/1239/1239
f 1238/1238/1238 1240/1240/1240 1239/1239/1239
f 1241/1241/1241 1242/1242/1242 1243/1243/1243
f 1242/1242/1242 1244/1244/1244 1243/1243/1243
f 1245/1245/1245 1246/1246/1246 1247/1247/1247
f 1246/1246/1246 1248/1248/1248 1247/1247/1247
f 1249/1249/1249 1250/1250/1250 1251/1251/1251
f 1250/1250/1250 1252/1252/1252 1251/1251/1251
f 1253/1253/1253 1254/1254/1254 1255/1255/1255
f 1254/1254/1254 1256/1256/1256 1255/1255/1255
f 1257/1257/1257 1258/1258/1258 1259/1259/1259
f 1258/1258/1258 1260/1260/1260 1259/1259/1259
f 1261/1261/1261 1262/1262/1262 1263/1263/1263
f 1262/1262/1262 1264/1264/1264 1263/1263/1263
f 1265/1265/1265 1266/1266/1266 1267/1267/1267
f 1266/1266/1266 1268/1268/1268 1267/1267/1267
f 1269/1269/1269 1270/1270/1270 1271/1271/1271
f 1270/1270/1270 1272/1272/1272 1271/1271/1271
f 1273/1273/1273 1274/1274/1274 1275/1275/1275
f 1274/1274/1274 1276/1276/1276 1275/1275/1275
f 1277/1277/1277 1278/1278/1278 1279/1279/1279
f 1278/1278/1278 1280/1280/1280 1279/1279/1279
f 1280/1280/1280 1281/1281/1281 1282/1282/1282
f 1281/1281/1281 1283/1283/1283 1284/1284/1284
f 1281/1281/1281 1284/1284/1284 1285/1285/1285
f 1281/1281/1281 1285/1285/1285 1286/1286/1286
f 1281/1281/1281 1287/1287/1287 1282/1282/1282
f 1281/1281/1281 1286/1286/1286 1288/1288/1288
f 1281/1281/1281 1288/1288/1288 1287/1287/1287
f 1283/1283/1283 1289/1289/1289 1284/1284/1284
f 1284/1284/1284 1290/1290/1290 1291/1291/1291
f 1284/1284/1284 1291/1291/1291 1285/1285/1285
f 1285/1285/1285 1291/1291/1291 1292/1292/1292
f 1285/1285/1285 1292/1292/1292 1293/1293/1293
f 1285/1285/1285 1294/1294/1294 1286/1286/1286
f 1285/1285/1285 1293/1293/1293 1294/1294/1294
f 1286/1286/1286 1294/1294/1294 1288/1288/1288
f 1288/1288/1288 1294/1294/1294 1295/1295/1295
f 1290/1290/1290 1296/1296/1296 1291/1291/1291
f 1291/1291/1291 1297/1297/1297 1298/1298/1298
f 1291/1291/1291 1298/1298/1298 1299/1299/1299
f 1291/1291/1291 1299/1299/1299 1292/1292/1292
f 1292/1292/1292 1299/1299/1299 1300/1300/1300
f 1292/1292/1292 1300/1300/1300 1293/1293/1293
f 1293/1293/1293 1300/1300/1300 1301/1301/1301
f 1293/1293/1293 1302/1302/1302 1294/1294/1294
f 1293/1293/1293 1301/1301/1301 1302/1302/1302
f 1294/1294/1294 1302/1302/1302 1295/1295/1295
f 1295/1295/1295 1302/1302/1302 1303/1303/1303
f 1297/1297/1297 1304/1304/1304 1298/1298/1298
f 1298/1298/1298 1305/1305/1305 1306/1306/1306
f 1298/1298/1298 1306/1306/1306 1299/1299/1299
f 1299/1299/1299 1306/1306/1306 1307/1307/1307
f 1299/1299/1299 1307/1307/1307 1308/1308/1308
f 1299/1299/1299 1308/1308/1308 1300/1300/1300
f 1300/1300/1300 1308/1308/1308 1309/1309/1309
f 1300/1300/1300 1309/1309/1309 1301/1301/1301
f 1301/1301/1301 1309/1309/1309 1310/1310/1310
f 1301/1301/1301 1311/1311/1311 1302/1302/1302
f 1301/1301/1301 1310/1310/1310 1311/1311/1311
f 1302/1302/1302 1311/1311/1311 1303/1303/1303
f 1303/1303/1303 1311/1311/1311 1312/1312/1312
f 1305/1305/1305 1313/1313/1313 1306/1306/1306
f 1306/1306/1306 1314/1314/1314 1315/1315/1315
f 1306/1306/1306 1315/1315/1315 1316/1316/1316
f 1306/1306/1306 1316/1316/1316 1307/1307/1307
f 1307/1307/1307 1316/1316/1316 1317/1317/1317
f 1307/1307/1307 1317/1317/1317 1308/1308/1308
f 1308/1308/1308 1317/1317/1317 1318/1318/1318
f 1308/1308/1308 1318/1318/1318 1309/1309/1309
f 1309/1309/1309 1318/1318/1318 1319/1319/1319
f 1309/1309/1309 1319/1319/1319 1310/1310/1310
f 1311/1311/1311 1310/1310/1310 1320/1320/1320
f 1311/1311/1311 1320/1320/1320 1312/1312/1312
f 1312/1312/1312 1320/1320/1320 1321/1321/1321
f 1314/1314/1314 1322/1322/1322 1315/1315/1315
f 1315/1315/1315 1323/1323/1323 1324/1324/1324
f 1315/1315/1315 1324/1324/1324 1316/1316/1316
f 1316/1316/1316 1324/1324/1324 1325/1325/1325
f 1316/1316/1316 1326/1326/1326 1317/1317/1317
f 1316/1316/1316 1325/1325/1325 1326/1326/1326
f 1317/1317/1317 1326/1326/1326 1327/1327/1327
f 1317/1317/1317 1327/1327/1327 1318/1318/1318
f 1318/1318/1318 1327/1327/1327 1328/1328/1328
f 1318/1318/1318 1328/1328/1328 1319/1319/1319
f 1319/1319/1319 1328/1328/1328 1329/1329/1329
f 1319/1319/1319 1329/1329/1329 1310/1310/1310
f 1320/1320/1320 1310/1310/1310 1330/1330/1330
f 1323/1323/1323 1331/1331/1331 1324/1324/1324
f 1324/1324/1324 1332/1332/1332 1333/1333/1333
f 1324/1324/1324 1333/1333/1333 1334/1334/1334
f 1324/1324/1324 1334/1334/1334 1325/1325/1325
f 1325/1325/1325 1335/1335/1335 1326/1326/1326
f 1325/1325/1325 1334/1334/1334 1335/1335/1335
f 1326/1326/1326 1336/1336/1336 1327/1327/1327
f 1326/1326/1326 1335/1335/1335 1336/1336/1336
f 1327/1327/1327 1336/1336/1336 1337/1337/1337
f 1327/1327/1327 1337/1337/1337 1328/1328/1328
f 1329/1329/1329 1330/1330/1330 1310/1310/1310
f 1329/1329/1329 1328/1328/1328 1338/1338/1338
f 1328/1328/1328 1337/1337/1337 1339/1339/1339
f 1328/1328/1328 1339/1339/1339 1338/1338/1338
f 1332/1332/1332 1340/1340/1340 1333/1333/1333
f 1333/1333/1333 1341/1341/1341 1342/1342/1342
f 1333/1333/1333 1342/1342/1342 1334/1334/1334
f 1334/1334/1334 1343/1343/1343 1335/1335/1335
f 1334/1334/1334 1342/1342/1342 1344/1344/1344
f 1334/1334/1334 1344/1344/1344 1343/1343/1343
f 1335/1335/1335 1345/1345/1345 1336/1336/1336
f 1335/1335/1335 1343/1343/1343 1345/1345/1345
f 1336/1336/1336 1345/1345/1345 1346/1346/1346
f 1336/1336/1336 1346/1346/1346 1337/1337/1337
f 1337/1337/1337 1346/1346/1346 1339/1339/1339
f 1339/1339/1339 1346/1346/1346 1347/1347/1347
f 1341/1341/1341 1348/1348/1348 1342/1342/1342
f 1342/1342/1342 1349/1349/1349 1350/1350/1350
f 1342/1342/1342 1350/1350/1350 1351/1351/1351
f 1342/1342/1342 1351/1351/1351 1344/1344/1344
f 1343/1343/1343 1352/1352/1352 1345/1345/1345
f 1343/1343/1343 1344/1344/1344 1353/1353/1353
f 1343/1343/1343 1353/1353/1353 1352/1352/1352
f 1344/1344/1344 1351/1351/1351 1353/1353/1353
f 1345/1345/1345 1352/1352/1352 1354/1354/1354
f 1345/1345/1345 1354/1354/1354 1346/1346/1346
f 1346/1346/1346 1354/1354/1354 1355/1355/1355
f 1346/1346/1346 1355/1355/1355 1347/1347/1347
f 1349/1349/1349 1356/1356/1356 1350/1350/1350
f 1350/1350/1350 1357/1357/1357 1358/1358/1358
f 1350/1350/1350 1358/1358/1358 1351/1351/1351
f 1351/1351/1351 1359/1359/1359 1353/1353/1353
f 1351/1351/1351 1358/1358/1358 1360/1360/1360
f 1351/1351/1351 1360/1360/1360 1359/1359/1359
f 1352/1352/1352 1361/1361/1361 1354/1354/1354
f 1352/1352/1352 1353/1353/1353 1362/1362/1362
f 1352/1352/1352 1362/1362/1362 1361/1361/1361
f 1353/1353/1353 1359/1359/1359 1362/1362/1362
f 1354/1354/1354 1361/1361/1361 1355/1355/1355
f 1355/1355/1355 1361/1361/1361 1363/1363/1363
f 1357/1357/1357 1364/1364/1364 1358/1358/1358
f 1358/1358/1358 1365/1365/1365 1366/1366/1366
f 1358/1358/1358 1366/1366/1366 1367/1367/1367
f 1358/1358/1358 1367/1367/1367 1360/1360/1360
f 1359/1359/1359 1368/1368/1368 1362/1362/1362
f 1359/1359/1359 1360/1360/1360 1369/1369/1369
f 1359/1359/1359 1369/1369/1369 1368/1368/1368
f 1360/1360/1360 1367/1367/1367 1369/1369/1369
f 1361/1361/1361 1362/1362/1362 1370/1370/1370
f 1361/1361/1361 1370/1370/1370 1371/1371/1371
f 1361/1361/1361 1371/1371/1371 1363/1363/1363
f 1362/1362/1362 1368/1368/1368 1370/1370/1370
f 1365/1365/1365 1372/1372/1372 1366/1366/1366
f 1366/1366/1366 1373/1373/1373 1374/1374/1374
f 1366/1366/1366 1375/1375/1375 1373/1373/1373
f 1366/1366/1366 1374/1374/1374 1367/1367/1367
f 1367/1367/1367 1376/1376/1376 1369/1369/1369
f 1367/1367/1367 1374/1374/1374 1377/1377/1377
f 1367/1367/1367 1377/1377/1377 1376/1376/1376
f 1368/1368/1368 1378/1378/1378 1370/1370/1370
f 1368/1368/1368 1369/1369/1369 1379/1379/1379
f 1368/1368/1368 1379/1379/1379 1378/1378/1378
f 1369/1369/1369 1376/1376/1376 1379/1379/1379
f 1370/1370/1370 1378/1378/1378 1371/1371/1371
f 1371/1371/1371 1378/1378/1378 1380/1380/1380
f 1376/1376/1376 1381/1381/1381 1379/1379/1379
f 1376/1376/1376 1377/1377/1377 1382/1382/1382
f 1376/1376/1376 1382/1382/1382 1381/1381/1381
f 1377/1377/1377 1383/1383/1383 1384/1384/1384
f 1377/1377/1377 1384/1384/1384 1385/1385/1385
f 1377/1377/1377 1385/1385/1385 1386/1386/1386
f 1377/1377/1377 1386/1386/1386 1382/1382/1382
f 1378/1378/1378 1379/1379/1379 1387/1387/1387
f 1378/1378/1378 1387/1387/1387 1388/1388/1388
f 1378/1378/1378 1388/1388/1388 1380/1380/1380
f 1379/1379/1379 1381/1381/1381 1387/1387/1387
f 1381/1381/1381 1389/1389/1389 1387/1387/1387
f 1381/1381/1381 1382/1382/1382 1390/1390/1390
f 1381/1381/1381 1390/1390/1390 1389/1389/1389
f 1382/1382/1382 1386/1386/1386 1391/1391/1391
f 1382/1382/1382 1391/1391/1391 1390/1390/1390
f 1383/1383/1383 1392/1392/1392 1384/1384/1384
f 1384/1384/1384 1392/1392/1392 1393/1393/1393
f 1387/1387/1387 1389/1389/1389 1388/1388/1388
f 1388/1388/1388 1389/1389/1389 1394/1394/1394
f 1389/1389/1389 1390/1390/1390 1395/1395/1395
f 1389/1389/1389 1396/1396/1396 1394/1394/1394
f 1389/1389/1389 1395/1395/1395 1396/1396/1396
f 1390/1390/1390 1391/1391/1391 1397/1397/1397
f 1390/1390/1390 1397/1397/1397 1395/1395/1395
f 1392/1392/1392 1398/1398/1398 1399/1399/1399
f 1392/1392/1392 1399/1399/1399 1400/1400/1400
f 1395/1395/1395 1397/1397/1397 1401/1401/1401
f 1395/1395/1395 1401/1401/1401 1396/1396/1396
f 1402/1402/1402 1403/1403/1403 1404/1404/1404
f 1402/1402/1402 1404/1404/1404 1405/1405/1405
f 1403/1403/1403 1406/1406/1406 1404/1404/1404
f 1405/1405/1405 1404/1404/1404 1407/1407/1407
f 1406/1406/1406 1408/1408/1408 1409/1409/1409
f 1406/1406/1406 1409/1409/1409 1404/1404/1404
f 1404/1404/1404 1409/1409/1409 1410/1410/1410
f 1404/1404/1404 1410/1410/1410 1407/1407/1407
f 1407/1407/1407 1410/1410/1410 1411/1411/1411
f 1408/1408/1408 1412/1412/1412 1413/1413/1413
f 1408/1408/1408 1413/1413/1413 1409/1409/1409
f 1409/1409/1409 1413/1413/1413 1414/1414/1414
f 1409/1409/1409 1414/1414/1414 1410/1410/1410
f 1410/1410/1410 1414/1414/1414 1415/1415/1415
f 1410/1410/1410 1415/1415/1415 1411/1411/1411
f 1411/1411/1411 1415/1415/1415 1416/1416/1416
f 1412/1412/1412 1417/1417/1417 1418/1418/1418
f 1412/1412/1412 1418/1418/1418 1413/1413/1413
f 1413/1413/1413 1418/1418/1418 1419/1419/1419
f 1413/1413/1413 1419/1419/1419 1414/1414/1414
f 1414/1414/1414 1419/1419/1419 1420/1420/1420
f 1414/1414/1414 1420/1420/1420 1415/1415/1415
f 1415/1415/1415 1420/1420/1420 1421/1421/1421
f 1415/1415/1415 1421/1421/1421 1416/1416/1416
f 1416/1416/1416 1421/1421/1421 1422/1422/1422
f 1417/1417/1417 1423/1423/1423 1418/1418/1418
f 1418/1418/1418 1423/1423/1423 1424/1424/1424
f 1418/1418/1418 1424/1424/1424 1419/1419/1419
f 1419/1419/1419 1424/1424/1424 1425/1425/1425
f 1419/1419/1419 1425/1425/1425 1420/1420/1420
f 1420/1420/1420 1425/1425/1425 1426/1426/1426
f 1420/1420/1420 1426/1426/1426 1421/1421/1421
f 1421/1421/1421 1427/1427/1427 1422/1422/1422
f 1421/1421/1421 1426/1426/1426 1427/1427/1427
f 1422/1422/1422 1427/1427/1427 1428/1428/1428
f 1423/1423/1423 1429/1429/1429 1424/1424/1424
f 1424/1424/1424 1429/1429/1429 1430/1430/1430
f 1424/1424/1424 1430/1430/1430 1425/1425/1425
f 1425/1425/1425 1430/1430/1430 1431/1431/1431
f 1425/1425/1425 1431/1431/1431 1426/1426/1426
f 1426/1426/1426 1431/1431/1431 1432/1432/1432
f 1426/1426/1426 1432/1432/1432 1427/1427/1427
f 1427/1427/1427 1433/1433/1433 1428/1428/1428
f 1427/1427/1427 1432/1432/1432 1433/1433/1433
f 1428/1428/1428 1433/1433/1433 1434/1434/1434
f 1429/1429/1429 1435/1435/1435 1430/1430/1430
f 1430/1430/1430 1435/1435/1435 1436/1436/1436
f 1430/1430/1430 1436/1436/1436 1431/1431/1431
f 1431/1431/1431 1436/1436/1436 1437/1437/1437
f 1431/1431/1431 1437/1437/1437 1432/1432/1432
f 1432/1432/1432 1438/1438/1438 1433/1433/1433
f 1432/1432/1432 1437/1437/1437 1438/1438/1438
f 1433/1433/1433 1439/1439/1439 1434/1434/1434
f 1433/1433/1433 1438/1438/1438 1439/1439/1439
f 1434/1434/1434 1439/1439/1439 1440/1440/1440
f 1435/1435/1435 1441/1441/1441 1436/1436/1436
f 1436/1436/1436 1441/1441/1441 1442/1442/1442
f 1436/1436/1436 1442/1442/1442 1437/1437/1437
f 1437/1437/1437 1443/1443/1443 1438/1438/1438
f 1437/1437/1437 1442/1442/1442 1443/1443/1443
f 1438/1438/1438 1444/1444/1444 1439/1439/1439
f 1438/1438/1438 1443/1443/1443 1444/1444/1444
f 1439/1439/1439 1445/1445/1445 1440/1440/1440
f 1439/1439/1439 1444/1444/1444 1445/1445/1445
f 1440/1440/1440 1445/1445/1445 1446/1446/1446
f 1441/1441/1441 1447/1447/1447 1442/1442/1442
f 1442/1442/1442 1448/1448/1448 1443/1443/1443
f 1442/1442/1442 1447/1447/1447 1448/1448/1448
f 1443/1443/1443 1449/1449/1449 1444/1444/1444
f 1443/1443/1443 1448/1448/1448 1449/1449/1449
f 1444/1444/1444 1450/1450/1450 1445/1445/1445
f 1444/1444/1444 1449/1449/1449 1450/1450/1450
f 1445/1445/1445 1451/1451/1451 1446/1446/1446
f 1445/1445/1445 1450/1450/1450 1451/1451/1451
f 1446/1446/1446 1451/1451/1451 1452/1452/1452
f 1447/1447/1447 1453/1453/1453 1448/1448/1448
f 1448/1448/1448 1454/1454/1454 1449/1449/1449
f 1448/1448/1448 1453/1453/1453 1454/1454/1454
f 1449/1449/1449 1455/1455/1455 1450/1450/1450
f 1449/1449/1449 1454/1454/1454 1455/1455/1455
f 1450/1450/1450 1456/1456/1456 1451/1451/1451
f 1450/1450/1450 1455/1455/1455 1456/1456/1456
f 1451/1451/1451 1457/1457/1457 1452/1452/1452
f 1451/1451/1451 1456/1456/1456 1457/1457/1457
f 1452/1452/1452 1457/1457/1457 1458/1458/1458
f 1453/1453/1453 1459/1459/1459 1454/1454/1454
f 1454/1454/1454 1460/1460/1460 1455/1455/1455
f 1454/1454/1454 1459/1459/1459 1460/1460/1460
f 1455/1455/1455 1461/1461/1461 1456/1456/1456
f 1455/1455/1455 1460/1460/1460 1461/1461/1461
f 1456/1456/1456 1462/1462/1462 1457/1457/1457
f 1456/1456/1456 1461/1461/1461 1462/1462/1462
f 1457/1457/1457 1463/1463/1463 1458/1458/1458
f 1457/1457/1457 1462/1462/1462 1463/1463/1463
f 1458/1458/1458 1463/1463/1463 1464/1464/1464
f 1459/1459/1459 1465/1465/1465 1460/1460/1460
f 1460/1460/1460 1466/1466/1466 1461/1461/1461
f 1460/1460/1460 1465/1465/1465 1466/1466/1466
f 1461/1461/1461 1467/1467/1467 1462/1462/1462
f 1461/1461/1461 1466/1466/1466 1467/1467/1467
f 1462/1462/1462 1468/1468/1468 1463/1463/1463
f 1462/1462/1462 1467/1467/1467 1468/1468/1468
f 1463/1463/1463 1469/1469/1469 1464/1464/1464
f 1463/1463/1463 1468/1468/1468 1469/1469/1469
f 1464/1464/1464 1469/1469/1469 1470/1470/1470
f 1465/1465/1465 1471/1471/1471 1466/1466/1466
f 1466/1466/1466 1472/1472/1472 1467/1467/1467
f 1466/1466/1466 1471/1471/1471 1472/1472/1472
f 1467/1467/1467 1473/1473/1473 1468/1468/1468
f 1467/1467/1467 1472/1472/1472 1473/1473/1473
f 1468/1468/1468 1474/1474/1474 1469/1469/1469
f 1468/1468/1468 1473/1473/1473 1474/1474/1474
f 1469/1469/1469 1475/1475/1475 1470/1470/1470
f 1469/1469/1469 1474/1474/1474 1475/1475/1475
f 1470/1470/1470 1475/1475/1475 1476/1476/1476
f 1471/1471/1471 1477/1477/1477 1472/1472/1472
f 1472/1472/1472 1478/1478/1478 1473/1473/1473
f 1472/1472/1472 1477/1477/1477 1478/1478/1478
f 1473/1473/1473 1479/1479/1479 1474/1474/1474
f 1473/1473/1473 1478/1478/1478 1479/1479/1479
f 1474/1474/1474 1480/1480/1480 1475/1475/1475
f 1474/1474/1474 1479/1479/1479 1480/1480/1480
f 1475/1475/1475 1481/1481/1481 1476/1476/1476
f 1475/1475/1475 1480/1480/1480 1481/1481/1481
f 1476/1476/1476 1481/1481/1481 1482/1482/1482
f 1477/1477/1477 1483/1483/1483 1478/1478/1478
f 1478/1478/1478 1484/1484/1484 1479/1479/1479
f 1478/1478/1478 1483/1483/1483 1484/1484/1484
f 1479/1479/1479 1485/1485/1485 1480/1480/1480
f 1479/1479/1479 1484/1484/1484 1485/1485/1485
f 1480/1480/1480 1486/1486/1486 1481/1481/1481
f 1480/1480/1480 1485/1485/1485 1486/1486/1486
f 1481/1481/1481 1487/1487/1487 1482/1482/1482
f 1481/1481/1481 1486/1486/1486 1487/1487/1487
f 1482/1482/1482 1487/1487/1487 1488/1488/1488
f 1483/1483/1483 1489/1489/1489 1484/1484/1484
f 1484/1484/1484 1490/1490/1490 1485/1485/1485
f 1484/1484/1484 1489/1489/1489 1490/1490/1490
f 1485/1485/1485 1491/1491/1491 1486/1486/1486
f 1485/1485/1485 1490/1490/1490 1491/1491/1491
f 1486/1486/1486 1492/1492/1492 1487/1487/1487
f 1486/1486/1486 1491/1491/1491 1492/1492/1492
f 1487/1487/1487 1493/1493/1493 1488/1488/1488
f 1487/1487/1487 1492/1492/1492 1493/1493/1493
f 1488/1488/1488 1493/1493/1493 1494/1494/1494
f 1489/1489/1489 1495/1495/1495 1490/1490/1490
f 1490/1490/1490 1496/1496/1496 1491/1491/1491
f 1490/1490/1490 1495/1495/1495 1496/1496/1496
f 1491/1491/1491 1497/1497/1497 1492/1492/1492
f 1491/1491/1491 1496/1496/1496 1497/1497/1497
f 1492/1492/1492 1498/1498/1498 1493/1493/1493
f 1492/1492/1492 1497/1497/1497 1498/1498/1498
f 1493/1493/1493 1499/1499/1499 1494/1494/1494
f 1493/1493/1493 1498/1498/1498 1499/1499/1499
f 1495/1495/1495 1500/1500/1500 1496/1496/1496
f 1496/1496/1496 1501/1501/1501 1497/1497/1497
f 1496/1496/1496 1500/1500/1500 1501/1501/1501
f 1497/1497/1497 1502/1502/1502 1498/1498/1498
f 1497/1497/1497 1501/1501/1501 1502/1502/1502
f 1498/1498/1498 1503/1503/1503 1499/1499/1499
f 1498/1498/1498 1502/1502/1502 1503/1503/1503
f 1500/1500/1500 1504/1504/1504 1501/1501/1501
f 1501/1501/1501 1505/1505/1505 1502/1502/1502
f 1501/1501/1501 1504/1504/1504 1505/1505/1505
f 1502/1502/1502 1506/1506/1506 1503/1503/1503
f 1502/1502/1502 1505/1505/1505 1506/1506/1506
f 1504/1504/1504 1507/1507/1507 1505/1505/1505
f 1505/1505/1505 1508/1508/1508 1506/1506/1506
f 1505/1505/1505 1507/1507/1507 1508/1508/1508
f 1507/1507/1507 1509/1509/1509 1508/1508/1508
f 1510/1510/1510 1511/1511/1511 1512/1512/1512
f 1511/1511/1511 1513/1513/1513 1514/1514/1514
f 1511/1511/1511 1514/1514/1514 1512/1512/1512
f 1512/1512/1512 1514/1514/1514 1515/1515/1515
f 1513/1513/1513 1516/1516/1516 1517/1517/1517
f 1513/1513/1513 1517/1517/1517 1518/1518/1518
f 1513/1513/1513 1518/1518/1518 1514/1514/1514
f 1514/1514/1514 1518/1518/1518 1519/1519/1519
f 1514/1514/1514 1519/1519/1519 1515/1515/1515
f 1516/1516/1516 1520/1520/1520 1517/1517/1517
f 1517/1517/1517 1520/1520/1520 1521/1521/1521
f 1517/1517/1517 1521/1521/1521 1522/1522/1522
f 1517/1517/1517 1522/1522/1522 1518/1518/1518
f 1518/1518/1518 1522/1522/1522 1523/1523/1523
f 1518/1518/1518 1523/1523/1523 1519/1519/1519
f 1520/1520/1520 1524/1524/1524 1521/1521/1521
f 1521/1521/1521 1524/1524/1524 1525/1525/1525
f 1521/1521/1521 1525/1525/1525 1526/1526/1526
f 1521/1521/1521 1526/1526/1526 1522/1522/1522
f 1522/1522/1522 1526/1526/1526 1527/1527/1527
f 1522/1522/1522 1527/1527/1527 1523/1523/1523
f 1525/1525/1525 1528/1528/1528 1526/1526/1526
f 1526/1526/1526 1528/1528/1528 1529/1529/1529
f 1526/1526/1526 1529/1529/1529 1527/1527/1527
f 1528/1528/1528 1530/1530/1530 1529/1529/1529
f 1531/1531/1531 1532/1532/1532 1533/1533/1533
f 1531/1531/1531 1534/1534/1534 1532/1532/1532
f 1531/1531/1531 1533/1533/1533 1076/1076/1076
f 1532/1532/1532 1534/1534/1534 1535/1535/1535
f 1533/1533/1533 1075/1075/1075 1076/1076/1076
f 1534/1534/1534 1536/1536/1536 1535/1535/1535
f 1535/1535/1535 1536/1536/1536 1537/1537/1537
f 1536/1536/1536 1538/1538/1538 1537/1537/1537
f 1537/1537/1537 1538/1538/1538 1539/1539/1539
f 1538/1538/1538 1540/1540/1540 1539/1539/1539
f 1539/1539/1539 1540/1540/1540 1541/1541/1541
f 1540/1540/1540 1542/1542/1542 1541/1541/1541
f 1541/1541/1541 1542/1542/1542 1543/1543/1543
f 1542/1542/1542 1544/1544/1544 1543/1543/1543
f 1543/1543/1543 1544/1544/1544 1545/1545/1545
f 1544/1544/1544 1546/1546/1546 1545/1545/1545
f 1545/1545/1545 1546/1546/1546 1547/1547/1547
f 1546/1546/1546 1548/1548/1548 1547/1547/1547
f 1547/1547/1547 1549/1549/1549 1550/1550/1550
f 1547/1547/1547 1550/1550/1550 1551/1551/1551
f 1552/1552/1552 1044/1044/1044 1038/1038/1038
f 1552/1552/1552 1038/1038/1038 1553/1553/1553
f 1552/1552/1552 1051/1051/1051 1044/1044/1044
f 1038/1038/1038 1032/1032/1032 1554/1554/1554
f 1038/1038/1038 1554/1554/1554 1553/1553/1553
f 1553/1553/1553 1554/1554/1554 1555/1555/1555
f 1032/1032/1032 1027/1027/1027 1556/1556/1556
f 1032/1032/1032 1556/1556/1556 1554/1554/1554
f 1554/1554/1554 1556/1556/1556 1557/1557/1557
f 1554/1554/1554 1557/1557/1557 1555/1555/1555
f 1555/1555/1555 1557/1557/1557 1558/1558/1558
f 1027/1027/1027 1022/1022/1022 1556/1556/1556
f 1556/1556/1556 1022/1022/1022 1559/1559/1559
f 1556/1556/1556 1559/1559/1559 1557/1557/1557
f 1557/1557/1557 1559/1559/1559 1560/1560/1560
f 1557/1557/1557 1560/1560/1560 1558/1558/1558
f 1558/1558/1558 1560/1560/1560 1561/1561/1561
f 1022/1022/1022 1562/1562/1562 1559/1559/1559
f 1022/1022/1022 1015/1015/1015 1562/1562/1562
f 1559/1559/1559 1562/1562/1562 1563/1563/1563
f 1559/1559/1559 1563/1563/1563 1560/1560/1560
f 1560/1560/1560 1563/1563/1563 1564/1564/1564
f 1560/1560/1560 1564/1564/1564 1561/1561/1561
f 1561/1561/1561 1564/1564/1564 1565/1565/1565
f 1562/1562/1562 1566/1566/1566 1563/1563/1563
f 1562/1562/1562 1012/1012/1012 1566/1566/1566
f 1562/1562/1562 1015/1015/1015 1012/1012/1012
f 1563/1563/1563 1566/1566/1566 1567/1567/1567
f 1563/1563/1563 1567/1567/1567 1564/1564/1564
f 1564/1564/1564 1567/1567/1567 1568/1568/1568
f 1564/1564/1564 1568/1568/1568 1565/1565/1565
f 1565/1565/1565 1568/1568/1568 1569/1569/1569
f 1566/1566/1566 1570/1570/1570 1567/1567/1567
f 1566/1566/1566 1571/1571/1571 1570/1570/1570
f 1566/1566/1566 1012/1012/1012 1571/1571/1571
f 1012/1012/1012 1014/1014/1014 1571/1571/1571
f 1567/1567/1567 1570/1570/1570 1572/1572/1572
f 1567/1567/1567 1572/1572/1572 1568/1568/1568
f 1568/1568/1568 1572/1572/1572 1573/1573/1573
f 1568/1568/1568 1573/1573/1573 1569/1569/1569
f 1569/1569/1569 1573/1573/1573 1574/1574/1574
f 1570/1570/1570 1575/1575/1575 1572/1572/1572
f 1570/1570/1570 1571/1571/1571 1576/1576/1576
f 1570/1570/1570 1576/1576/1576 1575/1575/1575
f 1571/1571/1571 1014/1014/1014 1020/1020/1020
f 1571/1571/1571 1020/1020/1020 1576/1576/1576
f 1572/1572/1572 1577/1577/1577 1573/1573/1573
f 1573/1573/1573 1577/1577/1577 1578/1578/1578
f 1573/1573/1573 1578/1578/1578 1574/1574/1574
f 1574/1574/1574 1578/1578/1578 1579/1579/1579
f 1575/1575/1575 1576/1576/1576 1580/1580/1580
f 1576/1576/1576 1020/1020/1020 1581/1581/1581
f 1576/1576/1576 1581/1581/1581 1580/1580/1580
f 1020/1020/1020 1025/1025/1025 1581/1581/1581
f 1577/1577/1577 1582/1582/1582 1578/1578/1578
f 1578/1578/1578 1582/1582/1582 1583/1583/1583
f 1578/1578/1578 1583/1583/1583 1579/1579/1579
f 1581/1581/1581 1025/1025/1025 1584/1584/1584
f 1582/1582/1582 1585/1585/1585 1583/1583/1583
f 1583/1583/1583 1586/1586/1586 1587/1587/1587
f 1583/1583/1583 1585/1585/1585 1586/1586/1586
f 1583/1583/1583 1587/1587/1587 1588/1588/1588
f 1583/1583/1583 1588/1588/1588 1589/1589/1589
f 1585/1585/1585 1590/1590/1590 1586/1586/1586
f 1586/1586/1586 1591/1591/1591 1592/1592/1592
f 1586/1586/1586 1593/1593/1593 1591/1591/1591
f 1586/1586/1586 1594/1594/1594 1593/1593/1593
f 1586/1586/1586 1590/1590/1590 1594/1594/1594
f 1590/1590/1590 1595/1595/1595 1594/1594/1594
f 1591/1591/1591 1593/1593/1593 1596/1596/1596
f 1591/1591/1591 1596/1596/1596 1597/1597/1597
f 1591/1591/1591 1597/1597/1597 1598/1598/1598
f 1591/1591/1591 1598/1598/1598 1592/1592/1592
f 1592/1592/1592 1598/1598/1598 1599/1599/1599
f 1593/1593/1593 1600/1600/1600 1596/1596/1596
f 1593/1593/1593 1601/1601/1601 1600/1600/1600
f 1593/1593/1593 1594/1594/1594 1601/1601/1601
f 1594/1594/1594 1602/1602/1602 1601/1601/1601
f 1594/1594/1594 1595/1595/1595 1602/1602/1602
f 1595/1595/1595 1603/1603/1603 1602/1602/1602
f 1596/1596/1596 1600/1600/1600 1604/1604/1604
f 1596/1596/1596 1604/1604/1604 1605/1605/1605
f 1596/1596/1596 1605/1605/1605 1597/1597/1597
f 1600/1600/1600 1606/1606/1606 1604/1604/1604
f 1600/1600/1600 1607/1607/1607 1606/1606/1606
f 1600/1600/1600 1601/1601/1601 1607/1607/1607
f 1601/1601/1601 1608/1608/1608 1607/1607/1607
f 1601/1601/1601 1602/1602/1602 1608/1608/1608
f 1602/1602/1602 1609/1609/1609 1608/1608/1608
f 1602/1602/1602 1603/1603/1603 1609/1609/1609
f 1603/1603/1603 1610/1610/1610 1609/1609/1609
f 1604/1604/1604 1606/1606/1606 1611/1611/1611
f 1604/1604/1604 1611/1611/1611 1612/1612/1612
f 1604/1604/1604 1612/1612/1612 1605/1605/1605
f 1606/1606/1606 1613/1613/1613 1611/1611/1611
f 1606/1606/1606 1614/1614/1614 1613/1613/1613
f 1606/1606/1606 1607/1607/1607 1614/1614/1614
f 1607/1607/1607 1615/1615/1615 1614/1614/1614
f 1607/1607/1607 1608/1608/1608 1615/1615/1615
f 1608/1608/1608 1616/1616/1616 1615/1615/1615
f 1608/1608/1608 1609/1609/1609 1616/1616/1616
f 1609/1609/1609 1617/1617/1617 1616/1616/1616
f 1609/1609/1609 1610/1610/1610 1617/1617/1617
f 1611/1611/1611 1613/1613/1613 1618/1618/1618
f 1611/1611/1611 1618/1618/1618 1619/1619/1619
f 1611/1611/1611 1619/1619/1619 1612/1612/1612
f 1613/1613/1613 1620/1620/1620 1618/1618/1618
f 1613/1613/1613 1621/1621/1621 1620/1620/1620
f 1613/1613/1613 1614/1614/1614 1621/1621/1621
f 1614/1614/1614 1622/1622/1622 1621/1621/1621
f 1614/1614/1614 1615/1615/1615 1622/1622/1622
f 1615/1615/1615 1623/1623/1623 1622/1622/1622
f 1615/1615/1615 1616/1616/1616 1623/1623/1623
f 1616/1616/1616 1624/1624/1624 1623/1623/1623
f 1616/1616/1616 1617/1617/1617 1624/1624/1624
f 1618/1618/1618 1620/1620/1620 1625/1625/1625
f 1618/1618/1618 1625/1625/1625 1626/1626/1626
f 1618/1618/1618 1626/1626/1626 1619/1619/1619
f 1620/1620/1620 1627/1627/1627 1625/1625/1625
f 1620/1620/1620 1628/1628/1628 1627/1627/1627
f 1620/1620/1620 1621/1621/1621 1628/1628/1628
f 1621/1621/1621 1629/1629/1629 1628/1628/1628
f 1621/1621/1621 1622/1622/1622 1629/1629/1629
f 1622/1622/1622 1630/1630/1630 1629/1629/1629
f 1622/1622/1622 1623/1623/1623 1630/1630/1630
f 1623/1623/1623 1631/1631/1631 1630/1630/1630
f 1623/1623/1623 1624/1624/1624 1631/1631/1631
f 1625/1625/1625 1627/1627/1627 1632/1632/1632
f 1625/1625/1625 1632/1632/1632 1633/1633/1633
f 1625/1625/1625 1633/1633/1633 1626/1626/1626
f 1627/1627/1627 1634/1634/1634 1632/1632/1632
f 1627/1627/1627 1635/1635/1635 1634/1634/1634
f 1627/1627/1627 1628/1628/1628 1635/1635/1635
f 1628/1628/1628 1636/1636/1636 1635/1635/1635
f 1628/1628/1628 1629/1629/1629 1636/1636/1636
f 1629/1629/1629 1637/1637/1637 1636/1636/1636
f 1629/1629/1629 1630/1630/1630 1637/1637/1637
f 1630/1630/1630 1638/1638/1638 1637/1637/1637
f 1630/1630/1630 1631/1631/1631 1638/1638/1638
f 1632/1632/1632 1634/1634/1634 1639/1639/1639
f 1632/1632/1632 1639/1639/1639 1640/1640/1640
f 1632/1632/1632 1640/1640/1640 1633/1633/1633
f 1634/1634/1634 1641/1641/1641 1639/1639/1639
f 1634/1634/1634 1642/1642/1642 1641/1641/1641
f 1634/1634/1634 1635/1635/1635 1642/1642/1642
f 1635/1635/1635 1643/1643/1643 1642/1642/1642
f 1635/1635/1635 1636/1636/1636 1643/1643/1643
f 1636/1636/1636 1644/1644/1644 1643/1643/1643
f 1636/1636/1636 1637/1637/1637 1644/1644/1644
f 1637/1637/1637 1645/1645/1645 1644/1644/1644
f 1637/1637/1637 1638/1638/1638 1645/1645/1645
f 1639/1639/1639 1641/1641/1641 1646/1646/1646
f 1639/1639/1639 1646/1646/1646 1647/1647/1647
f 1639/1639/1639 1647/1647/1647 1640/1640/1640
f 1641/1641/1641 1648/1648/1648 1646/1646/1646
f 1641/1641/1641 1642/1642/1642 1649/1649/1649
f 1641/1641/1641 1649/1649/1649 1648/1648/1648
f 1642/1642/1642 1650/1650/1650 1649/1649/1649
f 1642/1642/1642 1643/1643/1643 1650/1650/1650
f 1643/1643/1643 1651/1651/1651 1650/1650/1650
f 1643/1643/1643 1644/1644/1644 1651/1651/1651
f 1644/1644/1644 1652/1652/1652 1651/1651/1651
f 1644/1644/1644 1645/1645/1645 1652/1652/1652
f 1646/1646/1646 1653/1653/1653 1654/1654/1654
f 1646/1646/1646 1648/1648/1648 1653/1653/1653
f 1646/1646/1646 1654/1654/1654 1647/1647/1647
f 1648/1648/1648 1655/1655/1655 1656/1656/1656
f 1648/1648/1648 1656/1656/1656 1653/1653/1653
f 1648/1648/1648 1649/1649/1649 1655/1655/1655
f 1649/1649/1649 1657/1657/1657 1655/1655/1655
f 1649/1649/1649 1650/1650/1650 1657/1657/1657
f 1650/1650/1650 1658/1658/1658 1657/1657/1657
f 1650/1650/1650 1651/1651/1651 1658/1658/1658
f 1651/1651/1651 1659/1659/1659 1658/1658/1658
f 1651/1651/1651 1652/1652/1652 1659/1659/1659
f 1653/1653/1653 1660/1660/1660 1661/1661/1661
f 1653/1653/1653 1656/1656/1656 1660/1660/1660
f 1653/1653/1653 1661/1661/1661 1654/1654/1654
f 1655/1655/1655 1662/1662/1662 1656/1656/1656
f 1655/1655/1655 1663/1663/1663 1662/1662/1662
f 1655/1655/1655 1657/1657/1657 1663/1663/1663
f 1656/1656/1656 1664/1664/1664 1660/1660/1660
f 1656/1656/1656 1662/1662/1662 1664/1664/1664
f 1657/1657/1657 1665/1665/1665 1663/1663/1663
f 1657/1657/1657 1658/1658/1658 1665/1665/1665
f 1658/1658/1658 1666/1666/1666 1665/1665/1665
f 1658/1658/1658 1659/1659/1659 1666/1666/1666
f 1660/1660/1660 1667/1667/1667 1668/1668/1668
f 1660/1660/1660 1664/1664/1664 1667/1667/1667
f 1660/1660/1660 1668/1668/1668 1661/1661/1661
f 1662/1662/1662 1669/1669/1669 1664/1664/1664
f 1662/1662/1662 1670/1670/1670 1669/1669/1669
f 1662/1662/1662 1663/1663/1663 1670/1670/1670
f 1663/1663/1663 1671/1671/1671 1670/1670/1670
f 1663/1663/1663 1665/1665/1665 1671/1671/1671
f 1664/1664/1664 1672/1672/1672 1667/1667/1667
f 1664/1664/1664 1669/1669/1669 1672/1672/1672
f 1665/1665/1665 1673/1673/1673 1671/1671/1671
f 1665/1665/1665 1666/1666/1666 1673/1673/1673
f 1669/1669/1669 1674/1674/1674 1672/1672/1672
f 1669/1669/1669 1675/1675/1675 1674/1674/1674
f 1669/1669/1669 1670/1670/1670 1675/1675/1675
f 1670/1670/1670 1676/1676/1676 1675/1675/1675
f 1670/1670/1670 1671/1671/1671 1676/1676/1676
f 1671/1671/1671 1677/1677/1677 1676/1676/1676
f 1671/1671/1671 1673/1673/1673 1677/1677/1677
f 1672/1672/1672 1678/1678/1678 1679/1679/1679
f 1672/1672/1672 1674/1674/1674 1678/1678/1678
f 1674/1674/1674 1680/1680/1680 1678/1678/1678
f 1674/1674/1674 1675/1675/1675 1681/1681/1681
f 1674/1674/1674 1681/1681/1681 1680/1680/1680
f 1675/1675/1675 1676/1676/1676 1682/1682/1682
f 1675/1675/1675 1682/1682/1682 1681/1681/1681
f 1676/1676/1676 1677/1677/1677 1683/1683/1683
f 1676/1676/1676 1683/1683/1683 1682/1682/1682
f 1678/1678/1678 1684/1684/1684 1679/1679/1679
f 1679/1679/1679 1685/1685/1685 1686/1686/1686
f 1679/1679/1679 1684/1684/1684 1685/1685/1685
f 1680/1680/1680 1681/1681/1681 1687/1687/1687
f 1681/1681/1681 1682/1682/1682 1688/1688/1688
f 1681/1681/1681 1688/1688/1688 1687/1687/1687
f 1682/1682/1682 1683/1683/1683 1689/1689/1689
f 1682/1682/1682 1689/1689/1689 1688/1688/1688
f 1687/1687/1687 1688/1688/1688 1690/1690/1690
f 1688/1688/1688 1689/1689/1689 1691/1691/1691
f 1688/1688/1688 1691/1691/1691 1690/1690/1690
f 1690/1690/1690 1691/1691/1691 1692/1692/1692
f 1693/1693/1693 1694/1694/1694 1695/1695/1695
f 1694/1694/1694 1696/1696/1696 1695/1695/1695
f 1697/1697/1697 1698/1698/1698 1699/1699/1699
f 1698/1698/1698 1700/1700/1700 1699/1699/1699
f 1699/1699/1699 1700/1700/1700 1701/1701/1701
f 1700/1700/1700 1702/1702/1702 1701/1701/1701
f 1701/1701/1701 1702/1702/1702 1703/1703/1703
f 1702/1702/1702 1704/1704/1704 1703/1703/1703
f 1703/1703/1703 1704/1704/1704 1705/1705/1705
f 1704/1704/1704 1706/1706/1706 1705/1705/1705
f 1705/1705/1705 1706/1706/1706 1707/1707/1707
f 1706/1706/1706 1708/1708/1708 1707/1707/1707
f 1707/1707/1707 1708/1708/1708 1709/1709/1709
f 1708/1708/1708 1710/1710/1710 1709/1709/1709
f 1709/1709/1709 1710/1710/1710 1711/1711/1711
f 1710/1710/1710 1712/1712/1712 1711/1711/1711
f 1711/1711/1711 1712/1712/1712 1713/1713/1713
f 1712/1712/1712 1714/1714/1714 1713/1713/1713
f 1713/1713/1713 1714/1714/1714 1715/1715/1715
f 1714/1714/1714 1716/1716/1716 1715/1715/1715
f 1715/1715/1715 1716/1716/1716 1717/1717/1717
f 1716/1716/1716 1718/1718/1718 1717/1717/1717
f 1717/1717/1717 1718/1718/1718 1719/1719/1719
f 1718/1718/1718 1720/1720/1720 1719/1719/1719
f 1719/1719/1719 1720/1720/1720 1721/1721/1721
f 1720/1720/1720 1722/1722/1722 1721/1721/1721
f 1723/1723/1723 1724/1724/1724 1725/1725/1725
f 1723/1723/1723 1725/1725/1725 1726/1726/1726
f 1724/1724/1724 1727/1727/1727 1725/1725/1725
f 1726/1726/1726 1725/1725/1725 1728/1728/1728
f 1726/1726/1726 1728/1728/1728 1729/1729/1729
f 1727/1727/1727 1730/1730/1730 1725/1725/1725
f 1725/1725/1725 1730/1730/1730 1731/1731/1731
f 1725/1725/1725 1731/1731/1731 1728/1728/1728
f 1728/1728/1728 1731/1731/1731 1732/1732/1732
f 1728/1728/1728 1732/1732/1732 1733/1733/1733
f 1728/1728/1728 1733/1733/1733 1729/1729/1729
f 1729/1729/1729 1733/1733/1733 1734/1734/1734
f 1730/1730/1730 1735/1735/1735 1736/1736/1736
f 1730/1730/1730 1736/1736/1736 1731/1731/1731
f 1731/1731/1731 1736/1736/1736 1732/1732/1732
f 1732/1732/1732 1736/1736/1736 1737/1737/1737
f 1732/1732/1732 1737/1737/1737 1738/1738/1738
f 1732/1732/1732 1738/1738/1738 1733/1733/1733
f 1733/1733/1733 1738/1738/1738 1739/1739/1739
f 1733/1733/1733 1739/1739/1739 1734/1734/1734
f 1734/1734/1734 1739/1739/1739 1740/1740/1740
f 1735/1735/1735 1741/1741/1741 1736/1736/1736
f 1736/1736/1736 1741/1741/1741 1742/1742/1742
f 1736/1736/1736 1742/1742/1742 1737/1737/1737
f 1737/1737/1737 1742/1742/1742 1743/1743/1743
f 1737/1737/1737 1743/1743/1743 1744/1744/1744
f 1737/1737/1737 1744/1744/1744 1738/1738/1738
f 1738/1738/1738 1744/1744/1744 1745/1745/1745
f 1738/1738/1738 1745/1745/1745 1739/1739/1739
f 1739/1739/1739 1745/1745/1745 1746/1746/1746
f 1739/1739/1739 1746/1746/1746 1747/1747/1747
f 1739/1739/1739 1747/1747/1747 1740/1740/1740
f 1741/1741/1741 1748/1748/1748 1749/1749/1749
f 1741/1741/1741 1749/1749/1749 1742/1742/1742
f 1742/1742/1742 1749/1749/1749 1743/1743/1743
f 1743/1743/1743 1749/1749/1749 1750/1750/1750
f 1743/1743/1743 1750/1750/1750 1751/1751/1751
f 1743/1743/1743 1751/1751/1751 1744/1744/1744
f 1744/1744/1744 1751/1751/1751 1752/1752/1752
f 1744/1744/1744 1752/1752/1752 1745/1745/1745
f 1745/1745/1745 1752/1752/1752 1746/1746/1746
f 1746/1746/1746 1752/1752/1752 1753/1753/1753
f 1748/1748/1748 1754/1754/1754 1749/1749/1749
f 1749/1749/1749 1754/1754/1754 1755/1755/1755
f 1749/1749/1749 1755/1755/1755 1750/1750/1750
f 1750/1750/1750 1755/1755/1755 1756/1756/1756
f 1750/1750/1750 1756/1756/1756 1757/1757/1757
f 1750/1750/1750 1757/1757/1757 1751/1751/1751
f 1751/1751/1751 1757/1757/1757 1758/1758/1758
f 1751/1751/1751 1758/1758/1758 1752/1752/1752
f 1752/1752/1752 1758/1758/1758 1759/1759/1759
f 1752/1752/1752 1759/1759/1759 1753/1753/1753
f 1754/1754/1754 1760/1760/1760 1761/1761/1761
f 1754/1754/1754 1761/1761/1761 1755/1755/1755
f 1755/1755/1755 1761/1761/1761 1756/1756/1756
f 1756/1756/1756 1761/1761/1761 1762/1762/1762
f 1756/1756/1756 1762/1762/1762 1763/1763/1763
f 1756/1756/1756 1763/1763/1763 1757/1757/1757
f 1757/1757/1757 1763/1763/1763 1764/1764/1764
f 1757/1757/1757 1764/1764/1764 1758/1758/1758
f 1758/1758/1758 1764/1764/1764 1759/1759/1759
f 1759/1759/1759 1764/1764/1764 1765/1765/1765
f 1760/1760/1760 1766/1766/1766 1761/1761/1761
f 1761/1761/1761 1766/1766/1766 1767/1767/1767
f 1761/1761/1761 1767/1767/1767 1762/1762/1762
f 1762/1762/1762 1767/1767/1767 1768/1768/1768
f 1762/1762/1762 1768/1768/1768 1769/1769/1769
f 1762/1762/1762 1769/1769/1769 1763/1763/1763
f 1763/1763/1763 1769/1769/1769 1770/1770/1770
f 1763/1763/1763 1770/1770/1770 1764/1764/1764
f 1764/1764/1764 1770/1770/1770 1771/1771/1771
f 1764/1764/1764 1771/1771/1771 1765/1765/1765
f 1766/1766/1766 1772/1772/1772 1773/1773/1773
f 1766/1766/1766 1773/1773/1773 1767/1767/1767
f 1767/1767/1767 1773/1773/1773 1768/1768/1768
f 1768/1768/1768 1773/1773/1773 1774/1774/1774
f 1768/1768/1768 1774/1774/1774 1775/1775/1775
f 1768/1768/1768 1775/1775/1775 1769/1769/1769
f 1769/1769/1769 1775/1775/1775 1776/1776/1776
f 1769/1769/1769 1776/1776/1776 1770/1770/1770
f 1770/1770/1770 1776/1776/1776 1771/1771/1771
f 1771/1771/1771 1776/1776/1776 1777/1777/1777
f 1772/1772/1772 1778/1778/1778 1773/1773/1773
f 1773/1773/1773 1778/1778/1778 1779/1779/1779
f 1773/1773/1773 1779/1779/1779 1774/1774/1774
f 1774/1774/1774 1779/1779/1779 1780/1780/1780
f 1774/1774/1774 1780/1780/1780 1781/1781/1781
f 1774/1774/1774 1781/1781/1781 1775/1775/1775
f 1775/1775/1775 1781/1781/1781 1782/1782/1782
f 1775/1775/1775 1782/1782/1782 1776/1776/1776
f 1776/1776/1776 1782/1782/1782 1783/1783/1783
f 1776/1776/1776 1783/1783/1783 1777/1777/1777
f 1778/1778/1778 1784/1784/1784 1785/1785/1785
f 1778/1778/1778 1785/1785/1785 1779/1779/1779
f 1779/1779/1779 1785/1785/1785 1780/1780/1780
f 1780/1780/1780 1785/1785/1785 1786/1786/1786
f 1780/1780/1780 1786/1786/1786 1787/1787/1787
f 1780/1780/1780 1787/1787/1787 1781/1781/1781
f 1781/1781/1781 1787/1787/1787 1788/1788/1788
f 1781/1781/1781 1788/1788/1788 1782/1782/1782
f 1782/1782/1782 1788/1788/1788 1783/1783/1783
f 1783/1783/1783 1788/1788/1788 1789/1789/1789
f 1784/1784/1784 1417/1417/1417 1785/1785/1785
f 1785/1785/1785 1412/1412/1412 1786/1786/1786
f 1785/1785/1785 1417/1417/1417 1412/1412/1412
f 1786/1786/1786 1408/1408/1408 1790/1790/1790
f 1786/1786/1786 1790/1790/1790 1787/1787/1787
f 1786/1786/1786 1412/1412/1412 1408/1408/1408
f 1787/1787/1787 1790/1790/1790 1791/1791/1791
f 1787/1787/1787 1791/1791/1791 1788/1788/1788
f 1788/1788/1788 1791/1791/1791 1792/1792/1792
f 1788/1788/1788 1792/1792/1792 1789/1789/1789
f 1408/1408/1408 1406/1406/1406 1790/1790/1790
f 1790/1790/1790 1406/1406/1406 1793/1793/1793
f 1790/1790/1790 1793/1793/1793 1791/1791/1791
f 1791/1791/1791 1793/1793/1793 1792/1792/1792
f 1792/1792/1792 1793/1793/1793 1794/1794/1794
f 1406/1406/1406 1403/1403/1403 1793/1793/1793
f 1793/1793/1793 1403/1403/1403 1402/1402/1402
f 1793/1793/1793 1402/1402/1402 1794/1794/1794
f 1795/1795/1795 1796/1796/1796 1107/1107/1107
f 1796/1796/1796 1797/1797/1797 1107/1107/1107
f 1107/1107/1107 1797/1797/1797 1099/1099/1099
f 1797/1797/1797 1798/1798/1798 1093/1093/1093
f 1797/1797/1797 1093/1093/1093 1099/1099/1099
f 1797/1797/1797 1799/1799/1799 1798/1798/1798
f 1798/1798/1798 1800/1800/1800 1093/1093/1093
f 1798/1798/1798 1799/1799/1799 1801/1801/1801
f 1093/1093/1093 1802/1802/1802 1087/1087/1087
f 1093/1093/1093 1800/1800/1800 1802/1802/1802
f 1799/1799/1799 1803/1803/1803 1801/1801/1801
f 1801/1801/1801 1803/1803/1803 1804/1804/1804
f 1802/1802/1802 1805/1805/1805 1087/1087/1087
f 1087/1087/1087 1805/1805/1805 1082/1082/1082
f 1805/1805/1805 1806/1806/1806 1082/1082/1082
f 1082/1082/1082 1806/1806/1806 1083/1083/1083
f 1806/1806/1806 1807/1807/1807 1808/1808/1808
f 1806/1806/1806 1809/1809/1809 1807/1807/1807
f 1806/1806/1806 1808/1808/1808 1810/1810/1810
f 1806/1806/1806 1810/1810/1810 1083/1083/1083
f 1083/1083/1083 1810/1810/1810 1084/1084/1084
f 1807/1807/1807 1811/1811/1811 1812/1812/1812
f 1807/1807/1807 1809/1809/1809 1811/1811/1811
f 1807/1807/1807 1812/1812/1812 1813/1813/1813
f 1807/1807/1807 1813/1813/1813 1808/1808/1808
f 1808/1808/1808 1813/1813/1813 1814/1814/1814
f 1808/1808/1808 1814/1814/1814 1815/1815/1815
f 1808/1808/1808 1815/1815/1815 1816/1816/1816
f 1808/1808/1808 1816/1816/1816 1810/1810/1810
f 1809/1809/1809 1817/1817/1817 1811/1811/1811
f 1811/1811/1811 1818/1818/1818 1819/1819/1819
f 1811/1811/1811 1817/1817/1817 1818/1818/1818
f 1811/1811/1811 1819/1819/1819 1812/1812/1812
f 1812/1812/1812 1820/1820/1820 1821/1821/1821
f 1812/1812/1812 1819/1819/1819 1820/1820/1820
f 1812/1812/1812 1821/1821/1821 1813/1813/1813
f 1813/1813/1813 1821/1821/1821 1822/1822/1822
f 1813/1813/1813 1822/1822/1822 1814/1814/1814
f 1814/1814/1814 1822/1822/1822 1823/1823/1823
f 1814/1814/1814 1823/1823/1823 1815/1815/1815
f 1815/1815/1815 1823/1823/1823 1824/1824/1824
f 1817/1817/1817 1825/1825/1825 1818/1818/1818
f 1818/1818/1818 1826/1826/1826 1827/1827/1827
f 1818/1818/1818 1828/1828/1828 1826/1826/1826
f 1818/1818/1818 1827/1827/1827 1819/1819/1819
f 1818/1818/1818 1825/1825/1825 1828/1828/1828
f 1819/1819/1819 1827/1827/1827 1820/1820/1820
f 1821/1821/1821 1820/1820/1820 1829/1829/1829
f 1821/1821/1821 1829/1829/1829 1830/1830/1830
f 1821/1821/1821 1830/1830/1830 1822/1822/1822
f 1822/1822/1822 1830/1830/1830 1831/1831/1831
f 1822/1822/1822 1831/1831/1831 1823/1823/1823
f 1823/1823/1823 1831/1831/1831 1832/1832/1832
f 1823/1823/1823 1832/1832/1832 1833/1833/1833
f 1823/1823/1823 1833/1833/1833 1824/1824/1824
f 1826/1826/1826 1834/1834/1834 1835/1835/1835
f 1826/1826/1826 1836/1836/1836 1834/1834/1834
f 1826/1826/1826 1835/1835/1835 1827/1827/1827
f 1826/1826/1826 1828/1828/1828 1836/1836/1836
f 1827/1827/1827 1835/1835/1835 1837/1837/1837
f 1827/1827/1827 1837/1837/1837 1820/1820/1820
f 1829/1829/1829 1838/1838/1838 1839/1839/1839
f 1829/1829/1829 1820/1820/1820 1838/1838/1838
f 1829/1829/1829 1839/1839/1839 1830/1830/1830
f 1830/1830/1830 1839/1839/1839 1840/1840/1840
f 1830/1830/1830 1840/1840/1840 1831/1831/1831
f 1831/1831/1831 1840/1840/1840 1841/1841/1841
f 1831/1831/1831 1841/1841/1841 1832/1832/1832
f 1832/1832/1832 1841/1841/1841 1842/1842/1842
f 1832/1832/1832 1842/1842/1842 1833/1833/1833
f 1833/1833/1833 1842/1842/1842 1843/1843/1843
f 1835/1835/1835 1844/1844/1844 1837/1837/1837
f 1837/1837/1837 1838/1838/1838 1820/1820/1820
f 1837/1837/1837 1845/1845/1845 1838/1838/1838
f 1837/1837/1837 1844/1844/1844 1845/1845/1845
f 1838/1838/1838 1846/1846/1846 1839/1839/1839
f 1838/1838/1838 1845/1845/1845 1846/1846/1846
f 1839/1839/1839 1846/1846/1846 1847/1847/1847
f 1839/1839/1839 1847/1847/1847 1848/1848/1848
f 1839/1839/1839 1848/1848/1848 1840/1840/1840
f 1840/1840/1840 1848/1848/1848 1849/1849/1849
f 1840/1840/1840 1849/1849/1849 1841/1841/1841
f 1841/1841/1841 1849/1849/1849 1850/1850/1850
f 1841/1841/1841 1850/1850/1850 1842/1842/1842
f 1842/1842/1842 1850/1850/1850 1851/1851/1851
f 1842/1842/1842 1851/1851/1851 1852/1852/1852
f 1842/1842/1842 1852/1852/1852 1843/1843/1843
f 1845/1845/1845 1853/1853/1853 1846/1846/1846
f 1846/1846/1846 1854/1854/1854 1847/1847/1847
f 1846/1846/1846 1853/1853/1853 1854/1854/1854
f 1847/1847/1847 1854/1854/1854 1855/1855/1855
f 1847/1847/1847 1855/1855/1855 1856/1856/1856
f 1847/1847/1847 1856/1856/1856 1848/1848/1848
f 1848/1848/1848 1856/1856/1856 1849/1849/1849
f 1849/1849/1849 1856/1856/1856 1857/1857/1857
f 1849/1849/1849 1857/1857/1857 1850/1850/1850
f 1850/1850/1850 1857/1857/1857 1858/1858/1858
f 1850/1850/1850 1858/1858/1858 1851/1851/1851
f 1851/1851/1851 1858/1858/1858 1859/1859/1859
f 1851/1851/1851 1859/1859/1859 1852/1852/1852
f 1852/1852/1852 1859/1859/1859 1860/1860/1860
f 1854/1854/1854 1861/1861/1861 1855/1855/1855
f 1855/1855/1855 1862/1862/1862 1863/1863/1863
f 1855/1855/1855 1861/1861/1861 1862/1862/1862
f 1855/1855/1855 1863/1863/1863 1856/1856/1856
f 1856/1856/1856 1863/1863/1863 1864/1864/1864
f 1856/1856/1856 1864/1864/1864 1857/1857/1857
f 1857/1857/1857 1864/1864/1864 1865/1865/1865
f 1857/1857/1857 1865/1865/1865 1858/1858/1858
f 1858/1858/1858 1865/1865/1865 1866/1866/1866
f 1858/1858/1858 1866/1866/1866 1859/1859/1859
f 1859/1859/1859 1867/1867/1867 1860/1860/1860
f 1859/1859/1859 1868/1868/1868 1867/1867/1867
f 1859/1859/1859 1866/1866/1866 1868/1868/1868
f 1862/1862/1862 1869/1869/1869 1870/1870/1870
f 1862/1862/1862 1870/1870/1870 1863/1863/1863
f 1863/1863/1863 1870/1870/1870 1871/1871/1871
f 1863/1863/1863 1871/1871/1871 1864/1864/1864
f 1864/1864/1864 1871/1871/1871 1865/1865/1865
f 1865/1865/1865 1871/1871/1871 1872/1872/1872
f 1865/1865/1865 1872/1872/1872 1866/1866/1866
f 1866/1866/1866 1873/1873/1873 1868/1868/1868
f 1866/1866/1866 1872/1872/1872 1873/1873/1873
f 1867/1867/1867 1874/1874/1874 1875/1875/1875
f 1867/1867/1867 1868/1868/1868 1874/1874/1874
f 1868/1868/1868 1873/1873/1873 1874/1874/1874
f 1869/1869/1869 1876/1876/1876 1870/1870/1870
f 1870/1870/1870 1876/1876/1876 1877/1877/1877
f 1870/1870/1870 1877/1877/1877 1871/1871/1871
f 1871/1871/1871 1877/1877/1877 1878/1878/1878
f 1871/1871/1871 1878/1878/1878 1872/1872/1872
f 1872/1872/1872 1878/1878/1878 1879/1879/1879
f 1872/1872/1872 1879/1879/1879 1873/1873/1873
f 1873/1873/1873 1880/1880/1880 1874/1874/1874
f 1873/1873/1873 1879/1879/1879 1880/1880/1880
f 1874/1874/1874 1881/1881/1881 1875/1875/1875
f 1874/1874/1874 1880/1880/1880 1882/1882/1882
f 1874/1874/1874 1882/1882/1882 1881/1881/1881
f 1876/1876/1876 1883/1883/1883 1877/1877/1877
f 1876/1876/1876 1884/1884/1884 1883/1883/1883
f 1877/1877/1877 1883/1883/1883 1885/1885/1885
f 1877/1877/1877 1885/1885/1885 1878/1878/1878
f 1878/1878/1878 1885/1885/1885 1879/1879/1879
f 1879/1879/1879 1885/1885/1885 1886/1886/1886
f 1879/1879/1879 1886/1886/1886 1880/1880/1880
f 1880/1880/1880 1887/1887/1887 1882/1882/1882
f 1880/1880/1880 1886/1886/1886 1887/1887/1887
f 1881/1881/1881 1888/1888/1888 1889/1889/1889
f 1881/1881/1881 1882/1882/1882 1888/1888/1888
f 1882/1882/1882 1887/1887/1887 1888/1888/1888
f 1883/1883/1883 1884/1884/1884 1685/1685/1685
f 1883/1883/1883 1685/1685/1685 1684/1684/1684
f 1883/1883/1883 1684/1684/1684 1885/1885/1885
f 1885/1885/1885 1684/1684/1684 1678/1678/1678
f 1885/1885/1885 1678/1678/1678 1886/1886/1886
f 1886/1886/1886 1678/1678/1678 1680/1680/1680
f 1886/1886/1886 1680/1680/1680 1887/1887/1887
f 1887/1887/1887 1680/1680/1680 1687/1687/1687
f 1887/1887/1887 1687/1687/1687 1888/1888/1888
f 1888/1888/1888 1687/1687/1687 1690/1690/1690
f 1888/1888/1888 1692/1692/1692 1889/1889/1889
f 1888/1888/1888 1690/1690/1690 1692/1692/1692
f 1834/1834/1834 1890/1890/1890 1891/1891/1891
f 1834/1834/1834 1892/1892/1892 1890/1890/1890
f 1834/1834/1834 1893/1893/1893 1892/1892/1892
f 1890/1890/1890 1894/1894/1894 1891/1891/1891
f 1891/1891/1891 1894/1894/1894 1895/1895/1895
f 1892/1892/1892 1893/1893/1893 1896/1896/1896
f 1894/1894/1894 1897/1897/1897 1895/1895/1895
f 1895/1895/1895 1897/1897/1897 1898/1898/1898
f 1897/1897/1897 1899/1899/1899 1898/1898/1898
f 1898/1898/1898 1899/1899/1899 1900/1900/1900
f 1899/1899/1899 1901/1901/1901 1900/1900/1900
f 1900/1900/1900 1901/1901/1901 1902/1902/1902
f 1901/1901/1901 1903/1903/1903 1902/1902/1902
f 1902/1902/1902 1903/1903/1903 1904/1904/1904
f 1903/1903/1903 1905/1905/1905 1904/1904/1904
f 1904/1904/1904 1905/1905/1905 1906/1906/1906
f 1905/1905/1905 1907/1907/1907 1906/1906/1906
f 1906/1906/1906 1907/1907/1907 1908/1908/1908
f 1907/1907/1907 1909/1909/1909 1908/1908/1908
f 1908/1908/1908 1909/1909/1909 1910/1910/1910
f 1909/1909/1909 1911/1911/1911 1910/1910/1910
f 1910/1910/1910 1911/1911/1911 1912/1912/1912
f 1911/1911/1911 1693/1693/1693 1912/1912/1912
f 1912/1912/1912 1693/1693/1693 1695/1695/1695
f 1913/1913/1913 1914/1914/1914 1915/1915/1915
f 1914/1914/1914 1916/1916/1916 1915/1915/1915
f 1917/1917/1917 1918/1918/1918 1919/1919/1919
f 1917/1917/1917 1919/1919/1919 1920/1920/1920
f 1920/1920/1920 1919/1919/1919 1921/1921/1921
f 1920/1920/1920 1921/1921/1921 1922/1922/1922
f 1919/1919/1919 1923/1923/1923 1921/1921/1921
f 1919/1919/1919 1918/1918/1918 1923/1923/1923
f 1918/1918/1918 1924/1924/1924 1923/1923/1923
f 1921/1921/1921 1925/1925/1925 1926/1926/1926
f 1921/1921/1921 1923/1923/1923 1925/1925/1925
f 1921/1921/1921 1926/1926/1926 1922/1922/1922
f 1922/1922/1922 1926/1926/1926 1927/1927/1927
f 1923/1923/1923 1928/1928/1928 1925/1925/1925
f 1923/1923/1923 1929/1929/1929 1928/1928/1928
f 1923/1923/1923 1924/1924/1924 1929/1929/1929
f 1925/1925/1925 1930/1930/1930 1931/1931/1931
f 1925/1925/1925 1928/1928/1928 1930/1930/1930
f 1925/1925/1925 1931/1931/1931 1926/1926/1926
f 1926/1926/1926 1931/1931/1931 1932/1932/1932
f 1926/1926/1926 1932/1932/1932 1927/1927/1927
f 1927/1927/1927 1932/1932/1932 1933/1933/1933
f 1928/1928/1928 1929/1929/1929 1934/1934/1934
f 1928/1928/1928 1934/1934/1934 1930/1930/1930
f 1929/1929/1929 1935/1935/1935 1934/1934/1934
f 1930/1930/1930 1934/1934/1934 1936/1936/1936
f 1930/1930/1930 1936/1936/1936 1937/1937/1937
f 1930/1930/1930 1937/1937/1937 1931/1931/1931
f 1931/1931/1931 1937/1937/1937 1938/1938/1938
f 1931/1931/1931 1938/1938/1938 1932/1932/1932
f 1932/1932/1932 1938/1938/1938 1939/1939/1939
f 1932/1932/1932 1939/1939/1939 1933/1933/1933
f 1933/1933/1933 1939/1939/1939 1940/1940/1940
f 1934/1934/1934 1941/1941/1941 1942/1942/1942
f 1934/1934/1934 1935/1935/1935 1941/1941/1941
f 1934/1934/1934 1942/1942/1942 1936/1936/1936
f 1936/1936/1936 1942/1942/1942 1943/1943/1943
f 1936/1936/1936 1943/1943/1943 1944/1944/1944
f 1936/1936/1936 1944/1944/1944 1937/1937/1937
f 1937/1937/1937 1944/1944/1944 1945/1945/1945
f 1937/1937/1937 1945/1945/1945 1938/1938/1938
f 1938/1938/1938 1945/1945/1945 1946/1946/1946
f 1938/1938/1938 1946/1946/1946 1947/1947/1947
f 1938/1938/1938 1947/1947/1947 1939/1939/1939
f 1941/1941/1941 1948/1948/1948 1949/1949/1949
f 1941/1941/1941 1949/1949/1949 1942/1942/1942
f 1942/1942/1942 1949/1949/1949 1943/1943/1943
f 1943/1943/1943 1949/1949/1949 1950/1950/1950
f 1943/1943/1943 1950/1950/1950 1951/1951/1951
f 1943/1943/1943 1951/1951/1951 1944/1944/1944
f 1944/1944/1944 1951/1951/1951 1952/1952/1952
f 1944/1944/1944 1952/1952/1952 1945/1945/1945
f 1945/1945/1945 1952/1952/1952 1946/1946/1946
f 1946/1946/1946 1952/1952/1952 1953/1953/1953
f 1948/1948/1948 1954/1954/1954 1949/1949/1949
f 1949/1949/1949 1954/1954/1954 1955/1955/1955
f 1949/1949/1949 1955/1955/1955 1950/1950/1950
f 1950/1950/1950 1955/1955/1955 1956/1956/1956
f 1950/1950/1950 1956/1956/1956 1957/1957/1957
f 1950/1950/1950 1957/1957/1957 1951/1951/1951
f 1951/1951/1951 1957/1957/1957 1958/1958/1958
f 1951/1951/1951 1958/1958/1958 1952/1952/1952
f 1952/1952/1952 1958/1958/1958 1959/1959/1959
f 1952/1952/1952 1959/1959/1959 1953/1953/1953
f 1954/1954/1954 1960/1960/1960 1961/1961/1961
f 1954/1954/1954 1961/1961/1961 1955/1955/1955
f 1955/1955/1955 1961/1961/1961 1956/1956/1956
f 1956/1956/1956 1961/1961/1961 1962/1962/1962
f 1956/1956/1956 1962/1962/1962 1963/1963/1963
f 1956/1956/1956 1963/1963/1963 1957/1957/1957
f 1957/1957/1957 1963/1963/1963 1964/1964/1964
f 1957/1957/1957 1964/1964/1964 1958/1958/1958
f 1958/1958/1958 1964/1964/1964 1959/1959/1959
f 1959/1959/1959 1964/1964/1964 1965/1965/1965
f 1960/1960/1960 1966/1966/1966 1961/1961/1961
f 1961/1961/1961 1966/1966/1966 1967/1967/1967
f 1961/1961/1961 1967/1967/1967 1962/1962/1962
f 1962/1962/1962 1967/1967/1967 1968/1968/1968
f 1962/1962/1962 1968/1968/1968 1969/1969/1969
f 1962/1962/1962 1969/1969/1969 1963/1963/1963
f 1963/1963/1963 1969/1969/1969 1970/1970/1970
f 1963/1963/1963 1970/1970/1970 1964/1964/1964
f 1964/1964/1964 1970/1970/1970 1971/1971/1971
f 1964/1964/1964 1971/1971/1971 1965/1965/1965
f 1966/1966/1966 1972/1972/1972 1973/1973/1973
f 1966/1966/1966 1973/1973/1973 1967/1967/1967
f 1967/1967/1967 1973/1973/1973 1968/1968/1968
f 1968/1968/1968 1973/1973/1973 1974/1974/1974
f 1968/1968/1968 1974/1974/1974 1975/1975/1975
f 1968/1968/1968 1975/1975/1975 1969/1969/1969
f 1969/1969/1969 1975/1975/1975 1976/1976/1976
f 1969/1969/1969 1976/1976/1976 1970/1970/1970
f 1970/1970/1970 1976/1976/1976 1971/1971/1971
f 1971/1971/1971 1976/1976/1976 1977/1977/1977
f 1972/1972/1972 1978/1978/1978 1973/1973/1973
f 1973/1973/1973 1978/1978/1978 1979/1979/1979
f 1973/1973/1973 1979/1979/1979 1974/1974/1974
f 1974/1974/1974 1979/1979/1979 1980/1980/1980
f 1974/1974/1974 1980/1980/1980 1981/1981/1981
f 1974/1974/1974 1981/1981/1981 1975/1975/1975
f 1975/1975/1975 1981/1981/1981 1982/1982/1982
f 1975/1975/1975 1982/1982/1982 1976/1976/1976
f 1976/1976/1976 1982/1982/1982 1983/1983/1983
f 1976/1976/1976 1983/1983/1983 1977/1977/1977
f 1978/1978/1978 1984/1984/1984 1985/1985/1985
f 1978/1978/1978 1985/1985/1985 1979/1979/1979
f 1979/1979/1979 1985/1985/1985 1980/1980/1980
f 1980/1980/1980 1985/1985/1985 1986/1986/1986
f 1980/1980/1980 1986/1986/1986 1987/1987/1987
f 1980/1980/1980 1987/1987/1987 1981/1981/1981
f 1981/1981/1981 1987/1987/1987 1988/1988/1988
f 1981/1981/1981 1988/1988/1988 1982/1982/1982
f 1982/1982/1982 1988/1988/1988 1983/1983/1983
f 1983/1983/1983 1988/1988/1988 1989/1989/1989
f 1984/1984/1984 62/62/62 1985/1985/1985
f 1985/1985/1985 62/62/62 64/64/64
f 1985/1985/1985 64/64/64 1986/1986/1986
f 1986/1986/1986 64/64/64 66/66/66
f 1986/1986/1986 66/66/66 1990/1990/1990
f 1986/1986/1986 1990/1990/1990 1987/1987/1987
f 1987/1987/1987 1990/1990/1990 1991/1991/1991
f 1987/1987/1987 1991/1991/1991 1988/1988/1988
f 1988/1988/1988 1991/1991/1991 1992/1992/1992
f 1988/1988/1988 1992/1992/1992 1989/1989/1989
f 66/66/66 68/68/68 1990/1990/1990
f 1990/1990/1990 68/68/68 1993/1993/1993
f 1990/1990/1990 1993/1993/1993 1991/1991/1991
f 1991/1991/1991 1993/1993/1993 1992/1992/1992
f 1992/1992/1992 1993/1993/1993 1994/1994/1994
f 68/68/68 70/70/70 1993/1993/1993
f 1993/1993/1993 70/70/70 72/72/72
f 1993/1993/1993 72/72/72 1994/1994/1994
f 1995/1995/1995 1996/1996/1996 1997/1997/1997
f 1995/1995/1995 1998/1998/1998 1996/1996/1996
f 1995/1995/1995 1927/1927/1927 1998/1998/1998
f 1997/1997/1997 1999/1999/1999 2000/2000/2000
f 1997/1997/1997 1996/1996/1996 1999/1999/1999
f 1927/1927/1927 2001/2001/2001 1998/1998/1998
f 1927/1927/1927 1933/1933/1933 2001/2001/2001
f 1999/1999/1999 2002/2002/2002 2003/2003/2003
f 1999/1999/1999 1996/1996/1996 2002/2002/2002
f 1999/1999/1999 2003/2003/2003 2000/2000/2000
f 2001/2001/2001 2004/2004/2004 1998/1998/1998
f 2001/2001/2001 2005/2005/2005 2004/2004/2004
f 2001/2001/2001 2006/2006/2006 2005/2005/2005
f 2001/2001/2001 1933/1933/1933 2006/2006/2006
f 1998/1998/1998 2007/2007/2007 1996/1996/1996
f 1998/1998/1998 2004/2004/2004 2007/2007/2007
f 1996/1996/1996 2007/2007/2007 2002/2002/2002
f 1933/1933/1933 1940/1940/1940 2006/2006/2006
f 2002/2002/2002 2008/2008/2008 2009/2009/2009
f 2002/2002/2002 2010/2010/2010 2008/2008/2008
f 2002/2002/2002 2007/2007/2007 2010/2010/2010
f 2002/2002/2002 2009/2009/2009 2003/2003/2003
f 2004/2004/2004 2011/2011/2011 2007/2007/2007
f 2004/2004/2004 2012/2012/2012 2011/2011/2011
f 2004/2004/2004 2005/2005/2005 2012/2012/2012
f 2006/2006/2006 2013/2013/2013 2005/2005/2005
f 2005/2005/2005 2014/2014/2014 2012/2012/2012
f 2005/2005/2005 2015/2015/2015 2014/2014/2014
f 2005/2005/2005 2013/2013/2013 2015/2015/2015
f 2007/2007/2007 2011/2011/2011 2010/2010/2010
f 2008/2008/2008 2016/2016/2016 2017/2017/2017
f 2008/2008/2008 2010/2010/2010 2016/2016/2016
f 2010/2010/2010 2011/2011/2011 2016/2016/2016
f 2011/2011/2011 2018/2018/2018 2016/2016/2016
f 2011/2011/2011 2012/2012/2012 2018/2018/2018
f 2012/2012/2012 2019/2019/2019 2018/2018/2018
f 2012/2012/2012 2014/2014/2014 2019/2019/2019
f 2014/2014/2014 2020/2020/2020 2019/2019/2019
f 2014/2014/2014 2015/2015/2015 2020/2020/2020
f 2015/2015/2015 2021/2021/2021 2020/2020/2020
f 2016/2016/2016 2022/2022/2022 2017/2017/2017
f 2016/2016/2016 2023/2023/2023 2022/2022/2022
f 2016/2016/2016 2018/2018/2018 2023/2023/2023
f 2018/2018/2018 2024/2024/2024 2023/2023/2023
f 2018/2018/2018 2019/2019/2019 2024/2024/2024
f 2019/2019/2019 2025/2025/2025 2024/2024/2024
f 2019/2019/2019 2020/2020/2020 2025/2025/2025
f 2020/2020/2020 2026/2026/2026 2025/2025/2025
f 2020/2020/2020 2027/2027/2027 2026/2026/2026
f 2020/2020/2020 2021/2021/2021 2027/2027/2027
f 2022/2022/2022 2028/2028/2028 2029/2029/2029
f 2022/2022/2022 2023/2023/2023 2028/2028/2028
f 2023/2023/2023 2024/2024/2024 2028/2028/2028
f 2024/2024/2024 2030/2030/2030 2028/2028/2028
f 2024/2024/2024 2025/2025/2025 2030/2030/2030
f 2025/2025/2025 2031/2031/2031 2030/2030/2030
f 2025/2025/2025 2026/2026/2026 2031/2031/2031
f 2026/2026/2026 2032/2032/2032 2031/2031/2031
f 2026/2026/2026 2027/2027/2027 2032/2032/2032
f 2027/2027/2027 2033/2033/2033 2032/2032/2032
f 2028/2028/2028 2034/2034/2034 2029/2029/2029
f 2028/2028/2028 2035/2035/2035 2034/2034/2034
f 2028/2028/2028 2030/2030/2030 2035/2035/2035
f 2030/2030/2030 2036/2036/2036 2035/2035/2035
f 2030/2030/2030 2031/2031/2031 2036/2036/2036
f 2031/2031/2031 2037/2037/2037 2036/2036/2036
f 2031/2031/2031 2032/2032/2032 2037/2037/2037
f 2032/2032/2032 2038/2038/2038 2037/2037/2037
f 2032/2032/2032 2039/2039/2039 2038/2038/2038
f 2032/2032/2032 2033/2033/2033 2039/2039/2039
f 2034/2034/2034 2040/2040/2040 2041/2041/2041
f 2034/2034/2034 2035/2035/2035 2040/2040/2040
f 2035/2035/2035 2036/2036/2036 2040/2040/2040
f 2036/2036/2036 2042/2042/2042 2040/2040/2040
f 2036/2036/2036 2037/2037/2037 2042/2042/2042
f 2037/2037/2037 2043/2043/2043 2042/2042/2042
f 2037/2037/2037 2038/2038/2038 2043/2043/2043
f 2038/2038/2038 2044/2044/2044 2043/2043/2043
f 2038/2038/2038 2039/2039/2039 2044/2044/2044
f 2039/2039/2039 2045/2045/2045 2044/2044/2044
f 2040/2040/2040 2046/2046/2046 2041/2041/2041
f 2040/2040/2040 2047/2047/2047 2046/2046/2046
f 2040/2040/2040 2042/2042/2042 2047/2047/2047
f 2042/2042/2042 2048/2048/2048 2047/2047/2047
f 2042/2042/2042 2043/2043/2043 2048/2048/2048
f 2043/2043/2043 2049/2049/2049 2048/2048/2048
f 2043/2043/2043 2044/2044/2044 2049/2049/2049
f 2044/2044/2044 2050/2050/2050 2049/2049/2049
f 2044/2044/2044 2051/2051/2051 2050/2050/2050
f 2044/2044/2044 2045/2045/2045 2051/2051/2051
f 2046/2046/2046 2052/2052/2052 2053/2053/2053
f 2046/2046/2046 2047/2047/2047 2052/2052/2052
f 2047/2047/2047 2048/2048/2048 2052/2052/2052
f 2048/2048/2048 2054/2054/2054 2052/2052/2052
f 2048/2048/2048 2049/2049/2049 2054/2054/2054
f 2049/2049/2049 2055/2055/2055 2054/2054/2054
f 2049/2049/2049 2050/2050/2050 2055/2055/2055
f 2050/2050/2050 2056/2056/2056 2055/2055/2055
f 2050/2050/2050 2051/2051/2051 2056/2056/2056
f 2051/2051/2051 2057/2057/2057 2056/2056/2056
f 2052/2052/2052 2058/2058/2058 2053/2053/2053
f 2052/2052/2052 2059/2059/2059 2058/2058/2058
f 2052/2052/2052 2054/2054/2054 2059/2059/2059
f 2054/2054/2054 2060/2060/2060 2059/2059/2059
f 2054/2054/2054 2055/2055/2055 2060/2060/2060
f 2055/2055/2055 2061/2061/2061 2060/2060/2060
f 2055/2055/2055 2056/2056/2056 2061/2061/2061
f 2056/2056/2056 2062/2062/2062 2061/2061/2061
f 2056/2056/2056 2063/2063/2063 2062/2062/2062
f 2056/2056/2056 2057/2057/2057 2063/2063/2063
f 2058/2058/2058 2064/2064/2064 2065/2065/2065
f 2058/2058/2058 2059/2059/2059 2064/2064/2064
f 2059/2059/2059 2060/2060/2060 2064/2064/2064
f 2060/2060/2060 2066/2066/2066 2064/2064/2064
f 2060/2060/2060 2061/2061/2061 2066/2066/2066
f 2061/2061/2061 2067/2067/2067 2066/2066/2066
f 2061/2061/2061 2062/2062/2062 2067/2067/2067
f 2062/2062/2062 2068/2068/2068 2067/2067/2067
f 2062/2062/2062 2063/2063/2063 2068/2068/2068
f 2063/2063/2063 2069/2069/2069 2068/2068/2068
f 2064/2064/2064 41/41/41 2065/2065/2065
f 2064/2064/2064 44/44/44 41/41/41
f 2064/2064/2064 2066/2066/2066 44/44/44
f 2066/2066/2066 45/45/45 44/44/44
f 2066/2066/2066 2067/2067/2067 45/45/45
f 2067/2067/2067 47/47/47 45/45/45
f 2067/2067/2067 2068/2068/2068 47/47/47
f 2068/2068/2068 49/49/49 47/47/47
f 2068/2068/2068 2069/2069/2069 51/51/51
f 2068/2068/2068 51/51/51 49/49/49
f 2070/2070/2070 2071/2071/2071 2072/2072/2072
f 2070/2070/2070 2072/2072/2072 2073/2073/2073
f 2073/2073/2073 2074/2074/2074 2075/2075/2075
f 2073/2073/2073 2072/2072/2072 2074/2074/2074
f 2072/2072/2072 2076/2076/2076 2074/2074/2074
f 2072/2072/2072 2071/2071/2071 2076/2076/2076
f 2071/2071/2071 2077/2077/2077 2076/2076/2076
f 2074/2074/2074 2078/2078/2078 2079/2079/2079
f 2074/2074/2074 2079/2079/2079 2075/2075/2075
f 2074/2074/2074 2076/2076/2076 2078/2078/2078
f 2075/2075/2075 2079/2079/2079 2080/2080/2080
f 2076/2076/2076 2081/2081/2081 2078/2078/2078
f 2076/2076/2076 2082/2082/2082 2081/2081/2081
f 2076/2076/2076 2077/2077/2077 2082/2082/2082
f 2078/2078/2078 2083/2083/2083 2084/2084/2084
f 2078/2078/2078 2084/2084/2084 2079/2079/2079
f 2078/2078/2078 2081/2081/2081 2083/2083/2083
f 2079/2079/2079 2084/2084/2084 2085/2085/2085
f 2079/2079/2079 2085/2085/2085 2080/2080/2080
f 2080/2080/2080 2085/2085/2085 2086/2086/2086
f 2081/2081/2081 2087/2087/2087 2083/2083/2083
f 2081/2081/2081 2082/2082/2082 2087/2087/2087
f 2082/2082/2082 2088/2088/2088 2087/2087/2087
f 2083/2083/2083 2089/2089/2089 2090/2090/2090
f 2083/2083/2083 2087/2087/2087 2089/2089/2089
f 2083/2083/2083 2090/2090/2090 2084/2084/2084
f 2084/2084/2084 2090/2090/2090 2091/2091/2091
f 2084/2084/2084 2091/2091/2091 2085/2085/2085
f 2085/2085/2085 2091/2091/2091 2092/2092/2092
f 2085/2085/2085 2092/2092/2092 2086/2086/2086
f 2086/2086/2086 2092/2092/2092 2093/2093/2093
f 2087/2087/2087 2094/2094/2094 2095/2095/2095
f 2087/2087/2087 2095/2095/2095 2089/2089/2089
f 2087/2087/2087 2088/2088/2088 2094/2094/2094
f 2089/2089/2089 2095/2095/2095 2096/2096/2096
f 2089/2089/2089 2096/2096/2096 2097/2097/2097
f 2089/2089/2089 2097/2097/2097 2090/2090/2090
f 2090/2090/2090 2097/2097/2097 2098/2098/2098
f 2090/2090/2090 2098/2098/2098 2091/2091/2091
f 2091/2091/2091 2098/2098/2098 2099/2099/2099
f 2091/2091/2091 2099/2099/2099 2100/2100/2100
f 2091/2091/2091 2100/2100/2100 2092/2092/2092
f 2094/2094/2094 2101/2101/2101 2102/2102/2102
f 2094/2094/2094 2102/2102/2102 2095/2095/2095
f 2095/2095/2095 2102/2102/2102 2096/2096/2096
f 2096/2096/2096 2102/2102/2102 2103/2103/2103
f 2096/2096/2096 2103/2103/2103 2104/2104/2104
f 2096/2096/2096 2104/2104/2104 2097/2097/2097
f 2097/2097/2097 2104/2104/2104 2105/2105/2105
f 2097/2097/2097 2105/2105/2105 2098/2098/2098
f 2098/2098/2098 2105/2105/2105 2099/2099/2099
f 2099/2099/2099 2105/2105/2105 2106/2106/2106
f 2101/2101/2101 2107/2107/2107 2102/2102/2102
f 2102/2102/2102 2107/2107/2107 2108/2108/2108
f 2102/2102/2102 2108/2108/2108 2103/2103/2103
f 2103/2103/2103 2108/2108/2108 2109/2109/2109
f 2103/2103/2103 2109/2109/2109 2110/2110/2110
f 2103/2103/2103 2110/2110/2110 2104/2104/2104
f 2104/2104/2104 2110/2110/2110 2111/2111/2111
f 2104/2104/2104 2111/2111/2111 2105/2105/2105
f 2105/2105/2105 2111/2111/2111 2112/2112/2112
f 2105/2105/2105 2112/2112/2112 2106/2106/2106
f 2107/2107/2107 2113/2113/2113 2114/2114/2114
f 2107/2107/2107 2114/2114/2114 2108/2108/2108
f 2108/2108/2108 2114/2114/2114 2109/2109/2109
f 2109/2109/2109 2114/2114/2114 2115/2115/2115
f 2109/2109/2109 2115/2115/2115 2116/2116/2116
f 2109/2109/2109 2116/2116/2116 2110/2110/2110
f 2110/2110/2110 2116/2116/2116 2117/2117/2117
f 2110/2110/2110 2117/2117/2117 2111/2111/2111
f 2111/2111/2111 2117/2117/2117 2112/2112/2112
f 2112/2112/2112 2117/2117/2117 2118/2118/2118
f 2113/2113/2113 2119/2119/2119 2114/2114/2114
f 2114/2114/2114 2119/2119/2119 2120/2120/2120
f 2114/2114/2114 2120/2120/2120 2115/2115/2115
f 2115/2115/2115 2120/2120/2120 2121/2121/2121
f 2115/2115/2115 2121/2121/2121 2122/2122/2122
f 2115/2115/2115 2122/2122/2122 2116/2116/2116
f 2116/2116/2116 2122/2122/2122 2123/2123/2123
f 2116/2116/2116 2123/2123/2123 2117/2117/2117
f 2117/2117/2117 2123/2123/2123 2124/2124/2124
f 2117/2117/2117 2124/2124/2124 2118/2118/2118
f 2119/2119/2119 2125/2125/2125 2126/2126/2126
f 2119/2119/2119 2126/2126/2126 2120/2120/2120
f 2120/2120/2120 2126/2126/2126 2121/2121/2121
f 2121/2121/2121 2126/2126/2126 2127/2127/2127
f 2121/2121/2121 2127/2127/2127 2128/2128/2128
f 2121/2121/2121 2128/2128/2128 2122/2122/2122
f 2122/2122/2122 2128/2128/2128 2129/2129/2129
f 2122/2122/2122 2129/2129/2129 2123/2123/2123
f 2123/2123/2123 2129/2129/2129 2124/2124/2124
f 2124/2124/2124 2129/2129/2129 2130/2130/2130
f 2125/2125/2125 2131/2131/2131 2126/2126/2126
f 2126/2126/2126 2131/2131/2131 2132/2132/2132
f 2126/2126/2126 2132/2132/2132 2127/2127/2127
f 2127/2127/2127 2132/2132/2132 2133/2133/2133
f 2127/2127/2127 2133/2133/2133 2134/2134/2134
f 2127/2127/2127 2134/2134/2134 2128/2128/2128
f 2128/2128/2128 2134/2134/2134 2135/2135/2135
f 2128/2128/2128 2135/2135/2135 2129/2129/2129
f 2129/2129/2129 2135/2135/2135 2136/2136/2136
f 2129/2129/2129 2136/2136/2136 2130/2130/2130
f 2131/2131/2131 2137/2137/2137 2138/2138/2138
f 2131/2131/2131 2138/2138/2138 2132/2132/2132
f 2132/2132/2132 2138/2138/2138 2133/2133/2133
f 2133/2133/2133 2138/2138/2138 2139/2139/2139
f 2133/2133/2133 2139/2139/2139 2140/2140/2140
f 2133/2133/2133 2140/2140/2140 2134/2134/2134
f 2134/2134/2134 2140/2140/2140 2141/2141/2141
f 2134/2134/2134 2141/2141/2141 2135/2135/2135
f 2135/2135/2135 2141/2141/2141 2136/2136/2136
f 2136/2136/2136 2141/2141/2141 2142/2142/2142
f 2137/2137/2137 43/43/43 2138/2138/2138
f 2138/2138/2138 43/43/43 42/42/42
f 2138/2138/2138 42/42/42 2139/2139/2139
f 2139/2139/2139 42/42/42 46/46/46
f 2139/2139/2139 46/46/46 2143/2143/2143
f 2139/2139/2139 2143/2143/2143 2140/2140/2140
f 2140/2140/2140 2143/2143/2143 2144/2144/2144
f 2140/2140/2140 2144/2144/2144 2141/2141/2141
f 2141/2141/2141 2144/2144/2144 2145/2145/2145
f 2141/2141/2141 2145/2145/2145 2142/2142/2142
f 46/46/46 48/48/48 2143/2143/2143
f 2143/2143/2143 48/48/48 2146/2146/2146
f 2143/2143/2143 2146/2146/2146 2144/2144/2144
f 2144/2144/2144 2146/2146/2146 2145/2145/2145
f 2145/2145/2145 2146/2146/2146 2147/2147/2147
f 48/48/48 50/50/50 2146/2146/2146
f 2146/2146/2146 52/52/52 2147/2147/2147
f 2146/2146/2146 50/50/50 52/52/52
f 75/75/75 2148/2148/2148 2149/2149/2149
f 75/75/75 2149/2149/2149 73/73/73
f 2148/2148/2148 2150/2150/2150 2149/2149/2149
f 73/73/73 2149/2149/2149 77/77/77
f 2150/2150/2150 2151/2151/2151 2152/2152/2152
f 2150/2150/2150 2153/2153/2153 2151/2151/2151
f 2150/2150/2150 2152/2152/2152 2149/2149/2149
f 2149/2149/2149 2152/2152/2152 2154/2154/2154
f 2149/2149/2149 2154/2154/2154 77/77/77
f 77/77/77 2154/2154/2154 79/79/79
f 2152/2152/2152 2151/2151/2151 2155/2155/2155
f 2152/2152/2152 2155/2155/2155 2154/2154/2154
f 2151/2151/2151 2156/2156/2156 2157/2157/2157
f 2151/2151/2151 2158/2158/2158 2156/2156/2156
f 2151/2151/2151 2153/2153/2153 2158/2158/2158
f 2151/2151/2151 2157/2157/2157 2155/2155/2155
f 2154/2154/2154 2155/2155/2155 2159/2159/2159
f 2154/2154/2154 2159/2159/2159 79/79/79
f 79/79/79 2159/2159/2159 81/81/81
f 2155/2155/2155 2157/2157/2157 2160/2160/2160
f 2155/2155/2155 2160/2160/2160 2159/2159/2159
f 2156/2156/2156 2161/2161/2161 2162/2162/2162
f 2156/2156/2156 2158/2158/2158 2161/2161/2161
f 2156/2156/2156 2162/2162/2162 2157/2157/2157
f 2157/2157/2157 2162/2162/2162 2163/2163/2163
f 2157/2157/2157 2163/2163/2163 2160/2160/2160
f 2158/2158/2158 2164/2164/2164 2161/2161/2161
f 2159/2159/2159 2160/2160/2160 2165/2165/2165
f 2159/2159/2159 2165/2165/2165 81/81/81
f 81/81/81 2165/2165/2165 83/83/83
f 2160/2160/2160 2163/2163/2163 2166/2166/2166
f 2160/2160/2160 2166/2166/2166 2165/2165/2165
f 2161/2161/2161 2167/2167/2167 2168/2168/2168
f 2161/2161/2161 2168/2168/2168 2169/2169/2169
f 2161/2161/2161 2164/2164/2164 2167/2167/2167
f 2161/2161/2161 2169/2169/2169 2162/2162/2162
f 2162/2162/2162 2169/2169/2169 2170/2170/2170
f 2162/2162/2162 2170/2170/2170 2163/2163/2163
f 2163/2163/2163 2170/2170/2170 2171/2171/2171
f 2163/2163/2163 2171/2171/2171 2166/2166/2166
f 2165/2165/2165 2166/2166/2166 2172/2172/2172
f 2165/2165/2165 2172/2172/2172 2173/2173/2173
f 2165/2165/2165 2173/2173/2173 83/83/83
f 2166/2166/2166 2171/2171/2171 2172/2172/2172
f 2167/2167/2167 2174/2174/2174 2175/2175/2175
f 2167/2167/2167 2175/2175/2175 2168/2168/2168
f 2168/2168/2168 2175/2175/2175 2176/2176/2176
f 2168/2168/2168 2176/2176/2176 2169/2169/2169
f 2169/2169/2169 2176/2176/2176 2177/2177/2177
f 2169/2169/2169 2177/2177/2177 2170/2170/2170
f 2170/2170/2170 2177/2177/2177 2178/2178/2178
f 2170/2170/2170 2178/2178/2178 2171/2171/2171
f 2171/2171/2171 2178/2178/2178 2179/2179/2179
f 2171/2171/2171 2179/2179/2179 2180/2180/2180
f 2171/2171/2171 2180/2180/2180 2172/2172/2172
f 2174/2174/2174 2181/2181/2181 2175/2175/2175
f 2175/2175/2175 2181/2181/2181 2182/2182/2182
f 2175/2175/2175 2182/2182/2182 2183/2183/2183
f 2175/2175/2175 2183/2183/2183 2176/2176/2176
f 2176/2176/2176 2183/2183/2183 2184/2184/2184
f 2176/2176/2176 2184/2184/2184 2177/2177/2177
f 2177/2177/2177 2184/2184/2184 2185/2185/2185
f 2177/2177/2177 2185/2185/2185 2178/2178/2178
f 2178/2178/2178 2185/2185/2185 2179/2179/2179
f 2179/2179/2179 2185/2185/2185 2186/2186/2186
f 2181/2181/2181 2187/2187/2187 2188/2188/2188
f 2181/2181/2181 2188/2188/2188 2182/2182/2182
f 2182/2182/2182 2188/2188/2188 2189/2189/2189
f 2182/2182/2182 2189/2189/2189 2183/2183/2183
f 2183/2183/2183 2189/2189/2189 2190/2190/2190
f 2183/2183/2183 2190/2190/2190 2184/2184/2184
f 2184/2184/2184 2190/2190/2190 2191/2191/2191
f 2184/2184/2184 2191/2191/2191 2185/2185/2185
f 2185/2185/2185 2191/2191/2191 2192/2192/2192
f 2185/2185/2185 2192/2192/2192 2186/2186/2186
f 2187/2187/2187 2193/2193/2193 2188/2188/2188
f 2188/2188/2188 2193/2193/2193 2194/2194/2194
f 2188/2188/2188 2194/2194/2194 2195/2195/2195
f 2188/2188/2188 2195/2195/2195 2189/2189/2189
f 2189/2189/2189 2195/2195/2195 2196/2196/2196
f 2189/2189/2189 2196/2196/2196 2190/2190/2190
f 2190/2190/2190 2196/2196/2196 2197/2197/2197
f 2190/2190/2190 2197/2197/2197 2191/2191/2191
f 2191/2191/2191 2197/2197/2197 2192/2192/2192
f 2192/2192/2192 2197/2197/2197 2198/2198/2198
f 2193/2193/2193 2199/2199/2199 2200/2200/2200
f 2193/2193/2193 2200/2200/2200 2194/2194/2194
f 2194/2194/2194 2200/2200/2200 2201/2201/2201
f 2194/2194/2194 2201/2201/2201 2195/2195/2195
f 2195/2195/2195 2201/2201/2201 2202/2202/2202
f 2195/2195/2195 2202/2202/2202 2196/2196/2196
f 2196/2196/2196 2202/2202/2202 2203/2203/2203
f 2196/2196/2196 2203/2203/2203 2197/2197/2197
f 2197/2197/2197 2203/2203/2203 2204/2204/2204
f 2197/2197/2197 2204/2204/2204 2198/2198/2198
f 2199/2199/2199 2205/2205/2205 2200/2200/2200
f 2200/2200/2200 2205/2205/2205 2206/2206/2206
f 2200/2200/2200 2206/2206/2206 2207/2207/2207
f 2200/2200/2200 2207/2207/2207 2201/2201/2201
f 2201/2201/2201 2207/2207/2207 2208/2208/2208
f 2201/2201/2201 2208/2208/2208 2202/2202/2202
f 2202/2202/2202 2208/2208/2208 2209/2209/2209
f 2202/2202/2202 2209/2209/2209 2203/2203/2203
f 2203/2203/2203 2209/2209/2209 2204/2204/2204
f 2204/2204/2204 2209/2209/2209 2210/2210/2210
f 2205/2205/2205 2211/2211/2211 2206/2206/2206
f 2206/2206/2206 2212/2212/2212 2213/2213/2213
f 2206/2206/2206 2213/2213/2213 2214/2214/2214
f 2206/2206/2206 2211/2211/2211 2212/2212/2212
f 2206/2206/2206 2214/2214/2214 2207/2207/2207
f 2207/2207/2207 2214/2214/2214 2215/2215/2215
f 2207/2207/2207 2215/2215/2215 2208/2208/2208
f 2208/2208/2208 2215/2215/2215 2216/2216/2216
f 2208/2208/2208 2216/2216/2216 2209/2209/2209
f 2209/2209/2209 2216/2216/2216 2217/2217/2217
f 2209/2209/2209 2217/2217/2217 2210/2210/2210
f 2213/2213/2213 2080/2080/2080 2214/2214/2214
f 2214/2214/2214 2080/2080/2080 2218/2218/2218
f 2214/2214/2214 2218/2218/2218 2215/2215/2215
f 2215/2215/2215 2218/2218/2218 2219/2219/2219
f 2215/2215/2215 2219/2219/2219 2216/2216/2216
f 2216/2216/2216 2219/2219/2219 2217/2217/2217
f 2217/2217/2217 2219/2219/2219 2220/2220/2220
f 2080/2080/2080 2086/2086/2086 2218/2218/2218
f 2218/2218/2218 2086/2086/2086 2221/2221/2221
f 2218/2218/2218 2221/2221/2221 2219/2219/2219
f 2219/2219/2219 2221/2221/2221 2222/2222/2222
f 2219/2219/2219 2222/2222/2222 2220/2220/2220
f 2086/2086/2086 2093/2093/2093 2221/2221/2221
f 2221/2221/2221 2093/2093/2093 2222/2222/2222
f 2223/2223/2223 2224/2224/2224 2225/2225/2225
f 2223/2223/2223 2226/2226/2226 2224/2224/2224
f 2225/2225/2225 2224/2224/2224 2227/2227/2227
f 2226/2226/2226 2228/2228/2228 2224/2224/2224
f 2227/2227/2227 2224/2224/2224 2229/2229/2229
f 2227/2227/2227 2229/2229/2229 2230/2230/2230
f 2228/2228/2228 2231/2231/2231 2224/2224/2224
f 2224/2224/2224 2231/2231/2231 2229/2229/2229
f 2229/2229/2229 2232/2232/2232 2233/2233/2233
f 2229/2229/2229 2233/2233/2233 2230/2230/2230
f 2229/2229/2229 2231/2231/2231 2232/2232/2232
f 2230/2230/2230 2233/2233/2233 2234/2234/2234
f 2232/2232/2232 2235/2235/2235 2233/2233/2233
f 2233/2233/2233 2235/2235/2235 2236/2236/2236
f 2233/2233/2233 2236/2236/2236 2234/2234/2234
f 2234/2234/2234 2236/2236/2236 2237/2237/2237
f 2234/2234/2234 2237/2237/2237 2238/2238/2238
f 2235/2235/2235 2239/2239/2239 2240/2240/2240
f 2235/2235/2235 2240/2240/2240 2236/2236/2236
f 2236/2236/2236 2240/2240/2240 2241/2241/2241
f 2236/2236/2236 2241/2241/2241 2237/2237/2237
f 2237/2237/2237 2241/2241/2241 2242/2242/2242
f 2237/2237/2237 2242/2242/2242 2243/2243/2243
f 2237/2237/2237 2243/2243/2243 2238/2238/2238
f 2238/2238/2238 2243/2243/2243 2244/2244/2244
f 2239/2239/2239 2245/2245/2245 2240/2240/2240
f 2240/2240/2240 2245/2245/2245 2246/2246/2246
f 2240/2240/2240 2246/2246/2246 2247/2247/2247
f 2240/2240/2240 2247/2247/2247 2241/2241/2241
f 2241/2241/2241 2247/2247/2247 2248/2248/2248
f 2241/2241/2241 2248/2248/2248 2242/2242/2242
f 2242/2242/2242 2248/2248/2248 2249/2249/2249
f 2242/2242/2242 2249/2249/2249 2250/2250/2250
f 2242/2242/2242 2250/2250/2250 2243/2243/2243
f 2243/2243/2243 2250/2250/2250 2251/2251/2251
f 2243/2243/2243 2251/2251/2251 2244/2244/2244
f 2244/2244/2244 2251/2251/2251 2252/2252/2252
f 2245/2245/2245 2253/2253/2253 2254/2254/2254
f 2245/2245/2245 2254/2254/2254 2246/2246/2246
f 2246/2246/2246 2254/2254/2254 2255/2255/2255
f 2246/2246/2246 2255/2255/2255 2247/2247/2247
f 2247/2247/2247 2255/2255/2255 2256/2256/2256
f 2247/2247/2247 2256/2256/2256 2248/2248/2248
f 2248/2248/2248 2256/2256/2256 2257/2257/2257
f 2248/2248/2248 2257/2257/2257 2249/2249/2249
f 2249/2249/2249 2257/2257/2257 2258/2258/2258
f 2249/2249/2249 2258/2258/2258 2250/2250/2250
f 2250/2250/2250 2258/2258/2258 2259/2259/2259
f 2250/2250/2250 2259/2259/2259 2260/2260/2260
f 2250/2250/2250 2260/2260/2260 2251/2251/2251
f 2251/2251/2251 2260/2260/2260 2252/2252/2252
f 2253/2253/2253 2261/2261/2261 2254/2254/2254
f 2254/2254/2254 2261/2261/2261 2262/2262/2262
f 2254/2254/2254 2262/2262/2262 2263/2263/2263
f 2254/2254/2254 2263/2263/2263 2255/2255/2255
f 2255/2255/2255 2263/2263/2263 2264/2264/2264
f 2255/2255/2255 2264/2264/2264 2256/2256/2256
f 2256/2256/2256 2264/2264/2264 2265/2265/2265
f 2256/2256/2256 2265/2265/2265 2257/2257/2257
f 2257/2257/2257 2265/2265/2265 2266/2266/2266
f 2257/2257/2257 2266/2266/2266 2267/2267/2267
f 2257/2257/2257 2267/2267/2267 2258/2258/2258
f 2261/2261/2261 2268/2268/2268 2269/2269/2269
f 2261/2261/2261 2269/2269/2269 2262/2262/2262
f 2262/2262/2262 2269/2269/2269 2270/2270/2270
f 2262/2262/2262 2270/2270/2270 2263/2263/2263
f 2263/2263/2263 2270/2270/2270 2271/2271/2271
f 2263/2263/2263 2271/2271/2271 2264/2264/2264
f 2264/2264/2264 2271/2271/2271 2272/2272/2272
f 2264/2264/2264 2272/2272/2272 2265/2265/2265
f 2265/2265/2265 2272/2272/2272 2266/2266/2266
f 2266/2266/2266 2272/2272/2272 2273/2273/2273
f 2268/2268/2268 2274/2274/2274 2269/2269/2269
f 2269/2269/2269 2275/2275/2275 2276/2276/2276
f 2269/2269/2269 2276/2276/2276 2270/2270/2270
f 2269/2269/2269 2274/2274/2274 2275/2275/2275
f 2270/2270/2270 2276/2276/2276 2277/2277/2277
f 2270/2270/2270 2277/2277/2277 2271/2271/2271
f 2271/2271/2271 2277/2277/2277 2278/2278/2278
f 2271/2271/2271 2278/2278/2278 2272/2272/2272
f 2272/2272/2272 2278/2278/2278 2279/2279/2279
f 2272/2272/2272 2279/2279/2279 2273/2273/2273
f 2274/2274/2274 2280/2280/2280 2281/2281/2281
f 2274/2274/2274 2281/2281/2281 2275/2275/2275
f 2275/2275/2275 2281/2281/2281 2282/2282/2282
f 2275/2275/2275 2282/2282/2282 2276/2276/2276
f 2276/2276/2276 2282/2282/2282 2283/2283/2283
f 2276/2276/2276 2283/2283/2283 2277/2277/2277
f 2277/2277/2277 2283/2283/2283 2284/2284/2284
f 2277/2277/2277 2284/2284/2284 2278/2278/2278
f 2278/2278/2278 2284/2284/2284 2279/2279/2279
f 2279/2279/2279 2284/2284/2284 2285/2285/2285
f 2280/2280/2280 2286/2286/2286 2281/2281/2281
f 2281/2281/2281 2286/2286/2286 2287/2287/2287
f 2281/2281/2281 2287/2287/2287 2288/2288/2288
f 2281/2281/2281 2288/2288/2288 2282/2282/2282
f 2282/2282/2282 2288/2288/2288 2289/2289/2289
f 2282/2282/2282 2289/2289/2289 2283/2283/2283
f 2283/2283/2283 2289/2289/2289 2290/2290/2290
f 2283/2283/2283 2290/2290/2290 2284/2284/2284
f 2284/2284/2284 2290/2290/2290 2291/2291/2291
f 2284/2284/2284 2291/2291/2291 2285/2285/2285
f 2286/2286/2286 2292/2292/2292 2293/2293/2293
f 2286/2286/2286 2293/2293/2293 2287/2287/2287
f 2287/2287/2287 2293/2293/2293 2294/2294/2294
f 2287/2287/2287 2294/2294/2294 2288/2288/2288
f 2288/2288/2288 2294/2294/2294 2295/2295/2295
f 2288/2288/2288 2295/2295/2295 2289/2289/2289
f 2289/2289/2289 2295/2295/2295 2296/2296/2296
f 2289/2289/2289 2296/2296/2296 2290/2290/2290
f 2290/2290/2290 2296/2296/2296 2291/2291/2291
f 2291/2291/2291 2296/2296/2296 2297/2297/2297
f 2292/2292/2292 2298/2298/2298 2293/2293/2293
f 2293/2293/2293 2299/2299/2299 2300/2300/2300
f 2293/2293/2293 2300/2300/2300 2294/2294/2294
f 2293/2293/2293 2298/2298/2298 2299/2299/2299
f 2294/2294/2294 2300/2300/2300 2301/2301/2301
f 2294/2294/2294 2301/2301/2301 2295/2295/2295
f 2295/2295/2295 2301/2301/2301 2302/2302/2302
f 2295/2295/2295 2302/2302/2302 2296/2296/2296
f 2296/2296/2296 2302/2302/2302 2303/2303/2303
f 2296/2296/2296 2303/2303/2303 2297/2297/2297
f 2298/2298/2298 2304/2304/2304 2305/2305/2305
f 2298/2298/2298 2305/2305/2305 2299/2299/2299
f 2299/2299/2299 2305/2305/2305 2306/2306/2306
f 2299/2299/2299 2306/2306/2306 2300/2300/2300
f 2300/2300/2300 2306/2306/2306 2307/2307/2307
f 2300/2300/2300 2307/2307/2307 2301/2301/2301
f 2301/2301/2301 2307/2307/2307 2308/2308/2308
f 2301/2301/2301 2308/2308/2308 2302/2302/2302
f 2302/2302/2302 2308/2308/2308 2303/2303/2303
f 2303/2303/2303 2308/2308/2308 2309/2309/2309
f 2304/2304/2304 2310/2310/2310 2305/2305/2305
f 2305/2305/2305 2311/2311/2311 2312/2312/2312
f 2305/2305/2305 2312/2312/2312 2306/2306/2306
f 2305/2305/2305 2310/2310/2310 2311/2311/2311
f 2306/2306/2306 2313/2313/2313 2307/2307/2307
f 2306/2306/2306 2312/2312/2312 2313/2313/2313
f 2307/2307/2307 2313/2313/2313 2314/2314/2314
f 2307/2307/2307 2314/2314/2314 2308/2308/2308
f 2308/2308/2308 2315/2315/2315 2309/2309/2309
f 2308/2308/2308 2314/2314/2314 2315/2315/2315
f 2310/2310/2310 1723/1723/1723 2311/2311/2311
f 2310/2310/2310 1724/1724/1724 1723/1723/1723
f 2311/2311/2311 1726/1726/1726 2312/2312/2312
f 2311/2311/2311 1723/1723/1723 1726/1726/1726
f 2312/2312/2312 1729/1729/1729 2313/2313/2313
f 2312/2312/2312 1726/1726/1726 1729/1729/1729
f 2313/2313/2313 1729/1729/1729 1734/1734/1734
f 2313/2313/2313 1734/1734/1734 2314/2314/2314
f 2314/2314/2314 1734/1734/1734 2315/2315/2315
f 2315/2315/2315 1734/1734/1734 1740/1740/1740
f 2316/2316/2316 1494/1494/1494 1529/1529/1529
f 1494/1494/1494 1499/1499/1499 1529/1529/1529
f 1529/1529/1529 1503/1503/1503 1527/1527/1527
f 1529/1529/1529 1499/1499/1499 1503/1503/1503
f 1503/1503/1503 1506/1506/1506 1527/1527/1527
f 1527/1527/1527 1506/1506/1506 1523/1523/1523
f 1506/1506/1506 1508/1508/1508 1523/1523/1523
f 1523/1523/1523 1508/1508/1508 1519/1519/1519
f 1508/1508/1508 1509/1509/1509 1519/1519/1519
f 1519/1519/1519 1509/1509/1509 1515/1515/1515
f 2317/2317/2317 2318/2318/2318 2319/2319/2319
f 2317/2317/2317 1520/1520/1520 2318/2318/2318
f 2317/2317/2317 1524/1524/1524 1520/1520/1520
f 2318/2318/2318 2320/2320/2320 2321/2321/2321
f 2318/2318/2318 2321/2321/2321 2319/2319/2319
f 2318/2318/2318 1516/1516/1516 2320/2320/2320
f 2318/2318/2318 1520/1520/1520 1516/1516/1516
f 2319/2319/2319 2321/2321/2321 2322/2322/2322
f 2320/2320/2320 2323/2323/2323 2321/2321/2321
f 2320/2320/2320 2324/2324/2324 2323/2323/2323
f 2320/2320/2320 2325/2325/2325 2324/2324/2324
f 2320/2320/2320 1516/1516/1516 2325/2325/2325
f 2321/2321/2321 2326/2326/2326 2322/2322/2322
f 2321/2321/2321 2323/2323/2323 2326/2326/2326
f 1516/1516/1516 1513/1513/1513 2325/2325/2325
f 2322/2322/2322 2326/2326/2326 2327/2327/2327
f 2323/2323/2323 2328/2328/2328 2326/2326/2326
f 2323/2323/2323 2329/2329/2329 2328/2328/2328
f 2323/2323/2323 2324/2324/2324 2329/2329/2329
f 2324/2324/2324 2330/2330/2330 2329/2329/2329
f 2324/2324/2324 2331/2331/2331 2330/2330/2330
f 2324/2324/2324 2325/2325/2325 2331/2331/2331
f 2325/2325/2325 1511/1511/1511 2331/2331/2331
f 2325/2325/2325 1513/1513/1513 1511/1511/1511
f 2326/2326/2326 2332/2332/2332 2327/2327/2327
f 2326/2326/2326 2328/2328/2328 2332/2332/2332
f 2327/2327/2327 2332/2332/2332 2333/2333/2333
f 2328/2328/2328 2334/2334/2334 2332/2332/2332
f 2328/2328/2328 2335/2335/2335 2334/2334/2334
f 2328/2328/2328 2329/2329/2329 2335/2335/2335
f 2329/2329/2329 2336/2336/2336 2335/2335/2335
f 2329/2329/2329 2330/2330/2330 2336/2336/2336
f 2330/2330/2330 2337/2337/2337 2336/2336/2336
f 2330/2330/2330 2338/2338/2338 2337/2337/2337
f 2330/2330/2330 2331/2331/2331 2338/2338/2338
f 2331/2331/2331 1510/1510/1510 2338/2338/2338
f 2331/2331/2331 1511/1511/1511 1510/1510/1510
f 2332/2332/2332 2339/2339/2339 2333/2333/2333
f 2332/2332/2332 2334/2334/2334 2339/2339/2339
f 2333/2333/2333 2339/2339/2339 2340/2340/2340
f 2334/2334/2334 2341/2341/2341 2339/2339/2339
f 2334/2334/2334 2342/2342/2342 2341/2341/2341
f 2334/2334/2334 2335/2335/2335 2342/2342/2342
f 2335/2335/2335 2343/2343/2343 2342/2342/2342
f 2335/2335/2335 2336/2336/2336 2343/2343/2343
f 2336/2336/2336 2344/2344/2344 2343/2343/2343
f 2336/2336/2336 2337/2337/2337 2344/2344/2344
f 2339/2339/2339 2345/2345/2345 2340/2340/2340
f 2339/2339/2339 2341/2341/2341 2345/2345/2345
f 2340/2340/2340 2345/2345/2345 2346/2346/2346
f 2341/2341/2341 2347/2347/2347 2345/2345/2345
f 2341/2341/2341 2348/2348/2348 2347/2347/2347
f 2341/2341/2341 2342/2342/2342 2348/2348/2348
f 2342/2342/2342 2349/2349/2349 2348/2348/2348
f 2342/2342/2342 2343/2343/2343 2349/2349/2349
f 2343/2343/2343 2350/2350/2350 2349/2349/2349
f 2343/2343/2343 2344/2344/2344 2350/2350/2350
f 2345/2345/2345 2351/2351/2351 2346/2346/2346
f 2345/2345/2345 2347/2347/2347 2351/2351/2351
f 2346/2346/2346 2351/2351/2351 2352/2352/2352
f 2347/2347/2347 2353/2353/2353 2351/2351/2351
f 2347/2347/2347 2354/2354/2354 2353/2353/2353
f 2347/2347/2347 2348/2348/2348 2354/2354/2354
f 2348/2348/2348 2355/2355/2355 2354/2354/2354
f 2348/2348/2348 2349/2349/2349 2355/2355/2355
f 2349/2349/2349 2356/2356/2356 2355/2355/2355
f 2349/2349/2349 2350/2350/2350 2356/2356/2356
f 2351/2351/2351 2357/2357/2357 2352/2352/2352
f 2351/2351/2351 2353/2353/2353 2357/2357/2357
f 2352/2352/2352 2357/2357/2357 2358/2358/2358
f 2353/2353/2353 2359/2359/2359 2357/2357/2357
f 2353/2353/2353 2360/2360/2360 2359/2359/2359
f 2353/2353/2353 2354/2354/2354 2360/2360/2360
f 2354/2354/2354 2361/2361/2361 2360/2360/2360
f 2354/2354/2354 2355/2355/2355 2361/2361/2361
f 2355/2355/2355 2362/2362/2362 2361/2361/2361
f 2355/2355/2355 2356/2356/2356 2362/2362/2362
f 2357/2357/2357 61/61/61 2358/2358/2358
f 2357/2357/2357 2359/2359/2359 61/61/61
f 2359/2359/2359 65/65/65 61/61/61
f 2359/2359/2359 2363/2363/2363 65/65/65
f 2359/2359/2359 2360/2360/2360 2363/2363/2363
f 2360/2360/2360 2364/2364/2364 2363/2363/2363
f 2360/2360/2360 2361/2361/2361 2364/2364/2364
f 2361/2361/2361 2365/2365/2365 2364/2364/2364
f 2361/2361/2361 2362/2362/2362 2365/2365/2365
f 65/65/65 2363/2363/2363 67/67/67
f 2363/2363/2363 2366/2366/2366 67/67/67
f 2363/2363/2363 2364/2364/2364 2366/2366/2366
f 2364/2364/2364 2367/2367/2367 2366/2366/2366
f 2364/2364/2364 2365/2365/2365 2367/2367/2367
f 67/67/67 2366/2366/2366 69/69/69
f 2366/2366/2366 2368/2368/2368 69/69/69
f 2366/2366/2366 2367/2367/2367 2368/2368/2368
f 69/69/69 2368/2368/2368 71/71/71
f 2369/2369/2369 2370/2370/2370 2371/2371/2371
f 2369/2369/2369 2372/2372/2372 2370/2370/2370
f 2369/2369/2369 2371/2371/2371 1580/1580/1580
f 2369/2369/2369 1580/1580/1580 1581/1581/1581
f 2369/2369/2369 1584/1584/1584 2372/2372/2372
f 2369/2369/2369 1581/1581/1581 1584/1584/1584
f 2370/2370/2370 2373/2373/2373 2374/2374/2374
f 2370/2370/2370 2374/2374/2374 2371/2371/2371
f 2370/2370/2370 2375/2375/2375 2373/2373/2373
f 2370/2370/2370 2372/2372/2372 2375/2375/2375
f 2371/2371/2371 2374/2374/2374 2376/2376/2376
f 2371/2371/2371 2376/2376/2376 2377/2377/2377
f 2371/2371/2371 2377/2377/2377 1580/1580/1580
f 1580/1580/1580 2377/2377/2377 1575/1575/1575
f 2373/2373/2373 1603/1603/1603 1595/1595/1595
f 2373/2373/2373 1595/1595/1595 2374/2374/2374
f 2373/2373/2373 2378/2378/2378 1603/1603/1603
f 2373/2373/2373 2375/2375/2375 2378/2378/2378
f 2374/2374/2374 1590/1590/1590 2376/2376/2376
f 2374/2374/2374 1595/1595/1595 1590/1590/1590
f 2376/2376/2376 1590/1590/1590 1585/1585/1585
f 2376/2376/2376 1585/1585/1585 1582/1582/1582
f 2376/2376/2376 1582/1582/1582 2377/2377/2377
f 2377/2377/2377 1582/1582/1582 1577/1577/1577
f 2377/2377/2377 1577/1577/1577 1575/1575/1575
f 1575/1575/1575 1577/1577/1577 1572/1572/1572
f 1603/1603/1603 2378/2378/2378 1610/1610/1610
f 2379/2379/2379 2380/2380/2380 2381/2381/2381
f 2379/2379/2379 2382/2382/2382 2380/2380/2380
f 2380/2380/2380 2382/2382/2382 2383/2383/2383
f 2382/2382/2382 2384/2384/2384 2383/2383/2383
f 2383/2383/2383 2384/2384/2384 2385/2385/2385
f 2384/2384/2384 2386/2386/2386 2385/2385/2385
f 2386/2386/2386 2387/2387/2387 2385/2385/2385
f 2386/2386/2386 2388/2388/2388 2387/2387/2387
f 2387/2387/2387 2389/2389/2389 2385/2385/2385
f 2387/2387/2387 2390/2390/2390 2389/2389/2389
f 2387/2387/2387 2391/2391/2391 2390/2390/2390
f 2387/2387/2387 2388/2388/2388 2391/2391/2391
f 2385/2385/2385 2392/2392/2392 2393/2393/2393
f 2385/2385/2385 2394/2394/2394 2392/2392/2392
f 2385/2385/2385 2395/2395/2395 2394/2394/2394
f 2385/2385/2385 2389/2389/2389 2395/2395/2395
f 2389/2389/2389 2396/2396/2396 2395/2395/2395
f 2389/2389/2389 2390/2390/2390 2396/2396/2396
f 2390/2390/2390 2397/2397/2397 2398/2398/2398
f 2390/2390/2390 2391/2391/2391 2397/2397/2397
f 2390/2390/2390 2398/2398/2398 2396/2396/2396
f 2392/2392/2392 2399/2399/2399 2400/2400/2400
f 2392/2392/2392 2400/2400/2400 2401/2401/2401
f 2392/2392/2392 2401/2401/2401 2393/2393/2393
f 2392/2392/2392 2394/2394/2394 2399/2399/2399
f 2393/2393/2393 2401/2401/2401 2402/2402/2402
f 2394/2394/2394 2403/2403/2403 2399/2399/2399
f 2394/2394/2394 2395/2395/2395 2403/2403/2403
f 2395/2395/2395 2404/2404/2404 2403/2403/2403
f 2395/2395/2395 2396/2396/2396 2404/2404/2404
f 2396/2396/2396 2405/2405/2405 2404/2404/2404
f 2396/2396/2396 2398/2398/2398 2405/2405/2405
f 2397/2397/2397 2406/2406/2406 2405/2405/2405
f 2397/2397/2397 2405/2405/2405 2398/2398/2398
f 2399/2399/2399 2407/2407/2407 2408/2408/2408
f 2399/2399/2399 2408/2408/2408 2400/2400/2400
f 2399/2399/2399 2403/2403/2403 2407/2407/2407
f 2400/2400/2400 2408/2408/2408 2409/2409/2409
f 2400/2400/2400 2409/2409/2409 2410/2410/2410
f 2400/2400/2400 2410/2410/2410 2401/2401/2401
f 2401/2401/2401 2410/2410/2410 2411/2411/2411
f 2401/2401/2401 2411/2411/2411 2402/2402/2402
f 2402/2402/2402 2411/2411/2411 2412/2412/2412
f 2403/2403/2403 2413/2413/2413 2407/2407/2407
f 2403/2403/2403 2404/2404/2404 2413/2413/2413
f 2404/2404/2404 2414/2414/2414 2413/2413/2413
f 2404/2404/2404 2405/2405/2405 2414/2414/2414
f 2405/2405/2405 2406/2406/2406 2414/2414/2414
f 2406/2406/2406 2415/2415/2415 2416/2416/2416
f 2406/2406/2406 2416/2416/2416 2414/2414/2414
f 2407/2407/2407 2417/2417/2417 2418/2418/2418
f 2407/2407/2407 2418/2418/2418 2408/2408/2408
f 2407/2407/2407 2413/2413/2413 2417/2417/2417
f 2408/2408/2408 2418/2418/2418 2419/2419/2419
f 2408/2408/2408 2419/2419/2419 2409/2409/2409
f 2411/2411/2411 2410/2410/2410 2420/2420/2420
f 2413/2413/2413 2416/2416/2416 2417/2417/2417
f 2413/2413/2413 2414/2414/2414 2416/2416/2416
f 2415/2415/2415 2421/2421/2421 2416/2416/2416
f 2416/2416/2416 2421/2421/2421 2422/2422/2422
f 2416/2416/2416 2422/2422/2422 2417/2417/2417
f 2417/2417/2417 2422/2422/2422 2423/2423/2423
f 2417/2417/2417 2423/2423/2423 2418/2418/2418
f 2418/2418/2418 2423/2423/2423 2424/2424/2424
f 2418/2418/2418 2424/2424/2424 2419/2419/2419
f 2419/2419/2419 2424/2424/2424 2425/2425/2425
f 2419/2419/2419 2425/2425/2425 2426/2426/2426
f 2419/2419/2419 2426/2426/2426 2409/2409/2409
f 2420/2420/2420 2410/2410/2410 2427/2427/2427
f 2421/2421/2421 2428/2428/2428 2429/2429/2429
f 2421/2421/2421 2429/2429/2429 2422/2422/2422
f 2422/2422/2422 2429/2429/2429 2423/2423/2423
f 2423/2423/2423 2429/2429/2429 2430/2430/2430
f 2423/2423/2423 2430/2430/2430 2424/2424/2424
f 2424/2424/2424 2430/2430/2430 2431/2431/2431
f 2424/2424/2424 2431/2431/2431 2425/2425/2425
f 2425/2425/2425 2431/2431/2431 2432/2432/2432
f 2425/2425/2425 2432/2432/2432 2433/2433/2433
f 2425/2425/2425 2433/2433/2433 2426/2426/2426
f 2426/2426/2426 2433/2433/2433 2434/2434/2434
f 2426/2426/2426 2434/2434/2434 2435/2435/2435
f 2426/2426/2426 2435/2435/2435 2409/2409/2409
f 2409/2409/2409 2435/2435/2435 2410/2410/2410
f 2410/2410/2410 2435/2435/2435 2427/2427/2427
f 2427/2427/2427 2435/2435/2435 2434/2434/2434
f 2427/2427/2427 2434/2434/2434 2436/2436/2436
f 2428/2428/2428 2437/2437/2437 2429/2429/2429
f 2429/2429/2429 2437/2437/2437 2438/2438/2438
f 2429/2429/2429 2438/2438/2438 2430/2430/2430
f 2430/2430/2430 2438/2438/2438 2439/2439/2439
f 2430/2430/2430 2439/2439/2439 2431/2431/2431
f 2431/2431/2431 2439/2439/2439 2440/2440/2440
f 2431/2431/2431 2440/2440/2440 2432/2432/2432
f 2432/2432/2432 2440/2440/2440 2441/2441/2441
f 2432/2432/2432 2441/2441/2441 2442/2442/2442
f 2432/2432/2432 2442/2442/2442 2433/2433/2433
f 2433/2433/2433 2442/2442/2442 2443/2443/2443
f 2433/2433/2433 2443/2443/2443 2434/2434/2434
f 2434/2434/2434 2443/2443/2443 2444/2444/2444
f 2434/2434/2434 2444/2444/2444 2436/2436/2436
f 2437/2437/2437 2445/2445/2445 2446/2446/2446
f 2437/2437/2437 2446/2446/2446 2438/2438/2438
f 2438/2438/2438 2446/2446/2446 2439/2439/2439
f 2439/2439/2439 2446/2446/2446 2447/2447/2447
f 2439/2439/2439 2447/2447/2447 2440/2440/2440
f 2440/2440/2440 2447/2447/2447 2448/2448/2448
f 2440/2440/2440 2448/2448/2448 2441/2441/2441
f 2441/2441/2441 2448/2448/2448 2449/2449/2449
f 2441/2441/2441 2449/2449/2449 2450/2450/2450
f 2441/2441/2441 2450/2450/2450 2442/2442/2442
f 2442/2442/2442 2450/2450/2450 2451/2451/2451
f 2442/2442/2442 2451/2451/2451 2443/2443/2443
f 2443/2443/2443 2451/2451/2451 2444/2444/2444
f 2444/2444/2444 2451/2451/2451 2452/2452/2452
f 2445/2445/2445 2453/2453/2453 2446/2446/2446
f 2446/2446/2446 2453/2453/2453 2454/2454/2454
f 2446/2446/2446 2454/2454/2454 2447/2447/2447
f 2447/2447/2447 2454/2454/2454 2455/2455/2455
f 2447/2447/2447 2455/2455/2455 2448/2448/2448
f 2448/2448/2448 2455/2455/2455 2456/2456/2456
f 2448/2448/2448 2456/2456/2456 2449/2449/2449
f 2449/2449/2449 2456/2456/2456 2457/2457/2457
f 2449/2449/2449 2457/2457/2457 2458/2458/2458
f 2449/2449/2449 2458/2458/2458 2450/2450/2450
f 2450/2450/2450 2458/2458/2458 2459/2459/2459
f 2450/2450/2450 2459/2459/2459 2451/2451/2451
f 2451/2451/2451 2459/2459/2459 2460/2460/2460
f 2451/2451/2451 2460/2460/2460 2452/2452/2452
f 2453/2453/2453 2461/2461/2461 2454/2454/2454
f 2453/2453/2453 2462/2462/2462 2461/2461/2461
f 2454/2454/2454 2461/2461/2461 2455/2455/2455
f 2455/2455/2455 2461/2461/2461 2463/2463/2463
f 2455/2455/2455 2463/2463/2463 2456/2456/2456
f 2456/2456/2456 2463/2463/2463 2464/2464/2464
f 2456/2456/2456 2464/2464/2464 2457/2457/2457
f 2457/2457/2457 2464/2464/2464 2465/2465/2465
f 2457/2457/2457 2465/2465/2465 2466/2466/2466
f 2457/2457/2457 2466/2466/2466 2458/2458/2458
f 2458/2458/2458 2466/2466/2466 2467/2467/2467
f 2458/2458/2458 2467/2467/2467 2459/2459/2459
f 2459/2459/2459 2467/2467/2467 2460/2460/2460
f 2460/2460/2460 2467/2467/2467 2468/2468/2468
f 2461/2461/2461 2469/2469/2469 2463/2463/2463
f 2461/2461/2461 2470/2470/2470 2469/2469/2469
f 2461/2461/2461 2462/2462/2462 2470/2470/2470
f 2463/2463/2463 2469/2469/2469 2471/2471/2471
f 2463/2463/2463 2471/2471/2471 2464/2464/2464
f 2464/2464/2464 2471/2471/2471 2472/2472/2472
f 2464/2464/2464 2472/2472/2472 2465/2465/2465
f 2465/2465/2465 2472/2472/2472 2473/2473/2473
f 2465/2465/2465 2473/2473/2473 2474/2474/2474
f 2465/2465/2465 2474/2474/2474 2466/2466/2466
f 2466/2466/2466 2474/2474/2474 2475/2475/2475
f 2466/2466/2466 2475/2475/2475 2467/2467/2467
f 2467/2467/2467 2475/2475/2475 2476/2476/2476
f 2467/2467/2467 2476/2476/2476 2468/2468/2468
f 2469/2469/2469 2477/2477/2477 2471/2471/2471
f 2469/2469/2469 2470/2470/2470 2477/2477/2477
f 2470/2470/2470 2478/2478/2478 2477/2477/2477
f 2471/2471/2471 2477/2477/2477 2479/2479/2479
f 2471/2471/2471 2479/2479/2479 2472/2472/2472
f 2472/2472/2472 2479/2479/2479 2480/2480/2480
f 2472/2472/2472 2480/2480/2480 2473/2473/2473
f 2473/2473/2473 2480/2480/2480 2481/2481/2481
f 2473/2473/2473 2481/2481/2481 2482/2482/2482
f 2473/2473/2473 2482/2482/2482 2474/2474/2474
f 2474/2474/2474 2482/2482/2482 2483/2483/2483
f 2474/2474/2474 2483/2483/2483 2475/2475/2475
f 2475/2475/2475 2483/2483/2483 2476/2476/2476
f 2476/2476/2476 2483/2483/2483 2484/2484/2484
f 2477/2477/2477 2485/2485/2485 2479/2479/2479
f 2477/2477/2477 2486/2486/2486 2485/2485/2485
f 2477/2477/2477 2478/2478/2478 2486/2486/2486
f 2479/2479/2479 2487/2487/2487 2480/2480/2480
f 2479/2479/2479 2485/2485/2485 2487/2487/2487
f 2480/2480/2480 2488/2488/2488 2481/2481/2481
f 2480/2480/2480 2487/2487/2487 2488/2488/2488
f 2481/2481/2481 2489/2489/2489 2490/2490/2490
f 2481/2481/2481 2490/2490/2490 2482/2482/2482
f 2481/2481/2481 2488/2488/2488 2489/2489/2489
f 2482/2482/2482 2490/2490/2490 2491/2491/2491
f 2482/2482/2482 2491/2491/2491 2483/2483/2483
f 2483/2483/2483 2491/2491/2491 2492/2492/2492
f 2483/2483/2483 2492/2492/2492 2484/2484/2484
f 2485/2485/2485 2493/2493/2493 2487/2487/2487
f 2485/2485/2485 2486/2486/2486 2493/2493/2493
f 2486/2486/2486 2494/2494/2494 2493/2493/2493
f 2487/2487/2487 2495/2495/2495 2488/2488/2488
f 2487/2487/2487 2493/2493/2493 2495/2495/2495
f 2488/2488/2488 2234/2234/2234 2489/2489/2489
f 2488/2488/2488 2230/2230/2230 2234/2234/2234
f 2488/2488/2488 2495/2495/2495 2230/2230/2230
f 2489/2489/2489 2496/2496/2496 2490/2490/2490
f 2489/2489/2489 2497/2497/2497 2496/2496/2496
f 2489/2489/2489 2234/2234/2234 2497/2497/2497
f 2490/2490/2490 2496/2496/2496 2498/2498/2498
f 2490/2490/2490 2498/2498/2498 2491/2491/2491
f 2491/2491/2491 2498/2498/2498 2492/2492/2492
f 2492/2492/2492 2498/2498/2498 2499/2499/2499
f 2493/2493/2493 2500/2500/2500 2495/2495/2495
f 2493/2493/2493 2501/2501/2501 2500/2500/2500
f 2493/2493/2493 2494/2494/2494 2501/2501/2501
f 2495/2495/2495 2227/2227/2227 2230/2230/2230
f 2495/2495/2495 2500/2500/2500 2227/2227/2227
f 2496/2496/2496 2497/2497/2497 2502/2502/2502
f 2496/2496/2496 2502/2502/2502 2503/2503/2503
f 2496/2496/2496 2503/2503/2503 2498/2498/2498
f 2498/2498/2498 2503/2503/2503 2504/2504/2504
f 2498/2498/2498 2504/2504/2504 2499/2499/2499
f 2500/2500/2500 2225/2225/2225 2227/2227/2227
f 2500/2500/2500 2501/2501/2501 2225/2225/2225
f 2501/2501/2501 2223/2223/2223 2225/2225/2225
f 2502/2502/2502 2505/2505/2505 2503/2503/2503
f 2503/2503/2503 2505/2505/2505 2504/2504/2504
f 2379/2379/2379 2506/2506/2506 2382/2382/2382
f 2379/2379/2379 2507/2507/2507 2506/2506/2506
f 2382/2382/2382 2508/2508/2508 2384/2384/2384
f 2382/2382/2382 2506/2506/2506 2508/2508/2508
f 2384/2384/2384 2509/2509/2509 2386/2386/2386
f 2384/2384/2384 2508/2508/2508 2509/2509/2509
f 2386/2386/2386 2510/2510/2510 2388/2388/2388
f 2386/2386/2386 2509/2509/2509 2510/2510/2510
f 2391/2391/2391 2510/2510/2510 2511/2511/2511
f 2388/2388/2388 2510/2510/2510 2391/2391/2391
f 2507/2507/2507 2512/2512/2512 2506/2506/2506
f 2506/2506/2506 2513/2513/2513 2508/2508/2508
f 2512/2512/2512 2514/2514/2514 2506/2506/2506
f 2514/2514/2514 2513/2513/2513 2506/2506/2506
f 2508/2508/2508 2515/2515/2515 2509/2509/2509
f 2513/2513/2513 2515/2515/2515 2508/2508/2508
f 2509/2509/2509 2516/2516/2516 2510/2510/2510
f 2509/2509/2509 2515/2515/2515 2516/2516/2516
f 2510/2510/2510 2517/2517/2517 2511/2511/2511
f 2510/2510/2510 2516/2516/2516 2517/2517/2517
f 2512/2512/2512 2518/2518/2518 2514/2514/2514
f 2514/2514/2514 2519/2519/2519 2513/2513/2513
f 2512/2512/2512 2520/2520/2520 2518/2518/2518
f 2513/2513/2513 2521/2521/2521 2515/2515/2515
f 2514/2514/2514 2518/2518/2518 2519/2519/2519
f 2516/2516/2516 2515/2515/2515 2522/2522/2522
f 2513/2513/2513 2519/2519/2519 2521/2521/2521
f 2515/2515/2515 2521/2521/2521 2522/2522/2522
f 2516/2516/2516 2522/2522/2522 2517/2517/2517
f 2517/2517/2517 2522/2522/2522 2523/2523/2523
f 2521/2521/2521 2524/2524/2524 2522/2522/2522
f 2519/2519/2519 2525/2525/2525 2521/2521/2521
f 2518/2518/2518 2526/2526/2526 2519/2519/2519
f 2520/2520/2520 2527/2527/2527 2518/2518/2518
f 2522/2522/2522 2528/2528/2528 2523/2523/2523
f 2518/2518/2518 2529/2529/2529 2526/2526/2526
f 2527/2527/2527 2529/2529/2529 2518/2518/2518
f 2519/2519/2519 2526/2526/2526 2525/2525/2525
f 2522/2522/2522 2524/2524/2524 2528/2528/2528
f 2521/2521/2521 2525/2525/2525 2524/2524/2524
f 2525/2525/2525 2530/2530/2530 2524/2524/2524
f 2528/2528/2528 2524/2524/2524 2530/2530/2530
f 2526/2526/2526 2531/2531/2531 2525/2525/2525
f 2529/2529/2529 2532/2532/2532 2526/2526/2526
f 2527/2527/2527 2533/2533/2533 2529/2529/2529
f 2528/2528/2528 2530/2530/2530 2534/2534/2534
f 2525/2525/2525 2531/2531/2531 2530/2530/2530
f 2526/2526/2526 2532/2532/2532 2531/2531/2531
f 2533/2533/2533 2532/2532/2532 2529/2529/2529
f 2527/2527/2527 2535/2535/2535 2533/2533/2533
f 2534/2534/2534 2530/2530/2530 2536/2536/2536
f 2530/2530/2530 2531/2531/2531 2537/2537/2537
f 2532/2532/2532 2538/2538/2538 2531/2531/2531
f 2530/2530/2530 2537/2537/2537 2536/2536/2536
f 2533/2533/2533 2539/2539/2539 2532/2532/2532
f 2535/2535/2535 2540/2540/2540 2533/2533/2533
f 2531/2531/2531 2538/2538/2538 2537/2537/2537
f 2532/2532/2532 2539/2539/2539 2538/2538/2538
f 2541/2541/2541 2539/2539/2539 2533/2533/2533
f 2540/2540/2540 2541/2541/2541 2533/2533/2533
f 2542/2542/2542 2537/2537/2537 2538/2538/2538
f 2536/2536/2536 2537/2537/2537 2542/2542/2542
f 2536/2536/2536 2542/2542/2542 2543/2543/2543
f 2539/2539/2539 2544/2544/2544 2538/2538/2538
f 2541/2541/2541 2545/2545/2545 2539/2539/2539
f 2542/2542/2542 2538/2538/2538 2544/2544/2544
f 2543/2543/2543 2542/2542/2542 2546/2546/2546
f 2539/2539/2539 2545/2545/2545 2544/2544/2544
f 2540/2540/2540 2547/2547/2547 2541/2541/2541
f 2541/2541/2541 2547/2547/2547 2545/2545/2545
f 2540/2540/2540 2548/2548/2548 2547/2547/2547
f 2549/2549/2549 2542/2542/2542 2544/2544/2544
f 2546/2546/2546 2542/2542/2542 2549/2549/2549
f 2545/2545/2545 2550/2550/2550 2544/2544/2544
f 2549/2549/2549 2544/2544/2544 2550/2550/2550
f 2547/2547/2547 2551/2551/2551 2545/2545/2545
f 2552/2552/2552 2546/2546/2546 2549/2549/2549
f 2553/2553/2553 2546/2546/2546 2552/2552/2552
f 2545/2545/2545 2551/2551/2551 2550/2550/2550
f 2548/2548/2548 2554/2554/2554 2547/2547/2547
f 2552/2552/2552 2549/2549/2549 2550/2550/2550
f 2547/2547/2547 2555/2555/2555 2551/2551/2551
f 2554/2554/2554 2555/2555/2555 2547/2547/2547
f 2556/2556/2556 2553/2553/2553 2552/2552/2552
f 2552/2552/2552 2550/2550/2550 2557/2557/2557
f 2551/2551/2551 2557/2557/2557 2550/2550/2550
f 2556/2556/2556 2552/2552/2552 2558/2558/2558
f 2551/2551/2551 2555/2555/2555 2559/2559/2559
f 2558/2558/2558 2552/2552/2552 2557/2557/2557
f 2551/2551/2551 2559/2559/2559 2557/2557/2557
f 2554/2554/2554 2560/2560/2560 2555/2555/2555
f 2555/2555/2555 2560/2560/2560 2559/2559/2559
f 2561/2561/2561 2556/2556/2556 2558/2558/2558
f 2558/2558/2558 2557/2557/2557 2562/2562/2562
f 2554/2554/2554 2563/2563/2563 2560/2560/2560
f 2564/2564/2564 2556/2556/2556 2561/2561/2561
f 2562/2562/2562 2557/2557/2557 2559/2559/2559
f 2561/2561/2561 2558/2558/2558 2562/2562/2562
f 2562/2562/2562 2559/2559/2559 2565/2565/2565
f 2565/2565/2565 2559/2559/2559 2560/2560/2560
f 2566/2566/2566 2564/2564/2564 2561/2561/2561
f 2566/2566/2566 2561/2561/2561 2567/2567/2567
f 2561/2561/2561 2562/2562/2562 2568/2568/2568
f 2565/2565/2565 2560/2560/2560 2569/2569/2569
f 2563/2563/2563 2570/2570/2570 2560/2560/2560
f 2569/2569/2569 2560/2560/2560 2570/2570/2570
f 2568/2568/2568 2562/2562/2562 2565/2565/2565
f 2567/2567/2567 2561/2561/2561 2568/2568/2568
f 2568/2568/2568 2565/2565/2565 2571/2571/2571
f 2567/2567/2567 2568/2568/2568 2572/2572/2572
f 2571/2571/2571 2565/2565/2565 2569/2569/2569
f 2571/2571/2571 2569/2569/2569 2573/2573/2573
f 2572/2572/2572 2568/2568/2568 2571/2571/2571
f 2569/2569/2569 2570/2570/2570 2573/2573/2573
f 2572/2572/2572 2571/2571/2571 2574/2574/2574
f 2573/2573/2573 2570/2570/2570 2575/2575/2575
f 2571/2571/2571 2573/2573/2573 2574/2574/2574
f 2574/2574/2574 2573/2573/2573 2576/2576/2576
f 2573/2573/2573 2577/2577/2577 2576/2576/2576
f 2573/2573/2573 2575/2575/2575 2577/2577/2577
f 88/88/88 2566/2566/2566 2567/2567/2567
f 86/86/86 2566/2566/2566 88/88/88
f 90/90/90 2567/2567/2567 2572/2572/2572
f 88/88/88 2567/2567/2567 90/90/90
f 2572/2572/2572 2574/2574/2574 2578/2578/2578
f 90/90/90 2572/2572/2572 2578/2578/2578
f 2574/2574/2574 2576/2576/2576 2579/2579/2579
f 2578/2578/2578 2574/2574/2574 2579/2579/2579
f 2576/2576/2576 2577/2577/2577 2580/2580/2580
f 2579/2579/2579 2576/2576/2576 2580/2580/2580
f 95/95/95 2581/2581/2581 93/93/93
f 95/95/95 2582/2582/2582 2581/2581/2581
f 93/93/93 2581/2581/2581 91/91/91
f 2582/2582/2582 2583/2583/2583 2581/2581/2581
f 91/91/91 2581/2581/2581 2584/2584/2584
f 91/91/91 2584/2584/2584 89/89/89
f 2583/2583/2583 2585/2585/2585 2581/2581/2581
f 2583/2583/2583 2586/2586/2586 2585/2585/2585
f 2583/2583/2583 2587/2587/2587 2586/2586/2586
f 2581/2581/2581 2585/2585/2585 2584/2584/2584
f 2584/2584/2584 2588/2588/2588 89/89/89
f 2584/2584/2584 2585/2585/2585 2589/2589/2589
f 2584/2584/2584 2589/2589/2589 2588/2588/2588
f 89/89/89 2588/2588/2588 87/87/87
f 2585/2585/2585 2586/2586/2586 2589/2589/2589
f 2586/2586/2586 2590/2590/2590 2589/2589/2589
f 2586/2586/2586 2591/2591/2591 2590/2590/2590
f 2586/2586/2586 2587/2587/2587 2592/2592/2592
f 2586/2586/2586 2592/2592/2592 2591/2591/2591
f 2588/2588/2588 2593/2593/2593 87/87/87
f 2588/2588/2588 2589/2589/2589 2594/2594/2594
f 2588/2588/2588 2594/2594/2594 2593/2593/2593
f 2589/2589/2589 2590/2590/2590 2594/2594/2594
f 87/87/87 2593/2593/2593 85/85/85
f 2590/2590/2590 2595/2595/2595 2594/2594/2594
f 2590/2590/2590 2596/2596/2596 2595/2595/2595
f 2590/2590/2590 2591/2591/2591 2596/2596/2596
f 2591/2591/2591 2592/2592/2592 2597/2597/2597
f 2591/2591/2591 2597/2597/2597 2596/2596/2596
f 2592/2592/2592 2598/2598/2598 2597/2597/2597
f 2593/2593/2593 2599/2599/2599 85/85/85
f 2593/2593/2593 2594/2594/2594 2600/2600/2600
f 2593/2593/2593 2601/2601/2601 2599/2599/2599
f 2593/2593/2593 2600/2600/2600 2601/2601/2601
f 2594/2594/2594 2595/2595/2595 2600/2600/2600
f 2595/2595/2595 2602/2602/2602 2600/2600/2600
f 2595/2595/2595 2603/2603/2603 2602/2602/2602
f 2595/2595/2595 2596/2596/2596 2603/2603/2603
f 2596/2596/2596 2604/2604/2604 2603/2603/2603
f 2596/2596/2596 2597/2597/2597 2604/2604/2604
f 2597/2597/2597 2605/2605/2605 2604/2604/2604
f 2597/2597/2597 2598/2598/2598 2606/2606/2606
f 2597/2597/2597 2606/2606/2606 2605/2605/2605
f 2600/2600/2600 2602/2602/2602 2601/2601/2601
f 2601/2601/2601 2602/2602/2602 2607/2607/2607
f 2602/2602/2602 2608/2608/2608 2607/2607/2607
f 2602/2602/2602 2603/2603/2603 2609/2609/2609
f 2602/2602/2602 2609/2609/2609 2608/2608/2608
f 2603/2603/2603 2610/2610/2610 2609/2609/2609
f 2603/2603/2603 2604/2604/2604 2610/2610/2610
f 2604/2604/2604 2611/2611/2611 2610/2610/2610
f 2604/2604/2604 2605/2605/2605 2611/2611/2611
f 2605/2605/2605 2612/2612/2612 2611/2611/2611
f 2605/2605/2605 2606/2606/2606 2612/2612/2612
f 2606/2606/2606 2613/2613/2613 2612/2612/2612
f 2608/2608/2608 2609/2609/2609 2614/2614/2614
f 2608/2608/2608 2614/2614/2614 2615/2615/2615
f 2609/2609/2609 2610/2610/2610 2614/2614/2614
f 2610/2610/2610 2616/2616/2616 2614/2614/2614
f 2610/2610/2610 2611/2611/2611 2616/2616/2616
f 2611/2611/2611 2617/2617/2617 2616/2616/2616
f 2611/2611/2611 2612/2612/2612 2617/2617/2617
f 2612/2612/2612 2618/2618/2618 2617/2617/2617
f 2612/2612/2612 2613/2613/2613 2619/2619/2619
f 2612/2612/2612 2619/2619/2619 2618/2618/2618
f 2614/2614/2614 2620/2620/2620 2615/2615/2615
f 2614/2614/2614 2621/2621/2621 2620/2620/2620
f 2614/2614/2614 2616/2616/2616 2621/2621/2621
f 2616/2616/2616 2622/2622/2622 2621/2621/2621
f 2616/2616/2616 2617/2617/2617 2622/2622/2622
f 2617/2617/2617 2623/2623/2623 2622/2622/2622
f 2617/2617/2617 2618/2618/2618 2623/2623/2623
f 2618/2618/2618 2624/2624/2624 2623/2623/2623
f 2618/2618/2618 2619/2619/2619 2624/2624/2624
f 2619/2619/2619 2625/2625/2625 2624/2624/2624
f 2620/2620/2620 2621/2621/2621 2626/2626/2626
f 2620/2620/2620 2626/2626/2626 2627/2627/2627
f 2621/2621/2621 2622/2622/2622 2626/2626/2626
f 2622/2622/2622 2628/2628/2628 2626/2626/2626
f 2622/2622/2622 2623/2623/2623 2628/2628/2628
f 2623/2623/2623 2629/2629/2629 2628/2628/2628
f 2623/2623/2623 2624/2624/2624 2629/2629/2629
f 2624/2624/2624 2630/2630/2630 2629/2629/2629
f 2624/2624/2624 2625/2625/2625 2631/2631/2631
f 2624/2624/2624 2631/2631/2631 2630/2630/2630
f 2626/2626/2626 2632/2632/2632 2627/2627/2627
f 2626/2626/2626 2633/2633/2633 2632/2632/2632
f 2626/2626/2626 2628/2628/2628 2633/2633/2633
f 2628/2628/2628 2634/2634/2634 2633/2633/2633
f 2628/2628/2628 2629/2629/2629 2634/2634/2634
f 2629/2629/2629 2635/2635/2635 2634/2634/2634
f 2629/2629/2629 2630/2630/2630 2635/2635/2635
f 2630/2630/2630 2636/2636/2636 2635/2635/2635
f 2630/2630/2630 2631/2631/2631 2636/2636/2636
f 2631/2631/2631 2637/2637/2637 2636/2636/2636
f 2632/2632/2632 2633/2633/2633 2638/2638/2638
f 2632/2632/2632 2638/2638/2638 2639/2639/2639
f 2633/2633/2633 2634/2634/2634 2638/2638/2638
f 2634/2634/2634 2640/2640/2640 2638/2638/2638
f 2634/2634/2634 2635/2635/2635 2640/2640/2640
f 2635/2635/2635 2641/2641/2641 2640/2640/2640
f 2635/2635/2635 2636/2636/2636 2641/2641/2641
f 2636/2636/2636 2642/2642/2642 2641/2641/2641
f 2636/2636/2636 2643/2643/2643 2642/2642/2642
f 2636/2636/2636 2637/2637/2637 2643/2643/2643
f 2638/2638/2638 2644/2644/2644 2639/2639/2639
f 2638/2638/2638 2645/2645/2645 2644/2644/2644
f 2638/2638/2638 2640/2640/2640 2645/2645/2645
f 2640/2640/2640 2646/2646/2646 2645/2645/2645
f 2640/2640/2640 2641/2641/2641 2646/2646/2646
f 2641/2641/2641 2647/2647/2647 2646/2646/2646
f 2641/2641/2641 2642/2642/2642 2647/2647/2647
f 2642/2642/2642 2648/2648/2648 2649/2649/2649
f 2642/2642/2642 2649/2649/2649 2647/2647/2647
f 2642/2642/2642 2650/2650/2650 2648/2648/2648
f 2642/2642/2642 2643/2643/2643 2650/2650/2650
f 2644/2644/2644 2645/2645/2645 2651/2651/2651
f 2644/2644/2644 2651/2651/2651 2652/2652/2652
f 2645/2645/2645 2646/2646/2646 2651/2651/2651
f 2646/2646/2646 2653/2653/2653 2651/2651/2651
f 2646/2646/2646 2647/2647/2647 2653/2653/2653
f 2647/2647/2647 2649/2649/2649 2654/2654/2654
f 2647/2647/2647 2654/2654/2654 2653/2653/2653
f 2648/2648/2648 2655/2655/2655 2649/2649/2649
f 2648/2648/2648 2650/2650/2650 2655/2655/2655
f 2649/2649/2649 2656/2656/2656 2654/2654/2654
f 2649/2649/2649 2655/2655/2655 2656/2656/2656
f 2650/2650/2650 2657/2657/2657 2655/2655/2655
f 2651/2651/2651 2658/2658/2658 2652/2652/2652
f 2651/2651/2651 2659/2659/2659 2658/2658/2658
f 2651/2651/2651 2653/2653/2653 2659/2659/2659
f 2653/2653/2653 2660/2660/2660 2659/2659/2659
f 2653/2653/2653 2654/2654/2654 2660/2660/2660
f 2654/2654/2654 2661/2661/2661 2660/2660/2660
f 2654/2654/2654 2656/2656/2656 2661/2661/2661
f 2655/2655/2655 2662/2662/2662 2656/2656/2656
f 2655/2655/2655 2663/2663/2663 2662/2662/2662
f 2655/2655/2655 2657/2657/2657 2663/2663/2663
f 2656/2656/2656 2664/2664/2664 2661/2661/2661
f 2656/2656/2656 2662/2662/2662 2664/2664/2664
f 2658/2658/2658 2659/2659/2659 2665/2665/2665
f 2659/2659/2659 2660/2660/2660 2665/2665/2665
f 2660/2660/2660 2666/2666/2666 2665/2665/2665
f 2660/2660/2660 2661/2661/2661 2666/2666/2666
f 2661/2661/2661 2667/2667/2667 2666/2666/2666
f 2661/2661/2661 2664/2664/2664 2667/2667/2667
f 2662/2662/2662 2668/2668/2668 2664/2664/2664
f 2662/2662/2662 2663/2663/2663 2668/2668/2668
f 2663/2663/2663 2669/2669/2669 2668/2668/2668
f 2664/2664/2664 2670/2670/2670 2667/2667/2667
f 2664/2664/2664 2668/2668/2668 2670/2670/2670
f 2665/2665/2665 2666/2666/2666 2671/2671/2671
f 2666/2666/2666 2672/2672/2672 2671/2671/2671
f 2666/2666/2666 2673/2673/2673 2672/2672/2672
f 2666/2666/2666 2667/2667/2667 2673/2673/2673
f 2667/2667/2667 2674/2674/2674 2673/2673/2673
f 2667/2667/2667 2670/2670/2670 2674/2674/2674
f 2668/2668/2668 2675/2675/2675 2670/2670/2670
f 2668/2668/2668 2676/2676/2676 2675/2675/2675
f 2668/2668/2668 2669/2669/2669 2676/2676/2676
f 2670/2670/2670 2677/2677/2677 2674/2674/2674
f 2670/2670/2670 2675/2675/2675 2677/2677/2677
f 2672/2672/2672 2678/2678/2678 2679/2679/2679
f 2672/2672/2672 2673/2673/2673 2678/2678/2678
f 2673/2673/2673 2674/2674/2674 2678/2678/2678
f 2674/2674/2674 2680/2680/2680 2678/2678/2678
f 2674/2674/2674 2677/2677/2677 2680/2680/2680
f 2675/2675/2675 2681/2681/2681 2677/2677/2677
f 2675/2675/2675 2676/2676/2676 2681/2681/2681
f 2676/2676/2676 2682/2682/2682 2681/2681/2681
f 2677/2677/2677 2683/2683/2683 2680/2680/2680
f 2677/2677/2677 2681/2681/2681 2683/2683/2683
f 2678/2678/2678 2684/2684/2684 2679/2679/2679
f 2678/2678/2678 2685/2685/2685 2684/2684/2684
f 2678/2678/2678 2680/2680/2680 2685/2685/2685
f 2680/2680/2680 2686/2686/2686 2685/2685/2685
f 2680/2680/2680 2683/2683/2683 2686/2686/2686
f 2681/2681/2681 2687/2687/2687 2683/2683/2683
f 2681/2681/2681 2688/2688/2688 2687/2687/2687
f 2681/2681/2681 2682/2682/2682 2688/2688/2688
f 2683/2683/2683 2689/2689/2689 2686/2686/2686
f 2683/2683/2683 2687/2687/2687 2689/2689/2689
f 2684/2684/2684 2690/2690/2690 2691/2691/2691
f 2684/2684/2684 2685/2685/2685 2690/2690/2690
f 2685/2685/2685 2686/2686/2686 2690/2690/2690
f 2686/2686/2686 2692/2692/2692 2690/2690/2690
f 2686/2686/2686 2689/2689/2689 2692/2692/2692
f 2687/2687/2687 2693/2693/2693 2689/2689/2689
f 2687/2687/2687 2688/2688/2688 2693/2693/2693
f 2688/2688/2688 2694/2694/2694 2693/2693/2693
f 2689/2689/2689 2695/2695/2695 2692/2692/2692
f 2689/2689/2689 2693/2693/2693 2695/2695/2695
f 2690/2690/2690 2696/2696/2696 2691/2691/2691
f 2690/2690/2690 2697/2697/2697 2696/2696/2696
f 2690/2690/2690 2692/2692/2692 2697/2697/2697
f 2692/2692/2692 2698/2698/2698 2697/2697/2697
f 2692/2692/2692 2695/2695/2695 2698/2698/2698
f 2693/2693/2693 2699/2699/2699 2695/2695/2695
f 2693/2693/2693 2700/2700/2700 2699/2699/2699
f 2693/2693/2693 2694/2694/2694 2700/2700/2700
f 2695/2695/2695 2701/2701/2701 2698/2698/2698
f 2695/2695/2695 2699/2699/2699 2701/2701/2701
f 2696/2696/2696 2702/2702/2702 2703/2703/2703
f 2696/2696/2696 2697/2697/2697 2702/2702/2702
f 2697/2697/2697 2698/2698/2698 2702/2702/2702
f 2698/2698/2698 2704/2704/2704 2702/2702/2702
f 2698/2698/2698 2701/2701/2701 2704/2704/2704
f 2699/2699/2699 2705/2705/2705 2701/2701/2701
f 2699/2699/2699 2700/2700/2700 2705/2705/2705
f 2700/2700/2700 2706/2706/2706 2705/2705/2705
f 2701/2701/2701 2707/2707/2707 2704/2704/2704
f 2701/2701/2701 2705/2705/2705 2707/2707/2707
f 2702/2702/2702 2708/2708/2708 2703/2703/2703
f 2702/2702/2702 2709/2709/2709 2708/2708/2708
f 2702/2702/2702 2704/2704/2704 2709/2709/2709
f 2704/2704/2704 2710/2710/2710 2709/2709/2709
f 2704/2704/2704 2707/2707/2707 2710/2710/2710
f 2705/2705/2705 2711/2711/2711 2707/2707/2707
f 2705/2705/2705 2712/2712/2712 2711/2711/2711
f 2705/2705/2705 2706/2706/2706 2712/2712/2712
f 2707/2707/2707 2713/2713/2713 2710/2710/2710
f 2707/2707/2707 2711/2711/2711 2713/2713/2713
f 2708/2708/2708 2714/2714/2714 2715/2715/2715
f 2708/2708/2708 2709/2709/2709 2714/2714/2714
f 2709/2709/2709 2710/2710/2710 2714/2714/2714
f 2710/2710/2710 2716/2716/2716 2714/2714/2714
f 2710/2710/2710 2713/2713/2713 2716/2716/2716
f 2711/2711/2711 2717/2717/2717 2713/2713/2713
f 2711/2711/2711 2712/2712/2712 2717/2717/2717
f 2712/2712/2712 2718/2718/2718 2717/2717/2717
f 2713/2713/2713 2719/2719/2719 2716/2716/2716
f 2713/2713/2713 2717/2717/2717 2719/2719/2719
f 2714/2714/2714 2720/2720/2720 2715/2715/2715
f 2714/2714/2714 2721/2721/2721 2720/2720/2720
f 2714/2714/2714 2716/2716/2716 2721/2721/2721
f 2716/2716/2716 2722/2722/2722 2721/2721/2721
f 2716/2716/2716 2719/2719/2719 2722/2722/2722
f 2717/2717/2717 2723/2723/2723 2719/2719/2719
f 2717/2717/2717 2724/2724/2724 2723/2723/2723
f 2717/2717/2717 2718/2718/2718 2724/2724/2724
f 2719/2719/2719 2725/2725/2725 2722/2722/2722
f 2719/2719/2719 2723/2723/2723 2725/2725/2725
f 2720/2720/2720 2726/2726/2726 2727/2727/2727
f 2720/2720/2720 2721/2721/2721 2726/2726/2726
f 2721/2721/2721 2722/2722/2722 2726/2726/2726
f 2722/2722/2722 2728/2728/2728 2726/2726/2726
f 2722/2722/2722 2725/2725/2725 2728/2728/2728
f 2723/2723/2723 2729/2729/2729 2730/2730/2730
f 2723/2723/2723 2730/2730/2730 2725/2725/2725
f 2723/2723/2723 2731/2731/2731 2729/2729/2729
f 2723/2723/2723 2724/2724/2724 2731/2731/2731
f 2725/2725/2725 2730/2730/2730 80/80/80
f 2725/2725/2725 80/80/80 2728/2728/2728
f 2726/2726/2726 2732/2732/2732 2733/2733/2733
f 2726/2726/2726 2733/2733/2733 2727/2727/2727
f 2726/2726/2726 2728/2728/2728 2732/2732/2732
f 2728/2728/2728 82/82/82 2732/2732/2732
f 2728/2728/2728 80/80/80 82/82/82
f 2732/2732/2732 82/82/82 84/84/84
f 2732/2732/2732 84/84/84 2733/2733/2733
