{
  "minimum": [
    -0.3093160092830658,
    -0.31488099694252014,
    -2.7465985041885688e-08
  ],
  "maximum": [
    0.3089919984340668,
    0.3637980818748474,
    1.0971640348434448
  ],
  "center": [
    -0.00016200542449951172,
    0.024458542466163635,
    0.5485820174217224
  ],
  "dimensions": [
    0.6183080077171326,
    0.6786791086196899,
    1.0971640348434448
  ],
  "vertices": 24994,
  "polygons": 49996,
  "uv_layers": 1,
  "loose_parts": null
}